date,location,product,local_hour,valid_utc,temp_k,wind_ms,gust_ms,precip_mm,precip_file_utc,analysis_source,precip_source
2026-09-27,new-york-ny,rtma,00,2026-09-27T04:00:00Z,288.76,9.79,13.07,2.046875,2026-09-27T05:00:00Z,nodd,nodd
2026-09-27,new-york-ny,rtma,01,2026-09-27T05:00:00Z,288.8,9.83,13.13,7.890625,2026-09-27T06:00:00Z,nodd,nodd
2026-09-27,new-york-ny,rtma,02,2026-09-27T06:00:00Z,288.93,10.14,14.78,2.640625,2026-09-27T07:00:00Z,nodd,nodd
2026-09-27,new-york-ny,rtma,03,2026-09-27T07:00:00Z,288.75,10.92,15.6,0.265625,2026-09-27T08:00:00Z,nodd,nodd
2026-09-27,new-york-ny,rtma,04,2026-09-27T08:00:00Z,288.79,11.34,14.77,0.90625,2026-09-27T09:00:00Z,nodd,nodd
2026-09-27,new-york-ny,rtma,05,2026-09-27T09:00:00Z,288.99,10.21,15.09,1.4375,2026-09-27T10:00:00Z,nodd,nodd
2026-09-27,new-york-ny,rtma,06,2026-09-27T10:00:00Z,289.09,11.57,15.99,0.0,2026-09-27T11:00:00Z,nodd,nodd
2026-09-27,new-york-ny,rtma,07,2026-09-27T11:00:00Z,289.27,10.96,16.79,0.0,2026-09-27T12:00:00Z,nodd,nodd
2026-09-27,new-york-ny,rtma,08,2026-09-27T12:00:00Z,289.64,10.88,16.98,0.0,2026-09-27T13:00:00Z,nodd,nodd
2026-09-27,new-york-ny,rtma,09,2026-09-27T13:00:00Z,290.02,11.44,15.17,0.0,2026-09-27T14:00:00Z,nodd,nodd
2026-09-27,new-york-ny,rtma,10,2026-09-27T14:00:00Z,290.25,10.94,15.59,0.59375,2026-09-27T15:00:00Z,nodd,nodd
2026-09-27,new-york-ny,rtma,11,2026-09-27T15:00:00Z,290.46,9.5,13.26,1.203125,2026-09-27T16:00:00Z,nodd,nodd
2026-09-27,new-york-ny,rtma,12,2026-09-27T16:00:00Z,290.85,8.86,12.11,0.515625,2026-09-27T17:00:00Z,nodd,nodd
2026-09-27,new-york-ny,rtma,13,2026-09-27T17:00:00Z,291.24,6.74,9.85,1.90625,2026-09-27T18:00:00Z,nodd,nodd
2026-09-27,new-york-ny,rtma,14,2026-09-27T18:00:00Z,291.35,7.12,10.73,0.96875,2026-09-27T19:00:00Z,nodd,nodd
2026-09-27,new-york-ny,rtma,15,2026-09-27T19:00:00Z,291.38,6.16,8.49,1.484375,2026-09-27T20:00:00Z,nodd,nodd
2026-09-27,new-york-ny,rtma,16,2026-09-27T20:00:00Z,291.12,6.96,10.65,2.859375,2026-09-27T21:00:00Z,nodd,nodd
2026-09-27,new-york-ny,rtma,17,2026-09-27T21:00:00Z,290.66,6.4,9.47,2.671875,2026-09-27T22:00:00Z,nodd,nodd
2026-09-27,new-york-ny,rtma,18,2026-09-27T22:00:00Z,290.6,7.3,8.39,1.25,2026-09-27T23:00:00Z,nodd,nodd
2026-09-27,new-york-ny,rtma,19,2026-09-27T23:00:00Z,290.52,7.72,10.38,0.65625,2026-09-28T00:00:00Z,nodd,nodd
2026-09-27,new-york-ny,rtma,20,2026-09-28T00:00:00Z,290.31,7.2,10.68,0.0,2026-09-28T01:00:00Z,nodd,nodd
2026-09-27,new-york-ny,rtma,21,2026-09-28T01:00:00Z,290.13,6.88,10.33,0.0,2026-09-28T02:00:00Z,nodd,nodd
2026-09-27,new-york-ny,rtma,22,2026-09-28T02:00:00Z,289.89,7.78,10.6,0.0,2026-09-28T03:00:00Z,nodd,nodd
2026-09-27,new-york-ny,rtma,23,2026-09-28T03:00:00Z,289.79,7.75,10.32,0.28125,2026-09-28T04:00:00Z,nodd,nodd
2026-09-27,new-york-ny,urma,00,2026-09-27T04:00:00Z,288.77,9.83,12.84,1.765625,2026-09-27T05:00:00Z,nodd,nodd
2026-09-27,new-york-ny,urma,01,2026-09-27T05:00:00Z,288.78,9.73,12.44,5.234375,2026-09-27T06:00:00Z,nodd,nodd
2026-09-27,new-york-ny,urma,02,2026-09-27T06:00:00Z,288.92,10.27,14.13,3.421875,2026-09-27T07:00:00Z,nodd,nodd
2026-09-27,new-york-ny,urma,03,2026-09-27T07:00:00Z,288.55,11.15,14.98,0.796875,2026-09-27T08:00:00Z,nodd,nodd
2026-09-27,new-york-ny,urma,04,2026-09-27T08:00:00Z,288.77,11.56,15.64,1.5,2026-09-27T09:00:00Z,nodd,nodd
2026-09-27,new-york-ny,urma,05,2026-09-27T09:00:00Z,288.99,10.45,15.22,1.640625,2026-09-27T10:00:00Z,nodd,nodd
2026-09-27,new-york-ny,urma,06,2026-09-27T10:00:00Z,289.12,11.45,15.27,0.0,2026-09-27T11:00:00Z,nodd,nodd
2026-09-27,new-york-ny,urma,07,2026-09-27T11:00:00Z,289.25,10.86,16.1,0.0,2026-09-27T12:00:00Z,nodd,nodd
2026-09-27,new-york-ny,urma,08,2026-09-27T12:00:00Z,289.65,11.12,16.5,0.0,2026-09-27T13:00:00Z,nodd,nodd
2026-09-27,new-york-ny,urma,09,2026-09-27T13:00:00Z,289.9,11.19,14.62,0.0,2026-09-27T14:00:00Z,nodd,nodd
2026-09-27,new-york-ny,urma,10,2026-09-27T14:00:00Z,290.27,10.79,15.21,0.875,2026-09-27T15:00:00Z,nodd,nodd
2026-09-27,new-york-ny,urma,11,2026-09-27T15:00:00Z,290.52,9.83,13.48,1.96875,2026-09-27T16:00:00Z,nodd,nodd
2026-09-27,new-york-ny,urma,12,2026-09-27T16:00:00Z,290.9,8.77,10.56,0.515625,2026-09-27T17:00:00Z,nodd,nodd
2026-09-27,new-york-ny,urma,13,2026-09-27T17:00:00Z,291.31,6.69,10.5,2.203125,2026-09-27T18:00:00Z,nodd,nodd
2026-09-27,new-york-ny,urma,14,2026-09-27T18:00:00Z,291.36,7.12,10.62,1.15625,2026-09-27T19:00:00Z,nodd,nodd
2026-09-27,new-york-ny,urma,15,2026-09-27T19:00:00Z,291.22,5.96,8.63,2.5625,2026-09-27T20:00:00Z,nodd,nodd
2026-09-27,new-york-ny,urma,16,2026-09-27T20:00:00Z,291.13,6.89,10.24,3.703125,2026-09-27T21:00:00Z,nodd,nodd
2026-09-27,new-york-ny,urma,17,2026-09-27T21:00:00Z,290.68,6.54,8.59,2.796875,2026-09-27T22:00:00Z,nodd,nodd
2026-09-27,new-york-ny,urma,18,2026-09-27T22:00:00Z,290.62,7.4,8.79,1.71875,2026-09-27T23:00:00Z,nodd,nodd
2026-09-27,new-york-ny,urma,19,2026-09-27T23:00:00Z,290.52,7.63,9.91,0.96875,2026-09-28T00:00:00Z,nodd,nodd
2026-09-27,new-york-ny,urma,20,2026-09-28T00:00:00Z,290.31,7.09,10.11,0.0,2026-09-28T01:00:00Z,nodd,nodd
2026-09-27,new-york-ny,urma,21,2026-09-28T01:00:00Z,290.06,6.8,10.06,0.0,2026-09-28T02:00:00Z,nodd,nodd
2026-09-27,new-york-ny,urma,22,2026-09-28T02:00:00Z,289.9,7.75,10.32,0.0,2026-09-28T03:00:00Z,nodd,nodd
2026-09-27,new-york-ny,urma,23,2026-09-28T03:00:00Z,289.81,7.96,10.05,0.5625,2026-09-28T04:00:00Z,nodd,nodd
2026-09-27,los-angeles-ca,rtma,00,2026-09-27T07:00:00Z,295.0,1.3,2.24,0.0,2026-09-27T08:00:00Z,nodd,nodd
2026-09-27,los-angeles-ca,rtma,01,2026-09-27T08:00:00Z,294.93,0.6,2.26,0.0,2026-09-27T09:00:00Z,nodd,nodd
2026-09-27,los-angeles-ca,rtma,02,2026-09-27T09:00:00Z,294.12,0.76,1.75,0.0,2026-09-27T10:00:00Z,nodd,nodd
2026-09-27,los-angeles-ca,rtma,03,2026-09-27T10:00:00Z,294.16,0.34,1.13,0.0,2026-09-27T11:00:00Z,nodd,nodd
2026-09-27,los-angeles-ca,rtma,04,2026-09-27T11:00:00Z,293.68,0.31,0.58,0.0,2026-09-27T12:00:00Z,nodd,nodd
2026-09-27,los-angeles-ca,rtma,05,2026-09-27T12:00:00Z,293.88,0.44,2.93,0.0,2026-09-27T13:00:00Z,nodd,nodd
2026-09-27,los-angeles-ca,rtma,06,2026-09-27T13:00:00Z,293.76,1.92,4.22,0.0,2026-09-27T14:00:00Z,nodd,nodd
2026-09-27,los-angeles-ca,rtma,07,2026-09-27T14:00:00Z,293.83,0.0,2.35,0.0,2026-09-27T15:00:00Z,nodd,nodd
2026-09-27,los-angeles-ca,rtma,08,2026-09-27T15:00:00Z,294.36,0.86,3.92,0.0,2026-09-27T16:00:00Z,nodd,nodd
2026-09-27,los-angeles-ca,rtma,09,2026-09-27T16:00:00Z,295.39,0.71,1.81,0.0,2026-09-27T17:00:00Z,nodd,nodd
2026-09-27,los-angeles-ca,rtma,10,2026-09-27T17:00:00Z,297.15,0.47,3.17,0.0,2026-09-27T18:00:00Z,nodd,nodd
2026-09-27,los-angeles-ca,rtma,11,2026-09-27T18:00:00Z,299.89,0.67,2.68,0.0,2026-09-27T19:00:00Z,nodd,nodd
2026-09-27,los-angeles-ca,rtma,12,2026-09-27T19:00:00Z,302.25,0.78,2.54,0.0,2026-09-27T20:00:00Z,nodd,nodd
2026-09-27,los-angeles-ca,rtma,13,2026-09-27T20:00:00Z,304.17,2.48,3.91,0.0,2026-09-27T21:00:00Z,nodd,nodd
2026-09-27,los-angeles-ca,rtma,14,2026-09-27T21:00:00Z,304.61,2.34,4.46,0.0,2026-09-27T22:00:00Z,nodd,nodd
2026-09-27,los-angeles-ca,rtma,15,2026-09-27T22:00:00Z,303.42,4.27,5.78,0.0,2026-09-27T23:00:00Z,nodd,nodd
2026-09-27,los-angeles-ca,rtma,16,2026-09-27T23:00:00Z,301.74,3.77,4.8,0.0,2026-09-28T00:00:00Z,nodd,nodd
2026-09-27,los-angeles-ca,rtma,17,2026-09-28T00:00:00Z,300.76,4.93,5.72,0.0,2026-09-28T01:00:00Z,nodd,nodd
2026-09-27,los-angeles-ca,rtma,18,2026-09-28T01:00:00Z,298.94,3.01,3.54,0.0,2026-09-28T02:00:00Z,nodd,nodd
2026-09-27,los-angeles-ca,rtma,19,2026-09-28T02:00:00Z,297.52,2.94,4.69,0.0,2026-09-28T03:00:00Z,nodd,nodd
2026-09-27,los-angeles-ca,rtma,20,2026-09-28T03:00:00Z,296.45,2.94,4.23,0.0,2026-09-28T04:00:00Z,nodd,nodd
2026-09-27,los-angeles-ca,rtma,21,2026-09-28T04:00:00Z,295.46,0.97,0.97,0.0,2026-09-28T05:00:00Z,nodd,nodd
2026-09-27,los-angeles-ca,rtma,22,2026-09-28T05:00:00Z,295.14,0.5,1.0,0.0,2026-09-28T06:00:00Z,nodd,nodd
2026-09-27,los-angeles-ca,rtma,23,2026-09-28T06:00:00Z,294.76,1.61,1.97,0.0,2026-09-28T07:00:00Z,nodd,nodd
2026-09-27,los-angeles-ca,urma,00,2026-09-27T07:00:00Z,295.13,0.77,2.54,0.0,2026-09-27T08:00:00Z,nodd,nodd
2026-09-27,los-angeles-ca,urma,01,2026-09-27T08:00:00Z,295.07,0.37,2.92,0.0,2026-09-27T09:00:00Z,nodd,nodd
2026-09-27,los-angeles-ca,urma,02,2026-09-27T09:00:00Z,294.12,0.53,2.38,0.0,2026-09-27T10:00:00Z,nodd,nodd
2026-09-27,los-angeles-ca,urma,03,2026-09-27T10:00:00Z,294.24,0.36,1.08,0.0,2026-09-27T11:00:00Z,nodd,nodd
2026-09-27,los-angeles-ca,urma,04,2026-09-27T11:00:00Z,293.6,0.12,0.92,0.0,2026-09-27T12:00:00Z,nodd,nodd
2026-09-27,los-angeles-ca,urma,05,2026-09-27T12:00:00Z,293.89,0.53,2.3,0.0,2026-09-27T13:00:00Z,nodd,nodd
2026-09-27,los-angeles-ca,urma,06,2026-09-27T13:00:00Z,293.8,1.38,4.4,0.0,2026-09-27T14:00:00Z,nodd,nodd
2026-09-27,los-angeles-ca,urma,07,2026-09-27T14:00:00Z,293.73,0.0,2.65,0.0,2026-09-27T15:00:00Z,nodd,nodd
2026-09-27,los-angeles-ca,urma,08,2026-09-27T15:00:00Z,294.37,0.63,3.33,0.0,2026-09-27T16:00:00Z,nodd,nodd
2026-09-27,los-angeles-ca,urma,09,2026-09-27T16:00:00Z,295.34,0.62,1.75,0.0,2026-09-27T17:00:00Z,nodd,nodd
2026-09-27,los-angeles-ca,urma,10,2026-09-27T17:00:00Z,297.32,0.27,2.92,0.0,2026-09-27T18:00:00Z,nodd,nodd
2026-09-27,los-angeles-ca,urma,11,2026-09-27T18:00:00Z,299.95,0.68,2.81,0.0,2026-09-27T19:00:00Z,nodd,nodd
2026-09-27,los-angeles-ca,urma,12,2026-09-27T19:00:00Z,302.17,0.72,2.48,0.0,2026-09-27T20:00:00Z,nodd,nodd
2026-09-27,los-angeles-ca,urma,13,2026-09-27T20:00:00Z,304.09,2.04,4.04,0.0,2026-09-27T21:00:00Z,nodd,nodd
2026-09-27,los-angeles-ca,urma,14,2026-09-27T21:00:00Z,304.62,2.07,4.56,0.0,2026-09-27T22:00:00Z,nodd,nodd
2026-09-27,los-angeles-ca,urma,15,2026-09-27T22:00:00Z,303.47,3.85,5.87,0.0,2026-09-27T23:00:00Z,nodd,nodd
2026-09-27,los-angeles-ca,urma,16,2026-09-27T23:00:00Z,301.79,3.54,4.72,0.0,2026-09-28T00:00:00Z,nodd,nodd
2026-09-27,los-angeles-ca,urma,17,2026-09-28T00:00:00Z,300.86,4.32,5.68,0.0,2026-09-28T01:00:00Z,nodd,nodd
2026-09-27,los-angeles-ca,urma,18,2026-09-28T01:00:00Z,299.17,2.85,3.76,0.0,2026-09-28T02:00:00Z,nodd,nodd
2026-09-27,los-angeles-ca,urma,19,2026-09-28T02:00:00Z,297.64,2.65,4.81,0.0,2026-09-28T03:00:00Z,nodd,nodd
2026-09-27,los-angeles-ca,urma,20,2026-09-28T03:00:00Z,296.59,2.66,3.81,0.0,2026-09-28T04:00:00Z,nodd,nodd
2026-09-27,los-angeles-ca,urma,21,2026-09-28T04:00:00Z,295.5,0.99,0.99,0.0,2026-09-28T05:00:00Z,nodd,nodd
2026-09-27,los-angeles-ca,urma,22,2026-09-28T05:00:00Z,295.17,0.36,1.19,0.0,2026-09-28T06:00:00Z,nodd,nodd
2026-09-27,los-angeles-ca,urma,23,2026-09-28T06:00:00Z,294.89,1.29,2.15,0.0,2026-09-28T07:00:00Z,nodd,nodd
2026-09-27,chicago-il,rtma,00,2026-09-27T05:00:00Z,287.17,1.64,2.11,0.0,2026-09-27T06:00:00Z,nodd,nodd
2026-09-27,chicago-il,rtma,01,2026-09-27T06:00:00Z,286.8,0.09,0.09,0.0,2026-09-27T07:00:00Z,nodd,nodd
2026-09-27,chicago-il,rtma,02,2026-09-27T07:00:00Z,286.55,1.87,2.97,0.0,2026-09-27T08:00:00Z,nodd,nodd
2026-09-27,chicago-il,rtma,03,2026-09-27T08:00:00Z,285.93,1.53,2.61,0.0,2026-09-27T09:00:00Z,nodd,nodd
2026-09-27,chicago-il,rtma,04,2026-09-27T09:00:00Z,285.7,2.04,2.9,0.0,2026-09-27T10:00:00Z,nodd,nodd
2026-09-27,chicago-il,rtma,05,2026-09-27T10:00:00Z,285.88,2.08,2.23,0.0,2026-09-27T11:00:00Z,nodd,nodd
2026-09-27,chicago-il,rtma,06,2026-09-27T11:00:00Z,284.8,0.72,0.99,0.0,2026-09-27T12:00:00Z,nodd,nodd
2026-09-27,chicago-il,rtma,07,2026-09-27T12:00:00Z,284.02,0.43,0.6,0.0,2026-09-27T13:00:00Z,nodd,nodd
2026-09-27,chicago-il,rtma,08,2026-09-27T13:00:00Z,286.0,0.07,0.6,0.0,2026-09-27T14:00:00Z,nodd,nodd
2026-09-27,chicago-il,rtma,09,2026-09-27T14:00:00Z,289.46,0.63,0.69,0.0,2026-09-27T15:00:00Z,nodd,nodd
2026-09-27,chicago-il,rtma,10,2026-09-27T15:00:00Z,292.13,0.69,1.66,0.0,2026-09-27T16:00:00Z,nodd,nodd
2026-09-27,chicago-il,rtma,11,2026-09-27T16:00:00Z,292.86,2.75,3.16,0.0,2026-09-27T17:00:00Z,nodd,nodd
2026-09-27,chicago-il,rtma,12,2026-09-27T17:00:00Z,293.29,2.27,3.49,0.0,2026-09-27T18:00:00Z,nodd,nodd
2026-09-27,chicago-il,rtma,13,2026-09-27T18:00:00Z,293.53,2.72,3.93,0.0,2026-09-27T19:00:00Z,nodd,nodd
2026-09-27,chicago-il,rtma,14,2026-09-27T19:00:00Z,293.06,4.16,5.48,0.0,2026-09-27T20:00:00Z,nodd,nodd
2026-09-27,chicago-il,rtma,15,2026-09-27T20:00:00Z,293.26,3.28,5.48,0.0,2026-09-27T21:00:00Z,nodd,nodd
2026-09-27,chicago-il,rtma,16,2026-09-27T21:00:00Z,292.98,3.08,4.02,0.0,2026-09-27T22:00:00Z,nodd,nodd
2026-09-27,chicago-il,rtma,17,2026-09-27T22:00:00Z,292.42,3.24,4.2,0.0,2026-09-27T23:00:00Z,nodd,nodd
2026-09-27,chicago-il,rtma,18,2026-09-27T23:00:00Z,291.35,2.94,3.62,0.0,2026-09-28T00:00:00Z,nodd,nodd
2026-09-27,chicago-il,rtma,19,2026-09-28T00:00:00Z,290.08,2.47,3.13,0.0,2026-09-28T01:00:00Z,nodd,nodd
2026-09-27,chicago-il,rtma,20,2026-09-28T01:00:00Z,289.33,2.18,2.18,0.0,2026-09-28T02:00:00Z,nodd,nodd
2026-09-27,chicago-il,rtma,21,2026-09-28T02:00:00Z,288.64,2.22,2.22,0.0,2026-09-28T03:00:00Z,nodd,nodd
2026-09-27,chicago-il,rtma,22,2026-09-28T03:00:00Z,287.85,2.03,2.22,0.0,2026-09-28T04:00:00Z,nodd,nodd
2026-09-27,chicago-il,rtma,23,2026-09-28T04:00:00Z,287.39,1.97,2.67,0.0,2026-09-28T05:00:00Z,nodd,nodd
2026-09-27,chicago-il,urma,00,2026-09-27T05:00:00Z,287.25,1.67,2.5,0.0,2026-09-27T06:00:00Z,nodd,nodd
2026-09-27,chicago-il,urma,01,2026-09-27T06:00:00Z,286.85,0.56,2.04,0.0,2026-09-27T07:00:00Z,nodd,nodd
2026-09-27,chicago-il,urma,02,2026-09-27T07:00:00Z,286.33,1.91,2.25,0.0,2026-09-27T08:00:00Z,nodd,nodd
2026-09-27,chicago-il,urma,03,2026-09-27T08:00:00Z,286.01,1.79,2.13,0.0,2026-09-27T09:00:00Z,nodd,nodd
2026-09-27,chicago-il,urma,04,2026-09-27T09:00:00Z,285.79,2.11,2.47,0.0,2026-09-27T10:00:00Z,nodd,nodd
2026-09-27,chicago-il,urma,05,2026-09-27T10:00:00Z,285.87,2.11,2.21,0.0,2026-09-27T11:00:00Z,nodd,nodd
2026-09-27,chicago-il,urma,06,2026-09-27T11:00:00Z,284.85,0.48,1.94,0.0,2026-09-27T12:00:00Z,nodd,nodd
2026-09-27,chicago-il,urma,07,2026-09-27T12:00:00Z,284.15,0.55,1.0,0.0,2026-09-27T13:00:00Z,nodd,nodd
2026-09-27,chicago-il,urma,08,2026-09-27T13:00:00Z,286.2,0.04,0.97,0.0,2026-09-27T14:00:00Z,nodd,nodd
2026-09-27,chicago-il,urma,09,2026-09-27T14:00:00Z,289.62,0.7,1.61,0.0,2026-09-27T15:00:00Z,nodd,nodd
2026-09-27,chicago-il,urma,10,2026-09-27T15:00:00Z,292.2,1.1,2.54,0.0,2026-09-27T16:00:00Z,nodd,nodd
2026-09-27,chicago-il,urma,11,2026-09-27T16:00:00Z,292.84,2.87,3.02,0.0,2026-09-27T17:00:00Z,nodd,nodd
2026-09-27,chicago-il,urma,12,2026-09-27T17:00:00Z,293.21,2.74,3.21,0.0,2026-09-27T18:00:00Z,nodd,nodd
2026-09-27,chicago-il,urma,13,2026-09-27T18:00:00Z,293.51,2.63,3.95,0.0,2026-09-27T19:00:00Z,nodd,nodd
2026-09-27,chicago-il,urma,14,2026-09-27T19:00:00Z,293.22,4.01,4.13,0.0,2026-09-27T20:00:00Z,nodd,nodd
2026-09-27,chicago-il,urma,15,2026-09-27T20:00:00Z,293.23,2.96,4.51,0.0,2026-09-27T21:00:00Z,nodd,nodd
2026-09-27,chicago-il,urma,16,2026-09-27T21:00:00Z,292.97,3.09,4.27,0.0,2026-09-27T22:00:00Z,nodd,nodd
2026-09-27,chicago-il,urma,17,2026-09-27T22:00:00Z,292.45,3.24,3.44,0.0,2026-09-27T23:00:00Z,nodd,nodd
2026-09-27,chicago-il,urma,18,2026-09-27T23:00:00Z,291.35,2.9,3.29,0.0,2026-09-28T00:00:00Z,nodd,nodd
2026-09-27,chicago-il,urma,19,2026-09-28T00:00:00Z,290.06,2.26,2.57,0.0,2026-09-28T01:00:00Z,nodd,nodd
2026-09-27,chicago-il,urma,20,2026-09-28T01:00:00Z,289.41,2.13,2.54,0.0,2026-09-28T02:00:00Z,nodd,nodd
2026-09-27,chicago-il,urma,21,2026-09-28T02:00:00Z,288.68,2.27,2.35,0.0,2026-09-28T03:00:00Z,nodd,nodd
2026-09-27,chicago-il,urma,22,2026-09-28T03:00:00Z,287.94,2.19,2.56,0.0,2026-09-28T04:00:00Z,nodd,nodd
2026-09-27,chicago-il,urma,23,2026-09-28T04:00:00Z,287.4,1.87,2.92,0.0,2026-09-28T05:00:00Z,nodd,nodd
2026-09-27,dallas-tx,rtma,00,2026-09-27T05:00:00Z,299.96,2.71,5.47,0.0,2026-09-27T06:00:00Z,nodd,nodd
2026-09-27,dallas-tx,rtma,01,2026-09-27T06:00:00Z,299.28,2.74,3.97,0.0,2026-09-27T07:00:00Z,nodd,nodd
2026-09-27,dallas-tx,rtma,02,2026-09-27T07:00:00Z,298.83,2.52,5.3,0.0,2026-09-27T08:00:00Z,nodd,nodd
2026-09-27,dallas-tx,rtma,03,2026-09-27T08:00:00Z,298.43,2.29,6.31,0.0,2026-09-27T09:00:00Z,nodd,nodd
2026-09-27,dallas-tx,rtma,04,2026-09-27T09:00:00Z,297.8,1.92,2.86,0.0,2026-09-27T10:00:00Z,nodd,nodd
2026-09-27,dallas-tx,rtma,05,2026-09-27T10:00:00Z,297.47,3.11,3.45,0.0,2026-09-27T11:00:00Z,nodd,nodd
2026-09-27,dallas-tx,rtma,06,2026-09-27T11:00:00Z,297.3,1.76,2.97,0.0,2026-09-27T12:00:00Z,nodd,nodd
2026-09-27,dallas-tx,rtma,07,2026-09-27T12:00:00Z,297.02,2.71,4.47,0.0,2026-09-27T13:00:00Z,nodd,nodd
2026-09-27,dallas-tx,rtma,08,2026-09-27T13:00:00Z,297.39,2.29,5.44,0.0,2026-09-27T14:00:00Z,nodd,nodd
2026-09-27,dallas-tx,rtma,09,2026-09-27T14:00:00Z,299.12,2.31,4.02,0.0,2026-09-27T15:00:00Z,nodd,nodd
2026-09-27,dallas-tx,rtma,10,2026-09-27T15:00:00Z,301.37,4.25,5.4,0.171875,2026-09-27T16:00:00Z,nodd,nodd
2026-09-27,dallas-tx,rtma,11,2026-09-27T16:00:00Z,302.22,3.59,5.79,0.0,2026-09-27T17:00:00Z,nodd,nodd
2026-09-27,dallas-tx,rtma,12,2026-09-27T17:00:00Z,304.95,3.74,5.94,0.0,2026-09-27T18:00:00Z,nodd,nodd
2026-09-27,dallas-tx,rtma,13,2026-09-27T18:00:00Z,307.49,5.12,9.0,0.0,2026-09-27T19:00:00Z,nodd,nodd
2026-09-27,dallas-tx,rtma,14,2026-09-27T19:00:00Z,307.86,4.51,7.97,0.0,2026-09-27T20:00:00Z,nodd,nodd
2026-09-27,dallas-tx,rtma,15,2026-09-27T20:00:00Z,308.35,3.56,8.5,0.0,2026-09-27T21:00:00Z,nodd,nodd
2026-09-27,dallas-tx,rtma,16,2026-09-27T21:00:00Z,306.29,4.52,6.84,0.0,2026-09-27T22:00:00Z,nodd,nodd
2026-09-27,dallas-tx,rtma,17,2026-09-27T22:00:00Z,308.46,4.12,6.72,0.0,2026-09-27T23:00:00Z,nodd,nodd
2026-09-27,dallas-tx,rtma,18,2026-09-27T23:00:00Z,308.06,3.89,3.89,0.0,2026-09-28T00:00:00Z,nodd,nodd
2026-09-27,dallas-tx,rtma,19,2026-09-28T00:00:00Z,306.14,4.9,4.96,0.0,2026-09-28T01:00:00Z,nodd,nodd
2026-09-27,dallas-tx,rtma,20,2026-09-28T01:00:00Z,305.43,3.48,8.8,0.0,2026-09-28T02:00:00Z,nodd,nodd
2026-09-27,dallas-tx,rtma,21,2026-09-28T02:00:00Z,304.9,3.17,5.94,0.0,2026-09-28T03:00:00Z,nodd,nodd
2026-09-27,dallas-tx,rtma,22,2026-09-28T03:00:00Z,304.13,1.71,3.96,0.0,2026-09-28T04:00:00Z,nodd,nodd
2026-09-27,dallas-tx,rtma,23,2026-09-28T04:00:00Z,303.29,2.32,3.81,0.0,2026-09-28T05:00:00Z,nodd,nodd
2026-09-27,dallas-tx,urma,00,2026-09-27T05:00:00Z,299.96,2.71,4.31,0.0,2026-09-27T06:00:00Z,nodd,nodd
2026-09-27,dallas-tx,urma,01,2026-09-27T06:00:00Z,299.26,2.73,3.17,0.0,2026-09-27T07:00:00Z,nodd,nodd
2026-09-27,dallas-tx,urma,02,2026-09-27T07:00:00Z,298.85,2.32,4.83,0.0,2026-09-27T08:00:00Z,nodd,nodd
2026-09-27,dallas-tx,urma,03,2026-09-27T08:00:00Z,298.43,2.12,5.96,0.0,2026-09-27T09:00:00Z,nodd,nodd
2026-09-27,dallas-tx,urma,04,2026-09-27T09:00:00Z,297.81,1.92,2.0,0.0,2026-09-27T10:00:00Z,nodd,nodd
2026-09-27,dallas-tx,urma,05,2026-09-27T10:00:00Z,297.5,2.9,2.9,0.0,2026-09-27T11:00:00Z,nodd,nodd
2026-09-27,dallas-tx,urma,06,2026-09-27T11:00:00Z,297.35,1.74,2.25,0.0,2026-09-27T12:00:00Z,nodd,nodd
2026-09-27,dallas-tx,urma,07,2026-09-27T12:00:00Z,297.03,2.65,3.55,0.0,2026-09-27T13:00:00Z,nodd,nodd
2026-09-27,dallas-tx,urma,08,2026-09-27T13:00:00Z,297.51,2.3,4.79,0.0,2026-09-27T14:00:00Z,nodd,nodd
2026-09-27,dallas-tx,urma,09,2026-09-27T14:00:00Z,299.13,2.33,3.75,0.0,2026-09-27T15:00:00Z,nodd,nodd
2026-09-27,dallas-tx,urma,10,2026-09-27T15:00:00Z,301.41,4.27,4.86,0.117188,2026-09-27T16:00:00Z,nodd,nodd
2026-09-27,dallas-tx,urma,11,2026-09-27T16:00:00Z,302.3,3.57,5.37,0.0,2026-09-27T17:00:00Z,nodd,nodd
2026-09-27,dallas-tx,urma,12,2026-09-27T17:00:00Z,304.97,3.59,6.25,0.0,2026-09-27T18:00:00Z,nodd,nodd
2026-09-27,dallas-tx,urma,13,2026-09-27T18:00:00Z,307.44,5.14,9.0,0.0,2026-09-27T19:00:00Z,nodd,nodd
2026-09-27,dallas-tx,urma,14,2026-09-27T19:00:00Z,307.62,4.46,7.81,0.0,2026-09-27T20:00:00Z,nodd,nodd
2026-09-27,dallas-tx,urma,15,2026-09-27T20:00:00Z,308.29,3.58,8.16,0.0,2026-09-27T21:00:00Z,nodd,nodd
2026-09-27,dallas-tx,urma,16,2026-09-27T21:00:00Z,306.25,4.48,6.8,0.0,2026-09-27T22:00:00Z,nodd,nodd
2026-09-27,dallas-tx,urma,17,2026-09-27T22:00:00Z,308.4,3.94,6.69,0.0,2026-09-27T23:00:00Z,nodd,nodd
2026-09-27,dallas-tx,urma,18,2026-09-27T23:00:00Z,308.01,3.7,3.75,0.0,2026-09-28T00:00:00Z,nodd,nodd
2026-09-27,dallas-tx,urma,19,2026-09-28T00:00:00Z,306.1,4.67,4.7,0.0,2026-09-28T01:00:00Z,nodd,nodd
2026-09-27,dallas-tx,urma,20,2026-09-28T01:00:00Z,305.49,3.33,8.07,0.0,2026-09-28T02:00:00Z,nodd,nodd
2026-09-27,dallas-tx,urma,21,2026-09-28T02:00:00Z,304.85,3.04,4.87,0.0,2026-09-28T03:00:00Z,nodd,nodd
2026-09-27,dallas-tx,urma,22,2026-09-28T03:00:00Z,304.12,1.67,2.64,0.0,2026-09-28T04:00:00Z,nodd,nodd
2026-09-27,dallas-tx,urma,23,2026-09-28T04:00:00Z,303.28,2.24,3.31,0.0,2026-09-28T05:00:00Z,nodd,nodd
2026-09-27,houston-tx,rtma,00,2026-09-27T05:00:00Z,299.78,2.26,2.26,0.0,2026-09-27T06:00:00Z,nodd,nodd
2026-09-27,houston-tx,rtma,01,2026-09-27T06:00:00Z,299.44,1.61,3.25,0.0,2026-09-27T07:00:00Z,nodd,nodd
2026-09-27,houston-tx,rtma,02,2026-09-27T07:00:00Z,298.91,1.49,2.88,0.0,2026-09-27T08:00:00Z,nodd,nodd
2026-09-27,houston-tx,rtma,03,2026-09-27T08:00:00Z,298.43,0.64,1.07,0.0,2026-09-27T09:00:00Z,nodd,nodd
2026-09-27,houston-tx,rtma,04,2026-09-27T09:00:00Z,298.01,1.45,2.82,0.0,2026-09-27T10:00:00Z,nodd,nodd
2026-09-27,houston-tx,rtma,05,2026-09-27T10:00:00Z,297.31,0.37,1.01,0.0,2026-09-27T11:00:00Z,nodd,nodd
2026-09-27,houston-tx,rtma,06,2026-09-27T11:00:00Z,296.85,0.29,1.34,0.0,2026-09-27T12:00:00Z,nodd,nodd
2026-09-27,houston-tx,rtma,07,2026-09-27T12:00:00Z,296.54,0.59,1.61,0.0,2026-09-27T13:00:00Z,nodd,nodd
2026-09-27,houston-tx,rtma,08,2026-09-27T13:00:00Z,297.05,0.09,2.11,0.0,2026-09-27T14:00:00Z,nodd,nodd
2026-09-27,houston-tx,rtma,09,2026-09-27T14:00:00Z,299.5,1.3,1.96,0.0,2026-09-27T15:00:00Z,nodd,nodd
2026-09-27,houston-tx,rtma,10,2026-09-27T15:00:00Z,301.55,0.03,0.83,0.0,2026-09-27T16:00:00Z,nodd,nodd
2026-09-27,houston-tx,rtma,11,2026-09-27T16:00:00Z,302.25,0.14,3.28,0.0,2026-09-27T17:00:00Z,nodd,nodd
2026-09-27,houston-tx,rtma,12,2026-09-27T17:00:00Z,303.18,0.82,3.42,0.0,2026-09-27T18:00:00Z,nodd,nodd
2026-09-27,houston-tx,rtma,13,2026-09-27T18:00:00Z,304.27,1.04,3.46,0.0,2026-09-27T19:00:00Z,nodd,nodd
2026-09-27,houston-tx,rtma,14,2026-09-27T19:00:00Z,305.63,0.05,2.06,0.0,2026-09-27T20:00:00Z,nodd,nodd
2026-09-27,houston-tx,rtma,15,2026-09-27T20:00:00Z,306.39,0.61,5.12,0.0,2026-09-27T21:00:00Z,nodd,nodd
2026-09-27,houston-tx,rtma,16,2026-09-27T21:00:00Z,306.33,0.43,3.16,0.0,2026-09-27T22:00:00Z,nodd,nodd
2026-09-27,houston-tx,rtma,17,2026-09-27T22:00:00Z,306.3,2.04,4.44,0.0,2026-09-27T23:00:00Z,nodd,nodd
2026-09-27,houston-tx,rtma,18,2026-09-27T23:00:00Z,304.64,4.23,5.5,0.0,2026-09-28T00:00:00Z,nodd,nodd
2026-09-27,houston-tx,rtma,19,2026-09-28T00:00:00Z,302.11,4.34,7.21,0.0,2026-09-28T01:00:00Z,nodd,nodd
2026-09-27,houston-tx,rtma,20,2026-09-28T01:00:00Z,301.38,3.5,7.74,0.0,2026-09-28T02:00:00Z,nodd,nodd
2026-09-27,houston-tx,rtma,21,2026-09-28T02:00:00Z,300.95,2.95,6.37,0.0,2026-09-28T03:00:00Z,nodd,nodd
2026-09-27,houston-tx,rtma,22,2026-09-28T03:00:00Z,300.83,3.17,4.92,0.0,2026-09-28T04:00:00Z,nodd,nodd
2026-09-27,houston-tx,rtma,23,2026-09-28T04:00:00Z,300.81,2.92,3.61,0.0,2026-09-28T05:00:00Z,nodd,nodd
2026-09-27,houston-tx,urma,00,2026-09-27T05:00:00Z,299.79,2.34,2.34,0.0,2026-09-27T06:00:00Z,nodd,nodd
2026-09-27,houston-tx,urma,01,2026-09-27T06:00:00Z,299.44,1.74,2.08,0.0,2026-09-27T07:00:00Z,nodd,nodd
2026-09-27,houston-tx,urma,02,2026-09-27T07:00:00Z,298.97,1.43,2.12,0.0,2026-09-27T08:00:00Z,nodd,nodd
2026-09-27,houston-tx,urma,03,2026-09-27T08:00:00Z,298.42,0.64,1.27,0.0,2026-09-27T09:00:00Z,nodd,nodd
2026-09-27,houston-tx,urma,04,2026-09-27T09:00:00Z,297.98,1.5,2.31,0.0,2026-09-27T10:00:00Z,nodd,nodd
2026-09-27,houston-tx,urma,05,2026-09-27T10:00:00Z,297.27,0.32,0.84,0.0,2026-09-27T11:00:00Z,nodd,nodd
2026-09-27,houston-tx,urma,06,2026-09-27T11:00:00Z,296.81,0.24,1.29,0.0,2026-09-27T12:00:00Z,nodd,nodd
2026-09-27,houston-tx,urma,07,2026-09-27T12:00:00Z,296.54,0.44,0.57,0.0,2026-09-27T13:00:00Z,nodd,nodd
2026-09-27,houston-tx,urma,08,2026-09-27T13:00:00Z,297.21,0.0,1.33,0.0,2026-09-27T14:00:00Z,nodd,nodd
2026-09-27,houston-tx,urma,09,2026-09-27T14:00:00Z,299.5,1.1,1.95,0.0,2026-09-27T15:00:00Z,nodd,nodd
2026-09-27,houston-tx,urma,10,2026-09-27T15:00:00Z,301.56,0.0,0.5,0.0,2026-09-27T16:00:00Z,nodd,nodd
2026-09-27,houston-tx,urma,11,2026-09-27T16:00:00Z,302.25,0.0,2.18,0.0,2026-09-27T17:00:00Z,nodd,nodd
2026-09-27,houston-tx,urma,12,2026-09-27T17:00:00Z,303.17,0.76,2.58,0.0,2026-09-27T18:00:00Z,nodd,nodd
2026-09-27,houston-tx,urma,13,2026-09-27T18:00:00Z,304.24,0.67,2.24,0.0,2026-09-27T19:00:00Z,nodd,nodd
2026-09-27,houston-tx,urma,14,2026-09-27T19:00:00Z,305.68,0.0,4.11,0.0,2026-09-27T20:00:00Z,nodd,nodd
2026-09-27,houston-tx,urma,15,2026-09-27T20:00:00Z,306.4,0.33,4.94,0.0,2026-09-27T21:00:00Z,nodd,nodd
2026-09-27,houston-tx,urma,16,2026-09-27T21:00:00Z,306.3,0.32,2.68,0.0,2026-09-27T22:00:00Z,nodd,nodd
2026-09-27,houston-tx,urma,17,2026-09-27T22:00:00Z,306.27,2.26,5.77,0.0,2026-09-27T23:00:00Z,nodd,nodd
2026-09-27,houston-tx,urma,18,2026-09-27T23:00:00Z,304.64,4.17,4.31,0.0,2026-09-28T00:00:00Z,nodd,nodd
2026-09-27,houston-tx,urma,19,2026-09-28T00:00:00Z,302.06,4.71,7.28,0.0,2026-09-28T01:00:00Z,nodd,nodd
2026-09-27,houston-tx,urma,20,2026-09-28T01:00:00Z,301.54,3.55,7.6,0.0,2026-09-28T02:00:00Z,nodd,nodd
2026-09-27,houston-tx,urma,21,2026-09-28T02:00:00Z,300.92,3.01,6.53,0.0,2026-09-28T03:00:00Z,nodd,nodd
2026-09-27,houston-tx,urma,22,2026-09-28T03:00:00Z,300.82,3.33,4.8,0.0,2026-09-28T04:00:00Z,nodd,nodd
2026-09-27,houston-tx,urma,23,2026-09-28T04:00:00Z,300.82,2.92,2.92,0.0,2026-09-28T05:00:00Z,nodd,nodd
2026-09-27,miami-fl,rtma,00,2026-09-27T04:00:00Z,298.43,2.41,2.41,0.0,2026-09-27T05:00:00Z,nodd,nodd
2026-09-27,miami-fl,rtma,01,2026-09-27T05:00:00Z,297.79,2.1,3.05,0.0,2026-09-27T06:00:00Z,nodd,nodd
2026-09-27,miami-fl,rtma,02,2026-09-27T06:00:00Z,297.38,1.95,2.97,0.0,2026-09-27T07:00:00Z,nodd,nodd
2026-09-27,miami-fl,rtma,03,2026-09-27T07:00:00Z,297.26,1.95,3.37,0.0,2026-09-27T08:00:00Z,nodd,nodd
2026-09-27,miami-fl,rtma,04,2026-09-27T08:00:00Z,296.82,1.17,3.22,0.0,2026-09-27T09:00:00Z,nodd,nodd
2026-09-27,miami-fl,rtma,05,2026-09-27T09:00:00Z,296.56,2.54,2.54,0.0,2026-09-27T10:00:00Z,nodd,nodd
2026-09-27,miami-fl,rtma,06,2026-09-27T10:00:00Z,296.44,1.19,3.07,0.0,2026-09-27T11:00:00Z,nodd,nodd
2026-09-27,miami-fl,rtma,07,2026-09-27T11:00:00Z,296.32,2.4,3.51,0.0,2026-09-27T12:00:00Z,nodd,nodd
2026-09-27,miami-fl,rtma,08,2026-09-27T12:00:00Z,296.55,3.03,4.29,0.0,2026-09-27T13:00:00Z,nodd,nodd
2026-09-27,miami-fl,rtma,09,2026-09-27T13:00:00Z,298.95,2.59,4.28,0.0,2026-09-27T14:00:00Z,nodd,nodd
2026-09-27,miami-fl,rtma,10,2026-09-27T14:00:00Z,301.06,2.08,2.93,0.0,2026-09-27T15:00:00Z,nodd,nodd
2026-09-27,miami-fl,rtma,11,2026-09-27T15:00:00Z,302.34,1.24,2.01,0.0,2026-09-27T16:00:00Z,nodd,nodd
2026-09-27,miami-fl,rtma,12,2026-09-27T16:00:00Z,302.89,1.63,2.22,0.0,2026-09-27T17:00:00Z,nodd,nodd
2026-09-27,miami-fl,rtma,13,2026-09-27T17:00:00Z,302.9,0.92,4.33,0.0,2026-09-27T18:00:00Z,nodd,nodd
2026-09-27,miami-fl,rtma,14,2026-09-27T18:00:00Z,302.83,1.97,2.73,0.0,2026-09-27T19:00:00Z,nodd,nodd
2026-09-27,miami-fl,rtma,15,2026-09-27T19:00:00Z,303.14,1.8,3.1,0.0,2026-09-27T20:00:00Z,nodd,nodd
2026-09-27,miami-fl,rtma,16,2026-09-27T20:00:00Z,302.94,2.13,3.02,0.0,2026-09-27T21:00:00Z,nodd,nodd
2026-09-27,miami-fl,rtma,17,2026-09-27T21:00:00Z,302.36,2.32,2.91,0.0,2026-09-27T22:00:00Z,nodd,nodd
2026-09-27,miami-fl,rtma,18,2026-09-27T22:00:00Z,301.66,3.04,3.79,0.0,2026-09-27T23:00:00Z,nodd,nodd
2026-09-27,miami-fl,rtma,19,2026-09-27T23:00:00Z,300.7,2.64,3.97,0.0,2026-09-28T00:00:00Z,nodd,nodd
2026-09-27,miami-fl,rtma,20,2026-09-28T00:00:00Z,299.97,2.45,3.44,0.0,2026-09-28T01:00:00Z,nodd,nodd
2026-09-27,miami-fl,rtma,21,2026-09-28T01:00:00Z,299.78,2.45,3.57,0.0,2026-09-28T02:00:00Z,nodd,nodd
2026-09-27,miami-fl,rtma,22,2026-09-28T02:00:00Z,299.53,1.37,1.5,0.0,2026-09-28T03:00:00Z,nodd,nodd
2026-09-27,miami-fl,rtma,23,2026-09-28T03:00:00Z,299.2,1.16,4.45,0.0,2026-09-28T04:00:00Z,nodd,nodd
2026-09-27,miami-fl,urma,00,2026-09-27T04:00:00Z,298.47,2.35,2.35,0.0,2026-09-27T05:00:00Z,nodd,nodd
2026-09-27,miami-fl,urma,01,2026-09-27T05:00:00Z,297.74,2.05,3.02,0.0,2026-09-27T06:00:00Z,nodd,nodd
2026-09-27,miami-fl,urma,02,2026-09-27T06:00:00Z,297.41,1.85,2.7,0.0,2026-09-27T07:00:00Z,nodd,nodd
2026-09-27,miami-fl,urma,03,2026-09-27T07:00:00Z,297.01,1.94,3.28,0.0,2026-09-27T08:00:00Z,nodd,nodd
2026-09-27,miami-fl,urma,04,2026-09-27T08:00:00Z,296.87,1.27,3.38,0.0,2026-09-27T09:00:00Z,nodd,nodd
2026-09-27,miami-fl,urma,05,2026-09-27T09:00:00Z,296.61,2.36,2.36,0.0,2026-09-27T10:00:00Z,nodd,nodd
2026-09-27,miami-fl,urma,06,2026-09-27T10:00:00Z,296.47,1.07,2.8,0.0,2026-09-27T11:00:00Z,nodd,nodd
2026-09-27,miami-fl,urma,07,2026-09-27T11:00:00Z,296.32,2.41,3.52,0.0,2026-09-27T12:00:00Z,nodd,nodd
2026-09-27,miami-fl,urma,08,2026-09-27T12:00:00Z,296.62,2.97,3.8,0.0,2026-09-27T13:00:00Z,nodd,nodd
2026-09-27,miami-fl,urma,09,2026-09-27T13:00:00Z,298.96,2.67,4.05,0.0,2026-09-27T14:00:00Z,nodd,nodd
2026-09-27,miami-fl,urma,10,2026-09-27T14:00:00Z,301.04,2.2,3.41,0.0,2026-09-27T15:00:00Z,nodd,nodd
2026-09-27,miami-fl,urma,11,2026-09-27T15:00:00Z,302.29,1.09,2.28,0.0,2026-09-27T16:00:00Z,nodd,nodd
2026-09-27,miami-fl,urma,12,2026-09-27T16:00:00Z,302.86,1.79,3.47,0.0,2026-09-27T17:00:00Z,nodd,nodd
2026-09-27,miami-fl,urma,13,2026-09-27T17:00:00Z,302.96,0.87,4.06,0.0,2026-09-27T18:00:00Z,nodd,nodd
2026-09-27,miami-fl,urma,14,2026-09-27T18:00:00Z,302.71,2.06,2.97,0.0,2026-09-27T19:00:00Z,nodd,nodd
2026-09-27,miami-fl,urma,15,2026-09-27T19:00:00Z,303.04,1.75,3.02,0.0,2026-09-27T20:00:00Z,nodd,nodd
2026-09-27,miami-fl,urma,16,2026-09-27T20:00:00Z,302.86,2.19,3.02,0.0,2026-09-27T21:00:00Z,nodd,nodd
2026-09-27,miami-fl,urma,17,2026-09-27T21:00:00Z,302.36,2.27,3.3,0.0,2026-09-27T22:00:00Z,nodd,nodd
2026-09-27,miami-fl,urma,18,2026-09-27T22:00:00Z,301.66,3.19,4.07,0.0,2026-09-27T23:00:00Z,nodd,nodd
2026-09-27,miami-fl,urma,19,2026-09-27T23:00:00Z,300.72,2.74,4.08,0.0,2026-09-28T00:00:00Z,nodd,nodd
2026-09-27,miami-fl,urma,20,2026-09-28T00:00:00Z,300.0,2.36,3.68,0.0,2026-09-28T01:00:00Z,nodd,nodd
2026-09-27,miami-fl,urma,21,2026-09-28T01:00:00Z,299.87,2.34,3.77,0.0,2026-09-28T02:00:00Z,nodd,nodd
2026-09-27,miami-fl,urma,22,2026-09-28T02:00:00Z,299.48,1.32,1.32,0.0,2026-09-28T03:00:00Z,nodd,nodd
2026-09-27,miami-fl,urma,23,2026-09-28T03:00:00Z,299.21,1.19,4.54,0.0,2026-09-28T04:00:00Z,nodd,nodd
2026-09-27,washington-dc,rtma,00,2026-09-27T04:00:00Z,288.99,3.68,8.95,0.0,2026-09-27T05:00:00Z,nodd,nodd
2026-09-27,washington-dc,rtma,01,2026-09-27T05:00:00Z,289.67,3.73,7.45,0.0,2026-09-27T06:00:00Z,nodd,nodd
2026-09-27,washington-dc,rtma,02,2026-09-27T06:00:00Z,289.93,2.93,3.89,0.0,2026-09-27T07:00:00Z,nodd,nodd
2026-09-27,washington-dc,rtma,03,2026-09-27T07:00:00Z,289.96,3.19,6.5,0.09375,2026-09-27T08:00:00Z,nodd,nodd
2026-09-27,washington-dc,rtma,04,2026-09-27T08:00:00Z,289.71,2.99,4.85,0.8125,2026-09-27T09:00:00Z,nodd,nodd
2026-09-27,washington-dc,rtma,05,2026-09-27T09:00:00Z,289.01,3.04,8.06,0.546875,2026-09-27T10:00:00Z,nodd,nodd
2026-09-27,washington-dc,rtma,06,2026-09-27T10:00:00Z,288.59,2.41,7.69,0.15625,2026-09-27T11:00:00Z,nodd,nodd
2026-09-27,washington-dc,rtma,07,2026-09-27T11:00:00Z,288.96,2.27,4.42,0.265625,2026-09-27T12:00:00Z,nodd,nodd
2026-09-27,washington-dc,rtma,08,2026-09-27T12:00:00Z,289.09,4.15,7.05,1.609375,2026-09-27T13:00:00Z,nodd,nodd
2026-09-27,washington-dc,rtma,09,2026-09-27T13:00:00Z,288.96,3.54,8.67,0.640625,2026-09-27T14:00:00Z,nodd,nodd
2026-09-27,washington-dc,rtma,10,2026-09-27T14:00:00Z,289.64,3.52,9.58,0.953125,2026-09-27T15:00:00Z,nodd,nodd
2026-09-27,washington-dc,rtma,11,2026-09-27T15:00:00Z,290.73,5.38,10.97,0.296875,2026-09-27T16:00:00Z,nodd,nodd
2026-09-27,washington-dc,rtma,12,2026-09-27T16:00:00Z,290.69,6.54,11.96,0.734375,2026-09-27T17:00:00Z,nodd,nodd
2026-09-27,washington-dc,rtma,13,2026-09-27T17:00:00Z,290.07,5.08,10.08,0.5625,2026-09-27T18:00:00Z,nodd,nodd
2026-09-27,washington-dc,rtma,14,2026-09-27T18:00:00Z,290.61,5.53,11.26,1.71875,2026-09-27T19:00:00Z,nodd,nodd
2026-09-27,washington-dc,rtma,15,2026-09-27T19:00:00Z,289.82,6.75,11.84,0.25,2026-09-27T20:00:00Z,nodd,nodd
2026-09-27,washington-dc,rtma,16,2026-09-27T20:00:00Z,289.75,4.98,9.54,0.609375,2026-09-27T21:00:00Z,nodd,nodd
2026-09-27,washington-dc,rtma,17,2026-09-27T21:00:00Z,289.92,4.73,10.36,0.734375,2026-09-27T22:00:00Z,nodd,nodd
2026-09-27,washington-dc,rtma,18,2026-09-27T22:00:00Z,289.73,4.17,8.33,0.6875,2026-09-27T23:00:00Z,nodd,nodd
2026-09-27,washington-dc,rtma,19,2026-09-27T23:00:00Z,289.38,4.29,5.97,0.375,2026-09-28T00:00:00Z,nodd,nodd
2026-09-27,washington-dc,rtma,20,2026-09-28T00:00:00Z,289.46,4.8,11.95,0.0,2026-09-28T01:00:00Z,nodd,nodd
2026-09-27,washington-dc,rtma,21,2026-09-28T01:00:00Z,289.56,3.88,8.78,0.0,2026-09-28T02:00:00Z,nodd,nodd
2026-09-27,washington-dc,rtma,22,2026-09-28T02:00:00Z,289.47,3.91,8.02,0.0,2026-09-28T03:00:00Z,nodd,nodd
2026-09-27,washington-dc,rtma,23,2026-09-28T03:00:00Z,289.35,3.41,6.76,0.0,2026-09-28T04:00:00Z,nodd,nodd
2026-09-27,washington-dc,urma,00,2026-09-27T04:00:00Z,288.98,3.3,8.78,0.0,2026-09-27T05:00:00Z,nodd,nodd
2026-09-27,washington-dc,urma,01,2026-09-27T05:00:00Z,289.64,3.56,7.64,0.0,2026-09-27T06:00:00Z,nodd,nodd
2026-09-27,washington-dc,urma,02,2026-09-27T06:00:00Z,289.92,2.85,3.34,0.0,2026-09-27T07:00:00Z,nodd,nodd
2026-09-27,washington-dc,urma,03,2026-09-27T07:00:00Z,289.84,2.87,5.8,0.0,2026-09-27T08:00:00Z,nodd,nodd
2026-09-27,washington-dc,urma,04,2026-09-27T08:00:00Z,289.71,2.6,4.49,0.328125,2026-09-27T09:00:00Z,nodd,nodd
2026-09-27,washington-dc,urma,05,2026-09-27T09:00:00Z,288.99,2.78,8.89,0.125,2026-09-27T10:00:00Z,nodd,nodd
2026-09-27,washington-dc,urma,06,2026-09-27T10:00:00Z,288.59,2.2,7.76,0.0625,2026-09-27T11:00:00Z,nodd,nodd
2026-09-27,washington-dc,urma,07,2026-09-27T11:00:00Z,288.95,2.05,4.17,0.0,2026-09-27T12:00:00Z,nodd,nodd
2026-09-27,washington-dc,urma,08,2026-09-27T12:00:00Z,289.05,3.98,6.65,0.625,2026-09-27T13:00:00Z,nodd,nodd
2026-09-27,washington-dc,urma,09,2026-09-27T13:00:00Z,288.85,3.38,7.72,0.3125,2026-09-27T14:00:00Z,nodd,nodd
2026-09-27,washington-dc,urma,10,2026-09-27T14:00:00Z,289.7,3.43,9.75,0.734375,2026-09-27T15:00:00Z,nodd,nodd
2026-09-27,washington-dc,urma,11,2026-09-27T15:00:00Z,290.72,5.47,10.69,0.0625,2026-09-27T16:00:00Z,nodd,nodd
2026-09-27,washington-dc,urma,12,2026-09-27T16:00:00Z,290.69,6.34,11.75,0.015625,2026-09-27T17:00:00Z,nodd,nodd
2026-09-27,washington-dc,urma,13,2026-09-27T17:00:00Z,290.12,4.77,10.03,0.015625,2026-09-27T18:00:00Z,nodd,nodd
2026-09-27,washington-dc,urma,14,2026-09-27T18:00:00Z,290.59,5.56,11.24,0.859375,2026-09-27T19:00:00Z,nodd,nodd
2026-09-27,washington-dc,urma,15,2026-09-27T19:00:00Z,289.87,6.31,11.89,0.375,2026-09-27T20:00:00Z,nodd,nodd
2026-09-27,washington-dc,urma,16,2026-09-27T20:00:00Z,289.79,4.85,9.37,0.53125,2026-09-27T21:00:00Z,nodd,nodd
2026-09-27,washington-dc,urma,17,2026-09-27T21:00:00Z,289.92,4.66,10.45,0.53125,2026-09-27T22:00:00Z,nodd,nodd
2026-09-27,washington-dc,urma,18,2026-09-27T22:00:00Z,289.7,3.8,8.18,0.375,2026-09-27T23:00:00Z,nodd,nodd
2026-09-27,washington-dc,urma,19,2026-09-27T23:00:00Z,289.37,4.0,6.21,0.28125,2026-09-28T00:00:00Z,nodd,nodd
2026-09-27,washington-dc,urma,20,2026-09-28T00:00:00Z,289.46,4.44,12.16,0.0,2026-09-28T01:00:00Z,nodd,nodd
2026-09-27,washington-dc,urma,21,2026-09-28T01:00:00Z,289.41,3.47,8.94,0.0,2026-09-28T02:00:00Z,nodd,nodd
2026-09-27,washington-dc,urma,22,2026-09-28T02:00:00Z,289.45,3.54,7.85,0.0,2026-09-28T03:00:00Z,nodd,nodd
2026-09-27,washington-dc,urma,23,2026-09-28T03:00:00Z,289.33,3.41,6.94,0.0,2026-09-28T04:00:00Z,nodd,nodd
2026-09-27,atlanta-ga,rtma,00,2026-09-27T04:00:00Z,291.66,2.15,4.83,0.0,2026-09-27T05:00:00Z,nodd,nodd
2026-09-27,atlanta-ga,rtma,01,2026-09-27T05:00:00Z,290.62,1.45,3.66,0.0,2026-09-27T06:00:00Z,nodd,nodd
2026-09-27,atlanta-ga,rtma,02,2026-09-27T06:00:00Z,289.57,1.28,3.07,0.0,2026-09-27T07:00:00Z,nodd,nodd
2026-09-27,atlanta-ga,rtma,03,2026-09-27T07:00:00Z,288.48,0.87,2.16,0.0,2026-09-27T08:00:00Z,nodd,nodd
2026-09-27,atlanta-ga,rtma,04,2026-09-27T08:00:00Z,287.88,0.8,2.72,0.0,2026-09-27T09:00:00Z,nodd,nodd
2026-09-27,atlanta-ga,rtma,05,2026-09-27T09:00:00Z,286.94,0.48,2.89,0.0,2026-09-27T10:00:00Z,nodd,nodd
2026-09-27,atlanta-ga,rtma,06,2026-09-27T10:00:00Z,286.19,0.79,2.76,0.0,2026-09-27T11:00:00Z,nodd,nodd
2026-09-27,atlanta-ga,rtma,07,2026-09-27T11:00:00Z,285.57,0.73,1.75,0.0,2026-09-27T12:00:00Z,nodd,nodd
2026-09-27,atlanta-ga,rtma,08,2026-09-27T12:00:00Z,285.47,1.08,2.62,0.0,2026-09-27T13:00:00Z,nodd,nodd
2026-09-27,atlanta-ga,rtma,09,2026-09-27T13:00:00Z,288.27,1.47,2.21,0.0,2026-09-27T14:00:00Z,nodd,nodd
2026-09-27,atlanta-ga,rtma,10,2026-09-27T14:00:00Z,292.62,0.94,3.73,0.0,2026-09-27T15:00:00Z,nodd,nodd
2026-09-27,atlanta-ga,rtma,11,2026-09-27T15:00:00Z,294.82,1.49,1.98,0.0,2026-09-27T16:00:00Z,nodd,nodd
2026-09-27,atlanta-ga,rtma,12,2026-09-27T16:00:00Z,296.58,1.23,3.99,0.0,2026-09-27T17:00:00Z,nodd,nodd
2026-09-27,atlanta-ga,rtma,13,2026-09-27T17:00:00Z,297.85,2.76,4.74,0.0,2026-09-27T18:00:00Z,nodd,nodd
2026-09-27,atlanta-ga,rtma,14,2026-09-27T18:00:00Z,299.08,2.86,6.88,0.0,2026-09-27T19:00:00Z,nodd,nodd
2026-09-27,atlanta-ga,rtma,15,2026-09-27T19:00:00Z,299.82,4.06,8.09,0.0,2026-09-27T20:00:00Z,nodd,nodd
2026-09-27,atlanta-ga,rtma,16,2026-09-27T20:00:00Z,300.02,4.87,8.85,0.0,2026-09-27T21:00:00Z,nodd,nodd
2026-09-27,atlanta-ga,rtma,17,2026-09-27T21:00:00Z,300.23,3.39,7.56,0.0,2026-09-27T22:00:00Z,nodd,nodd
2026-09-27,atlanta-ga,rtma,18,2026-09-27T22:00:00Z,299.79,4.56,6.85,0.0,2026-09-27T23:00:00Z,nodd,nodd
2026-09-27,atlanta-ga,rtma,19,2026-09-27T23:00:00Z,297.72,3.4,5.27,0.0,2026-09-28T00:00:00Z,nodd,nodd
2026-09-27,atlanta-ga,rtma,20,2026-09-28T00:00:00Z,295.48,3.01,4.67,0.0,2026-09-28T01:00:00Z,nodd,nodd
2026-09-27,atlanta-ga,rtma,21,2026-09-28T01:00:00Z,294.03,2.3,4.43,0.0,2026-09-28T02:00:00Z,nodd,nodd
2026-09-27,atlanta-ga,rtma,22,2026-09-28T02:00:00Z,292.52,1.53,4.01,0.0,2026-09-28T03:00:00Z,nodd,nodd
2026-09-27,atlanta-ga,rtma,23,2026-09-28T03:00:00Z,291.56,1.84,4.04,0.0,2026-09-28T04:00:00Z,nodd,nodd
2026-09-27,atlanta-ga,urma,00,2026-09-27T04:00:00Z,291.77,2.19,4.86,0.0,2026-09-27T05:00:00Z,nodd,nodd
2026-09-27,atlanta-ga,urma,01,2026-09-27T05:00:00Z,290.69,1.43,3.68,0.0,2026-09-27T06:00:00Z,nodd,nodd
2026-09-27,atlanta-ga,urma,02,2026-09-27T06:00:00Z,289.65,1.25,3.1,0.0,2026-09-27T07:00:00Z,nodd,nodd
2026-09-27,atlanta-ga,urma,03,2026-09-27T07:00:00Z,288.54,0.9,2.2,0.0,2026-09-27T08:00:00Z,nodd,nodd
2026-09-27,atlanta-ga,urma,04,2026-09-27T08:00:00Z,287.92,0.7,2.79,0.0,2026-09-27T09:00:00Z,nodd,nodd
2026-09-27,atlanta-ga,urma,05,2026-09-27T09:00:00Z,286.97,0.57,2.92,0.0,2026-09-27T10:00:00Z,nodd,nodd
2026-09-27,atlanta-ga,urma,06,2026-09-27T10:00:00Z,286.18,0.74,2.8,0.0,2026-09-27T11:00:00Z,nodd,nodd
2026-09-27,atlanta-ga,urma,07,2026-09-27T11:00:00Z,285.57,0.71,1.76,0.0,2026-09-27T12:00:00Z,nodd,nodd
2026-09-27,atlanta-ga,urma,08,2026-09-27T12:00:00Z,285.57,0.85,2.66,0.0,2026-09-27T13:00:00Z,nodd,nodd
2026-09-27,atlanta-ga,urma,09,2026-09-27T13:00:00Z,288.46,1.4,2.24,0.0,2026-09-27T14:00:00Z,nodd,nodd
2026-09-27,atlanta-ga,urma,10,2026-09-27T14:00:00Z,292.72,0.86,3.87,0.0,2026-09-27T15:00:00Z,nodd,nodd
2026-09-27,atlanta-ga,urma,11,2026-09-27T15:00:00Z,294.79,1.49,1.97,0.0,2026-09-27T16:00:00Z,nodd,nodd
2026-09-27,atlanta-ga,urma,12,2026-09-27T16:00:00Z,296.61,1.15,4.02,0.0,2026-09-27T17:00:00Z,nodd,nodd
2026-09-27,atlanta-ga,urma,13,2026-09-27T17:00:00Z,297.87,2.89,4.74,0.0,2026-09-27T18:00:00Z,nodd,nodd
2026-09-27,atlanta-ga,urma,14,2026-09-27T18:00:00Z,299.03,2.83,6.72,0.0,2026-09-27T19:00:00Z,nodd,nodd
2026-09-27,atlanta-ga,urma,15,2026-09-27T19:00:00Z,299.72,4.05,7.92,0.0,2026-09-27T20:00:00Z,nodd,nodd
2026-09-27,atlanta-ga,urma,16,2026-09-27T20:00:00Z,299.96,4.96,8.91,0.0,2026-09-27T21:00:00Z,nodd,nodd
2026-09-27,atlanta-ga,urma,17,2026-09-27T21:00:00Z,300.2,3.51,7.64,0.0,2026-09-27T22:00:00Z,nodd,nodd
2026-09-27,atlanta-ga,urma,18,2026-09-27T22:00:00Z,299.75,4.71,6.83,0.0,2026-09-27T23:00:00Z,nodd,nodd
2026-09-27,atlanta-ga,urma,19,2026-09-27T23:00:00Z,297.7,3.37,5.29,0.0,2026-09-28T00:00:00Z,nodd,nodd
2026-09-27,atlanta-ga,urma,20,2026-09-28T00:00:00Z,295.48,2.89,4.74,0.0,2026-09-28T01:00:00Z,nodd,nodd
2026-09-27,atlanta-ga,urma,21,2026-09-28T01:00:00Z,294.04,2.19,4.52,0.0,2026-09-28T02:00:00Z,nodd,nodd
2026-09-27,atlanta-ga,urma,22,2026-09-28T02:00:00Z,292.57,1.55,4.09,0.0,2026-09-28T03:00:00Z,nodd,nodd
2026-09-27,atlanta-ga,urma,23,2026-09-28T03:00:00Z,291.58,1.97,4.09,0.0,2026-09-28T04:00:00Z,nodd,nodd
2026-09-27,philadelphia-pa,rtma,00,2026-09-27T04:00:00Z,287.86,3.72,6.38,1.59375,2026-09-27T05:00:00Z,nodd,nodd
2026-09-27,philadelphia-pa,rtma,01,2026-09-27T05:00:00Z,287.82,3.95,9.24,4.03125,2026-09-27T06:00:00Z,nodd,nodd
2026-09-27,philadelphia-pa,rtma,02,2026-09-27T06:00:00Z,287.49,4.63,10.2,2.78125,2026-09-27T07:00:00Z,nodd,nodd
2026-09-27,philadelphia-pa,rtma,03,2026-09-27T07:00:00Z,287.55,3.92,9.88,6.46875,2026-09-27T08:00:00Z,nodd,nodd
2026-09-27,philadelphia-pa,rtma,04,2026-09-27T08:00:00Z,287.56,4.85,11.05,7.46875,2026-09-27T09:00:00Z,nodd,nodd
2026-09-27,philadelphia-pa,rtma,05,2026-09-27T09:00:00Z,287.44,4.56,11.46,2.984375,2026-09-27T10:00:00Z,nodd,nodd
2026-09-27,philadelphia-pa,rtma,06,2026-09-27T10:00:00Z,287.37,4.84,10.17,1.375,2026-09-27T11:00:00Z,nodd,nodd
2026-09-27,philadelphia-pa,rtma,07,2026-09-27T11:00:00Z,287.07,4.57,9.95,6.0625,2026-09-27T12:00:00Z,nodd,nodd
2026-09-27,philadelphia-pa,rtma,08,2026-09-27T12:00:00Z,287.18,5.76,11.16,10.25,2026-09-27T13:00:00Z,nodd,nodd
2026-09-27,philadelphia-pa,rtma,09,2026-09-27T13:00:00Z,287.26,4.65,9.42,0.59375,2026-09-27T14:00:00Z,nodd,nodd
2026-09-27,philadelphia-pa,rtma,10,2026-09-27T14:00:00Z,288.06,5.03,11.8,0.1875,2026-09-27T15:00:00Z,nodd,nodd
2026-09-27,philadelphia-pa,rtma,11,2026-09-27T15:00:00Z,288.78,6.55,12.91,0.28125,2026-09-27T16:00:00Z,nodd,nodd
2026-09-27,philadelphia-pa,rtma,12,2026-09-27T16:00:00Z,289.63,6.37,13.11,0.390625,2026-09-27T17:00:00Z,nodd,nodd
2026-09-27,philadelphia-pa,rtma,13,2026-09-27T17:00:00Z,289.74,5.96,10.83,0.0,2026-09-27T18:00:00Z,nodd,nodd
2026-09-27,philadelphia-pa,rtma,14,2026-09-27T18:00:00Z,290.43,5.35,11.9,0.453125,2026-09-27T19:00:00Z,nodd,nodd
2026-09-27,philadelphia-pa,rtma,15,2026-09-27T19:00:00Z,290.95,4.34,10.15,1.296875,2026-09-27T20:00:00Z,nodd,nodd
2026-09-27,philadelphia-pa,rtma,16,2026-09-27T20:00:00Z,290.25,3.62,10.09,1.6875,2026-09-27T21:00:00Z,nodd,nodd
2026-09-27,philadelphia-pa,rtma,17,2026-09-27T21:00:00Z,290.16,2.73,7.29,1.46875,2026-09-27T22:00:00Z,nodd,nodd
2026-09-27,philadelphia-pa,rtma,18,2026-09-27T22:00:00Z,289.72,2.47,7.76,0.59375,2026-09-27T23:00:00Z,nodd,nodd
2026-09-27,philadelphia-pa,rtma,19,2026-09-27T23:00:00Z,289.52,2.67,6.94,2.1875,2026-09-28T00:00:00Z,nodd,nodd
2026-09-27,philadelphia-pa,rtma,20,2026-09-28T00:00:00Z,289.62,3.57,10.96,0.78125,2026-09-28T01:00:00Z,nodd,nodd
2026-09-27,philadelphia-pa,rtma,21,2026-09-28T01:00:00Z,289.26,3.12,5.92,0.265625,2026-09-28T02:00:00Z,nodd,nodd
2026-09-27,philadelphia-pa,rtma,22,2026-09-28T02:00:00Z,289.26,2.74,7.35,0.046875,2026-09-28T03:00:00Z,nodd,nodd
2026-09-27,philadelphia-pa,rtma,23,2026-09-28T03:00:00Z,289.24,2.02,8.12,0.28125,2026-09-28T04:00:00Z,nodd,nodd
2026-09-27,philadelphia-pa,urma,00,2026-09-27T04:00:00Z,287.84,3.75,5.89,0.546875,2026-09-27T05:00:00Z,nodd,nodd
2026-09-27,philadelphia-pa,urma,01,2026-09-27T05:00:00Z,287.8,4.13,8.47,1.890625,2026-09-27T06:00:00Z,nodd,nodd
2026-09-27,philadelphia-pa,urma,02,2026-09-27T06:00:00Z,287.46,4.49,9.29,1.4375,2026-09-27T07:00:00Z,nodd,nodd
2026-09-27,philadelphia-pa,urma,03,2026-09-27T07:00:00Z,287.57,3.96,9.93,3.03125,2026-09-27T08:00:00Z,nodd,nodd
2026-09-27,philadelphia-pa,urma,04,2026-09-27T08:00:00Z,287.52,4.87,11.04,3.765625,2026-09-27T09:00:00Z,nodd,nodd
2026-09-27,philadelphia-pa,urma,05,2026-09-27T09:00:00Z,287.38,5.36,11.26,2.25,2026-09-27T10:00:00Z,nodd,nodd
2026-09-27,philadelphia-pa,urma,06,2026-09-27T10:00:00Z,287.32,4.7,10.03,1.5,2026-09-27T11:00:00Z,nodd,nodd
2026-09-27,philadelphia-pa,urma,07,2026-09-27T11:00:00Z,287.04,4.58,10.13,3.921875,2026-09-27T12:00:00Z,nodd,nodd
2026-09-27,philadelphia-pa,urma,08,2026-09-27T12:00:00Z,287.13,5.81,10.91,5.3125,2026-09-27T13:00:00Z,nodd,nodd
2026-09-27,philadelphia-pa,urma,09,2026-09-27T13:00:00Z,287.19,4.68,9.43,1.265625,2026-09-27T14:00:00Z,nodd,nodd
2026-09-27,philadelphia-pa,urma,10,2026-09-27T14:00:00Z,288.04,5.13,11.45,0.109375,2026-09-27T15:00:00Z,nodd,nodd
2026-09-27,philadelphia-pa,urma,11,2026-09-27T15:00:00Z,288.8,6.89,13.25,0.25,2026-09-27T16:00:00Z,nodd,nodd
2026-09-27,philadelphia-pa,urma,12,2026-09-27T16:00:00Z,289.69,6.44,12.85,0.125,2026-09-27T17:00:00Z,nodd,nodd
2026-09-27,philadelphia-pa,urma,13,2026-09-27T17:00:00Z,289.78,6.04,10.81,0.0,2026-09-27T18:00:00Z,nodd,nodd
2026-09-27,philadelphia-pa,urma,14,2026-09-27T18:00:00Z,290.47,5.38,12.14,0.65625,2026-09-27T19:00:00Z,nodd,nodd
2026-09-27,philadelphia-pa,urma,15,2026-09-27T19:00:00Z,290.89,3.78,9.79,0.90625,2026-09-27T20:00:00Z,nodd,nodd
2026-09-27,philadelphia-pa,urma,16,2026-09-27T20:00:00Z,290.27,3.65,10.1,1.5625,2026-09-27T21:00:00Z,nodd,nodd
2026-09-27,philadelphia-pa,urma,17,2026-09-27T21:00:00Z,290.14,2.82,7.2,0.71875,2026-09-27T22:00:00Z,nodd,nodd
2026-09-27,philadelphia-pa,urma,18,2026-09-27T22:00:00Z,289.67,2.37,7.71,0.6875,2026-09-27T23:00:00Z,nodd,nodd
2026-09-27,philadelphia-pa,urma,19,2026-09-27T23:00:00Z,289.52,2.77,7.33,1.34375,2026-09-28T00:00:00Z,nodd,nodd
2026-09-27,philadelphia-pa,urma,20,2026-09-28T00:00:00Z,289.59,3.71,10.69,0.546875,2026-09-28T01:00:00Z,nodd,nodd
2026-09-27,philadelphia-pa,urma,21,2026-09-28T01:00:00Z,289.32,3.36,5.72,0.328125,2026-09-28T02:00:00Z,nodd,nodd
2026-09-27,philadelphia-pa,urma,22,2026-09-28T02:00:00Z,289.24,2.68,6.28,0.046875,2026-09-28T03:00:00Z,nodd,nodd
2026-09-27,philadelphia-pa,urma,23,2026-09-28T03:00:00Z,289.22,2.24,8.32,0.15625,2026-09-28T04:00:00Z,nodd,nodd
2026-09-27,phoenix-az,rtma,00,2026-09-27T07:00:00Z,302.49,1.22,1.47,0.0,2026-09-27T08:00:00Z,nodd,nodd
2026-09-27,phoenix-az,rtma,01,2026-09-27T08:00:00Z,301.04,1.93,2.35,0.0,2026-09-27T09:00:00Z,nodd,nodd
2026-09-27,phoenix-az,rtma,02,2026-09-27T09:00:00Z,300.77,1.74,2.46,0.0,2026-09-27T10:00:00Z,nodd,nodd
2026-09-27,phoenix-az,rtma,03,2026-09-27T10:00:00Z,300.42,1.19,3.18,0.0,2026-09-27T11:00:00Z,nodd,nodd
2026-09-27,phoenix-az,rtma,04,2026-09-27T11:00:00Z,299.98,1.5,3.16,0.0,2026-09-27T12:00:00Z,nodd,nodd
2026-09-27,phoenix-az,rtma,05,2026-09-27T12:00:00Z,299.89,1.82,4.97,0.0,2026-09-27T13:00:00Z,nodd,nodd
2026-09-27,phoenix-az,rtma,06,2026-09-27T13:00:00Z,299.7,1.57,3.27,0.0,2026-09-27T14:00:00Z,nodd,nodd
2026-09-27,phoenix-az,rtma,07,2026-09-27T14:00:00Z,299.64,1.67,2.74,0.0,2026-09-27T15:00:00Z,nodd,nodd
2026-09-27,phoenix-az,rtma,08,2026-09-27T15:00:00Z,301.72,2.5,3.21,0.0,2026-09-27T16:00:00Z,nodd,nodd
2026-09-27,phoenix-az,rtma,09,2026-09-27T16:00:00Z,303.12,2.73,3.49,0.0,2026-09-27T17:00:00Z,nodd,nodd
2026-09-27,phoenix-az,rtma,10,2026-09-27T17:00:00Z,305.08,2.09,3.16,0.0,2026-09-27T18:00:00Z,nodd,nodd
2026-09-27,phoenix-az,rtma,11,2026-09-27T18:00:00Z,306.58,0.99,2.03,0.0,2026-09-27T19:00:00Z,nodd,nodd
2026-09-27,phoenix-az,rtma,12,2026-09-27T19:00:00Z,308.31,0.51,1.65,0.0,2026-09-27T20:00:00Z,nodd,nodd
2026-09-27,phoenix-az,rtma,13,2026-09-27T20:00:00Z,309.6,1.14,1.94,0.0,2026-09-27T21:00:00Z,nodd,nodd
2026-09-27,phoenix-az,rtma,14,2026-09-27T21:00:00Z,309.98,1.78,2.03,0.0,2026-09-27T22:00:00Z,nodd,nodd
2026-09-27,phoenix-az,rtma,15,2026-09-27T22:00:00Z,309.31,3.17,5.28,0.0,2026-09-27T23:00:00Z,nodd,nodd
2026-09-27,phoenix-az,rtma,16,2026-09-27T23:00:00Z,308.62,4.58,5.5,0.0,2026-09-28T00:00:00Z,nodd,nodd
2026-09-27,phoenix-az,rtma,17,2026-09-28T00:00:00Z,307.69,3.96,5.4,0.0,2026-09-28T01:00:00Z,nodd,nodd
2026-09-27,phoenix-az,rtma,18,2026-09-28T01:00:00Z,306.9,3.3,5.73,0.0,2026-09-28T02:00:00Z,nodd,nodd
2026-09-27,phoenix-az,rtma,19,2026-09-28T02:00:00Z,304.52,6.21,11.13,0.0,2026-09-28T03:00:00Z,nodd,nodd
2026-09-27,phoenix-az,rtma,20,2026-09-28T03:00:00Z,303.55,5.14,9.47,0.0,2026-09-28T04:00:00Z,nodd,nodd
2026-09-27,phoenix-az,rtma,21,2026-09-28T04:00:00Z,303.32,4.01,8.87,0.0,2026-09-28T05:00:00Z,nodd,nodd
2026-09-27,phoenix-az,rtma,22,2026-09-28T05:00:00Z,302.63,2.11,7.65,0.0,2026-09-28T06:00:00Z,nodd,nodd
2026-09-27,phoenix-az,rtma,23,2026-09-28T06:00:00Z,302.52,1.84,4.56,0.0,2026-09-28T07:00:00Z,nodd,nodd
2026-09-27,phoenix-az,urma,00,2026-09-27T07:00:00Z,302.6,1.16,1.16,0.0,2026-09-27T08:00:00Z,nodd,nodd
2026-09-27,phoenix-az,urma,01,2026-09-27T08:00:00Z,301.05,1.9,2.16,0.0,2026-09-27T09:00:00Z,nodd,nodd
2026-09-27,phoenix-az,urma,02,2026-09-27T09:00:00Z,300.73,1.92,2.3,0.0,2026-09-27T10:00:00Z,nodd,nodd
2026-09-27,phoenix-az,urma,03,2026-09-27T10:00:00Z,300.47,0.99,2.94,0.0,2026-09-27T11:00:00Z,nodd,nodd
2026-09-27,phoenix-az,urma,04,2026-09-27T11:00:00Z,300.01,1.42,3.02,0.0,2026-09-27T12:00:00Z,nodd,nodd
2026-09-27,phoenix-az,urma,05,2026-09-27T12:00:00Z,299.88,1.67,3.15,0.0,2026-09-27T13:00:00Z,nodd,nodd
2026-09-27,phoenix-az,urma,06,2026-09-27T13:00:00Z,299.5,1.46,2.97,0.0,2026-09-27T14:00:00Z,nodd,nodd
2026-09-27,phoenix-az,urma,07,2026-09-27T14:00:00Z,299.69,1.6,2.55,0.0,2026-09-27T15:00:00Z,nodd,nodd
2026-09-27,phoenix-az,urma,08,2026-09-27T15:00:00Z,301.57,2.69,2.69,0.0,2026-09-27T16:00:00Z,nodd,nodd
2026-09-27,phoenix-az,urma,09,2026-09-27T16:00:00Z,303.07,2.65,3.15,0.0,2026-09-27T17:00:00Z,nodd,nodd
2026-09-27,phoenix-az,urma,10,2026-09-27T17:00:00Z,304.96,2.25,3.07,0.0,2026-09-27T18:00:00Z,nodd,nodd
2026-09-27,phoenix-az,urma,11,2026-09-27T18:00:00Z,306.55,1.11,2.17,0.0,2026-09-27T19:00:00Z,nodd,nodd
2026-09-27,phoenix-az,urma,12,2026-09-27T19:00:00Z,308.49,0.41,1.76,0.0,2026-09-27T20:00:00Z,nodd,nodd
2026-09-27,phoenix-az,urma,13,2026-09-27T20:00:00Z,309.54,1.24,2.13,0.0,2026-09-27T21:00:00Z,nodd,nodd
2026-09-27,phoenix-az,urma,14,2026-09-27T21:00:00Z,309.87,2.13,2.71,0.0,2026-09-27T22:00:00Z,nodd,nodd
2026-09-27,phoenix-az,urma,15,2026-09-27T22:00:00Z,309.2,3.62,5.33,0.0,2026-09-27T23:00:00Z,nodd,nodd
2026-09-27,phoenix-az,urma,16,2026-09-27T23:00:00Z,308.54,4.76,5.96,0.0,2026-09-28T00:00:00Z,nodd,nodd
2026-09-27,phoenix-az,urma,17,2026-09-28T00:00:00Z,307.59,3.87,5.92,0.0,2026-09-28T01:00:00Z,nodd,nodd
2026-09-27,phoenix-az,urma,18,2026-09-28T01:00:00Z,306.62,3.54,5.77,0.0,2026-09-28T02:00:00Z,nodd,nodd
2026-09-27,phoenix-az,urma,19,2026-09-28T02:00:00Z,304.55,6.17,10.73,0.0,2026-09-28T03:00:00Z,nodd,nodd
2026-09-27,phoenix-az,urma,20,2026-09-28T03:00:00Z,303.56,5.26,9.95,0.0,2026-09-28T04:00:00Z,nodd,nodd
2026-09-27,phoenix-az,urma,21,2026-09-28T04:00:00Z,303.33,4.1,8.15,0.0,2026-09-28T05:00:00Z,nodd,nodd
2026-09-27,phoenix-az,urma,22,2026-09-28T05:00:00Z,302.66,2.14,5.96,0.0,2026-09-28T06:00:00Z,nodd,nodd
2026-09-27,phoenix-az,urma,23,2026-09-28T06:00:00Z,302.46,1.82,1.82,0.0,2026-09-28T07:00:00Z,nodd,nodd
2026-09-27,boston-ma,rtma,00,2026-09-27T04:00:00Z,287.37,8.11,16.22,2.125,2026-09-27T05:00:00Z,nodd,nodd
2026-09-27,boston-ma,rtma,01,2026-09-27T05:00:00Z,287.42,7.17,14.34,0.59375,2026-09-27T06:00:00Z,nodd,nodd
2026-09-27,boston-ma,rtma,02,2026-09-27T06:00:00Z,287.44,7.96,15.9,0.265625,2026-09-27T07:00:00Z,nodd,nodd
2026-09-27,boston-ma,rtma,03,2026-09-27T07:00:00Z,287.53,8.58,16.01,0.3125,2026-09-27T08:00:00Z,nodd,nodd
2026-09-27,boston-ma,rtma,04,2026-09-27T08:00:00Z,287.54,8.78,15.47,3.625,2026-09-27T09:00:00Z,nodd,nodd
2026-09-27,boston-ma,rtma,05,2026-09-27T09:00:00Z,287.5,9.31,16.97,2.015625,2026-09-27T10:00:00Z,nodd,nodd
2026-09-27,boston-ma,rtma,06,2026-09-27T10:00:00Z,287.53,8.4,16.17,5.78125,2026-09-27T11:00:00Z,nodd,nodd
2026-09-27,boston-ma,rtma,07,2026-09-27T11:00:00Z,287.65,8.89,16.07,10.09375,2026-09-27T12:00:00Z,nodd,nodd
2026-09-27,boston-ma,rtma,08,2026-09-27T12:00:00Z,287.41,7.8,15.29,2.28125,2026-09-27T13:00:00Z,nodd,nodd
2026-09-27,boston-ma,rtma,09,2026-09-27T13:00:00Z,287.53,7.09,13.64,6.96875,2026-09-27T14:00:00Z,nodd,nodd
2026-09-27,boston-ma,rtma,10,2026-09-27T14:00:00Z,287.56,7.12,14.3,5.640625,2026-09-27T15:00:00Z,nodd,nodd
2026-09-27,boston-ma,rtma,11,2026-09-27T15:00:00Z,287.6,7.05,13.56,0.96875,2026-09-27T16:00:00Z,nodd,nodd
2026-09-27,boston-ma,rtma,12,2026-09-27T16:00:00Z,287.69,7.62,14.94,2.25,2026-09-27T17:00:00Z,nodd,nodd
2026-09-27,boston-ma,rtma,13,2026-09-27T17:00:00Z,288.09,7.31,13.59,1.5625,2026-09-27T18:00:00Z,nodd,nodd
2026-09-27,boston-ma,rtma,14,2026-09-27T18:00:00Z,288.57,6.33,12.32,3.96875,2026-09-27T19:00:00Z,nodd,nodd
2026-09-27,boston-ma,rtma,15,2026-09-27T19:00:00Z,288.81,6.62,11.69,0.015625,2026-09-27T20:00:00Z,nodd,nodd
2026-09-27,boston-ma,rtma,16,2026-09-27T20:00:00Z,288.49,5.94,10.31,0.546875,2026-09-27T21:00:00Z,nodd,nodd
2026-09-27,boston-ma,rtma,17,2026-09-27T21:00:00Z,288.2,6.55,12.38,0.171875,2026-09-27T22:00:00Z,nodd,nodd
2026-09-27,boston-ma,rtma,18,2026-09-27T22:00:00Z,288.01,5.96,10.9,0.28125,2026-09-27T23:00:00Z,nodd,nodd
2026-09-27,boston-ma,rtma,19,2026-09-27T23:00:00Z,287.9,5.73,11.06,1.0625,2026-09-28T00:00:00Z,nodd,nodd
2026-09-27,boston-ma,rtma,20,2026-09-28T00:00:00Z,287.88,5.79,12.22,0.421875,2026-09-28T01:00:00Z,nodd,nodd
2026-09-27,boston-ma,rtma,21,2026-09-28T01:00:00Z,287.48,6.23,11.63,0.21875,2026-09-28T02:00:00Z,nodd,nodd
2026-09-27,boston-ma,rtma,22,2026-09-28T02:00:00Z,286.96,5.03,9.76,2.578125,2026-09-28T03:00:00Z,nodd,nodd
2026-09-27,boston-ma,rtma,23,2026-09-28T03:00:00Z,287.04,5.56,10.97,1.5,2026-09-28T04:00:00Z,nodd,nodd
2026-09-27,boston-ma,urma,00,2026-09-27T04:00:00Z,287.36,8.18,16.29,1.5625,2026-09-27T05:00:00Z,nodd,nodd
2026-09-27,boston-ma,urma,01,2026-09-27T05:00:00Z,287.4,7.14,13.48,0.59375,2026-09-27T06:00:00Z,nodd,nodd
2026-09-27,boston-ma,urma,02,2026-09-27T06:00:00Z,287.42,7.79,15.18,0.359375,2026-09-27T07:00:00Z,nodd,nodd
2026-09-27,boston-ma,urma,03,2026-09-27T07:00:00Z,287.54,8.4,14.95,0.328125,2026-09-27T08:00:00Z,nodd,nodd
2026-09-27,boston-ma,urma,04,2026-09-27T08:00:00Z,287.52,8.71,15.38,2.921875,2026-09-27T09:00:00Z,nodd,nodd
2026-09-27,boston-ma,urma,05,2026-09-27T09:00:00Z,287.46,9.08,17.02,2.71875,2026-09-27T10:00:00Z,nodd,nodd
2026-09-27,boston-ma,urma,06,2026-09-27T10:00:00Z,287.52,8.41,15.82,4.765625,2026-09-27T11:00:00Z,nodd,nodd
2026-09-27,boston-ma,urma,07,2026-09-27T11:00:00Z,287.61,8.88,16.29,7.890625,2026-09-27T12:00:00Z,nodd,nodd
2026-09-27,boston-ma,urma,08,2026-09-27T12:00:00Z,287.4,7.8,15.15,3.203125,2026-09-27T13:00:00Z,nodd,nodd
2026-09-27,boston-ma,urma,09,2026-09-27T13:00:00Z,287.5,7.13,13.99,5.78125,2026-09-27T14:00:00Z,nodd,nodd
2026-09-27,boston-ma,urma,10,2026-09-27T14:00:00Z,287.57,7.1,14.13,5.53125,2026-09-27T15:00:00Z,nodd,nodd
2026-09-27,boston-ma,urma,11,2026-09-27T15:00:00Z,287.64,6.99,13.57,1.59375,2026-09-27T16:00:00Z,nodd,nodd
2026-09-27,boston-ma,urma,12,2026-09-27T16:00:00Z,287.71,7.35,14.54,3.09375,2026-09-27T17:00:00Z,nodd,nodd
2026-09-27,boston-ma,urma,13,2026-09-27T17:00:00Z,288.14,7.37,13.76,2.234375,2026-09-27T18:00:00Z,nodd,nodd
2026-09-27,boston-ma,urma,14,2026-09-27T18:00:00Z,288.63,6.16,12.29,2.46875,2026-09-27T19:00:00Z,nodd,nodd
2026-09-27,boston-ma,urma,15,2026-09-27T19:00:00Z,288.86,6.76,11.71,0.171875,2026-09-27T20:00:00Z,nodd,nodd
2026-09-27,boston-ma,urma,16,2026-09-27T20:00:00Z,288.51,5.87,10.21,0.484375,2026-09-27T21:00:00Z,nodd,nodd
2026-09-27,boston-ma,urma,17,2026-09-27T21:00:00Z,288.2,6.35,12.66,0.34375,2026-09-27T22:00:00Z,nodd,nodd
2026-09-27,boston-ma,urma,18,2026-09-27T22:00:00Z,287.99,6.09,11.01,0.34375,2026-09-27T23:00:00Z,nodd,nodd
2026-09-27,boston-ma,urma,19,2026-09-27T23:00:00Z,287.87,5.65,11.08,0.703125,2026-09-28T00:00:00Z,nodd,nodd
2026-09-27,boston-ma,urma,20,2026-09-28T00:00:00Z,287.82,5.75,11.63,0.5,2026-09-28T01:00:00Z,nodd,nodd
2026-09-27,boston-ma,urma,21,2026-09-28T01:00:00Z,287.38,6.25,11.79,0.34375,2026-09-28T02:00:00Z,nodd,nodd
2026-09-27,boston-ma,urma,22,2026-09-28T02:00:00Z,286.93,4.98,9.53,1.929688,2026-09-28T03:00:00Z,nodd,nodd
2026-09-27,boston-ma,urma,23,2026-09-28T03:00:00Z,287.01,5.53,11.19,0.929688,2026-09-28T04:00:00Z,nodd,nodd
2026-09-27,riverside-ca,rtma,00,2026-09-27T07:00:00Z,298.88,1.24,4.65,0.0,2026-09-27T08:00:00Z,nodd,nodd
2026-09-27,riverside-ca,rtma,01,2026-09-27T08:00:00Z,297.68,0.82,4.87,0.0,2026-09-27T09:00:00Z,nodd,nodd
2026-09-27,riverside-ca,rtma,02,2026-09-27T09:00:00Z,297.3,0.95,1.76,0.0,2026-09-27T10:00:00Z,nodd,nodd
2026-09-27,riverside-ca,rtma,03,2026-09-27T10:00:00Z,296.63,0.32,1.67,0.0,2026-09-27T11:00:00Z,nodd,nodd
2026-09-27,riverside-ca,rtma,04,2026-09-27T11:00:00Z,296.06,0.98,2.57,0.0,2026-09-27T12:00:00Z,nodd,nodd
2026-09-27,riverside-ca,rtma,05,2026-09-27T12:00:00Z,296.2,0.52,1.45,0.0,2026-09-27T13:00:00Z,nodd,nodd
2026-09-27,riverside-ca,rtma,06,2026-09-27T13:00:00Z,296.31,1.41,2.46,0.0,2026-09-27T14:00:00Z,nodd,nodd
2026-09-27,riverside-ca,rtma,07,2026-09-27T14:00:00Z,295.59,1.09,1.88,0.0,2026-09-27T15:00:00Z,nodd,nodd
2026-09-27,riverside-ca,rtma,08,2026-09-27T15:00:00Z,295.94,0.6,2.1,0.0,2026-09-27T16:00:00Z,nodd,nodd
2026-09-27,riverside-ca,rtma,09,2026-09-27T16:00:00Z,297.59,0.29,3.59,0.0,2026-09-27T17:00:00Z,nodd,nodd
2026-09-27,riverside-ca,rtma,10,2026-09-27T17:00:00Z,298.76,0.04,3.12,0.0,2026-09-27T18:00:00Z,nodd,nodd
2026-09-27,riverside-ca,rtma,11,2026-09-27T18:00:00Z,300.03,1.02,3.77,0.0,2026-09-27T19:00:00Z,nodd,nodd
2026-09-27,riverside-ca,rtma,12,2026-09-27T19:00:00Z,301.95,3.62,4.54,0.0,2026-09-27T20:00:00Z,nodd,nodd
2026-09-27,riverside-ca,rtma,13,2026-09-27T20:00:00Z,303.79,2.84,5.46,0.0,2026-09-27T21:00:00Z,nodd,nodd
2026-09-27,riverside-ca,rtma,14,2026-09-27T21:00:00Z,305.01,3.61,9.4,0.0,2026-09-27T22:00:00Z,nodd,nodd
2026-09-27,riverside-ca,rtma,15,2026-09-27T22:00:00Z,305.19,2.33,8.06,0.0,2026-09-27T23:00:00Z,nodd,nodd
2026-09-27,riverside-ca,rtma,16,2026-09-27T23:00:00Z,304.43,4.88,9.37,0.0,2026-09-28T00:00:00Z,nodd,nodd
2026-09-27,riverside-ca,rtma,17,2026-09-28T00:00:00Z,303.68,3.95,8.5,0.0,2026-09-28T01:00:00Z,nodd,nodd
2026-09-27,riverside-ca,rtma,18,2026-09-28T01:00:00Z,302.43,3.33,8.25,0.0,2026-09-28T02:00:00Z,nodd,nodd
2026-09-27,riverside-ca,rtma,19,2026-09-28T02:00:00Z,300.81,2.25,6.88,0.0,2026-09-28T03:00:00Z,nodd,nodd
2026-09-27,riverside-ca,rtma,20,2026-09-28T03:00:00Z,299.66,1.36,6.01,0.0,2026-09-28T04:00:00Z,nodd,nodd
2026-09-27,riverside-ca,rtma,21,2026-09-28T04:00:00Z,298.46,2.33,2.95,0.0,2026-09-28T05:00:00Z,nodd,nodd
2026-09-27,riverside-ca,rtma,22,2026-09-28T05:00:00Z,297.73,1.23,1.23,0.0,2026-09-28T06:00:00Z,nodd,nodd
2026-09-27,riverside-ca,rtma,23,2026-09-28T06:00:00Z,297.67,0.95,2.05,0.0,2026-09-28T07:00:00Z,nodd,nodd
2026-09-27,riverside-ca,urma,00,2026-09-27T07:00:00Z,298.94,0.88,4.25,0.0,2026-09-27T08:00:00Z,nodd,nodd
2026-09-27,riverside-ca,urma,01,2026-09-27T08:00:00Z,297.71,0.61,4.95,0.0,2026-09-27T09:00:00Z,nodd,nodd
2026-09-27,riverside-ca,urma,02,2026-09-27T09:00:00Z,297.36,0.84,1.67,0.0,2026-09-27T10:00:00Z,nodd,nodd
2026-09-27,riverside-ca,urma,03,2026-09-27T10:00:00Z,296.7,0.33,1.69,0.0,2026-09-27T11:00:00Z,nodd,nodd
2026-09-27,riverside-ca,urma,04,2026-09-27T11:00:00Z,296.06,0.95,2.4,0.0,2026-09-27T12:00:00Z,nodd,nodd
2026-09-27,riverside-ca,urma,05,2026-09-27T12:00:00Z,296.17,0.17,1.19,0.0,2026-09-27T13:00:00Z,nodd,nodd
2026-09-27,riverside-ca,urma,06,2026-09-27T13:00:00Z,296.31,1.48,3.58,0.0,2026-09-27T14:00:00Z,nodd,nodd
2026-09-27,riverside-ca,urma,07,2026-09-27T14:00:00Z,295.56,0.79,2.15,0.0,2026-09-27T15:00:00Z,nodd,nodd
2026-09-27,riverside-ca,urma,08,2026-09-27T15:00:00Z,295.96,0.7,2.05,0.0,2026-09-27T16:00:00Z,nodd,nodd
2026-09-27,riverside-ca,urma,09,2026-09-27T16:00:00Z,297.51,0.24,3.29,0.0,2026-09-27T17:00:00Z,nodd,nodd
2026-09-27,riverside-ca,urma,10,2026-09-27T17:00:00Z,298.68,0.0,3.23,0.0,2026-09-27T18:00:00Z,nodd,nodd
2026-09-27,riverside-ca,urma,11,2026-09-27T18:00:00Z,300.04,0.92,3.72,0.0,2026-09-27T19:00:00Z,nodd,nodd
2026-09-27,riverside-ca,urma,12,2026-09-27T19:00:00Z,301.88,3.36,5.51,0.0,2026-09-27T20:00:00Z,nodd,nodd
2026-09-27,riverside-ca,urma,13,2026-09-27T20:00:00Z,303.76,2.51,5.63,0.0,2026-09-27T21:00:00Z,nodd,nodd
2026-09-27,riverside-ca,urma,14,2026-09-27T21:00:00Z,305.01,2.98,8.97,0.0,2026-09-27T22:00:00Z,nodd,nodd
2026-09-27,riverside-ca,urma,15,2026-09-27T22:00:00Z,305.15,2.44,7.75,0.0,2026-09-27T23:00:00Z,nodd,nodd
2026-09-27,riverside-ca,urma,16,2026-09-27T23:00:00Z,304.34,4.63,9.45,0.0,2026-09-28T00:00:00Z,nodd,nodd
2026-09-27,riverside-ca,urma,17,2026-09-28T00:00:00Z,303.68,3.85,7.68,0.0,2026-09-28T01:00:00Z,nodd,nodd
2026-09-27,riverside-ca,urma,18,2026-09-28T01:00:00Z,302.35,3.04,8.52,0.0,2026-09-28T02:00:00Z,nodd,nodd
2026-09-27,riverside-ca,urma,19,2026-09-28T02:00:00Z,300.75,2.13,6.9,0.0,2026-09-28T03:00:00Z,nodd,nodd
2026-09-27,riverside-ca,urma,20,2026-09-28T03:00:00Z,299.72,1.2,6.08,0.0,2026-09-28T04:00:00Z,nodd,nodd
2026-09-27,riverside-ca,urma,21,2026-09-28T04:00:00Z,298.45,2.21,2.88,0.0,2026-09-28T05:00:00Z,nodd,nodd
2026-09-27,riverside-ca,urma,22,2026-09-28T05:00:00Z,297.8,1.26,1.26,0.0,2026-09-28T06:00:00Z,nodd,nodd
2026-09-27,riverside-ca,urma,23,2026-09-28T06:00:00Z,297.76,0.84,1.95,0.0,2026-09-28T07:00:00Z,nodd,nodd
2026-09-27,san-francisco-ca,rtma,00,2026-09-27T07:00:00Z,287.22,2.31,6.25,0.0,2026-09-27T08:00:00Z,nodd,nodd
2026-09-27,san-francisco-ca,rtma,01,2026-09-27T08:00:00Z,287.13,2.74,7.04,0.0,2026-09-27T09:00:00Z,nodd,nodd
2026-09-27,san-francisco-ca,rtma,02,2026-09-27T09:00:00Z,287.22,3.3,7.26,0.0,2026-09-27T10:00:00Z,nodd,nodd
2026-09-27,san-francisco-ca,rtma,03,2026-09-27T10:00:00Z,286.99,2.03,6.43,0.0,2026-09-27T11:00:00Z,nodd,nodd
2026-09-27,san-francisco-ca,rtma,04,2026-09-27T11:00:00Z,286.96,2.39,6.63,0.0,2026-09-27T12:00:00Z,nodd,nodd
2026-09-27,san-francisco-ca,rtma,05,2026-09-27T12:00:00Z,287.28,3.0,7.09,0.0,2026-09-27T13:00:00Z,nodd,nodd
2026-09-27,san-francisco-ca,rtma,06,2026-09-27T13:00:00Z,287.12,2.51,6.02,0.0,2026-09-27T14:00:00Z,nodd,nodd
2026-09-27,san-francisco-ca,rtma,07,2026-09-27T14:00:00Z,287.2,2.4,6.53,0.0,2026-09-27T15:00:00Z,nodd,nodd
2026-09-27,san-francisco-ca,rtma,08,2026-09-27T15:00:00Z,287.44,2.2,5.33,0.0,2026-09-27T16:00:00Z,nodd,nodd
2026-09-27,san-francisco-ca,rtma,09,2026-09-27T16:00:00Z,287.65,2.5,5.01,0.0,2026-09-27T17:00:00Z,nodd,nodd
2026-09-27,san-francisco-ca,rtma,10,2026-09-27T17:00:00Z,287.91,2.24,4.04,0.0,2026-09-27T18:00:00Z,nodd,nodd
2026-09-27,san-francisco-ca,rtma,11,2026-09-27T18:00:00Z,289.13,2.53,4.53,0.0,2026-09-27T19:00:00Z,nodd,nodd
2026-09-27,san-francisco-ca,rtma,12,2026-09-27T19:00:00Z,290.11,3.66,5.7,0.0,2026-09-27T20:00:00Z,nodd,nodd
2026-09-27,san-francisco-ca,rtma,13,2026-09-27T20:00:00Z,290.37,4.73,6.77,0.0,2026-09-27T21:00:00Z,nodd,nodd
2026-09-27,san-francisco-ca,rtma,14,2026-09-27T21:00:00Z,290.07,5.37,7.99,0.0,2026-09-27T22:00:00Z,nodd,nodd
2026-09-27,san-francisco-ca,rtma,15,2026-09-27T22:00:00Z,290.41,5.85,9.49,0.0,2026-09-27T23:00:00Z,nodd,nodd
2026-09-27,san-francisco-ca,rtma,16,2026-09-27T23:00:00Z,290.32,6.27,11.07,0.0,2026-09-28T00:00:00Z,nodd,nodd
2026-09-27,san-francisco-ca,rtma,17,2026-09-28T00:00:00Z,289.9,6.36,10.72,0.0,2026-09-28T01:00:00Z,nodd,nodd
2026-09-27,san-francisco-ca,rtma,18,2026-09-28T01:00:00Z,288.43,6.44,11.45,0.0,2026-09-28T02:00:00Z,nodd,nodd
2026-09-27,san-francisco-ca,rtma,19,2026-09-28T02:00:00Z,287.35,6.01,10.59,0.0,2026-09-28T03:00:00Z,nodd,nodd
2026-09-27,san-francisco-ca,rtma,20,2026-09-28T03:00:00Z,287.03,4.78,8.79,0.0,2026-09-28T04:00:00Z,nodd,nodd
2026-09-27,san-francisco-ca,rtma,21,2026-09-28T04:00:00Z,287.04,4.22,8.8,0.0,2026-09-28T05:00:00Z,nodd,nodd
2026-09-27,san-francisco-ca,rtma,22,2026-09-28T05:00:00Z,287.15,4.51,9.14,0.0,2026-09-28T06:00:00Z,nodd,nodd
2026-09-27,san-francisco-ca,rtma,23,2026-09-28T06:00:00Z,286.92,4.08,8.58,0.0,2026-09-28T07:00:00Z,nodd,nodd
2026-09-27,san-francisco-ca,urma,00,2026-09-27T07:00:00Z,287.34,2.3,5.72,0.0,2026-09-27T08:00:00Z,nodd,nodd
2026-09-27,san-francisco-ca,urma,01,2026-09-27T08:00:00Z,287.11,2.67,6.67,0.0,2026-09-27T09:00:00Z,nodd,nodd
2026-09-27,san-francisco-ca,urma,02,2026-09-27T09:00:00Z,287.24,3.18,7.51,0.0,2026-09-27T10:00:00Z,nodd,nodd
2026-09-27,san-francisco-ca,urma,03,2026-09-27T10:00:00Z,286.98,2.06,6.12,0.0,2026-09-27T11:00:00Z,nodd,nodd
2026-09-27,san-francisco-ca,urma,04,2026-09-27T11:00:00Z,286.99,2.18,6.32,0.0,2026-09-27T12:00:00Z,nodd,nodd
2026-09-27,san-francisco-ca,urma,05,2026-09-27T12:00:00Z,287.22,3.12,7.08,0.0,2026-09-27T13:00:00Z,nodd,nodd
2026-09-27,san-francisco-ca,urma,06,2026-09-27T13:00:00Z,287.3,2.72,6.6,0.0,2026-09-27T14:00:00Z,nodd,nodd
2026-09-27,san-francisco-ca,urma,07,2026-09-27T14:00:00Z,287.15,2.28,5.8,0.0,2026-09-27T15:00:00Z,nodd,nodd
2026-09-27,san-francisco-ca,urma,08,2026-09-27T15:00:00Z,287.42,2.28,5.98,0.0,2026-09-27T16:00:00Z,nodd,nodd
2026-09-27,san-francisco-ca,urma,09,2026-09-27T16:00:00Z,287.67,2.6,5.17,0.0,2026-09-27T17:00:00Z,nodd,nodd
2026-09-27,san-francisco-ca,urma,10,2026-09-27T17:00:00Z,287.88,2.2,3.88,0.0,2026-09-27T18:00:00Z,nodd,nodd
2026-09-27,san-francisco-ca,urma,11,2026-09-27T18:00:00Z,289.06,2.65,5.06,0.0,2026-09-27T19:00:00Z,nodd,nodd
2026-09-27,san-francisco-ca,urma,12,2026-09-27T19:00:00Z,290.19,3.74,6.27,0.0,2026-09-27T20:00:00Z,nodd,nodd
2026-09-27,san-francisco-ca,urma,13,2026-09-27T20:00:00Z,290.32,4.64,7.13,0.0,2026-09-27T21:00:00Z,nodd,nodd
2026-09-27,san-francisco-ca,urma,14,2026-09-27T21:00:00Z,290.0,5.66,8.71,0.0,2026-09-27T22:00:00Z,nodd,nodd
2026-09-27,san-francisco-ca,urma,15,2026-09-27T22:00:00Z,290.4,6.1,9.52,0.0,2026-09-27T23:00:00Z,nodd,nodd
2026-09-27,san-francisco-ca,urma,16,2026-09-27T23:00:00Z,290.37,6.05,10.48,0.0,2026-09-28T00:00:00Z,nodd,nodd
2026-09-27,san-francisco-ca,urma,17,2026-09-28T00:00:00Z,289.94,6.56,11.31,0.0,2026-09-28T01:00:00Z,nodd,nodd
2026-09-27,san-francisco-ca,urma,18,2026-09-28T01:00:00Z,288.45,6.64,11.6,0.0,2026-09-28T02:00:00Z,nodd,nodd
2026-09-27,san-francisco-ca,urma,19,2026-09-28T02:00:00Z,287.35,6.06,10.39,0.0,2026-09-28T03:00:00Z,nodd,nodd
2026-09-27,san-francisco-ca,urma,20,2026-09-28T03:00:00Z,287.06,4.9,9.27,0.0,2026-09-28T04:00:00Z,nodd,nodd
2026-09-27,san-francisco-ca,urma,21,2026-09-28T04:00:00Z,287.04,4.18,8.51,0.0,2026-09-28T05:00:00Z,nodd,nodd
2026-09-27,san-francisco-ca,urma,22,2026-09-28T05:00:00Z,287.14,4.61,9.47,0.0,2026-09-28T06:00:00Z,nodd,nodd
2026-09-27,san-francisco-ca,urma,23,2026-09-28T06:00:00Z,286.9,4.06,8.46,0.0,2026-09-28T07:00:00Z,nodd,nodd
2026-09-27,detroit-mi,rtma,00,2026-09-27T04:00:00Z,285.64,1.78,4.19,0.0,2026-09-27T05:00:00Z,nodd,nodd
2026-09-27,detroit-mi,rtma,01,2026-09-27T05:00:00Z,285.49,2.53,3.13,0.0,2026-09-27T06:00:00Z,nodd,nodd
2026-09-27,detroit-mi,rtma,02,2026-09-27T06:00:00Z,285.24,2.05,5.76,0.0,2026-09-27T07:00:00Z,nodd,nodd
2026-09-27,detroit-mi,rtma,03,2026-09-27T07:00:00Z,284.78,1.69,3.14,0.0,2026-09-27T08:00:00Z,nodd,nodd
2026-09-27,detroit-mi,rtma,04,2026-09-27T08:00:00Z,284.25,1.8,2.09,0.0,2026-09-27T09:00:00Z,nodd,nodd
2026-09-27,detroit-mi,rtma,05,2026-09-27T09:00:00Z,283.95,1.81,5.33,0.0,2026-09-27T10:00:00Z,nodd,nodd
2026-09-27,detroit-mi,rtma,06,2026-09-27T10:00:00Z,283.97,1.51,1.67,0.0,2026-09-27T11:00:00Z,nodd,nodd
2026-09-27,detroit-mi,rtma,07,2026-09-27T11:00:00Z,283.88,1.51,1.51,0.0,2026-09-27T12:00:00Z,nodd,nodd
2026-09-27,detroit-mi,rtma,08,2026-09-27T12:00:00Z,284.12,1.57,3.1,0.0,2026-09-27T13:00:00Z,nodd,nodd
2026-09-27,detroit-mi,rtma,09,2026-09-27T13:00:00Z,286.93,2.43,4.62,0.0,2026-09-27T14:00:00Z,nodd,nodd
2026-09-27,detroit-mi,rtma,10,2026-09-27T14:00:00Z,289.69,2.79,4.52,0.0,2026-09-27T15:00:00Z,nodd,nodd
2026-09-27,detroit-mi,rtma,11,2026-09-27T15:00:00Z,292.08,3.38,5.7,0.0,2026-09-27T16:00:00Z,nodd,nodd
2026-09-27,detroit-mi,rtma,12,2026-09-27T16:00:00Z,294.1,3.67,6.12,0.0,2026-09-27T17:00:00Z,nodd,nodd
2026-09-27,detroit-mi,rtma,13,2026-09-27T17:00:00Z,296.07,4.78,8.34,0.0,2026-09-27T18:00:00Z,nodd,nodd
2026-09-27,detroit-mi,rtma,14,2026-09-27T18:00:00Z,297.0,4.31,7.71,0.0,2026-09-27T19:00:00Z,nodd,nodd
2026-09-27,detroit-mi,rtma,15,2026-09-27T19:00:00Z,297.48,4.71,7.61,0.0,2026-09-27T20:00:00Z,nodd,nodd
2026-09-27,detroit-mi,rtma,16,2026-09-27T20:00:00Z,297.87,4.63,6.35,0.0,2026-09-27T21:00:00Z,nodd,nodd
2026-09-27,detroit-mi,rtma,17,2026-09-27T21:00:00Z,297.49,5.15,8.72,0.0,2026-09-27T22:00:00Z,nodd,nodd
2026-09-27,detroit-mi,rtma,18,2026-09-27T22:00:00Z,296.99,4.51,7.2,0.0,2026-09-27T23:00:00Z,nodd,nodd
2026-09-27,detroit-mi,rtma,19,2026-09-27T23:00:00Z,295.36,2.93,5.28,0.0,2026-09-28T00:00:00Z,nodd,nodd
2026-09-27,detroit-mi,rtma,20,2026-09-28T00:00:00Z,292.55,4.12,4.69,0.0,2026-09-28T01:00:00Z,nodd,nodd
2026-09-27,detroit-mi,rtma,21,2026-09-28T01:00:00Z,291.29,3.31,3.31,0.0,2026-09-28T02:00:00Z,nodd,nodd
2026-09-27,detroit-mi,rtma,22,2026-09-28T02:00:00Z,290.48,2.35,2.35,0.0,2026-09-28T03:00:00Z,nodd,nodd
2026-09-27,detroit-mi,rtma,23,2026-09-28T03:00:00Z,288.95,2.76,5.32,0.0,2026-09-28T04:00:00Z,nodd,nodd
2026-09-27,detroit-mi,urma,00,2026-09-27T04:00:00Z,285.76,1.81,6.6,0.0,2026-09-27T05:00:00Z,nodd,nodd
2026-09-27,detroit-mi,urma,01,2026-09-27T05:00:00Z,285.6,2.49,3.17,0.0,2026-09-27T06:00:00Z,nodd,nodd
2026-09-27,detroit-mi,urma,02,2026-09-27T06:00:00Z,285.35,2.11,5.77,0.0,2026-09-27T07:00:00Z,nodd,nodd
2026-09-27,detroit-mi,urma,03,2026-09-27T07:00:00Z,285.07,1.58,3.29,0.0,2026-09-27T08:00:00Z,nodd,nodd
2026-09-27,detroit-mi,urma,04,2026-09-27T08:00:00Z,284.39,1.61,2.43,0.0,2026-09-27T09:00:00Z,nodd,nodd
2026-09-27,detroit-mi,urma,05,2026-09-27T09:00:00Z,284.16,1.83,6.23,0.0,2026-09-27T10:00:00Z,nodd,nodd
2026-09-27,detroit-mi,urma,06,2026-09-27T10:00:00Z,284.06,1.49,1.49,0.0,2026-09-27T11:00:00Z,nodd,nodd
2026-09-27,detroit-mi,urma,07,2026-09-27T11:00:00Z,284.03,1.45,1.45,0.0,2026-09-27T12:00:00Z,nodd,nodd
2026-09-27,detroit-mi,urma,08,2026-09-27T12:00:00Z,284.36,1.63,3.06,0.0,2026-09-27T13:00:00Z,nodd,nodd
2026-09-27,detroit-mi,urma,09,2026-09-27T13:00:00Z,286.96,2.48,4.68,0.0,2026-09-27T14:00:00Z,nodd,nodd
2026-09-27,detroit-mi,urma,10,2026-09-27T14:00:00Z,289.84,2.88,4.53,0.0,2026-09-27T15:00:00Z,nodd,nodd
2026-09-27,detroit-mi,urma,11,2026-09-27T15:00:00Z,292.17,3.4,5.57,0.0,2026-09-27T16:00:00Z,nodd,nodd
2026-09-27,detroit-mi,urma,12,2026-09-27T16:00:00Z,294.21,3.51,6.42,0.0,2026-09-27T17:00:00Z,nodd,nodd
2026-09-27,detroit-mi,urma,13,2026-09-27T17:00:00Z,296.1,4.84,8.18,0.0,2026-09-27T18:00:00Z,nodd,nodd
2026-09-27,detroit-mi,urma,14,2026-09-27T18:00:00Z,296.99,4.44,7.89,0.0,2026-09-27T19:00:00Z,nodd,nodd
2026-09-27,detroit-mi,urma,15,2026-09-27T19:00:00Z,297.47,4.7,7.52,0.0,2026-09-27T20:00:00Z,nodd,nodd
2026-09-27,detroit-mi,urma,16,2026-09-27T20:00:00Z,297.89,4.59,7.41,0.0,2026-09-27T21:00:00Z,nodd,nodd
2026-09-27,detroit-mi,urma,17,2026-09-27T21:00:00Z,297.37,5.28,8.62,0.0,2026-09-27T22:00:00Z,nodd,nodd
2026-09-27,detroit-mi,urma,18,2026-09-27T22:00:00Z,296.95,4.54,7.3,0.0,2026-09-27T23:00:00Z,nodd,nodd
2026-09-27,detroit-mi,urma,19,2026-09-27T23:00:00Z,295.31,2.84,5.08,0.0,2026-09-28T00:00:00Z,nodd,nodd
2026-09-27,detroit-mi,urma,20,2026-09-28T00:00:00Z,292.71,3.99,5.15,0.0,2026-09-28T01:00:00Z,nodd,nodd
2026-09-27,detroit-mi,urma,21,2026-09-28T01:00:00Z,291.7,3.3,3.3,0.0,2026-09-28T02:00:00Z,nodd,nodd
2026-09-27,detroit-mi,urma,22,2026-09-28T02:00:00Z,290.6,2.34,2.34,0.0,2026-09-28T03:00:00Z,nodd,nodd
2026-09-27,detroit-mi,urma,23,2026-09-28T03:00:00Z,289.12,2.71,4.87,0.0,2026-09-28T04:00:00Z,nodd,nodd
2026-09-27,seattle-wa,rtma,00,2026-09-27T07:00:00Z,285.1,2.75,4.81,0.0,2026-09-27T08:00:00Z,nodd,nodd
2026-09-27,seattle-wa,rtma,01,2026-09-27T08:00:00Z,284.58,3.08,6.02,0.0,2026-09-27T09:00:00Z,nodd,nodd
2026-09-27,seattle-wa,rtma,02,2026-09-27T09:00:00Z,284.27,3.38,5.6,0.0,2026-09-27T10:00:00Z,nodd,nodd
2026-09-27,seattle-wa,rtma,03,2026-09-27T10:00:00Z,283.65,2.94,4.08,0.0,2026-09-27T11:00:00Z,nodd,nodd
2026-09-27,seattle-wa,rtma,04,2026-09-27T11:00:00Z,283.89,2.06,2.42,0.0,2026-09-27T12:00:00Z,nodd,nodd
2026-09-27,seattle-wa,rtma,05,2026-09-27T12:00:00Z,283.57,2.97,5.69,0.0,2026-09-27T13:00:00Z,nodd,nodd
2026-09-27,seattle-wa,rtma,06,2026-09-27T13:00:00Z,283.18,2.24,4.84,0.0,2026-09-27T14:00:00Z,nodd,nodd
2026-09-27,seattle-wa,rtma,07,2026-09-27T14:00:00Z,282.86,2.47,6.56,0.0,2026-09-27T15:00:00Z,nodd,nodd
2026-09-27,seattle-wa,rtma,08,2026-09-27T15:00:00Z,283.23,3.04,6.51,0.0,2026-09-27T16:00:00Z,nodd,nodd
2026-09-27,seattle-wa,rtma,09,2026-09-27T16:00:00Z,284.44,3.85,7.33,0.0,2026-09-27T17:00:00Z,nodd,nodd
2026-09-27,seattle-wa,rtma,10,2026-09-27T17:00:00Z,285.03,4.38,5.07,0.0,2026-09-27T18:00:00Z,nodd,nodd
2026-09-27,seattle-wa,rtma,11,2026-09-27T18:00:00Z,286.18,5.07,6.0,0.0,2026-09-27T19:00:00Z,nodd,nodd
2026-09-27,seattle-wa,rtma,12,2026-09-27T19:00:00Z,287.75,3.95,5.35,0.0,2026-09-27T20:00:00Z,nodd,nodd
2026-09-27,seattle-wa,rtma,13,2026-09-27T20:00:00Z,288.66,3.61,4.33,0.0,2026-09-27T21:00:00Z,nodd,nodd
2026-09-27,seattle-wa,rtma,14,2026-09-27T21:00:00Z,289.1,4.1,5.24,0.0,2026-09-27T22:00:00Z,nodd,nodd
2026-09-27,seattle-wa,rtma,15,2026-09-27T22:00:00Z,289.5,4.29,5.06,0.0,2026-09-27T23:00:00Z,nodd,nodd
2026-09-27,seattle-wa,rtma,16,2026-09-27T23:00:00Z,289.94,5.07,6.11,0.0,2026-09-28T00:00:00Z,nodd,nodd
2026-09-27,seattle-wa,rtma,17,2026-09-28T00:00:00Z,289.88,3.87,4.99,0.0,2026-09-28T01:00:00Z,nodd,nodd
2026-09-27,seattle-wa,rtma,18,2026-09-28T01:00:00Z,289.33,3.93,4.66,0.0,2026-09-28T02:00:00Z,nodd,nodd
2026-09-27,seattle-wa,rtma,19,2026-09-28T02:00:00Z,288.17,3.62,4.85,0.0,2026-09-28T03:00:00Z,nodd,nodd
2026-09-27,seattle-wa,rtma,20,2026-09-28T03:00:00Z,287.13,3.35,3.35,0.0,2026-09-28T04:00:00Z,nodd,nodd
2026-09-27,seattle-wa,rtma,21,2026-09-28T04:00:00Z,286.48,1.73,3.07,0.0,2026-09-28T05:00:00Z,nodd,nodd
2026-09-27,seattle-wa,rtma,22,2026-09-28T05:00:00Z,285.81,1.07,2.94,0.0,2026-09-28T06:00:00Z,nodd,nodd
2026-09-27,seattle-wa,rtma,23,2026-09-28T06:00:00Z,285.52,1.36,1.36,0.0,2026-09-28T07:00:00Z,nodd,nodd
2026-09-27,seattle-wa,urma,00,2026-09-27T07:00:00Z,285.02,2.8,4.51,0.0,2026-09-27T08:00:00Z,nodd,nodd
2026-09-27,seattle-wa,urma,01,2026-09-27T08:00:00Z,284.79,3.12,4.78,0.0,2026-09-27T09:00:00Z,nodd,nodd
2026-09-27,seattle-wa,urma,02,2026-09-27T09:00:00Z,284.24,3.14,7.41,0.0,2026-09-27T10:00:00Z,nodd,nodd
2026-09-27,seattle-wa,urma,03,2026-09-27T10:00:00Z,284.03,2.94,4.24,0.0,2026-09-27T11:00:00Z,nodd,nodd
2026-09-27,seattle-wa,urma,04,2026-09-27T11:00:00Z,283.93,2.0,2.0,0.0,2026-09-27T12:00:00Z,nodd,nodd
2026-09-27,seattle-wa,urma,05,2026-09-27T12:00:00Z,283.67,2.55,4.88,0.0,2026-09-27T13:00:00Z,nodd,nodd
2026-09-27,seattle-wa,urma,06,2026-09-27T13:00:00Z,283.04,2.02,5.02,0.0,2026-09-27T14:00:00Z,nodd,nodd
2026-09-27,seattle-wa,urma,07,2026-09-27T14:00:00Z,282.85,2.48,6.27,0.0,2026-09-27T15:00:00Z,nodd,nodd
2026-09-27,seattle-wa,urma,08,2026-09-27T15:00:00Z,283.55,3.21,6.4,0.0,2026-09-27T16:00:00Z,nodd,nodd
2026-09-27,seattle-wa,urma,09,2026-09-27T16:00:00Z,284.47,4.01,7.48,0.0,2026-09-27T17:00:00Z,nodd,nodd
2026-09-27,seattle-wa,urma,10,2026-09-27T17:00:00Z,285.08,4.44,6.21,0.0,2026-09-27T18:00:00Z,nodd,nodd
2026-09-27,seattle-wa,urma,11,2026-09-27T18:00:00Z,286.26,5.31,6.83,0.0,2026-09-27T19:00:00Z,nodd,nodd
2026-09-27,seattle-wa,urma,12,2026-09-27T19:00:00Z,287.82,3.96,5.59,0.0,2026-09-27T20:00:00Z,nodd,nodd
2026-09-27,seattle-wa,urma,13,2026-09-27T20:00:00Z,288.77,3.41,4.64,0.0,2026-09-27T21:00:00Z,nodd,nodd
2026-09-27,seattle-wa,urma,14,2026-09-27T21:00:00Z,288.86,3.99,4.85,0.0,2026-09-27T22:00:00Z,nodd,nodd
2026-09-27,seattle-wa,urma,15,2026-09-27T22:00:00Z,289.47,4.33,4.72,0.0,2026-09-27T23:00:00Z,nodd,nodd
2026-09-27,seattle-wa,urma,16,2026-09-27T23:00:00Z,290.02,5.22,6.32,0.0,2026-09-28T00:00:00Z,nodd,nodd
2026-09-27,seattle-wa,urma,17,2026-09-28T00:00:00Z,290.07,3.68,5.07,0.0,2026-09-28T01:00:00Z,nodd,nodd
2026-09-27,seattle-wa,urma,18,2026-09-28T01:00:00Z,289.41,4.04,4.46,0.0,2026-09-28T02:00:00Z,nodd,nodd
2026-09-27,seattle-wa,urma,19,2026-09-28T02:00:00Z,288.06,3.57,4.91,0.0,2026-09-28T03:00:00Z,nodd,nodd
2026-09-27,seattle-wa,urma,20,2026-09-28T03:00:00Z,287.32,3.41,3.41,0.0,2026-09-28T04:00:00Z,nodd,nodd
2026-09-27,seattle-wa,urma,21,2026-09-28T04:00:00Z,286.41,1.78,2.79,0.0,2026-09-28T05:00:00Z,nodd,nodd
2026-09-27,seattle-wa,urma,22,2026-09-28T05:00:00Z,286.01,0.98,2.97,0.0,2026-09-28T06:00:00Z,nodd,nodd
2026-09-27,seattle-wa,urma,23,2026-09-28T06:00:00Z,285.74,1.42,1.42,0.0,2026-09-28T07:00:00Z,nodd,nodd
2026-09-27,minneapolis-mn,rtma,00,2026-09-27T05:00:00Z,288.92,2.89,3.65,0.0,2026-09-27T06:00:00Z,nodd,nodd
2026-09-27,minneapolis-mn,rtma,01,2026-09-27T06:00:00Z,288.96,2.8,3.3,0.0,2026-09-27T07:00:00Z,nodd,nodd
2026-09-27,minneapolis-mn,rtma,02,2026-09-27T07:00:00Z,289.07,1.68,4.21,0.0,2026-09-27T08:00:00Z,nodd,nodd
2026-09-27,minneapolis-mn,rtma,03,2026-09-27T08:00:00Z,288.56,2.05,2.05,0.34375,2026-09-27T09:00:00Z,nodd,nodd
2026-09-27,minneapolis-mn,rtma,04,2026-09-27T09:00:00Z,287.93,1.87,5.66,0.0,2026-09-27T10:00:00Z,nodd,nodd
2026-09-27,minneapolis-mn,rtma,05,2026-09-27T10:00:00Z,287.7,1.41,3.23,0.53125,2026-09-27T11:00:00Z,nodd,nodd
2026-09-27,minneapolis-mn,rtma,06,2026-09-27T11:00:00Z,287.44,1.94,2.62,0.0,2026-09-27T12:00:00Z,nodd,nodd
2026-09-27,minneapolis-mn,rtma,07,2026-09-27T12:00:00Z,287.56,1.39,2.65,0.0,2026-09-27T13:00:00Z,nodd,nodd
2026-09-27,minneapolis-mn,rtma,08,2026-09-27T13:00:00Z,287.68,1.95,2.81,0.0,2026-09-27T14:00:00Z,nodd,nodd
2026-09-27,minneapolis-mn,rtma,09,2026-09-27T14:00:00Z,288.15,1.79,3.18,0.0,2026-09-27T15:00:00Z,nodd,nodd
2026-09-27,minneapolis-mn,rtma,10,2026-09-27T15:00:00Z,288.55,1.51,2.21,0.0,2026-09-27T16:00:00Z,nodd,nodd
2026-09-27,minneapolis-mn,rtma,11,2026-09-27T16:00:00Z,288.9,0.05,2.02,0.0,2026-09-27T17:00:00Z,nodd,nodd
2026-09-27,minneapolis-mn,rtma,12,2026-09-27T17:00:00Z,289.42,0.19,1.12,0.0,2026-09-27T18:00:00Z,nodd,nodd
2026-09-27,minneapolis-mn,rtma,13,2026-09-27T18:00:00Z,290.61,0.7,3.01,0.0,2026-09-27T19:00:00Z,nodd,nodd
2026-09-27,minneapolis-mn,rtma,14,2026-09-27T19:00:00Z,291.63,0.77,3.49,0.0,2026-09-27T20:00:00Z,nodd,nodd
2026-09-27,minneapolis-mn,rtma,15,2026-09-27T20:00:00Z,292.58,1.79,2.0,0.0,2026-09-27T21:00:00Z,nodd,nodd
2026-09-27,minneapolis-mn,rtma,16,2026-09-27T21:00:00Z,293.41,0.44,2.81,0.0,2026-09-27T22:00:00Z,nodd,nodd
2026-09-27,minneapolis-mn,rtma,17,2026-09-27T22:00:00Z,293.36,1.79,2.66,0.0,2026-09-27T23:00:00Z,nodd,nodd
2026-09-27,minneapolis-mn,rtma,18,2026-09-27T23:00:00Z,292.82,1.37,1.67,0.0,2026-09-28T00:00:00Z,nodd,nodd
2026-09-27,minneapolis-mn,rtma,19,2026-09-28T00:00:00Z,292.33,0.17,2.4,0.0,2026-09-28T01:00:00Z,nodd,nodd
2026-09-27,minneapolis-mn,rtma,20,2026-09-28T01:00:00Z,291.88,0.55,1.37,0.0,2026-09-28T02:00:00Z,nodd,nodd
2026-09-27,minneapolis-mn,rtma,21,2026-09-28T02:00:00Z,290.89,1.12,1.12,0.0,2026-09-28T03:00:00Z,nodd,nodd
2026-09-27,minneapolis-mn,rtma,22,2026-09-28T03:00:00Z,289.39,0.85,0.85,0.0,2026-09-28T04:00:00Z,nodd,nodd
2026-09-27,minneapolis-mn,rtma,23,2026-09-28T04:00:00Z,288.57,0.17,0.64,0.0,2026-09-28T05:00:00Z,nodd,nodd
2026-09-27,minneapolis-mn,urma,00,2026-09-27T05:00:00Z,288.93,2.83,3.77,0.0,2026-09-27T06:00:00Z,nodd,nodd
2026-09-27,minneapolis-mn,urma,01,2026-09-27T06:00:00Z,288.95,2.73,3.45,0.0,2026-09-27T07:00:00Z,nodd,nodd
2026-09-27,minneapolis-mn,urma,02,2026-09-27T07:00:00Z,288.91,1.86,4.43,0.0,2026-09-27T08:00:00Z,nodd,nodd
2026-09-27,minneapolis-mn,urma,03,2026-09-27T08:00:00Z,288.57,2.22,2.22,0.28125,2026-09-27T09:00:00Z,nodd,nodd
2026-09-27,minneapolis-mn,urma,04,2026-09-27T09:00:00Z,287.91,2.12,5.65,0.0625,2026-09-27T10:00:00Z,nodd,nodd
2026-09-27,minneapolis-mn,urma,05,2026-09-27T10:00:00Z,287.7,1.36,3.24,0.421875,2026-09-27T11:00:00Z,nodd,nodd
2026-09-27,minneapolis-mn,urma,06,2026-09-27T11:00:00Z,287.44,1.94,2.66,0.0,2026-09-27T12:00:00Z,nodd,nodd
2026-09-27,minneapolis-mn,urma,07,2026-09-27T12:00:00Z,287.56,1.38,2.66,0.0,2026-09-27T13:00:00Z,nodd,nodd
2026-09-27,minneapolis-mn,urma,08,2026-09-27T13:00:00Z,287.67,1.85,2.33,0.0,2026-09-27T14:00:00Z,nodd,nodd
2026-09-27,minneapolis-mn,urma,09,2026-09-27T14:00:00Z,288.14,1.72,3.1,0.0,2026-09-27T15:00:00Z,nodd,nodd
2026-09-27,minneapolis-mn,urma,10,2026-09-27T15:00:00Z,288.55,1.62,2.17,0.0,2026-09-27T16:00:00Z,nodd,nodd
2026-09-27,minneapolis-mn,urma,11,2026-09-27T16:00:00Z,288.9,0.0,2.03,0.0,2026-09-27T17:00:00Z,nodd,nodd
2026-09-27,minneapolis-mn,urma,12,2026-09-27T17:00:00Z,289.42,0.13,1.18,0.0,2026-09-27T18:00:00Z,nodd,nodd
2026-09-27,minneapolis-mn,urma,13,2026-09-27T18:00:00Z,290.6,0.74,2.98,0.0,2026-09-27T19:00:00Z,nodd,nodd
2026-09-27,minneapolis-mn,urma,14,2026-09-27T19:00:00Z,291.54,0.81,3.49,0.0,2026-09-27T20:00:00Z,nodd,nodd
2026-09-27,minneapolis-mn,urma,15,2026-09-27T20:00:00Z,292.58,1.92,2.35,0.0,2026-09-27T21:00:00Z,nodd,nodd
2026-09-27,minneapolis-mn,urma,16,2026-09-27T21:00:00Z,293.42,0.65,2.77,0.0,2026-09-27T22:00:00Z,nodd,nodd
2026-09-27,minneapolis-mn,urma,17,2026-09-27T22:00:00Z,293.37,1.76,2.69,0.0,2026-09-27T23:00:00Z,nodd,nodd
2026-09-27,minneapolis-mn,urma,18,2026-09-27T23:00:00Z,292.83,1.24,1.65,0.0,2026-09-28T00:00:00Z,nodd,nodd
2026-09-27,minneapolis-mn,urma,19,2026-09-28T00:00:00Z,292.33,0.27,2.4,0.0,2026-09-28T01:00:00Z,nodd,nodd
2026-09-27,minneapolis-mn,urma,20,2026-09-28T01:00:00Z,291.88,0.5,1.23,0.0,2026-09-28T02:00:00Z,nodd,nodd
2026-09-27,minneapolis-mn,urma,21,2026-09-28T02:00:00Z,290.86,1.16,1.16,0.0,2026-09-28T03:00:00Z,nodd,nodd
2026-09-27,minneapolis-mn,urma,22,2026-09-28T03:00:00Z,289.43,0.91,0.91,0.0,2026-09-28T04:00:00Z,nodd,nodd
2026-09-27,minneapolis-mn,urma,23,2026-09-28T04:00:00Z,288.5,0.15,0.66,0.0,2026-09-28T05:00:00Z,nodd,nodd
2026-09-27,tampa-fl,rtma,00,2026-09-27T04:00:00Z,294.66,1.51,4.38,0.0,2026-09-27T05:00:00Z,nodd,nodd
2026-09-27,tampa-fl,rtma,01,2026-09-27T05:00:00Z,293.37,1.51,4.92,0.0,2026-09-27T06:00:00Z,nodd,nodd
2026-09-27,tampa-fl,rtma,02,2026-09-27T06:00:00Z,292.65,0.92,3.41,0.0,2026-09-27T07:00:00Z,nodd,nodd
2026-09-27,tampa-fl,rtma,03,2026-09-27T07:00:00Z,292.23,0.81,2.59,0.0,2026-09-27T08:00:00Z,nodd,nodd
2026-09-27,tampa-fl,rtma,04,2026-09-27T08:00:00Z,292.0,0.0,2.29,0.0,2026-09-27T09:00:00Z,nodd,nodd
2026-09-27,tampa-fl,rtma,05,2026-09-27T09:00:00Z,291.54,0.0,1.83,0.0,2026-09-27T10:00:00Z,nodd,nodd
2026-09-27,tampa-fl,rtma,06,2026-09-27T10:00:00Z,291.82,0.0,1.56,0.0,2026-09-27T11:00:00Z,nodd,nodd
2026-09-27,tampa-fl,rtma,07,2026-09-27T11:00:00Z,291.13,0.0,0.72,0.0,2026-09-27T12:00:00Z,nodd,nodd
2026-09-27,tampa-fl,rtma,08,2026-09-27T12:00:00Z,292.22,0.0,0.87,0.0,2026-09-27T13:00:00Z,nodd,nodd
2026-09-27,tampa-fl,rtma,09,2026-09-27T13:00:00Z,296.32,0.0,1.02,0.0,2026-09-27T14:00:00Z,nodd,nodd
2026-09-27,tampa-fl,rtma,10,2026-09-27T14:00:00Z,296.95,0.0,1.18,0.0,2026-09-27T15:00:00Z,nodd,nodd
2026-09-27,tampa-fl,rtma,11,2026-09-27T15:00:00Z,299.11,1.54,2.72,0.0,2026-09-27T16:00:00Z,nodd,nodd
2026-09-27,tampa-fl,rtma,12,2026-09-27T16:00:00Z,300.17,1.46,2.8,0.0,2026-09-27T17:00:00Z,nodd,nodd
2026-09-27,tampa-fl,rtma,13,2026-09-27T17:00:00Z,301.24,1.68,3.35,0.0,2026-09-27T18:00:00Z,nodd,nodd
2026-09-27,tampa-fl,rtma,14,2026-09-27T18:00:00Z,301.99,2.18,3.64,0.0,2026-09-27T19:00:00Z,nodd,nodd
2026-09-27,tampa-fl,rtma,15,2026-09-27T19:00:00Z,302.39,2.33,3.89,0.0,2026-09-27T20:00:00Z,nodd,nodd
2026-09-27,tampa-fl,rtma,16,2026-09-27T20:00:00Z,302.48,3.6,4.88,0.0,2026-09-27T21:00:00Z,nodd,nodd
2026-09-27,tampa-fl,rtma,17,2026-09-27T21:00:00Z,302.01,2.65,4.56,0.0,2026-09-27T22:00:00Z,nodd,nodd
2026-09-27,tampa-fl,rtma,18,2026-09-27T22:00:00Z,301.37,2.53,3.73,0.0,2026-09-27T23:00:00Z,nodd,nodd
2026-09-27,tampa-fl,rtma,19,2026-09-27T23:00:00Z,299.95,2.39,4.09,0.0,2026-09-28T00:00:00Z,nodd,nodd
2026-09-27,tampa-fl,rtma,20,2026-09-28T00:00:00Z,298.42,1.52,4.75,0.0,2026-09-28T01:00:00Z,nodd,nodd
2026-09-27,tampa-fl,rtma,21,2026-09-28T01:00:00Z,297.38,0.87,2.97,0.0,2026-09-28T02:00:00Z,nodd,nodd
2026-09-27,tampa-fl,rtma,22,2026-09-28T02:00:00Z,296.07,0.55,2.74,0.0,2026-09-28T03:00:00Z,nodd,nodd
2026-09-27,tampa-fl,rtma,23,2026-09-28T03:00:00Z,295.58,0.26,1.47,0.0,2026-09-28T04:00:00Z,nodd,nodd
2026-09-27,tampa-fl,urma,00,2026-09-27T04:00:00Z,294.66,1.41,3.47,0.0,2026-09-27T05:00:00Z,nodd,nodd
2026-09-27,tampa-fl,urma,01,2026-09-27T05:00:00Z,293.31,1.31,3.87,0.0,2026-09-27T06:00:00Z,nodd,nodd
2026-09-27,tampa-fl,urma,02,2026-09-27T06:00:00Z,292.64,0.8,2.92,0.0,2026-09-27T07:00:00Z,nodd,nodd
2026-09-27,tampa-fl,urma,03,2026-09-27T07:00:00Z,292.25,0.75,2.33,0.0,2026-09-27T08:00:00Z,nodd,nodd
2026-09-27,tampa-fl,urma,04,2026-09-27T08:00:00Z,291.91,0.0,1.76,0.0,2026-09-27T09:00:00Z,nodd,nodd
2026-09-27,tampa-fl,urma,05,2026-09-27T09:00:00Z,291.53,0.0,1.56,0.0,2026-09-27T10:00:00Z,nodd,nodd
2026-09-27,tampa-fl,urma,06,2026-09-27T10:00:00Z,291.72,0.0,1.08,0.0,2026-09-27T11:00:00Z,nodd,nodd
2026-09-27,tampa-fl,urma,07,2026-09-27T11:00:00Z,291.13,0.0,0.71,0.0,2026-09-27T12:00:00Z,nodd,nodd
2026-09-27,tampa-fl,urma,08,2026-09-27T12:00:00Z,292.3,0.0,0.73,0.0,2026-09-27T13:00:00Z,nodd,nodd
2026-09-27,tampa-fl,urma,09,2026-09-27T13:00:00Z,296.23,0.0,0.71,0.0,2026-09-27T14:00:00Z,nodd,nodd
2026-09-27,tampa-fl,urma,10,2026-09-27T14:00:00Z,297.01,0.07,1.74,0.0,2026-09-27T15:00:00Z,nodd,nodd
2026-09-27,tampa-fl,urma,11,2026-09-27T15:00:00Z,298.92,1.76,2.86,0.0,2026-09-27T16:00:00Z,nodd,nodd
2026-09-27,tampa-fl,urma,12,2026-09-27T16:00:00Z,300.27,1.44,2.45,0.0,2026-09-27T17:00:00Z,nodd,nodd
2026-09-27,tampa-fl,urma,13,2026-09-27T17:00:00Z,301.3,1.66,3.13,0.0,2026-09-27T18:00:00Z,nodd,nodd
2026-09-27,tampa-fl,urma,14,2026-09-27T18:00:00Z,302.0,2.51,4.47,0.0,2026-09-27T19:00:00Z,nodd,nodd
2026-09-27,tampa-fl,urma,15,2026-09-27T19:00:00Z,302.25,2.45,5.14,0.0,2026-09-27T20:00:00Z,nodd,nodd
2026-09-27,tampa-fl,urma,16,2026-09-27T20:00:00Z,302.49,3.28,5.19,0.0,2026-09-27T21:00:00Z,nodd,nodd
2026-09-27,tampa-fl,urma,17,2026-09-27T21:00:00Z,301.96,2.78,4.57,0.0,2026-09-27T22:00:00Z,nodd,nodd
2026-09-27,tampa-fl,urma,18,2026-09-27T22:00:00Z,301.4,2.66,4.4,0.0,2026-09-27T23:00:00Z,nodd,nodd
2026-09-27,tampa-fl,urma,19,2026-09-27T23:00:00Z,299.95,2.37,4.24,0.0,2026-09-28T00:00:00Z,nodd,nodd
2026-09-27,tampa-fl,urma,20,2026-09-28T00:00:00Z,298.39,1.45,4.24,0.0,2026-09-28T01:00:00Z,nodd,nodd
2026-09-27,tampa-fl,urma,21,2026-09-28T01:00:00Z,297.34,0.71,2.7,0.0,2026-09-28T02:00:00Z,nodd,nodd
2026-09-27,tampa-fl,urma,22,2026-09-28T02:00:00Z,295.93,0.39,2.1,0.0,2026-09-28T03:00:00Z,nodd,nodd
2026-09-27,tampa-fl,urma,23,2026-09-28T03:00:00Z,295.62,0.14,1.35,0.0,2026-09-28T04:00:00Z,nodd,nodd
2026-09-27,san-diego-ca,rtma,00,2026-09-27T07:00:00Z,295.45,1.46,2.54,0.0,2026-09-27T08:00:00Z,nodd,nodd
2026-09-27,san-diego-ca,rtma,01,2026-09-27T08:00:00Z,295.24,0.75,1.12,0.0,2026-09-27T09:00:00Z,nodd,nodd
2026-09-27,san-diego-ca,rtma,02,2026-09-27T09:00:00Z,295.16,1.35,2.14,0.0,2026-09-27T10:00:00Z,nodd,nodd
2026-09-27,san-diego-ca,rtma,03,2026-09-27T10:00:00Z,295.04,0.67,1.15,0.0,2026-09-27T11:00:00Z,nodd,nodd
2026-09-27,san-diego-ca,rtma,04,2026-09-27T11:00:00Z,295.02,0.63,1.59,0.0,2026-09-27T12:00:00Z,nodd,nodd
2026-09-27,san-diego-ca,rtma,05,2026-09-27T12:00:00Z,294.8,0.0,1.11,0.0,2026-09-27T13:00:00Z,nodd,nodd
2026-09-27,san-diego-ca,rtma,06,2026-09-27T13:00:00Z,294.61,0.27,2.7,0.0,2026-09-27T14:00:00Z,nodd,nodd
2026-09-27,san-diego-ca,rtma,07,2026-09-27T14:00:00Z,294.77,0.71,1.16,0.0,2026-09-27T15:00:00Z,nodd,nodd
2026-09-27,san-diego-ca,rtma,08,2026-09-27T15:00:00Z,295.5,0.94,2.5,0.0,2026-09-27T16:00:00Z,nodd,nodd
2026-09-27,san-diego-ca,rtma,09,2026-09-27T16:00:00Z,296.27,0.73,1.57,0.0,2026-09-27T17:00:00Z,nodd,nodd
2026-09-27,san-diego-ca,rtma,10,2026-09-27T17:00:00Z,297.07,0.92,1.97,0.0,2026-09-27T18:00:00Z,nodd,nodd
2026-09-27,san-diego-ca,rtma,11,2026-09-27T18:00:00Z,298.07,0.48,2.34,0.0,2026-09-27T19:00:00Z,nodd,nodd
2026-09-27,san-diego-ca,rtma,12,2026-09-27T19:00:00Z,297.79,1.77,2.23,0.0,2026-09-27T20:00:00Z,nodd,nodd
2026-09-27,san-diego-ca,rtma,13,2026-09-27T20:00:00Z,299.36,2.75,3.37,0.0,2026-09-27T21:00:00Z,nodd,nodd
2026-09-27,san-diego-ca,rtma,14,2026-09-27T21:00:00Z,298.67,2.11,4.47,0.21875,2026-09-27T22:00:00Z,nodd,nodd
2026-09-27,san-diego-ca,rtma,15,2026-09-27T22:00:00Z,297.79,2.25,3.99,0.078125,2026-09-27T23:00:00Z,nodd,nodd
2026-09-27,san-diego-ca,rtma,16,2026-09-27T23:00:00Z,297.73,0.56,1.65,0.0,2026-09-28T00:00:00Z,nodd,nodd
2026-09-27,san-diego-ca,rtma,17,2026-09-28T00:00:00Z,298.32,0.61,1.48,0.0,2026-09-28T01:00:00Z,nodd,nodd
2026-09-27,san-diego-ca,rtma,18,2026-09-28T01:00:00Z,297.79,1.5,2.9,0.0,2026-09-28T02:00:00Z,nodd,nodd
2026-09-27,san-diego-ca,rtma,19,2026-09-28T02:00:00Z,297.19,1.35,3.63,0.0,2026-09-28T03:00:00Z,nodd,nodd
2026-09-27,san-diego-ca,rtma,20,2026-09-28T03:00:00Z,296.74,0.0,1.07,0.03125,2026-09-28T04:00:00Z,nodd,nodd
2026-09-27,san-diego-ca,rtma,21,2026-09-28T04:00:00Z,296.48,1.63,1.63,0.65625,2026-09-28T05:00:00Z,nodd,nodd
2026-09-27,san-diego-ca,rtma,22,2026-09-28T05:00:00Z,295.96,1.58,4.16,0.34375,2026-09-28T06:00:00Z,nodd,nodd
2026-09-27,san-diego-ca,rtma,23,2026-09-28T06:00:00Z,295.53,2.04,2.04,0.109375,2026-09-28T07:00:00Z,nodd,nodd
2026-09-27,san-diego-ca,urma,00,2026-09-27T07:00:00Z,295.44,1.32,2.33,0.0,2026-09-27T08:00:00Z,nodd,nodd
2026-09-27,san-diego-ca,urma,01,2026-09-27T08:00:00Z,295.31,0.78,1.43,0.0,2026-09-27T09:00:00Z,nodd,nodd
2026-09-27,san-diego-ca,urma,02,2026-09-27T09:00:00Z,295.21,1.29,2.22,0.0,2026-09-27T10:00:00Z,nodd,nodd
2026-09-27,san-diego-ca,urma,03,2026-09-27T10:00:00Z,295.05,0.71,1.19,0.0,2026-09-27T11:00:00Z,nodd,nodd
2026-09-27,san-diego-ca,urma,04,2026-09-27T11:00:00Z,295.05,0.48,1.58,0.0,2026-09-27T12:00:00Z,nodd,nodd
2026-09-27,san-diego-ca,urma,05,2026-09-27T12:00:00Z,294.79,0.0,0.71,0.0,2026-09-27T13:00:00Z,nodd,nodd
2026-09-27,san-diego-ca,urma,06,2026-09-27T13:00:00Z,294.76,0.2,2.69,0.0,2026-09-27T14:00:00Z,nodd,nodd
2026-09-27,san-diego-ca,urma,07,2026-09-27T14:00:00Z,294.73,0.67,1.47,0.0,2026-09-27T15:00:00Z,nodd,nodd
2026-09-27,san-diego-ca,urma,08,2026-09-27T15:00:00Z,295.4,0.79,2.49,0.0,2026-09-27T16:00:00Z,nodd,nodd
2026-09-27,san-diego-ca,urma,09,2026-09-27T16:00:00Z,296.16,0.76,1.8,0.0,2026-09-27T17:00:00Z,nodd,nodd
2026-09-27,san-diego-ca,urma,10,2026-09-27T17:00:00Z,296.86,0.89,2.0,0.0,2026-09-27T18:00:00Z,nodd,nodd
2026-09-27,san-diego-ca,urma,11,2026-09-27T18:00:00Z,297.96,0.41,2.37,0.0,2026-09-27T19:00:00Z,nodd,nodd
2026-09-27,san-diego-ca,urma,12,2026-09-27T19:00:00Z,298.62,1.53,1.84,0.0,2026-09-27T20:00:00Z,nodd,nodd
2026-09-27,san-diego-ca,urma,13,2026-09-27T20:00:00Z,299.35,2.72,3.53,0.0,2026-09-27T21:00:00Z,nodd,nodd
2026-09-27,san-diego-ca,urma,14,2026-09-27T21:00:00Z,298.59,2.13,4.74,0.0,2026-09-27T22:00:00Z,nodd,nodd
2026-09-27,san-diego-ca,urma,15,2026-09-27T22:00:00Z,297.78,2.15,3.25,0.0,2026-09-27T23:00:00Z,nodd,nodd
2026-09-27,san-diego-ca,urma,16,2026-09-27T23:00:00Z,297.62,0.49,1.56,0.0,2026-09-28T00:00:00Z,nodd,nodd
2026-09-27,san-diego-ca,urma,17,2026-09-28T00:00:00Z,298.12,0.5,1.48,0.0,2026-09-28T01:00:00Z,nodd,nodd
2026-09-27,san-diego-ca,urma,18,2026-09-28T01:00:00Z,297.81,1.58,2.88,0.0,2026-09-28T02:00:00Z,nodd,nodd
2026-09-27,san-diego-ca,urma,19,2026-09-28T02:00:00Z,297.17,1.27,3.37,0.0,2026-09-28T03:00:00Z,nodd,nodd
2026-09-27,san-diego-ca,urma,20,2026-09-28T03:00:00Z,296.79,0.0,0.95,0.0,2026-09-28T04:00:00Z,nodd,nodd
2026-09-27,san-diego-ca,urma,21,2026-09-28T04:00:00Z,296.44,1.7,1.7,0.0,2026-09-28T05:00:00Z,nodd,nodd
2026-09-27,san-diego-ca,urma,22,2026-09-28T05:00:00Z,295.93,1.54,3.84,0.0,2026-09-28T06:00:00Z,nodd,nodd
2026-09-27,san-diego-ca,urma,23,2026-09-28T06:00:00Z,295.47,2.07,2.07,0.0,2026-09-28T07:00:00Z,nodd,nodd
2026-09-27,denver-co,rtma,00,2026-09-27T06:00:00Z,290.55,0.92,1.97,0.0,2026-09-27T07:00:00Z,nodd,nodd
2026-09-27,denver-co,rtma,01,2026-09-27T07:00:00Z,289.2,1.08,3.24,0.0,2026-09-27T08:00:00Z,nodd,nodd
2026-09-27,denver-co,rtma,02,2026-09-27T08:00:00Z,288.64,1.46,2.41,0.0,2026-09-27T09:00:00Z,nodd,nodd
2026-09-27,denver-co,rtma,03,2026-09-27T09:00:00Z,288.21,1.43,3.31,0.0,2026-09-27T10:00:00Z,nodd,nodd
2026-09-27,denver-co,rtma,04,2026-09-27T10:00:00Z,288.03,1.65,3.42,0.0,2026-09-27T11:00:00Z,nodd,nodd
2026-09-27,denver-co,rtma,05,2026-09-27T11:00:00Z,287.63,1.52,3.36,0.0,2026-09-27T12:00:00Z,nodd,nodd
2026-09-27,denver-co,rtma,06,2026-09-27T12:00:00Z,287.39,2.42,4.54,0.0,2026-09-27T13:00:00Z,nodd,nodd
2026-09-27,denver-co,rtma,07,2026-09-27T13:00:00Z,287.28,2.58,4.92,0.0,2026-09-27T14:00:00Z,nodd,nodd
2026-09-27,denver-co,rtma,08,2026-09-27T14:00:00Z,288.71,2.1,4.71,0.0,2026-09-27T15:00:00Z,nodd,nodd
2026-09-27,denver-co,rtma,09,2026-09-27T15:00:00Z,290.96,1.85,4.34,0.0,2026-09-27T16:00:00Z,nodd,nodd
2026-09-27,denver-co,rtma,10,2026-09-27T16:00:00Z,295.2,2.16,5.84,0.0,2026-09-27T17:00:00Z,nodd,nodd
2026-09-27,denver-co,rtma,11,2026-09-27T17:00:00Z,298.41,1.51,3.02,0.0,2026-09-27T18:00:00Z,nodd,nodd
2026-09-27,denver-co,rtma,12,2026-09-27T18:00:00Z,300.18,2.03,5.37,0.0,2026-09-27T19:00:00Z,nodd,nodd
2026-09-27,denver-co,rtma,13,2026-09-27T19:00:00Z,300.95,3.93,8.62,0.0,2026-09-27T20:00:00Z,nodd,nodd
2026-09-27,denver-co,rtma,14,2026-09-27T20:00:00Z,301.67,4.5,9.55,0.0,2026-09-27T21:00:00Z,nodd,nodd
2026-09-27,denver-co,rtma,15,2026-09-27T21:00:00Z,302.2,5.03,10.12,0.0,2026-09-27T22:00:00Z,nodd,nodd
2026-09-27,denver-co,rtma,16,2026-09-27T22:00:00Z,301.71,5.1,8.93,0.0,2026-09-27T23:00:00Z,nodd,nodd
2026-09-27,denver-co,rtma,17,2026-09-27T23:00:00Z,301.63,3.53,8.68,0.0,2026-09-28T00:00:00Z,nodd,nodd
2026-09-27,denver-co,rtma,18,2026-09-28T00:00:00Z,300.84,2.94,11.3,0.4375,2026-09-28T01:00:00Z,nodd,nodd
2026-09-27,denver-co,rtma,19,2026-09-28T01:00:00Z,297.36,3.31,10.68,0.875,2026-09-28T02:00:00Z,nodd,nodd
2026-09-27,denver-co,rtma,20,2026-09-28T02:00:00Z,295.67,3.39,5.56,0.0,2026-09-28T03:00:00Z,nodd,nodd
2026-09-27,denver-co,rtma,21,2026-09-28T03:00:00Z,294.19,1.48,5.99,0.0,2026-09-28T04:00:00Z,nodd,nodd
2026-09-27,denver-co,rtma,22,2026-09-28T04:00:00Z,293.05,0.0,2.56,0.0,2026-09-28T05:00:00Z,nodd,nodd
2026-09-27,denver-co,rtma,23,2026-09-28T05:00:00Z,293.32,2.69,2.89,0.0,2026-09-28T06:00:00Z,nodd,nodd
2026-09-27,denver-co,urma,00,2026-09-27T06:00:00Z,290.52,1.04,1.49,0.0,2026-09-27T07:00:00Z,nodd,nodd
2026-09-27,denver-co,urma,01,2026-09-27T07:00:00Z,289.25,1.04,2.59,0.0,2026-09-27T08:00:00Z,nodd,nodd
2026-09-27,denver-co,urma,02,2026-09-27T08:00:00Z,288.61,1.28,1.92,0.0,2026-09-27T09:00:00Z,nodd,nodd
2026-09-27,denver-co,urma,03,2026-09-27T09:00:00Z,288.25,1.43,2.77,0.0,2026-09-27T10:00:00Z,nodd,nodd
2026-09-27,denver-co,urma,04,2026-09-27T10:00:00Z,288.04,1.69,2.71,0.0,2026-09-27T11:00:00Z,nodd,nodd
2026-09-27,denver-co,urma,05,2026-09-27T11:00:00Z,287.68,1.3,3.14,0.0,2026-09-27T12:00:00Z,nodd,nodd
2026-09-27,denver-co,urma,06,2026-09-27T12:00:00Z,287.53,2.23,4.48,0.0,2026-09-27T13:00:00Z,nodd,nodd
2026-09-27,denver-co,urma,07,2026-09-27T13:00:00Z,287.67,2.49,4.84,0.0,2026-09-27T14:00:00Z,nodd,nodd
2026-09-27,denver-co,urma,08,2026-09-27T14:00:00Z,288.58,2.18,4.41,0.0,2026-09-27T15:00:00Z,nodd,nodd
2026-09-27,denver-co,urma,09,2026-09-27T15:00:00Z,291.06,2.0,4.63,0.0,2026-09-27T16:00:00Z,nodd,nodd
2026-09-27,denver-co,urma,10,2026-09-27T16:00:00Z,295.2,2.17,5.56,0.0,2026-09-27T17:00:00Z,nodd,nodd
2026-09-27,denver-co,urma,11,2026-09-27T17:00:00Z,298.48,1.43,2.78,0.0,2026-09-27T18:00:00Z,nodd,nodd
2026-09-27,denver-co,urma,12,2026-09-27T18:00:00Z,300.16,2.05,5.14,0.0,2026-09-27T19:00:00Z,nodd,nodd
2026-09-27,denver-co,urma,13,2026-09-27T19:00:00Z,300.88,3.5,8.28,0.0,2026-09-27T20:00:00Z,nodd,nodd
2026-09-27,denver-co,urma,14,2026-09-27T20:00:00Z,301.69,4.61,9.33,0.0,2026-09-27T21:00:00Z,nodd,nodd
2026-09-27,denver-co,urma,15,2026-09-27T21:00:00Z,302.19,4.87,9.93,0.0,2026-09-27T22:00:00Z,nodd,nodd
2026-09-27,denver-co,urma,16,2026-09-27T22:00:00Z,301.78,4.94,8.91,0.0,2026-09-27T23:00:00Z,nodd,nodd
2026-09-27,denver-co,urma,17,2026-09-27T23:00:00Z,301.65,3.68,8.67,0.0,2026-09-28T00:00:00Z,nodd,nodd
2026-09-27,denver-co,urma,18,2026-09-28T00:00:00Z,300.74,2.77,8.41,0.390625,2026-09-28T01:00:00Z,nodd,nodd
2026-09-27,denver-co,urma,19,2026-09-28T01:00:00Z,297.48,3.54,10.78,0.671875,2026-09-28T02:00:00Z,nodd,nodd
2026-09-27,denver-co,urma,20,2026-09-28T02:00:00Z,295.64,3.45,5.04,0.0,2026-09-28T03:00:00Z,nodd,nodd
2026-09-27,denver-co,urma,21,2026-09-28T03:00:00Z,294.2,1.35,5.7,0.0,2026-09-28T04:00:00Z,nodd,nodd
2026-09-27,denver-co,urma,22,2026-09-28T04:00:00Z,293.08,0.28,2.49,0.0,2026-09-28T05:00:00Z,nodd,nodd
2026-09-27,denver-co,urma,23,2026-09-28T05:00:00Z,293.37,2.69,4.42,0.0,2026-09-28T06:00:00Z,nodd,nodd
2026-09-27,orlando-fl,rtma,00,2026-09-27T04:00:00Z,292.87,1.17,2.51,0.0,2026-09-27T05:00:00Z,nodd,nodd
2026-09-27,orlando-fl,rtma,01,2026-09-27T05:00:00Z,291.94,1.27,1.99,0.0,2026-09-27T06:00:00Z,nodd,nodd
2026-09-27,orlando-fl,rtma,02,2026-09-27T06:00:00Z,291.14,1.09,1.24,0.0,2026-09-27T07:00:00Z,nodd,nodd
2026-09-27,orlando-fl,rtma,03,2026-09-27T07:00:00Z,290.72,0.08,1.01,0.0,2026-09-27T08:00:00Z,nodd,nodd
2026-09-27,orlando-fl,rtma,04,2026-09-27T08:00:00Z,290.85,0.19,0.91,0.0,2026-09-27T09:00:00Z,nodd,nodd
2026-09-27,orlando-fl,rtma,05,2026-09-27T09:00:00Z,289.75,0.82,1.31,0.0,2026-09-27T10:00:00Z,nodd,nodd
2026-09-27,orlando-fl,rtma,06,2026-09-27T10:00:00Z,289.57,0.22,0.56,0.0,2026-09-27T11:00:00Z,nodd,nodd
2026-09-27,orlando-fl,rtma,07,2026-09-27T11:00:00Z,289.27,0.0,0.65,0.0,2026-09-27T12:00:00Z,nodd,nodd
2026-09-27,orlando-fl,rtma,08,2026-09-27T12:00:00Z,289.91,0.0,1.46,0.0,2026-09-27T13:00:00Z,nodd,nodd
2026-09-27,orlando-fl,rtma,09,2026-09-27T13:00:00Z,295.01,1.27,1.3,0.0,2026-09-27T14:00:00Z,nodd,nodd
2026-09-27,orlando-fl,rtma,10,2026-09-27T14:00:00Z,296.99,1.37,2.26,0.0,2026-09-27T15:00:00Z,nodd,nodd
2026-09-27,orlando-fl,rtma,11,2026-09-27T15:00:00Z,299.35,1.42,2.53,0.0,2026-09-27T16:00:00Z,nodd,nodd
2026-09-27,orlando-fl,rtma,12,2026-09-27T16:00:00Z,300.87,0.86,2.61,0.0,2026-09-27T17:00:00Z,nodd,nodd
2026-09-27,orlando-fl,rtma,13,2026-09-27T17:00:00Z,301.59,1.98,2.78,0.0,2026-09-27T18:00:00Z,nodd,nodd
2026-09-27,orlando-fl,rtma,14,2026-09-27T18:00:00Z,302.25,2.37,3.34,0.0,2026-09-27T19:00:00Z,nodd,nodd
2026-09-27,orlando-fl,rtma,15,2026-09-27T19:00:00Z,302.62,1.33,2.75,0.0,2026-09-27T20:00:00Z,nodd,nodd
2026-09-27,orlando-fl,rtma,16,2026-09-27T20:00:00Z,302.65,1.74,4.0,0.0,2026-09-27T21:00:00Z,nodd,nodd
2026-09-27,orlando-fl,rtma,17,2026-09-27T21:00:00Z,302.94,1.83,4.06,0.0,2026-09-27T22:00:00Z,nodd,nodd
2026-09-27,orlando-fl,rtma,18,2026-09-27T22:00:00Z,302.72,2.7,2.91,0.0,2026-09-27T23:00:00Z,nodd,nodd
2026-09-27,orlando-fl,rtma,19,2026-09-27T23:00:00Z,300.8,1.86,2.01,0.0,2026-09-28T00:00:00Z,nodd,nodd
2026-09-27,orlando-fl,rtma,20,2026-09-28T00:00:00Z,297.72,1.06,1.06,0.0,2026-09-28T01:00:00Z,nodd,nodd
2026-09-27,orlando-fl,rtma,21,2026-09-28T01:00:00Z,295.85,1.21,1.59,0.0,2026-09-28T02:00:00Z,nodd,nodd
2026-09-27,orlando-fl,rtma,22,2026-09-28T02:00:00Z,295.48,3.15,3.15,0.0,2026-09-28T03:00:00Z,nodd,nodd
2026-09-27,orlando-fl,rtma,23,2026-09-28T03:00:00Z,294.53,1.59,1.67,0.0,2026-09-28T04:00:00Z,nodd,nodd
2026-09-27,orlando-fl,urma,00,2026-09-27T04:00:00Z,292.68,1.24,2.38,0.0,2026-09-27T05:00:00Z,nodd,nodd
2026-09-27,orlando-fl,urma,01,2026-09-27T05:00:00Z,291.79,1.27,1.8,0.0,2026-09-27T06:00:00Z,nodd,nodd
2026-09-27,orlando-fl,urma,02,2026-09-27T06:00:00Z,290.97,1.17,1.19,0.0,2026-09-27T07:00:00Z,nodd,nodd
2026-09-27,orlando-fl,urma,03,2026-09-27T07:00:00Z,291.04,0.17,0.2,0.0,2026-09-27T08:00:00Z,nodd,nodd
2026-09-27,orlando-fl,urma,04,2026-09-27T08:00:00Z,290.77,0.25,0.25,0.0,2026-09-27T09:00:00Z,nodd,nodd
2026-09-27,orlando-fl,urma,05,2026-09-27T09:00:00Z,289.71,0.82,0.82,0.0,2026-09-27T10:00:00Z,nodd,nodd
2026-09-27,orlando-fl,urma,06,2026-09-27T10:00:00Z,289.51,0.23,0.78,0.0,2026-09-27T11:00:00Z,nodd,nodd
2026-09-27,orlando-fl,urma,07,2026-09-27T11:00:00Z,289.22,0.0,0.99,0.0,2026-09-27T12:00:00Z,nodd,nodd
2026-09-27,orlando-fl,urma,08,2026-09-27T12:00:00Z,289.82,0.02,1.49,0.0,2026-09-27T13:00:00Z,nodd,nodd
2026-09-27,orlando-fl,urma,09,2026-09-27T13:00:00Z,294.6,1.28,1.3,0.0,2026-09-27T14:00:00Z,nodd,nodd
2026-09-27,orlando-fl,urma,10,2026-09-27T14:00:00Z,296.93,1.35,2.22,0.0,2026-09-27T15:00:00Z,nodd,nodd
2026-09-27,orlando-fl,urma,11,2026-09-27T15:00:00Z,299.34,1.25,2.35,0.0,2026-09-27T16:00:00Z,nodd,nodd
2026-09-27,orlando-fl,urma,12,2026-09-27T16:00:00Z,300.85,0.98,2.5,0.0,2026-09-27T17:00:00Z,nodd,nodd
2026-09-27,orlando-fl,urma,13,2026-09-27T17:00:00Z,301.61,1.96,3.16,0.0,2026-09-27T18:00:00Z,nodd,nodd
2026-09-27,orlando-fl,urma,14,2026-09-27T18:00:00Z,302.28,2.27,3.22,0.0,2026-09-27T19:00:00Z,nodd,nodd
2026-09-27,orlando-fl,urma,15,2026-09-27T19:00:00Z,302.4,1.2,2.65,0.0,2026-09-27T20:00:00Z,nodd,nodd
2026-09-27,orlando-fl,urma,16,2026-09-27T20:00:00Z,302.66,1.69,3.71,0.0,2026-09-27T21:00:00Z,nodd,nodd
2026-09-27,orlando-fl,urma,17,2026-09-27T21:00:00Z,303.0,1.9,4.24,0.0,2026-09-27T22:00:00Z,nodd,nodd
2026-09-27,orlando-fl,urma,18,2026-09-27T22:00:00Z,302.65,2.72,2.72,0.0,2026-09-27T23:00:00Z,nodd,nodd
2026-09-27,orlando-fl,urma,19,2026-09-27T23:00:00Z,300.57,1.84,1.84,0.0,2026-09-28T00:00:00Z,nodd,nodd
2026-09-27,orlando-fl,urma,20,2026-09-28T00:00:00Z,297.29,1.05,1.05,0.0,2026-09-28T01:00:00Z,nodd,nodd
2026-09-27,orlando-fl,urma,21,2026-09-28T01:00:00Z,295.63,1.23,1.44,0.0,2026-09-28T02:00:00Z,nodd,nodd
2026-09-27,orlando-fl,urma,22,2026-09-28T02:00:00Z,295.33,2.94,3.03,0.0,2026-09-28T03:00:00Z,nodd,nodd
2026-09-27,orlando-fl,urma,23,2026-09-28T03:00:00Z,294.4,1.64,1.72,0.0,2026-09-28T04:00:00Z,nodd,nodd
2026-09-27,charlotte-nc,rtma,00,2026-09-27T04:00:00Z,290.46,3.52,6.17,0.0,2026-09-27T05:00:00Z,nodd,nodd
2026-09-27,charlotte-nc,rtma,01,2026-09-27T05:00:00Z,289.81,2.25,5.22,0.0,2026-09-27T06:00:00Z,nodd,nodd
2026-09-27,charlotte-nc,rtma,02,2026-09-27T06:00:00Z,288.39,1.91,4.57,0.0,2026-09-27T07:00:00Z,nodd,nodd
2026-09-27,charlotte-nc,rtma,03,2026-09-27T07:00:00Z,286.69,0.75,3.2,0.0,2026-09-27T08:00:00Z,nodd,nodd
2026-09-27,charlotte-nc,rtma,04,2026-09-27T08:00:00Z,285.58,0.16,3.4,0.0,2026-09-27T09:00:00Z,nodd,nodd
2026-09-27,charlotte-nc,rtma,05,2026-09-27T09:00:00Z,284.97,0.34,4.1,0.0,2026-09-27T10:00:00Z,nodd,nodd
2026-09-27,charlotte-nc,rtma,06,2026-09-27T10:00:00Z,284.23,0.0,1.87,0.0,2026-09-27T11:00:00Z,nodd,nodd
2026-09-27,charlotte-nc,rtma,07,2026-09-27T11:00:00Z,283.65,0.0,1.98,0.0,2026-09-27T12:00:00Z,nodd,nodd
2026-09-27,charlotte-nc,rtma,08,2026-09-27T12:00:00Z,284.13,0.79,3.7,0.0,2026-09-27T13:00:00Z,nodd,nodd
2026-09-27,charlotte-nc,rtma,09,2026-09-27T13:00:00Z,287.75,0.0,2.78,0.0,2026-09-27T14:00:00Z,nodd,nodd
2026-09-27,charlotte-nc,rtma,10,2026-09-27T14:00:00Z,291.41,1.82,1.88,0.0,2026-09-27T15:00:00Z,nodd,nodd
2026-09-27,charlotte-nc,rtma,11,2026-09-27T15:00:00Z,294.16,0.68,2.23,0.0,2026-09-27T16:00:00Z,nodd,nodd
2026-09-27,charlotte-nc,rtma,12,2026-09-27T16:00:00Z,296.08,2.8,6.73,0.0,2026-09-27T17:00:00Z,nodd,nodd
2026-09-27,charlotte-nc,rtma,13,2026-09-27T17:00:00Z,297.4,3.55,7.13,0.0,2026-09-27T18:00:00Z,nodd,nodd
2026-09-27,charlotte-nc,rtma,14,2026-09-27T18:00:00Z,298.58,2.98,6.74,0.0,2026-09-27T19:00:00Z,nodd,nodd
2026-09-27,charlotte-nc,rtma,15,2026-09-27T19:00:00Z,299.3,2.37,7.97,0.0,2026-09-27T20:00:00Z,nodd,nodd
2026-09-27,charlotte-nc,rtma,16,2026-09-27T20:00:00Z,299.73,3.47,8.01,0.0,2026-09-27T21:00:00Z,nodd,nodd
2026-09-27,charlotte-nc,rtma,17,2026-09-27T21:00:00Z,299.52,1.54,7.21,0.0,2026-09-27T22:00:00Z,nodd,nodd
2026-09-27,charlotte-nc,rtma,18,2026-09-27T22:00:00Z,299.2,1.7,6.86,0.0,2026-09-27T23:00:00Z,nodd,nodd
2026-09-27,charlotte-nc,rtma,19,2026-09-27T23:00:00Z,297.16,1.46,6.48,0.0,2026-09-28T00:00:00Z,nodd,nodd
2026-09-27,charlotte-nc,rtma,20,2026-09-28T00:00:00Z,294.3,2.75,6.77,0.0,2026-09-28T01:00:00Z,nodd,nodd
2026-09-27,charlotte-nc,rtma,21,2026-09-28T01:00:00Z,292.59,1.11,2.57,0.0,2026-09-28T02:00:00Z,nodd,nodd
2026-09-27,charlotte-nc,rtma,22,2026-09-28T02:00:00Z,291.96,2.71,2.71,0.0,2026-09-28T03:00:00Z,nodd,nodd
2026-09-27,charlotte-nc,rtma,23,2026-09-28T03:00:00Z,290.35,2.21,4.21,0.0,2026-09-28T04:00:00Z,nodd,nodd
2026-09-27,charlotte-nc,urma,00,2026-09-27T04:00:00Z,290.41,3.58,6.03,0.0,2026-09-27T05:00:00Z,nodd,nodd
2026-09-27,charlotte-nc,urma,01,2026-09-27T05:00:00Z,289.73,2.14,4.99,0.0,2026-09-27T06:00:00Z,nodd,nodd
2026-09-27,charlotte-nc,urma,02,2026-09-27T06:00:00Z,288.24,2.03,4.29,0.0,2026-09-27T07:00:00Z,nodd,nodd
2026-09-27,charlotte-nc,urma,03,2026-09-27T07:00:00Z,286.76,0.99,2.81,0.0,2026-09-27T08:00:00Z,nodd,nodd
2026-09-27,charlotte-nc,urma,04,2026-09-27T08:00:00Z,285.43,0.27,3.26,0.0,2026-09-27T09:00:00Z,nodd,nodd
2026-09-27,charlotte-nc,urma,05,2026-09-27T09:00:00Z,284.91,0.63,3.91,0.0,2026-09-27T10:00:00Z,nodd,nodd
2026-09-27,charlotte-nc,urma,06,2026-09-27T10:00:00Z,284.19,0.0,1.92,0.0,2026-09-27T11:00:00Z,nodd,nodd
2026-09-27,charlotte-nc,urma,07,2026-09-27T11:00:00Z,283.58,0.0,1.76,0.0,2026-09-27T12:00:00Z,nodd,nodd
2026-09-27,charlotte-nc,urma,08,2026-09-27T12:00:00Z,283.95,1.0,2.96,0.0,2026-09-27T13:00:00Z,nodd,nodd
2026-09-27,charlotte-nc,urma,09,2026-09-27T13:00:00Z,287.79,0.0,2.87,0.0,2026-09-27T14:00:00Z,nodd,nodd
2026-09-27,charlotte-nc,urma,10,2026-09-27T14:00:00Z,291.45,1.75,2.02,0.0,2026-09-27T15:00:00Z,nodd,nodd
2026-09-27,charlotte-nc,urma,11,2026-09-27T15:00:00Z,294.18,1.09,2.37,0.0,2026-09-27T16:00:00Z,nodd,nodd
2026-09-27,charlotte-nc,urma,12,2026-09-27T16:00:00Z,296.09,2.56,6.72,0.0,2026-09-27T17:00:00Z,nodd,nodd
2026-09-27,charlotte-nc,urma,13,2026-09-27T17:00:00Z,297.38,3.61,6.92,0.0,2026-09-27T18:00:00Z,nodd,nodd
2026-09-27,charlotte-nc,urma,14,2026-09-27T18:00:00Z,298.62,3.04,6.69,0.0,2026-09-27T19:00:00Z,nodd,nodd
2026-09-27,charlotte-nc,urma,15,2026-09-27T19:00:00Z,299.32,2.44,8.27,0.0,2026-09-27T20:00:00Z,nodd,nodd
2026-09-27,charlotte-nc,urma,16,2026-09-27T20:00:00Z,299.73,3.47,8.07,0.0,2026-09-27T21:00:00Z,nodd,nodd
2026-09-27,charlotte-nc,urma,17,2026-09-27T21:00:00Z,299.54,1.49,7.24,0.0,2026-09-27T22:00:00Z,nodd,nodd
2026-09-27,charlotte-nc,urma,18,2026-09-27T22:00:00Z,299.14,1.67,7.06,0.0,2026-09-27T23:00:00Z,nodd,nodd
2026-09-27,charlotte-nc,urma,19,2026-09-27T23:00:00Z,297.07,1.5,6.58,0.0,2026-09-28T00:00:00Z,nodd,nodd
2026-09-27,charlotte-nc,urma,20,2026-09-28T00:00:00Z,294.14,2.7,7.28,0.0,2026-09-28T01:00:00Z,nodd,nodd
2026-09-27,charlotte-nc,urma,21,2026-09-28T01:00:00Z,292.84,1.21,2.28,0.0,2026-09-28T02:00:00Z,nodd,nodd
2026-09-27,charlotte-nc,urma,22,2026-09-28T02:00:00Z,291.84,2.68,2.68,0.0,2026-09-28T03:00:00Z,nodd,nodd
2026-09-27,charlotte-nc,urma,23,2026-09-28T03:00:00Z,290.18,2.41,4.13,0.0,2026-09-28T04:00:00Z,nodd,nodd
2026-09-27,baltimore-md,rtma,00,2026-09-27T04:00:00Z,290.06,4.87,7.25,0.0,2026-09-27T05:00:00Z,nodd,nodd
2026-09-27,baltimore-md,rtma,01,2026-09-27T05:00:00Z,290.6,4.8,8.55,0.015625,2026-09-27T06:00:00Z,nodd,nodd
2026-09-27,baltimore-md,rtma,02,2026-09-27T06:00:00Z,290.69,4.46,8.18,0.484375,2026-09-27T07:00:00Z,nodd,nodd
2026-09-27,baltimore-md,rtma,03,2026-09-27T07:00:00Z,289.83,2.57,6.22,1.0,2026-09-27T08:00:00Z,nodd,nodd
2026-09-27,baltimore-md,rtma,04,2026-09-27T08:00:00Z,289.17,2.93,3.4,1.40625,2026-09-27T09:00:00Z,nodd,nodd
2026-09-27,baltimore-md,rtma,05,2026-09-27T09:00:00Z,288.24,3.3,10.51,1.890625,2026-09-27T10:00:00Z,nodd,nodd
2026-09-27,baltimore-md,rtma,06,2026-09-27T10:00:00Z,287.8,1.34,5.88,1.78125,2026-09-27T11:00:00Z,nodd,nodd
2026-09-27,baltimore-md,rtma,07,2026-09-27T11:00:00Z,287.6,4.22,9.66,1.734375,2026-09-27T12:00:00Z,nodd,nodd
2026-09-27,baltimore-md,rtma,08,2026-09-27T12:00:00Z,287.53,4.5,10.21,0.625,2026-09-27T13:00:00Z,nodd,nodd
2026-09-27,baltimore-md,rtma,09,2026-09-27T13:00:00Z,288.2,5.21,11.86,0.0,2026-09-27T14:00:00Z,nodd,nodd
2026-09-27,baltimore-md,rtma,10,2026-09-27T14:00:00Z,288.95,6.1,12.36,0.390625,2026-09-27T15:00:00Z,nodd,nodd
2026-09-27,baltimore-md,rtma,11,2026-09-27T15:00:00Z,288.49,5.81,11.98,5.890625,2026-09-27T16:00:00Z,nodd,nodd
2026-09-27,baltimore-md,rtma,12,2026-09-27T16:00:00Z,288.19,4.52,10.18,0.875,2026-09-27T17:00:00Z,nodd,nodd
2026-09-27,baltimore-md,rtma,13,2026-09-27T17:00:00Z,289.43,7.18,12.29,0.0,2026-09-27T18:00:00Z,nodd,nodd
2026-09-27,baltimore-md,rtma,14,2026-09-27T18:00:00Z,289.7,6.76,13.52,0.0,2026-09-27T19:00:00Z,nodd,nodd
2026-09-27,baltimore-md,rtma,15,2026-09-27T19:00:00Z,290.31,6.01,13.25,0.0,2026-09-27T20:00:00Z,nodd,nodd
2026-09-27,baltimore-md,rtma,16,2026-09-27T20:00:00Z,290.99,6.14,13.34,0.0,2026-09-27T21:00:00Z,nodd,nodd
2026-09-27,baltimore-md,rtma,17,2026-09-27T21:00:00Z,290.14,6.27,13.73,0.0,2026-09-27T22:00:00Z,nodd,nodd
2026-09-27,baltimore-md,rtma,18,2026-09-27T22:00:00Z,290.21,5.14,11.0,0.0,2026-09-27T23:00:00Z,nodd,nodd
2026-09-27,baltimore-md,rtma,19,2026-09-27T23:00:00Z,290.1,4.86,11.29,0.0,2026-09-28T00:00:00Z,nodd,nodd
2026-09-27,baltimore-md,rtma,20,2026-09-28T00:00:00Z,290.0,4.98,11.23,0.0,2026-09-28T01:00:00Z,nodd,nodd
2026-09-27,baltimore-md,rtma,21,2026-09-28T01:00:00Z,289.84,4.07,9.21,0.0,2026-09-28T02:00:00Z,nodd,nodd
2026-09-27,baltimore-md,rtma,22,2026-09-28T02:00:00Z,290.02,4.4,11.12,0.0,2026-09-28T03:00:00Z,nodd,nodd
2026-09-27,baltimore-md,rtma,23,2026-09-28T03:00:00Z,289.85,4.29,7.83,0.0,2026-09-28T04:00:00Z,nodd,nodd
2026-09-27,baltimore-md,urma,00,2026-09-27T04:00:00Z,290.06,4.66,7.84,0.0,2026-09-27T05:00:00Z,nodd,nodd
2026-09-27,baltimore-md,urma,01,2026-09-27T05:00:00Z,290.59,4.72,8.34,0.0,2026-09-27T06:00:00Z,nodd,nodd
2026-09-27,baltimore-md,urma,02,2026-09-27T06:00:00Z,290.74,4.21,8.04,0.5625,2026-09-27T07:00:00Z,nodd,nodd
2026-09-27,baltimore-md,urma,03,2026-09-27T07:00:00Z,289.89,2.34,5.4,0.9375,2026-09-27T08:00:00Z,nodd,nodd
2026-09-27,baltimore-md,urma,04,2026-09-27T08:00:00Z,289.14,2.89,4.65,1.015625,2026-09-27T09:00:00Z,nodd,nodd
2026-09-27,baltimore-md,urma,05,2026-09-27T09:00:00Z,288.18,3.01,10.35,1.78125,2026-09-27T10:00:00Z,nodd,nodd
2026-09-27,baltimore-md,urma,06,2026-09-27T10:00:00Z,287.76,1.0,6.2,1.40625,2026-09-27T11:00:00Z,nodd,nodd
2026-09-27,baltimore-md,urma,07,2026-09-27T11:00:00Z,287.59,4.16,9.3,1.046875,2026-09-27T12:00:00Z,nodd,nodd
2026-09-27,baltimore-md,urma,08,2026-09-27T12:00:00Z,287.53,4.27,9.91,0.921875,2026-09-27T13:00:00Z,nodd,nodd
2026-09-27,baltimore-md,urma,09,2026-09-27T13:00:00Z,288.19,4.99,11.33,0.0,2026-09-27T14:00:00Z,nodd,nodd
2026-09-27,baltimore-md,urma,10,2026-09-27T14:00:00Z,288.94,5.91,12.29,0.59375,2026-09-27T15:00:00Z,nodd,nodd
2026-09-27,baltimore-md,urma,11,2026-09-27T15:00:00Z,288.53,5.65,11.56,4.015625,2026-09-27T16:00:00Z,nodd,nodd
2026-09-27,baltimore-md,urma,12,2026-09-27T16:00:00Z,288.11,4.51,11.4,1.71875,2026-09-27T17:00:00Z,nodd,nodd
2026-09-27,baltimore-md,urma,13,2026-09-27T17:00:00Z,289.44,6.97,12.0,0.0,2026-09-27T18:00:00Z,nodd,nodd
2026-09-27,baltimore-md,urma,14,2026-09-27T18:00:00Z,289.71,6.54,13.42,0.0,2026-09-27T19:00:00Z,nodd,nodd
2026-09-27,baltimore-md,urma,15,2026-09-27T19:00:00Z,290.32,5.99,13.5,0.0,2026-09-27T20:00:00Z,nodd,nodd
2026-09-27,baltimore-md,urma,16,2026-09-27T20:00:00Z,290.99,6.11,13.27,0.0,2026-09-27T21:00:00Z,nodd,nodd
2026-09-27,baltimore-md,urma,17,2026-09-27T21:00:00Z,290.19,6.33,13.31,0.0,2026-09-27T22:00:00Z,nodd,nodd
2026-09-27,baltimore-md,urma,18,2026-09-27T22:00:00Z,290.21,5.15,11.08,0.0,2026-09-27T23:00:00Z,nodd,nodd
2026-09-27,baltimore-md,urma,19,2026-09-27T23:00:00Z,290.1,4.88,10.86,0.0,2026-09-28T00:00:00Z,nodd,nodd
2026-09-27,baltimore-md,urma,20,2026-09-28T00:00:00Z,290.05,4.95,11.88,0.0,2026-09-28T01:00:00Z,nodd,nodd
2026-09-27,baltimore-md,urma,21,2026-09-28T01:00:00Z,289.98,3.75,9.33,0.0,2026-09-28T02:00:00Z,nodd,nodd
2026-09-27,baltimore-md,urma,22,2026-09-28T02:00:00Z,290.0,4.36,11.09,0.0,2026-09-28T03:00:00Z,nodd,nodd
2026-09-27,baltimore-md,urma,23,2026-09-28T03:00:00Z,289.87,4.13,8.14,0.0,2026-09-28T04:00:00Z,nodd,nodd
2026-09-27,st-louis-mo,rtma,00,2026-09-27T05:00:00Z,288.37,0.93,2.18,0.0,2026-09-27T06:00:00Z,nodd,nodd
2026-09-27,st-louis-mo,rtma,01,2026-09-27T06:00:00Z,288.58,0.0,2.17,0.0,2026-09-27T07:00:00Z,nodd,nodd
2026-09-27,st-louis-mo,rtma,02,2026-09-27T07:00:00Z,289.04,0.31,2.28,0.0,2026-09-27T08:00:00Z,nodd,nodd
2026-09-27,st-louis-mo,rtma,03,2026-09-27T08:00:00Z,289.1,0.81,1.63,0.0,2026-09-27T09:00:00Z,nodd,nodd
2026-09-27,st-louis-mo,rtma,04,2026-09-27T09:00:00Z,289.36,0.22,0.97,0.0,2026-09-27T10:00:00Z,nodd,nodd
2026-09-27,st-louis-mo,rtma,05,2026-09-27T10:00:00Z,289.35,0.9,0.9,0.0,2026-09-27T11:00:00Z,nodd,nodd
2026-09-27,st-louis-mo,rtma,06,2026-09-27T11:00:00Z,288.94,1.21,1.82,0.0,2026-09-27T12:00:00Z,nodd,nodd
2026-09-27,st-louis-mo,rtma,07,2026-09-27T12:00:00Z,288.75,0.72,1.98,0.0,2026-09-27T13:00:00Z,nodd,nodd
2026-09-27,st-louis-mo,rtma,08,2026-09-27T13:00:00Z,289.25,1.61,1.96,0.0,2026-09-27T14:00:00Z,nodd,nodd
2026-09-27,st-louis-mo,rtma,09,2026-09-27T14:00:00Z,289.95,0.92,2.21,0.0,2026-09-27T15:00:00Z,nodd,nodd
2026-09-27,st-louis-mo,rtma,10,2026-09-27T15:00:00Z,291.01,2.64,2.64,0.0,2026-09-27T16:00:00Z,nodd,nodd
2026-09-27,st-louis-mo,rtma,11,2026-09-27T16:00:00Z,292.6,1.78,2.46,0.0,2026-09-27T17:00:00Z,nodd,nodd
2026-09-27,st-louis-mo,rtma,12,2026-09-27T17:00:00Z,294.9,2.64,2.64,0.0,2026-09-27T18:00:00Z,nodd,nodd
2026-09-27,st-louis-mo,rtma,13,2026-09-27T18:00:00Z,295.44,2.75,2.75,0.0,2026-09-27T19:00:00Z,nodd,nodd
2026-09-27,st-louis-mo,rtma,14,2026-09-27T19:00:00Z,296.12,2.56,2.61,0.0,2026-09-27T20:00:00Z,nodd,nodd
2026-09-27,st-louis-mo,rtma,15,2026-09-27T20:00:00Z,296.99,2.45,2.91,0.0,2026-09-27T21:00:00Z,nodd,nodd
2026-09-27,st-louis-mo,rtma,16,2026-09-27T21:00:00Z,297.74,2.12,3.29,0.0,2026-09-27T22:00:00Z,nodd,nodd
2026-09-27,st-louis-mo,rtma,17,2026-09-27T22:00:00Z,297.77,2.32,2.58,0.0,2026-09-27T23:00:00Z,nodd,nodd
2026-09-27,st-louis-mo,rtma,18,2026-09-27T23:00:00Z,296.49,2.3,2.37,0.0,2026-09-28T00:00:00Z,nodd,nodd
2026-09-27,st-louis-mo,rtma,19,2026-09-28T00:00:00Z,294.67,1.75,3.55,0.0,2026-09-28T01:00:00Z,nodd,nodd
2026-09-27,st-louis-mo,rtma,20,2026-09-28T01:00:00Z,292.94,1.2,1.72,0.0,2026-09-28T02:00:00Z,nodd,nodd
2026-09-27,st-louis-mo,rtma,21,2026-09-28T02:00:00Z,292.55,1.61,2.49,0.0,2026-09-28T03:00:00Z,nodd,nodd
2026-09-27,st-louis-mo,rtma,22,2026-09-28T03:00:00Z,292.55,0.84,2.51,0.0,2026-09-28T04:00:00Z,nodd,nodd
2026-09-27,st-louis-mo,rtma,23,2026-09-28T04:00:00Z,292.31,1.29,2.62,0.0,2026-09-28T05:00:00Z,nodd,nodd
2026-09-27,st-louis-mo,urma,00,2026-09-27T05:00:00Z,288.41,0.88,1.77,0.0,2026-09-27T06:00:00Z,nodd,nodd
2026-09-27,st-louis-mo,urma,01,2026-09-27T06:00:00Z,288.52,0.0,1.31,0.0,2026-09-27T07:00:00Z,nodd,nodd
2026-09-27,st-louis-mo,urma,02,2026-09-27T07:00:00Z,289.15,0.33,1.95,0.0,2026-09-27T08:00:00Z,nodd,nodd
2026-09-27,st-louis-mo,urma,03,2026-09-27T08:00:00Z,289.16,0.72,1.29,0.0,2026-09-27T09:00:00Z,nodd,nodd
2026-09-27,st-louis-mo,urma,04,2026-09-27T09:00:00Z,289.4,0.19,0.57,0.0,2026-09-27T10:00:00Z,nodd,nodd
2026-09-27,st-louis-mo,urma,05,2026-09-27T10:00:00Z,289.37,0.85,0.85,0.0,2026-09-27T11:00:00Z,nodd,nodd
2026-09-27,st-louis-mo,urma,06,2026-09-27T11:00:00Z,289.06,0.98,1.31,0.0,2026-09-27T12:00:00Z,nodd,nodd
2026-09-27,st-louis-mo,urma,07,2026-09-27T12:00:00Z,288.73,0.51,2.08,0.0,2026-09-27T13:00:00Z,nodd,nodd
2026-09-27,st-louis-mo,urma,08,2026-09-27T13:00:00Z,289.33,1.62,2.05,0.0,2026-09-27T14:00:00Z,nodd,nodd
2026-09-27,st-louis-mo,urma,09,2026-09-27T14:00:00Z,289.94,0.88,2.17,0.015625,2026-09-27T15:00:00Z,nodd,nodd
2026-09-27,st-louis-mo,urma,10,2026-09-27T15:00:00Z,291.09,2.32,2.43,0.0,2026-09-27T16:00:00Z,nodd,nodd
2026-09-27,st-louis-mo,urma,11,2026-09-27T16:00:00Z,292.69,1.66,2.6,0.0,2026-09-27T17:00:00Z,nodd,nodd
2026-09-27,st-louis-mo,urma,12,2026-09-27T17:00:00Z,295.02,2.53,2.53,0.0,2026-09-27T18:00:00Z,nodd,nodd
2026-09-27,st-louis-mo,urma,13,2026-09-27T18:00:00Z,295.55,2.49,2.49,0.0,2026-09-27T19:00:00Z,nodd,nodd
2026-09-27,st-louis-mo,urma,14,2026-09-27T19:00:00Z,296.38,2.08,2.45,0.0,2026-09-27T20:00:00Z,nodd,nodd
2026-09-27,st-louis-mo,urma,15,2026-09-27T20:00:00Z,297.07,2.46,2.85,0.0,2026-09-27T21:00:00Z,nodd,nodd
2026-09-27,st-louis-mo,urma,16,2026-09-27T21:00:00Z,297.89,2.05,2.74,0.0,2026-09-27T22:00:00Z,nodd,nodd
2026-09-27,st-louis-mo,urma,17,2026-09-27T22:00:00Z,297.81,2.01,2.02,0.0,2026-09-27T23:00:00Z,nodd,nodd
2026-09-27,st-louis-mo,urma,18,2026-09-27T23:00:00Z,296.49,1.91,1.91,0.0,2026-09-28T00:00:00Z,nodd,nodd
2026-09-27,st-louis-mo,urma,19,2026-09-28T00:00:00Z,294.51,1.47,2.14,0.0,2026-09-28T01:00:00Z,nodd,nodd
2026-09-27,st-louis-mo,urma,20,2026-09-28T01:00:00Z,293.25,1.1,1.93,0.0,2026-09-28T02:00:00Z,nodd,nodd
2026-09-27,st-louis-mo,urma,21,2026-09-28T02:00:00Z,292.49,1.19,1.48,0.0,2026-09-28T03:00:00Z,nodd,nodd
2026-09-27,st-louis-mo,urma,22,2026-09-28T03:00:00Z,292.61,0.98,2.37,0.0,2026-09-28T04:00:00Z,nodd,nodd
2026-09-27,st-louis-mo,urma,23,2026-09-28T04:00:00Z,292.4,1.34,2.1,0.0,2026-09-28T05:00:00Z,nodd,nodd
2026-09-27,san-antonio-tx,rtma,00,2026-09-27T05:00:00Z,301.15,3.5,6.85,0.0,2026-09-27T06:00:00Z,nodd,nodd
2026-09-27,san-antonio-tx,rtma,01,2026-09-27T06:00:00Z,300.46,3.38,5.55,0.0,2026-09-27T07:00:00Z,nodd,nodd
2026-09-27,san-antonio-tx,rtma,02,2026-09-27T07:00:00Z,299.63,1.93,4.27,0.0,2026-09-27T08:00:00Z,nodd,nodd
2026-09-27,san-antonio-tx,rtma,03,2026-09-27T08:00:00Z,298.77,1.13,2.1,0.0,2026-09-27T09:00:00Z,nodd,nodd
2026-09-27,san-antonio-tx,rtma,04,2026-09-27T09:00:00Z,297.86,0.24,0.26,0.0,2026-09-27T10:00:00Z,nodd,nodd
2026-09-27,san-antonio-tx,rtma,05,2026-09-27T10:00:00Z,297.15,1.09,1.09,0.0,2026-09-27T11:00:00Z,nodd,nodd
2026-09-27,san-antonio-tx,rtma,06,2026-09-27T11:00:00Z,296.58,0.75,0.8,0.0,2026-09-27T12:00:00Z,nodd,nodd
2026-09-27,san-antonio-tx,rtma,07,2026-09-27T12:00:00Z,296.0,0.21,1.27,0.0,2026-09-27T13:00:00Z,nodd,nodd
2026-09-27,san-antonio-tx,rtma,08,2026-09-27T13:00:00Z,296.04,0.0,1.39,0.0,2026-09-27T14:00:00Z,nodd,nodd
2026-09-27,san-antonio-tx,rtma,09,2026-09-27T14:00:00Z,299.1,0.45,2.54,0.0,2026-09-27T15:00:00Z,nodd,nodd
2026-09-27,san-antonio-tx,rtma,10,2026-09-27T15:00:00Z,301.38,2.22,3.54,0.0,2026-09-27T16:00:00Z,nodd,nodd
2026-09-27,san-antonio-tx,rtma,11,2026-09-27T16:00:00Z,303.45,3.35,3.48,0.0,2026-09-27T17:00:00Z,nodd,nodd
2026-09-27,san-antonio-tx,rtma,12,2026-09-27T17:00:00Z,304.94,1.64,4.25,0.0,2026-09-27T18:00:00Z,nodd,nodd
2026-09-27,san-antonio-tx,rtma,13,2026-09-27T18:00:00Z,306.8,2.95,3.4,0.0,2026-09-27T19:00:00Z,nodd,nodd
2026-09-27,san-antonio-tx,rtma,14,2026-09-27T19:00:00Z,308.17,0.93,2.5,0.0,2026-09-27T20:00:00Z,nodd,nodd
2026-09-27,san-antonio-tx,rtma,15,2026-09-27T20:00:00Z,308.99,0.88,2.38,0.0,2026-09-27T21:00:00Z,nodd,nodd
2026-09-27,san-antonio-tx,rtma,16,2026-09-27T21:00:00Z,309.44,0.15,2.66,0.0,2026-09-27T22:00:00Z,nodd,nodd
2026-09-27,san-antonio-tx,rtma,17,2026-09-27T22:00:00Z,308.86,1.46,2.45,0.0,2026-09-27T23:00:00Z,nodd,nodd
2026-09-27,san-antonio-tx,rtma,18,2026-09-27T23:00:00Z,307.73,2.49,2.49,0.0,2026-09-28T00:00:00Z,nodd,nodd
2026-09-27,san-antonio-tx,rtma,19,2026-09-28T00:00:00Z,306.91,2.5,5.44,0.0,2026-09-28T01:00:00Z,nodd,nodd
2026-09-27,san-antonio-tx,rtma,20,2026-09-28T01:00:00Z,305.38,2.64,2.64,0.0,2026-09-28T02:00:00Z,nodd,nodd
2026-09-27,san-antonio-tx,rtma,21,2026-09-28T02:00:00Z,304.08,1.27,2.69,0.0,2026-09-28T03:00:00Z,nodd,nodd
2026-09-27,san-antonio-tx,rtma,22,2026-09-28T03:00:00Z,303.33,0.9,1.29,0.0,2026-09-28T04:00:00Z,nodd,nodd
2026-09-27,san-antonio-tx,rtma,23,2026-09-28T04:00:00Z,302.89,4.46,4.46,0.0,2026-09-28T05:00:00Z,nodd,nodd
2026-09-27,san-antonio-tx,urma,00,2026-09-27T05:00:00Z,301.12,3.54,6.43,0.0,2026-09-27T06:00:00Z,nodd,nodd
2026-09-27,san-antonio-tx,urma,01,2026-09-27T06:00:00Z,300.45,3.31,5.55,0.0,2026-09-27T07:00:00Z,nodd,nodd
2026-09-27,san-antonio-tx,urma,02,2026-09-27T07:00:00Z,299.66,1.96,4.26,0.0,2026-09-27T08:00:00Z,nodd,nodd
2026-09-27,san-antonio-tx,urma,03,2026-09-27T08:00:00Z,298.78,1.04,2.07,0.0,2026-09-27T09:00:00Z,nodd,nodd
2026-09-27,san-antonio-tx,urma,04,2026-09-27T09:00:00Z,297.91,0.4,0.4,0.0,2026-09-27T10:00:00Z,nodd,nodd
2026-09-27,san-antonio-tx,urma,05,2026-09-27T10:00:00Z,297.17,1.01,1.01,0.0,2026-09-27T11:00:00Z,nodd,nodd
2026-09-27,san-antonio-tx,urma,06,2026-09-27T11:00:00Z,296.55,0.72,0.81,0.0,2026-09-27T12:00:00Z,nodd,nodd
2026-09-27,san-antonio-tx,urma,07,2026-09-27T12:00:00Z,295.97,0.2,0.94,0.0,2026-09-27T13:00:00Z,nodd,nodd
2026-09-27,san-antonio-tx,urma,08,2026-09-27T13:00:00Z,296.25,0.0,0.92,0.0,2026-09-27T14:00:00Z,nodd,nodd
2026-09-27,san-antonio-tx,urma,09,2026-09-27T14:00:00Z,299.18,0.42,2.29,0.0,2026-09-27T15:00:00Z,nodd,nodd
2026-09-27,san-antonio-tx,urma,10,2026-09-27T15:00:00Z,301.4,2.27,3.39,0.0,2026-09-27T16:00:00Z,nodd,nodd
2026-09-27,san-antonio-tx,urma,11,2026-09-27T16:00:00Z,303.48,3.35,3.49,0.0,2026-09-27T17:00:00Z,nodd,nodd
2026-09-27,san-antonio-tx,urma,12,2026-09-27T17:00:00Z,304.98,1.32,4.02,0.0,2026-09-27T18:00:00Z,nodd,nodd
2026-09-27,san-antonio-tx,urma,13,2026-09-27T18:00:00Z,306.8,2.94,3.35,0.0,2026-09-27T19:00:00Z,nodd,nodd
2026-09-27,san-antonio-tx,urma,14,2026-09-27T19:00:00Z,308.14,1.14,2.51,0.0,2026-09-27T20:00:00Z,nodd,nodd
2026-09-27,san-antonio-tx,urma,15,2026-09-27T20:00:00Z,309.03,0.76,3.1,0.0,2026-09-27T21:00:00Z,nodd,nodd
2026-09-27,san-antonio-tx,urma,16,2026-09-27T21:00:00Z,309.43,0.14,2.88,0.0,2026-09-27T22:00:00Z,nodd,nodd
2026-09-27,san-antonio-tx,urma,17,2026-09-27T22:00:00Z,308.84,1.56,2.43,0.0,2026-09-27T23:00:00Z,nodd,nodd
2026-09-27,san-antonio-tx,urma,18,2026-09-27T23:00:00Z,307.75,2.31,2.39,0.0,2026-09-28T00:00:00Z,nodd,nodd
2026-09-27,san-antonio-tx,urma,19,2026-09-28T00:00:00Z,306.8,2.38,5.24,0.0,2026-09-28T01:00:00Z,nodd,nodd
2026-09-27,san-antonio-tx,urma,20,2026-09-28T01:00:00Z,305.66,2.64,2.64,0.0,2026-09-28T02:00:00Z,nodd,nodd
2026-09-27,san-antonio-tx,urma,21,2026-09-28T02:00:00Z,304.11,1.21,1.64,0.0,2026-09-28T03:00:00Z,nodd,nodd
2026-09-27,san-antonio-tx,urma,22,2026-09-28T03:00:00Z,303.42,0.89,0.89,0.0,2026-09-28T04:00:00Z,nodd,nodd
2026-09-27,san-antonio-tx,urma,23,2026-09-28T04:00:00Z,302.82,4.37,4.37,0.0,2026-09-28T05:00:00Z,nodd,nodd
2026-09-27,austin-tx,rtma,00,2026-09-27T05:00:00Z,300.41,2.5,4.25,0.0,2026-09-27T06:00:00Z,nodd,nodd
2026-09-27,austin-tx,rtma,01,2026-09-27T06:00:00Z,299.55,2.21,3.37,0.0,2026-09-27T07:00:00Z,nodd,nodd
2026-09-27,austin-tx,rtma,02,2026-09-27T07:00:00Z,298.72,0.1,2.69,0.0,2026-09-27T08:00:00Z,nodd,nodd
2026-09-27,austin-tx,rtma,03,2026-09-27T08:00:00Z,298.36,0.51,2.3,0.0,2026-09-27T09:00:00Z,nodd,nodd
2026-09-27,austin-tx,rtma,04,2026-09-27T09:00:00Z,297.62,0.33,2.47,0.0,2026-09-27T10:00:00Z,nodd,nodd
2026-09-27,austin-tx,rtma,05,2026-09-27T10:00:00Z,297.06,0.0,2.18,0.0,2026-09-27T11:00:00Z,nodd,nodd
2026-09-27,austin-tx,rtma,06,2026-09-27T11:00:00Z,296.56,0.0,0.76,0.0,2026-09-27T12:00:00Z,nodd,nodd
2026-09-27,austin-tx,rtma,07,2026-09-27T12:00:00Z,296.2,0.0,0.49,0.0,2026-09-27T13:00:00Z,nodd,nodd
2026-09-27,austin-tx,rtma,08,2026-09-27T13:00:00Z,296.15,0.0,0.84,0.0,2026-09-27T14:00:00Z,nodd,nodd
2026-09-27,austin-tx,rtma,09,2026-09-27T14:00:00Z,298.82,0.05,3.02,0.0,2026-09-27T15:00:00Z,nodd,nodd
2026-09-27,austin-tx,rtma,10,2026-09-27T15:00:00Z,301.69,1.79,5.17,0.0,2026-09-27T16:00:00Z,nodd,nodd
2026-09-27,austin-tx,rtma,11,2026-09-27T16:00:00Z,303.95,2.3,5.08,0.0,2026-09-27T17:00:00Z,nodd,nodd
2026-09-27,austin-tx,rtma,12,2026-09-27T17:00:00Z,305.79,2.45,6.92,0.0,2026-09-27T18:00:00Z,nodd,nodd
2026-09-27,austin-tx,rtma,13,2026-09-27T18:00:00Z,307.44,1.89,4.67,0.0,2026-09-27T19:00:00Z,nodd,nodd
2026-09-27,austin-tx,rtma,14,2026-09-27T19:00:00Z,308.71,2.76,4.16,0.0,2026-09-27T20:00:00Z,nodd,nodd
2026-09-27,austin-tx,rtma,15,2026-09-27T20:00:00Z,309.09,3.01,4.42,0.0,2026-09-27T21:00:00Z,nodd,nodd
2026-09-27,austin-tx,rtma,16,2026-09-27T21:00:00Z,309.75,1.96,4.12,0.0,2026-09-27T22:00:00Z,nodd,nodd
2026-09-27,austin-tx,rtma,17,2026-09-27T22:00:00Z,309.47,1.98,4.01,0.0,2026-09-27T23:00:00Z,nodd,nodd
2026-09-27,austin-tx,rtma,18,2026-09-27T23:00:00Z,308.05,2.97,7.59,0.0,2026-09-28T00:00:00Z,nodd,nodd
2026-09-27,austin-tx,rtma,19,2026-09-28T00:00:00Z,306.22,2.88,6.24,0.0,2026-09-28T01:00:00Z,nodd,nodd
2026-09-27,austin-tx,rtma,20,2026-09-28T01:00:00Z,304.28,1.17,4.26,0.0,2026-09-28T02:00:00Z,nodd,nodd
2026-09-27,austin-tx,rtma,21,2026-09-28T02:00:00Z,304.15,2.01,2.15,0.0,2026-09-28T03:00:00Z,nodd,nodd
2026-09-27,austin-tx,rtma,22,2026-09-28T03:00:00Z,303.38,1.77,3.23,0.0,2026-09-28T04:00:00Z,nodd,nodd
2026-09-27,austin-tx,rtma,23,2026-09-28T04:00:00Z,303.15,1.67,2.37,0.0,2026-09-28T05:00:00Z,nodd,nodd
2026-09-27,austin-tx,urma,00,2026-09-27T05:00:00Z,300.42,2.24,4.16,0.0,2026-09-27T06:00:00Z,nodd,nodd
2026-09-27,austin-tx,urma,01,2026-09-27T06:00:00Z,299.54,2.14,3.13,0.0,2026-09-27T07:00:00Z,nodd,nodd
2026-09-27,austin-tx,urma,02,2026-09-27T07:00:00Z,298.69,0.0,2.11,0.0,2026-09-27T08:00:00Z,nodd,nodd
2026-09-27,austin-tx,urma,03,2026-09-27T08:00:00Z,298.34,0.58,2.11,0.0,2026-09-27T09:00:00Z,nodd,nodd
2026-09-27,austin-tx,urma,04,2026-09-27T09:00:00Z,297.58,0.34,2.05,0.0,2026-09-27T10:00:00Z,nodd,nodd
2026-09-27,austin-tx,urma,05,2026-09-27T10:00:00Z,297.04,0.01,2.05,0.0,2026-09-27T11:00:00Z,nodd,nodd
2026-09-27,austin-tx,urma,06,2026-09-27T11:00:00Z,296.52,0.0,0.52,0.0,2026-09-27T12:00:00Z,nodd,nodd
2026-09-27,austin-tx,urma,07,2026-09-27T12:00:00Z,296.13,0.0,0.31,0.0,2026-09-27T13:00:00Z,nodd,nodd
2026-09-27,austin-tx,urma,08,2026-09-27T13:00:00Z,296.31,0.03,0.64,0.0,2026-09-27T14:00:00Z,nodd,nodd
2026-09-27,austin-tx,urma,09,2026-09-27T14:00:00Z,299.02,0.0,3.09,0.0,2026-09-27T15:00:00Z,nodd,nodd
2026-09-27,austin-tx,urma,10,2026-09-27T15:00:00Z,301.75,1.79,5.17,0.0,2026-09-27T16:00:00Z,nodd,nodd
2026-09-27,austin-tx,urma,11,2026-09-27T16:00:00Z,304.02,2.53,5.05,0.0,2026-09-27T17:00:00Z,nodd,nodd
2026-09-27,austin-tx,urma,12,2026-09-27T17:00:00Z,305.84,2.77,6.89,0.0,2026-09-27T18:00:00Z,nodd,nodd
2026-09-27,austin-tx,urma,13,2026-09-27T18:00:00Z,307.54,2.13,4.73,0.0,2026-09-27T19:00:00Z,nodd,nodd
2026-09-27,austin-tx,urma,14,2026-09-27T19:00:00Z,308.56,2.76,4.01,0.0,2026-09-27T20:00:00Z,nodd,nodd
2026-09-27,austin-tx,urma,15,2026-09-27T20:00:00Z,309.16,3.14,6.19,0.0,2026-09-27T21:00:00Z,nodd,nodd
2026-09-27,austin-tx,urma,16,2026-09-27T21:00:00Z,309.71,1.97,4.17,0.0,2026-09-27T22:00:00Z,nodd,nodd
2026-09-27,austin-tx,urma,17,2026-09-27T22:00:00Z,309.4,2.23,3.95,0.0,2026-09-27T23:00:00Z,nodd,nodd
2026-09-27,austin-tx,urma,18,2026-09-27T23:00:00Z,308.06,2.32,7.2,0.0,2026-09-28T00:00:00Z,nodd,nodd
2026-09-27,austin-tx,urma,19,2026-09-28T00:00:00Z,306.02,2.88,5.92,0.0,2026-09-28T01:00:00Z,nodd,nodd
2026-09-27,austin-tx,urma,20,2026-09-28T01:00:00Z,304.64,0.92,3.96,0.0,2026-09-28T02:00:00Z,nodd,nodd
2026-09-27,austin-tx,urma,21,2026-09-28T02:00:00Z,304.13,1.8,1.8,0.0,2026-09-28T03:00:00Z,nodd,nodd
2026-09-27,austin-tx,urma,22,2026-09-28T03:00:00Z,303.38,1.52,2.64,0.0,2026-09-28T04:00:00Z,nodd,nodd
2026-09-27,austin-tx,urma,23,2026-09-28T04:00:00Z,303.19,1.44,2.35,0.0,2026-09-28T05:00:00Z,nodd,nodd
2026-09-27,portland-or,rtma,00,2026-09-27T07:00:00Z,285.31,2.5,4.99,0.0,2026-09-27T08:00:00Z,nodd,nodd
2026-09-27,portland-or,rtma,01,2026-09-27T08:00:00Z,284.79,2.34,4.58,0.0,2026-09-27T09:00:00Z,nodd,nodd
2026-09-27,portland-or,rtma,02,2026-09-27T09:00:00Z,284.4,2.0,2.72,0.0,2026-09-27T10:00:00Z,nodd,nodd
2026-09-27,portland-or,rtma,03,2026-09-27T10:00:00Z,283.89,2.41,4.51,0.0,2026-09-27T11:00:00Z,nodd,nodd
2026-09-27,portland-or,rtma,04,2026-09-27T11:00:00Z,283.26,2.19,4.54,0.0,2026-09-27T12:00:00Z,nodd,nodd
2026-09-27,portland-or,rtma,05,2026-09-27T12:00:00Z,282.9,1.96,4.2,0.0,2026-09-27T13:00:00Z,nodd,nodd
2026-09-27,portland-or,rtma,06,2026-09-27T13:00:00Z,282.66,2.47,4.19,0.0,2026-09-27T14:00:00Z,nodd,nodd
2026-09-27,portland-or,rtma,07,2026-09-27T14:00:00Z,282.2,1.46,2.88,0.0,2026-09-27T15:00:00Z,nodd,nodd
2026-09-27,portland-or,rtma,08,2026-09-27T15:00:00Z,282.52,1.63,2.56,0.0,2026-09-27T16:00:00Z,nodd,nodd
2026-09-27,portland-or,rtma,09,2026-09-27T16:00:00Z,284.41,2.24,2.25,0.0,2026-09-27T17:00:00Z,nodd,nodd
2026-09-27,portland-or,rtma,10,2026-09-27T17:00:00Z,286.65,2.05,4.06,0.0,2026-09-27T18:00:00Z,nodd,nodd
2026-09-27,portland-or,rtma,11,2026-09-27T18:00:00Z,289.15,1.81,3.56,0.0,2026-09-27T19:00:00Z,nodd,nodd
2026-09-27,portland-or,rtma,12,2026-09-27T19:00:00Z,291.29,2.04,4.03,0.0,2026-09-27T20:00:00Z,nodd,nodd
2026-09-27,portland-or,rtma,13,2026-09-27T20:00:00Z,293.36,2.09,4.61,0.0,2026-09-27T21:00:00Z,nodd,nodd
2026-09-27,portland-or,rtma,14,2026-09-27T21:00:00Z,294.65,2.42,5.91,0.0,2026-09-27T22:00:00Z,nodd,nodd
2026-09-27,portland-or,rtma,15,2026-09-27T22:00:00Z,295.75,1.84,5.24,0.0,2026-09-27T23:00:00Z,nodd,nodd
2026-09-27,portland-or,rtma,16,2026-09-27T23:00:00Z,295.73,1.99,5.27,0.0,2026-09-28T00:00:00Z,nodd,nodd
2026-09-27,portland-or,rtma,17,2026-09-28T00:00:00Z,295.21,2.01,5.89,0.0,2026-09-28T01:00:00Z,nodd,nodd
2026-09-27,portland-or,rtma,18,2026-09-28T01:00:00Z,293.41,2.11,9.09,0.0,2026-09-28T02:00:00Z,nodd,nodd
2026-09-27,portland-or,rtma,19,2026-09-28T02:00:00Z,291.59,1.24,7.16,0.0,2026-09-28T03:00:00Z,nodd,nodd
2026-09-27,portland-or,rtma,20,2026-09-28T03:00:00Z,290.15,2.51,5.58,0.0,2026-09-28T04:00:00Z,nodd,nodd
2026-09-27,portland-or,rtma,21,2026-09-28T04:00:00Z,289.31,3.33,5.18,0.0,2026-09-28T05:00:00Z,nodd,nodd
2026-09-27,portland-or,rtma,22,2026-09-28T05:00:00Z,288.57,2.64,3.93,0.0,2026-09-28T06:00:00Z,nodd,nodd
2026-09-27,portland-or,rtma,23,2026-09-28T06:00:00Z,287.72,1.34,1.53,0.0,2026-09-28T07:00:00Z,nodd,nodd
2026-09-27,portland-or,urma,00,2026-09-27T07:00:00Z,285.51,2.52,5.21,0.0,2026-09-27T08:00:00Z,nodd,nodd
2026-09-27,portland-or,urma,01,2026-09-27T08:00:00Z,284.8,2.39,4.63,0.0,2026-09-27T09:00:00Z,nodd,nodd
2026-09-27,portland-or,urma,02,2026-09-27T09:00:00Z,284.46,1.89,3.19,0.0,2026-09-27T10:00:00Z,nodd,nodd
2026-09-27,portland-or,urma,03,2026-09-27T10:00:00Z,283.97,2.34,4.59,0.0,2026-09-27T11:00:00Z,nodd,nodd
2026-09-27,portland-or,urma,04,2026-09-27T11:00:00Z,283.44,2.17,4.72,0.0,2026-09-27T12:00:00Z,nodd,nodd
2026-09-27,portland-or,urma,05,2026-09-27T12:00:00Z,282.92,2.06,2.68,0.0,2026-09-27T13:00:00Z,nodd,nodd
2026-09-27,portland-or,urma,06,2026-09-27T13:00:00Z,282.58,2.5,4.42,0.0,2026-09-27T14:00:00Z,nodd,nodd
2026-09-27,portland-or,urma,07,2026-09-27T14:00:00Z,282.2,1.41,2.72,0.0,2026-09-27T15:00:00Z,nodd,nodd
2026-09-27,portland-or,urma,08,2026-09-27T15:00:00Z,282.74,1.7,2.86,0.0,2026-09-27T16:00:00Z,nodd,nodd
2026-09-27,portland-or,urma,09,2026-09-27T16:00:00Z,284.25,2.25,2.58,0.0,2026-09-27T17:00:00Z,nodd,nodd
2026-09-27,portland-or,urma,10,2026-09-27T17:00:00Z,286.64,1.98,4.28,0.0,2026-09-27T18:00:00Z,nodd,nodd
2026-09-27,portland-or,urma,11,2026-09-27T18:00:00Z,289.14,1.85,3.97,0.0,2026-09-27T19:00:00Z,nodd,nodd
2026-09-27,portland-or,urma,12,2026-09-27T19:00:00Z,291.46,2.08,4.42,0.0,2026-09-27T20:00:00Z,nodd,nodd
2026-09-27,portland-or,urma,13,2026-09-27T20:00:00Z,293.39,2.14,4.87,0.0,2026-09-27T21:00:00Z,nodd,nodd
2026-09-27,portland-or,urma,14,2026-09-27T21:00:00Z,294.76,2.47,5.65,0.0,2026-09-27T22:00:00Z,nodd,nodd
2026-09-27,portland-or,urma,15,2026-09-27T22:00:00Z,295.82,1.83,5.3,0.0,2026-09-27T23:00:00Z,nodd,nodd
2026-09-27,portland-or,urma,16,2026-09-27T23:00:00Z,295.96,1.91,5.34,0.0,2026-09-28T00:00:00Z,nodd,nodd
2026-09-27,portland-or,urma,17,2026-09-28T00:00:00Z,295.15,1.85,6.32,0.0,2026-09-28T01:00:00Z,nodd,nodd
2026-09-27,portland-or,urma,18,2026-09-28T01:00:00Z,293.74,2.14,9.17,0.0,2026-09-28T02:00:00Z,nodd,nodd
2026-09-27,portland-or,urma,19,2026-09-28T02:00:00Z,291.55,1.17,7.11,0.0,2026-09-28T03:00:00Z,nodd,nodd
2026-09-27,portland-or,urma,20,2026-09-28T03:00:00Z,290.37,2.37,5.35,0.0,2026-09-28T04:00:00Z,nodd,nodd
2026-09-27,portland-or,urma,21,2026-09-28T04:00:00Z,289.48,3.06,5.03,0.0,2026-09-28T05:00:00Z,nodd,nodd
2026-09-27,portland-or,urma,22,2026-09-28T05:00:00Z,288.54,2.65,4.12,0.0,2026-09-28T06:00:00Z,nodd,nodd
2026-09-27,portland-or,urma,23,2026-09-28T06:00:00Z,287.82,1.4,1.62,0.0,2026-09-28T07:00:00Z,nodd,nodd
2026-09-27,sacramento-ca,rtma,00,2026-09-27T07:00:00Z,290.53,2.07,4.64,0.0,2026-09-27T08:00:00Z,nodd,nodd
2026-09-27,sacramento-ca,rtma,01,2026-09-27T08:00:00Z,289.77,2.24,4.59,0.0,2026-09-27T09:00:00Z,nodd,nodd
2026-09-27,sacramento-ca,rtma,02,2026-09-27T09:00:00Z,288.84,1.29,3.71,0.0,2026-09-27T10:00:00Z,nodd,nodd
2026-09-27,sacramento-ca,rtma,03,2026-09-27T10:00:00Z,288.32,1.94,4.36,0.0,2026-09-27T11:00:00Z,nodd,nodd
2026-09-27,sacramento-ca,rtma,04,2026-09-27T11:00:00Z,287.77,2.01,4.89,0.0,2026-09-27T12:00:00Z,nodd,nodd
2026-09-27,sacramento-ca,rtma,05,2026-09-27T12:00:00Z,287.3,2.4,4.68,0.0,2026-09-27T13:00:00Z,nodd,nodd
2026-09-27,sacramento-ca,rtma,06,2026-09-27T13:00:00Z,287.28,2.65,4.96,0.0,2026-09-27T14:00:00Z,nodd,nodd
2026-09-27,sacramento-ca,rtma,07,2026-09-27T14:00:00Z,287.56,2.42,5.58,0.0,2026-09-27T15:00:00Z,nodd,nodd
2026-09-27,sacramento-ca,rtma,08,2026-09-27T15:00:00Z,287.94,2.32,3.93,0.0,2026-09-27T16:00:00Z,nodd,nodd
2026-09-27,sacramento-ca,rtma,09,2026-09-27T16:00:00Z,289.14,2.91,5.09,0.0,2026-09-27T17:00:00Z,nodd,nodd
2026-09-27,sacramento-ca,rtma,10,2026-09-27T17:00:00Z,289.82,2.13,4.28,0.0,2026-09-27T18:00:00Z,nodd,nodd
2026-09-27,sacramento-ca,rtma,11,2026-09-27T18:00:00Z,291.09,3.16,5.74,0.0,2026-09-27T19:00:00Z,nodd,nodd
2026-09-27,sacramento-ca,rtma,12,2026-09-27T19:00:00Z,293.61,2.91,5.45,0.0,2026-09-27T20:00:00Z,nodd,nodd
2026-09-27,sacramento-ca,rtma,13,2026-09-27T20:00:00Z,296.26,2.66,5.1,0.0,2026-09-27T21:00:00Z,nodd,nodd
2026-09-27,sacramento-ca,rtma,14,2026-09-27T21:00:00Z,298.02,2.51,4.24,0.0,2026-09-27T22:00:00Z,nodd,nodd
2026-09-27,sacramento-ca,rtma,15,2026-09-27T22:00:00Z,299.07,2.51,5.63,0.0,2026-09-27T23:00:00Z,nodd,nodd
2026-09-27,sacramento-ca,rtma,16,2026-09-27T23:00:00Z,299.79,3.01,5.48,0.0,2026-09-28T00:00:00Z,nodd,nodd
2026-09-27,sacramento-ca,rtma,17,2026-09-28T00:00:00Z,299.41,3.19,6.09,0.0,2026-09-28T01:00:00Z,nodd,nodd
2026-09-27,sacramento-ca,rtma,18,2026-09-28T01:00:00Z,297.9,3.61,5.36,0.0,2026-09-28T02:00:00Z,nodd,nodd
2026-09-27,sacramento-ca,rtma,19,2026-09-28T02:00:00Z,294.31,3.36,6.62,0.0,2026-09-28T03:00:00Z,nodd,nodd
2026-09-27,sacramento-ca,rtma,20,2026-09-28T03:00:00Z,292.21,3.73,7.86,0.0,2026-09-28T04:00:00Z,nodd,nodd
2026-09-27,sacramento-ca,rtma,21,2026-09-28T04:00:00Z,290.52,3.17,6.89,0.0,2026-09-28T05:00:00Z,nodd,nodd
2026-09-27,sacramento-ca,rtma,22,2026-09-28T05:00:00Z,289.28,2.77,6.38,0.0,2026-09-28T06:00:00Z,nodd,nodd
2026-09-27,sacramento-ca,rtma,23,2026-09-28T06:00:00Z,288.0,1.99,5.62,0.0,2026-09-28T07:00:00Z,nodd,nodd
2026-09-27,sacramento-ca,urma,00,2026-09-27T07:00:00Z,290.91,2.07,4.55,0.0,2026-09-27T08:00:00Z,nodd,nodd
2026-09-27,sacramento-ca,urma,01,2026-09-27T08:00:00Z,289.8,2.34,4.81,0.0,2026-09-27T09:00:00Z,nodd,nodd
2026-09-27,sacramento-ca,urma,02,2026-09-27T09:00:00Z,288.91,1.23,3.91,0.0,2026-09-27T10:00:00Z,nodd,nodd
2026-09-27,sacramento-ca,urma,03,2026-09-27T10:00:00Z,288.34,1.89,4.27,0.0,2026-09-27T11:00:00Z,nodd,nodd
2026-09-27,sacramento-ca,urma,04,2026-09-27T11:00:00Z,287.84,1.95,4.75,0.0,2026-09-27T12:00:00Z,nodd,nodd
2026-09-27,sacramento-ca,urma,05,2026-09-27T12:00:00Z,287.36,2.3,4.69,0.0,2026-09-27T13:00:00Z,nodd,nodd
2026-09-27,sacramento-ca,urma,06,2026-09-27T13:00:00Z,287.6,2.61,4.96,0.0,2026-09-27T14:00:00Z,nodd,nodd
2026-09-27,sacramento-ca,urma,07,2026-09-27T14:00:00Z,287.56,2.31,5.55,0.0,2026-09-27T15:00:00Z,nodd,nodd
2026-09-27,sacramento-ca,urma,08,2026-09-27T15:00:00Z,287.9,2.19,3.99,0.0,2026-09-27T16:00:00Z,nodd,nodd
2026-09-27,sacramento-ca,urma,09,2026-09-27T16:00:00Z,289.05,2.81,5.04,0.0,2026-09-27T17:00:00Z,nodd,nodd
2026-09-27,sacramento-ca,urma,10,2026-09-27T17:00:00Z,289.77,2.08,4.31,0.0,2026-09-27T18:00:00Z,nodd,nodd
2026-09-27,sacramento-ca,urma,11,2026-09-27T18:00:00Z,291.0,3.2,5.74,0.0,2026-09-27T19:00:00Z,nodd,nodd
2026-09-27,sacramento-ca,urma,12,2026-09-27T19:00:00Z,293.51,2.86,5.51,0.0,2026-09-27T20:00:00Z,nodd,nodd
2026-09-27,sacramento-ca,urma,13,2026-09-27T20:00:00Z,296.14,2.67,5.14,0.0,2026-09-27T21:00:00Z,nodd,nodd
2026-09-27,sacramento-ca,urma,14,2026-09-27T21:00:00Z,297.98,2.49,4.28,0.0,2026-09-27T22:00:00Z,nodd,nodd
2026-09-27,sacramento-ca,urma,15,2026-09-27T22:00:00Z,298.97,2.45,5.54,0.0,2026-09-27T23:00:00Z,nodd,nodd
2026-09-27,sacramento-ca,urma,16,2026-09-27T23:00:00Z,299.71,2.83,5.4,0.0,2026-09-28T00:00:00Z,nodd,nodd
2026-09-27,sacramento-ca,urma,17,2026-09-28T00:00:00Z,299.38,2.99,6.08,0.0,2026-09-28T01:00:00Z,nodd,nodd
2026-09-27,sacramento-ca,urma,18,2026-09-28T01:00:00Z,297.92,3.53,5.37,0.0,2026-09-28T02:00:00Z,nodd,nodd
2026-09-27,sacramento-ca,urma,19,2026-09-28T02:00:00Z,294.32,3.36,6.58,0.0,2026-09-28T03:00:00Z,nodd,nodd
2026-09-27,sacramento-ca,urma,20,2026-09-28T03:00:00Z,292.22,3.58,7.71,0.0,2026-09-28T04:00:00Z,nodd,nodd
2026-09-27,sacramento-ca,urma,21,2026-09-28T04:00:00Z,290.54,3.11,6.89,0.0,2026-09-28T05:00:00Z,nodd,nodd
2026-09-27,sacramento-ca,urma,22,2026-09-28T05:00:00Z,289.36,2.71,6.46,0.0,2026-09-28T06:00:00Z,nodd,nodd
2026-09-27,sacramento-ca,urma,23,2026-09-28T06:00:00Z,288.05,1.91,5.79,0.0,2026-09-28T07:00:00Z,nodd,nodd
2026-09-27,pittsburgh-pa,rtma,00,2026-09-27T04:00:00Z,288.34,1.77,5.0,0.0,2026-09-27T05:00:00Z,nodd,nodd
2026-09-27,pittsburgh-pa,rtma,01,2026-09-27T05:00:00Z,287.51,2.29,4.99,0.0,2026-09-27T06:00:00Z,nodd,nodd
2026-09-27,pittsburgh-pa,rtma,02,2026-09-27T06:00:00Z,286.54,1.18,3.57,0.0,2026-09-27T07:00:00Z,nodd,nodd
2026-09-27,pittsburgh-pa,rtma,03,2026-09-27T07:00:00Z,285.63,1.54,3.29,0.0,2026-09-27T08:00:00Z,nodd,nodd
2026-09-27,pittsburgh-pa,rtma,04,2026-09-27T08:00:00Z,285.41,1.99,3.15,0.0,2026-09-27T09:00:00Z,nodd,nodd
2026-09-27,pittsburgh-pa,rtma,05,2026-09-27T09:00:00Z,284.94,3.27,7.04,0.0,2026-09-27T10:00:00Z,nodd,nodd
2026-09-27,pittsburgh-pa,rtma,06,2026-09-27T10:00:00Z,284.67,2.05,6.16,0.0,2026-09-27T11:00:00Z,nodd,nodd
2026-09-27,pittsburgh-pa,rtma,07,2026-09-27T11:00:00Z,284.35,2.49,2.9,0.0,2026-09-27T12:00:00Z,nodd,nodd
2026-09-27,pittsburgh-pa,rtma,08,2026-09-27T12:00:00Z,284.78,2.73,3.11,0.0,2026-09-27T13:00:00Z,nodd,nodd
2026-09-27,pittsburgh-pa,rtma,09,2026-09-27T13:00:00Z,287.63,3.36,8.17,0.0,2026-09-27T14:00:00Z,nodd,nodd
2026-09-27,pittsburgh-pa,rtma,10,2026-09-27T14:00:00Z,290.32,4.36,8.31,0.0,2026-09-27T15:00:00Z,nodd,nodd
2026-09-27,pittsburgh-pa,rtma,11,2026-09-27T15:00:00Z,292.39,5.99,10.78,0.0,2026-09-27T16:00:00Z,nodd,nodd
2026-09-27,pittsburgh-pa,rtma,12,2026-09-27T16:00:00Z,293.66,6.24,10.45,0.0,2026-09-27T17:00:00Z,nodd,nodd
2026-09-27,pittsburgh-pa,rtma,13,2026-09-27T17:00:00Z,295.06,6.49,11.24,0.0,2026-09-27T18:00:00Z,nodd,nodd
2026-09-27,pittsburgh-pa,rtma,14,2026-09-27T18:00:00Z,295.73,6.19,9.5,0.0,2026-09-27T19:00:00Z,nodd,nodd
2026-09-27,pittsburgh-pa,rtma,15,2026-09-27T19:00:00Z,294.6,5.87,9.56,0.0,2026-09-27T20:00:00Z,nodd,nodd
2026-09-27,pittsburgh-pa,rtma,16,2026-09-27T20:00:00Z,294.59,5.44,9.57,0.0,2026-09-27T21:00:00Z,nodd,nodd
2026-09-27,pittsburgh-pa,rtma,17,2026-09-27T21:00:00Z,293.81,5.74,9.44,0.0,2026-09-27T22:00:00Z,nodd,nodd
2026-09-27,pittsburgh-pa,rtma,18,2026-09-27T22:00:00Z,293.09,4.67,8.24,0.0,2026-09-27T23:00:00Z,nodd,nodd
2026-09-27,pittsburgh-pa,rtma,19,2026-09-27T23:00:00Z,292.14,5.3,9.52,0.0,2026-09-28T00:00:00Z,nodd,nodd
2026-09-27,pittsburgh-pa,rtma,20,2026-09-28T00:00:00Z,290.85,3.66,7.44,0.0,2026-09-28T01:00:00Z,nodd,nodd
2026-09-27,pittsburgh-pa,rtma,21,2026-09-28T01:00:00Z,289.3,4.83,10.42,0.0,2026-09-28T02:00:00Z,nodd,nodd
2026-09-27,pittsburgh-pa,rtma,22,2026-09-28T02:00:00Z,289.22,2.21,2.92,0.0,2026-09-28T03:00:00Z,nodd,nodd
2026-09-27,pittsburgh-pa,rtma,23,2026-09-28T03:00:00Z,288.89,0.0,5.63,0.0,2026-09-28T04:00:00Z,nodd,nodd
2026-09-27,pittsburgh-pa,urma,00,2026-09-27T04:00:00Z,288.31,1.67,5.13,0.0,2026-09-27T05:00:00Z,nodd,nodd
2026-09-27,pittsburgh-pa,urma,01,2026-09-27T05:00:00Z,287.54,2.39,5.0,0.0,2026-09-27T06:00:00Z,nodd,nodd
2026-09-27,pittsburgh-pa,urma,02,2026-09-27T06:00:00Z,286.59,1.31,3.6,0.0,2026-09-27T07:00:00Z,nodd,nodd
2026-09-27,pittsburgh-pa,urma,03,2026-09-27T07:00:00Z,285.86,1.63,3.34,0.0,2026-09-27T08:00:00Z,nodd,nodd
2026-09-27,pittsburgh-pa,urma,04,2026-09-27T08:00:00Z,285.38,1.86,3.2,0.0,2026-09-27T09:00:00Z,nodd,nodd
2026-09-27,pittsburgh-pa,urma,05,2026-09-27T09:00:00Z,284.95,3.38,7.0,0.0,2026-09-27T10:00:00Z,nodd,nodd
2026-09-27,pittsburgh-pa,urma,06,2026-09-27T10:00:00Z,284.6,2.11,6.06,0.0,2026-09-27T11:00:00Z,nodd,nodd
2026-09-27,pittsburgh-pa,urma,07,2026-09-27T11:00:00Z,284.35,2.79,2.95,0.0,2026-09-27T12:00:00Z,nodd,nodd
2026-09-27,pittsburgh-pa,urma,08,2026-09-27T12:00:00Z,284.77,2.82,3.03,0.0,2026-09-27T13:00:00Z,nodd,nodd
2026-09-27,pittsburgh-pa,urma,09,2026-09-27T13:00:00Z,287.72,3.55,8.21,0.0,2026-09-27T14:00:00Z,nodd,nodd
2026-09-27,pittsburgh-pa,urma,10,2026-09-27T14:00:00Z,290.37,4.76,8.35,0.0,2026-09-27T15:00:00Z,nodd,nodd
2026-09-27,pittsburgh-pa,urma,11,2026-09-27T15:00:00Z,292.38,6.44,10.95,0.0,2026-09-27T16:00:00Z,nodd,nodd
2026-09-27,pittsburgh-pa,urma,12,2026-09-27T16:00:00Z,293.64,6.3,10.42,0.0,2026-09-27T17:00:00Z,nodd,nodd
2026-09-27,pittsburgh-pa,urma,13,2026-09-27T17:00:00Z,295.02,6.47,11.19,0.0,2026-09-27T18:00:00Z,nodd,nodd
2026-09-27,pittsburgh-pa,urma,14,2026-09-27T18:00:00Z,295.67,6.24,9.29,0.0,2026-09-27T19:00:00Z,nodd,nodd
2026-09-27,pittsburgh-pa,urma,15,2026-09-27T19:00:00Z,294.68,5.87,9.59,0.0,2026-09-27T20:00:00Z,nodd,nodd
2026-09-27,pittsburgh-pa,urma,16,2026-09-27T20:00:00Z,294.53,5.53,9.52,0.0,2026-09-27T21:00:00Z,nodd,nodd
2026-09-27,pittsburgh-pa,urma,17,2026-09-27T21:00:00Z,293.85,6.19,9.53,0.0,2026-09-27T22:00:00Z,nodd,nodd
2026-09-27,pittsburgh-pa,urma,18,2026-09-27T22:00:00Z,293.11,4.83,8.25,0.0,2026-09-27T23:00:00Z,nodd,nodd
2026-09-27,pittsburgh-pa,urma,19,2026-09-27T23:00:00Z,292.21,5.24,9.36,0.0,2026-09-28T00:00:00Z,nodd,nodd
2026-09-27,pittsburgh-pa,urma,20,2026-09-28T00:00:00Z,290.88,3.6,7.25,0.0,2026-09-28T01:00:00Z,nodd,nodd
2026-09-27,pittsburgh-pa,urma,21,2026-09-28T01:00:00Z,289.56,4.94,10.34,0.0,2026-09-28T02:00:00Z,nodd,nodd
2026-09-27,pittsburgh-pa,urma,22,2026-09-28T02:00:00Z,289.23,2.25,2.94,0.0,2026-09-28T03:00:00Z,nodd,nodd
2026-09-27,pittsburgh-pa,urma,23,2026-09-28T03:00:00Z,288.93,0.42,5.68,0.0,2026-09-28T04:00:00Z,nodd,nodd
2026-09-27,las-vegas-nv,rtma,00,2026-09-27T07:00:00Z,302.46,3.67,4.68,0.0,2026-09-27T08:00:00Z,nodd,nodd
2026-09-27,las-vegas-nv,rtma,01,2026-09-27T08:00:00Z,301.75,3.56,4.54,0.0,2026-09-27T09:00:00Z,nodd,nodd
2026-09-27,las-vegas-nv,rtma,02,2026-09-27T09:00:00Z,301.12,3.84,4.55,0.0,2026-09-27T10:00:00Z,nodd,nodd
2026-09-27,las-vegas-nv,rtma,03,2026-09-27T10:00:00Z,300.17,4.19,5.31,0.0,2026-09-27T11:00:00Z,nodd,nodd
2026-09-27,las-vegas-nv,rtma,04,2026-09-27T11:00:00Z,299.22,3.27,4.64,0.0,2026-09-27T12:00:00Z,nodd,nodd
2026-09-27,las-vegas-nv,rtma,05,2026-09-27T12:00:00Z,298.27,1.55,3.44,0.0,2026-09-27T13:00:00Z,nodd,nodd
2026-09-27,las-vegas-nv,rtma,06,2026-09-27T13:00:00Z,297.49,1.45,1.45,0.0,2026-09-27T14:00:00Z,nodd,nodd
2026-09-27,las-vegas-nv,rtma,07,2026-09-27T14:00:00Z,296.92,1.84,2.61,0.0,2026-09-27T15:00:00Z,nodd,nodd
2026-09-27,las-vegas-nv,rtma,08,2026-09-27T15:00:00Z,297.12,0.71,0.71,0.0,2026-09-27T16:00:00Z,nodd,nodd
2026-09-27,las-vegas-nv,rtma,09,2026-09-27T16:00:00Z,299.22,0.15,2.95,0.0,2026-09-27T17:00:00Z,nodd,nodd
2026-09-27,las-vegas-nv,rtma,10,2026-09-27T17:00:00Z,301.5,0.0,2.99,0.0,2026-09-27T18:00:00Z,nodd,nodd
2026-09-27,las-vegas-nv,rtma,11,2026-09-27T18:00:00Z,303.54,1.48,5.28,0.0,2026-09-27T19:00:00Z,nodd,nodd
2026-09-27,las-vegas-nv,rtma,12,2026-09-27T19:00:00Z,304.76,4.16,9.9,0.0,2026-09-27T20:00:00Z,nodd,nodd
2026-09-27,las-vegas-nv,rtma,13,2026-09-27T20:00:00Z,306.42,3.8,10.07,0.0,2026-09-27T21:00:00Z,nodd,nodd
2026-09-27,las-vegas-nv,rtma,14,2026-09-27T21:00:00Z,305.84,8.02,11.05,0.0,2026-09-27T22:00:00Z,nodd,nodd
2026-09-27,las-vegas-nv,rtma,15,2026-09-27T22:00:00Z,306.25,7.96,10.52,0.0,2026-09-27T23:00:00Z,nodd,nodd
2026-09-27,las-vegas-nv,rtma,16,2026-09-27T23:00:00Z,305.6,7.52,11.23,0.0,2026-09-28T00:00:00Z,nodd,nodd
2026-09-27,las-vegas-nv,rtma,17,2026-09-28T00:00:00Z,304.7,6.51,9.39,0.0,2026-09-28T01:00:00Z,nodd,nodd
2026-09-27,las-vegas-nv,rtma,18,2026-09-28T01:00:00Z,304.14,7.86,11.78,0.0,2026-09-28T02:00:00Z,nodd,nodd
2026-09-27,las-vegas-nv,rtma,19,2026-09-28T02:00:00Z,302.98,6.73,9.35,0.0,2026-09-28T03:00:00Z,nodd,nodd
2026-09-27,las-vegas-nv,rtma,20,2026-09-28T03:00:00Z,301.84,7.05,11.0,0.0,2026-09-28T04:00:00Z,nodd,nodd
2026-09-27,las-vegas-nv,rtma,21,2026-09-28T04:00:00Z,301.33,6.73,11.02,0.0,2026-09-28T05:00:00Z,nodd,nodd
2026-09-27,las-vegas-nv,rtma,22,2026-09-28T05:00:00Z,300.69,4.99,8.02,0.0,2026-09-28T06:00:00Z,nodd,nodd
2026-09-27,las-vegas-nv,rtma,23,2026-09-28T06:00:00Z,300.46,2.79,7.47,0.0,2026-09-28T07:00:00Z,nodd,nodd
2026-09-27,las-vegas-nv,urma,00,2026-09-27T07:00:00Z,302.66,3.66,5.38,0.0,2026-09-27T08:00:00Z,nodd,nodd
2026-09-27,las-vegas-nv,urma,01,2026-09-27T08:00:00Z,301.74,3.43,4.4,0.0,2026-09-27T09:00:00Z,nodd,nodd
2026-09-27,las-vegas-nv,urma,02,2026-09-27T09:00:00Z,301.17,3.8,4.44,0.0,2026-09-27T10:00:00Z,nodd,nodd
2026-09-27,las-vegas-nv,urma,03,2026-09-27T10:00:00Z,300.21,4.13,5.04,0.0,2026-09-27T11:00:00Z,nodd,nodd
2026-09-27,las-vegas-nv,urma,04,2026-09-27T11:00:00Z,299.22,3.21,4.74,0.0,2026-09-27T12:00:00Z,nodd,nodd
2026-09-27,las-vegas-nv,urma,05,2026-09-27T12:00:00Z,298.24,1.51,3.2,0.0,2026-09-27T13:00:00Z,nodd,nodd
2026-09-27,las-vegas-nv,urma,06,2026-09-27T13:00:00Z,297.74,1.44,1.44,0.0,2026-09-27T14:00:00Z,nodd,nodd
2026-09-27,las-vegas-nv,urma,07,2026-09-27T14:00:00Z,297.02,1.8,1.82,0.0,2026-09-27T15:00:00Z,nodd,nodd
2026-09-27,las-vegas-nv,urma,08,2026-09-27T15:00:00Z,297.16,0.58,0.58,0.0,2026-09-27T16:00:00Z,nodd,nodd
2026-09-27,las-vegas-nv,urma,09,2026-09-27T16:00:00Z,299.19,0.06,2.88,0.0,2026-09-27T17:00:00Z,nodd,nodd
2026-09-27,las-vegas-nv,urma,10,2026-09-27T17:00:00Z,301.58,0.0,2.75,0.0,2026-09-27T18:00:00Z,nodd,nodd
2026-09-27,las-vegas-nv,urma,11,2026-09-27T18:00:00Z,303.52,1.54,4.76,0.0,2026-09-27T19:00:00Z,nodd,nodd
2026-09-27,las-vegas-nv,urma,12,2026-09-27T19:00:00Z,304.96,4.39,9.56,0.0,2026-09-27T20:00:00Z,nodd,nodd
2026-09-27,las-vegas-nv,urma,13,2026-09-27T20:00:00Z,306.38,3.81,10.04,0.0,2026-09-27T21:00:00Z,nodd,nodd
2026-09-27,las-vegas-nv,urma,14,2026-09-27T21:00:00Z,305.69,7.86,11.05,0.0,2026-09-27T22:00:00Z,nodd,nodd
2026-09-27,las-vegas-nv,urma,15,2026-09-27T22:00:00Z,306.25,7.9,10.55,0.0,2026-09-27T23:00:00Z,nodd,nodd
2026-09-27,las-vegas-nv,urma,16,2026-09-27T23:00:00Z,305.67,7.84,11.77,0.0,2026-09-28T00:00:00Z,nodd,nodd
2026-09-27,las-vegas-nv,urma,17,2026-09-28T00:00:00Z,304.56,6.62,10.87,0.015625,2026-09-28T01:00:00Z,nodd,nodd
2026-09-27,las-vegas-nv,urma,18,2026-09-28T01:00:00Z,304.21,7.7,11.74,0.0,2026-09-28T02:00:00Z,nodd,nodd
2026-09-27,las-vegas-nv,urma,19,2026-09-28T02:00:00Z,302.96,6.58,9.18,0.0,2026-09-28T03:00:00Z,nodd,nodd
2026-09-27,las-vegas-nv,urma,20,2026-09-28T03:00:00Z,301.86,7.12,10.77,0.0,2026-09-28T04:00:00Z,nodd,nodd
2026-09-27,las-vegas-nv,urma,21,2026-09-28T04:00:00Z,301.32,6.67,10.84,0.0,2026-09-28T05:00:00Z,nodd,nodd
2026-09-27,las-vegas-nv,urma,22,2026-09-28T05:00:00Z,300.68,4.81,7.94,0.0,2026-09-28T06:00:00Z,nodd,nodd
2026-09-27,las-vegas-nv,urma,23,2026-09-28T06:00:00Z,300.43,2.86,7.26,0.0,2026-09-28T07:00:00Z,nodd,nodd
2026-09-27,cincinnati-oh,rtma,00,2026-09-27T04:00:00Z,288.04,1.4,2.78,0.0,2026-09-27T05:00:00Z,nodd,nodd
2026-09-27,cincinnati-oh,rtma,01,2026-09-27T05:00:00Z,286.28,0.37,1.25,0.0,2026-09-27T06:00:00Z,nodd,nodd
2026-09-27,cincinnati-oh,rtma,02,2026-09-27T06:00:00Z,285.08,0.89,1.39,0.0,2026-09-27T07:00:00Z,nodd,nodd
2026-09-27,cincinnati-oh,rtma,03,2026-09-27T07:00:00Z,284.27,0.52,1.33,0.0,2026-09-27T08:00:00Z,nodd,nodd
2026-09-27,cincinnati-oh,rtma,04,2026-09-27T08:00:00Z,283.81,0.64,1.75,0.0,2026-09-27T09:00:00Z,nodd,nodd
2026-09-27,cincinnati-oh,rtma,05,2026-09-27T09:00:00Z,283.27,0.46,1.45,0.0,2026-09-27T10:00:00Z,nodd,nodd
2026-09-27,cincinnati-oh,rtma,06,2026-09-27T10:00:00Z,282.7,0.76,0.99,0.0,2026-09-27T11:00:00Z,nodd,nodd
2026-09-27,cincinnati-oh,rtma,07,2026-09-27T11:00:00Z,282.53,1.13,2.01,0.0,2026-09-27T12:00:00Z,nodd,nodd
2026-09-27,cincinnati-oh,rtma,08,2026-09-27T12:00:00Z,282.34,0.49,2.41,0.0,2026-09-27T13:00:00Z,nodd,nodd
2026-09-27,cincinnati-oh,rtma,09,2026-09-27T13:00:00Z,284.63,0.02,2.71,0.0,2026-09-27T14:00:00Z,nodd,nodd
2026-09-27,cincinnati-oh,rtma,10,2026-09-27T14:00:00Z,287.95,0.64,3.31,0.0,2026-09-27T15:00:00Z,nodd,nodd
2026-09-27,cincinnati-oh,rtma,11,2026-09-27T15:00:00Z,291.39,0.75,4.11,0.0,2026-09-27T16:00:00Z,nodd,nodd
2026-09-27,cincinnati-oh,rtma,12,2026-09-27T16:00:00Z,293.77,2.25,4.18,0.0,2026-09-27T17:00:00Z,nodd,nodd
2026-09-27,cincinnati-oh,rtma,13,2026-09-27T17:00:00Z,295.38,2.38,5.58,0.0,2026-09-27T18:00:00Z,nodd,nodd
2026-09-27,cincinnati-oh,rtma,14,2026-09-27T18:00:00Z,296.5,3.03,5.6,0.0,2026-09-27T19:00:00Z,nodd,nodd
2026-09-27,cincinnati-oh,rtma,15,2026-09-27T19:00:00Z,297.08,2.33,7.41,0.0,2026-09-27T20:00:00Z,nodd,nodd
2026-09-27,cincinnati-oh,rtma,16,2026-09-27T20:00:00Z,297.64,3.09,8.43,0.0,2026-09-27T21:00:00Z,nodd,nodd
2026-09-27,cincinnati-oh,rtma,17,2026-09-27T21:00:00Z,297.42,3.55,5.83,0.0,2026-09-27T22:00:00Z,nodd,nodd
2026-09-27,cincinnati-oh,rtma,18,2026-09-27T22:00:00Z,296.83,2.77,4.44,0.0,2026-09-27T23:00:00Z,nodd,nodd
2026-09-27,cincinnati-oh,rtma,19,2026-09-27T23:00:00Z,295.27,1.48,3.96,0.0,2026-09-28T00:00:00Z,nodd,nodd
2026-09-27,cincinnati-oh,rtma,20,2026-09-28T00:00:00Z,292.18,1.47,3.62,0.0,2026-09-28T01:00:00Z,nodd,nodd
2026-09-27,cincinnati-oh,rtma,21,2026-09-28T01:00:00Z,290.33,0.64,3.11,0.0,2026-09-28T02:00:00Z,nodd,nodd
2026-09-27,cincinnati-oh,rtma,22,2026-09-28T02:00:00Z,289.67,1.0,1.7,0.0,2026-09-28T03:00:00Z,nodd,nodd
2026-09-27,cincinnati-oh,rtma,23,2026-09-28T03:00:00Z,289.0,1.72,2.69,0.0,2026-09-28T04:00:00Z,nodd,nodd
2026-09-27,cincinnati-oh,urma,00,2026-09-27T04:00:00Z,288.08,1.41,2.77,0.0,2026-09-27T05:00:00Z,nodd,nodd
2026-09-27,cincinnati-oh,urma,01,2026-09-27T05:00:00Z,286.27,0.26,1.21,0.0,2026-09-27T06:00:00Z,nodd,nodd
2026-09-27,cincinnati-oh,urma,02,2026-09-27T06:00:00Z,285.07,0.84,1.44,0.0,2026-09-27T07:00:00Z,nodd,nodd
2026-09-27,cincinnati-oh,urma,03,2026-09-27T07:00:00Z,284.59,0.53,1.34,0.0,2026-09-27T08:00:00Z,nodd,nodd
2026-09-27,cincinnati-oh,urma,04,2026-09-27T08:00:00Z,283.79,0.66,1.79,0.0,2026-09-27T09:00:00Z,nodd,nodd
2026-09-27,cincinnati-oh,urma,05,2026-09-27T09:00:00Z,283.34,0.5,1.42,0.0,2026-09-27T10:00:00Z,nodd,nodd
2026-09-27,cincinnati-oh,urma,06,2026-09-27T10:00:00Z,282.75,0.72,1.01,0.0,2026-09-27T11:00:00Z,nodd,nodd
2026-09-27,cincinnati-oh,urma,07,2026-09-27T11:00:00Z,282.54,1.12,2.05,0.0,2026-09-27T12:00:00Z,nodd,nodd
2026-09-27,cincinnati-oh,urma,08,2026-09-27T12:00:00Z,282.39,0.46,2.46,0.0,2026-09-27T13:00:00Z,nodd,nodd
2026-09-27,cincinnati-oh,urma,09,2026-09-27T13:00:00Z,284.75,0.11,2.66,0.0,2026-09-27T14:00:00Z,nodd,nodd
2026-09-27,cincinnati-oh,urma,10,2026-09-27T14:00:00Z,288.11,0.61,3.33,0.0,2026-09-27T15:00:00Z,nodd,nodd
2026-09-27,cincinnati-oh,urma,11,2026-09-27T15:00:00Z,291.4,0.84,4.01,0.0,2026-09-27T16:00:00Z,nodd,nodd
2026-09-27,cincinnati-oh,urma,12,2026-09-27T16:00:00Z,293.78,2.31,3.99,0.0,2026-09-27T17:00:00Z,nodd,nodd
2026-09-27,cincinnati-oh,urma,13,2026-09-27T17:00:00Z,295.36,2.3,5.5,0.0,2026-09-27T18:00:00Z,nodd,nodd
2026-09-27,cincinnati-oh,urma,14,2026-09-27T18:00:00Z,296.46,3.0,5.56,0.0,2026-09-27T19:00:00Z,nodd,nodd
2026-09-27,cincinnati-oh,urma,15,2026-09-27T19:00:00Z,297.24,2.15,7.35,0.0,2026-09-27T20:00:00Z,nodd,nodd
2026-09-27,cincinnati-oh,urma,16,2026-09-27T20:00:00Z,297.62,3.13,8.5,0.0,2026-09-27T21:00:00Z,nodd,nodd
2026-09-27,cincinnati-oh,urma,17,2026-09-27T21:00:00Z,297.46,3.8,6.0,0.0,2026-09-27T22:00:00Z,nodd,nodd
2026-09-27,cincinnati-oh,urma,18,2026-09-27T22:00:00Z,296.84,2.69,4.15,0.0,2026-09-27T23:00:00Z,nodd,nodd
2026-09-27,cincinnati-oh,urma,19,2026-09-27T23:00:00Z,295.22,1.49,4.17,0.0,2026-09-28T00:00:00Z,nodd,nodd
2026-09-27,cincinnati-oh,urma,20,2026-09-28T00:00:00Z,292.06,1.32,2.94,0.0,2026-09-28T01:00:00Z,nodd,nodd
2026-09-27,cincinnati-oh,urma,21,2026-09-28T01:00:00Z,290.65,0.7,3.36,0.0,2026-09-28T02:00:00Z,nodd,nodd
2026-09-27,cincinnati-oh,urma,22,2026-09-28T02:00:00Z,289.73,1.03,1.58,0.0,2026-09-28T03:00:00Z,nodd,nodd
2026-09-27,cincinnati-oh,urma,23,2026-09-28T03:00:00Z,289.2,1.8,2.5,0.0,2026-09-28T04:00:00Z,nodd,nodd
2026-09-27,kansas-city-mo,rtma,00,2026-09-27T05:00:00Z,292.54,2.4,5.24,0.0,2026-09-27T06:00:00Z,nodd,nodd
2026-09-27,kansas-city-mo,rtma,01,2026-09-27T06:00:00Z,292.05,2.12,5.06,0.0,2026-09-27T07:00:00Z,nodd,nodd
2026-09-27,kansas-city-mo,rtma,02,2026-09-27T07:00:00Z,291.71,1.76,4.94,0.0,2026-09-27T08:00:00Z,nodd,nodd
2026-09-27,kansas-city-mo,rtma,03,2026-09-27T08:00:00Z,291.45,1.73,4.41,0.0625,2026-09-27T09:00:00Z,nodd,nodd
2026-09-27,kansas-city-mo,rtma,04,2026-09-27T09:00:00Z,291.69,1.88,3.63,0.015625,2026-09-27T10:00:00Z,nodd,nodd
2026-09-27,kansas-city-mo,rtma,05,2026-09-27T10:00:00Z,291.92,0.86,2.46,0.0,2026-09-27T11:00:00Z,nodd,nodd
2026-09-27,kansas-city-mo,rtma,06,2026-09-27T11:00:00Z,291.8,1.87,2.43,0.0,2026-09-27T12:00:00Z,nodd,nodd
2026-09-27,kansas-city-mo,rtma,07,2026-09-27T12:00:00Z,291.71,1.98,5.04,0.0,2026-09-27T13:00:00Z,nodd,nodd
2026-09-27,kansas-city-mo,rtma,08,2026-09-27T13:00:00Z,291.67,1.97,4.89,0.0,2026-09-27T14:00:00Z,nodd,nodd
2026-09-27,kansas-city-mo,rtma,09,2026-09-27T14:00:00Z,292.28,2.01,5.36,0.0,2026-09-27T15:00:00Z,nodd,nodd
2026-09-27,kansas-city-mo,rtma,10,2026-09-27T15:00:00Z,293.29,2.17,4.15,0.0,2026-09-27T16:00:00Z,nodd,nodd
2026-09-27,kansas-city-mo,rtma,11,2026-09-27T16:00:00Z,294.49,1.95,3.76,0.0,2026-09-27T17:00:00Z,nodd,nodd
2026-09-27,kansas-city-mo,rtma,12,2026-09-27T17:00:00Z,295.77,1.44,3.82,0.0,2026-09-27T18:00:00Z,nodd,nodd
2026-09-27,kansas-city-mo,rtma,13,2026-09-27T18:00:00Z,297.37,0.31,2.58,0.0,2026-09-27T19:00:00Z,nodd,nodd
2026-09-27,kansas-city-mo,rtma,14,2026-09-27T19:00:00Z,297.69,2.07,2.15,0.0,2026-09-27T20:00:00Z,nodd,nodd
2026-09-27,kansas-city-mo,rtma,15,2026-09-27T20:00:00Z,297.39,2.49,4.3,0.0,2026-09-27T21:00:00Z,nodd,nodd
2026-09-27,kansas-city-mo,rtma,16,2026-09-27T21:00:00Z,297.6,3.61,4.3,0.0,2026-09-27T22:00:00Z,nodd,nodd
2026-09-27,kansas-city-mo,rtma,17,2026-09-27T22:00:00Z,296.95,2.81,4.21,0.0,2026-09-27T23:00:00Z,nodd,nodd
2026-09-27,kansas-city-mo,rtma,18,2026-09-27T23:00:00Z,295.74,3.22,4.19,0.0,2026-09-28T00:00:00Z,nodd,nodd
2026-09-27,kansas-city-mo,rtma,19,2026-09-28T00:00:00Z,294.98,3.85,5.64,0.0,2026-09-28T01:00:00Z,nodd,nodd
2026-09-27,kansas-city-mo,rtma,20,2026-09-28T01:00:00Z,294.06,2.8,4.84,0.0,2026-09-28T02:00:00Z,nodd,nodd
2026-09-27,kansas-city-mo,rtma,21,2026-09-28T02:00:00Z,293.17,2.35,4.47,0.0,2026-09-28T03:00:00Z,nodd,nodd
2026-09-27,kansas-city-mo,rtma,22,2026-09-28T03:00:00Z,292.64,2.32,5.01,0.0,2026-09-28T04:00:00Z,nodd,nodd
2026-09-27,kansas-city-mo,rtma,23,2026-09-28T04:00:00Z,292.34,2.1,5.2,0.0,2026-09-28T05:00:00Z,nodd,nodd
2026-09-27,kansas-city-mo,urma,00,2026-09-27T05:00:00Z,292.53,2.43,3.99,0.0,2026-09-27T06:00:00Z,nodd,nodd
2026-09-27,kansas-city-mo,urma,01,2026-09-27T06:00:00Z,292.08,1.89,4.53,0.0,2026-09-27T07:00:00Z,nodd,nodd
2026-09-27,kansas-city-mo,urma,02,2026-09-27T07:00:00Z,291.81,1.76,3.8,0.0,2026-09-27T08:00:00Z,nodd,nodd
2026-09-27,kansas-city-mo,urma,03,2026-09-27T08:00:00Z,291.43,1.77,3.58,0.046875,2026-09-27T09:00:00Z,nodd,nodd
2026-09-27,kansas-city-mo,urma,04,2026-09-27T09:00:00Z,291.64,1.93,2.51,0.109375,2026-09-27T10:00:00Z,nodd,nodd
2026-09-27,kansas-city-mo,urma,05,2026-09-27T10:00:00Z,291.9,0.84,1.51,0.0,2026-09-27T11:00:00Z,nodd,nodd
2026-09-27,kansas-city-mo,urma,06,2026-09-27T11:00:00Z,291.79,2.04,2.04,0.0,2026-09-27T12:00:00Z,nodd,nodd
2026-09-27,kansas-city-mo,urma,07,2026-09-27T12:00:00Z,291.71,1.99,3.65,0.0,2026-09-27T13:00:00Z,nodd,nodd
2026-09-27,kansas-city-mo,urma,08,2026-09-27T13:00:00Z,291.85,2.09,4.18,0.0,2026-09-27T14:00:00Z,nodd,nodd
2026-09-27,kansas-city-mo,urma,09,2026-09-27T14:00:00Z,292.27,2.16,4.58,0.0,2026-09-27T15:00:00Z,nodd,nodd
2026-09-27,kansas-city-mo,urma,10,2026-09-27T15:00:00Z,293.27,2.37,3.85,0.0,2026-09-27T16:00:00Z,nodd,nodd
2026-09-27,kansas-city-mo,urma,11,2026-09-27T16:00:00Z,294.51,1.99,3.65,0.0,2026-09-27T17:00:00Z,nodd,nodd
2026-09-27,kansas-city-mo,urma,12,2026-09-27T17:00:00Z,295.82,1.35,3.65,0.0,2026-09-27T18:00:00Z,nodd,nodd
2026-09-27,kansas-city-mo,urma,13,2026-09-27T18:00:00Z,297.36,0.31,2.21,0.0,2026-09-27T19:00:00Z,nodd,nodd
2026-09-27,kansas-city-mo,urma,14,2026-09-27T19:00:00Z,297.55,2.1,2.17,0.0,2026-09-27T20:00:00Z,nodd,nodd
2026-09-27,kansas-city-mo,urma,15,2026-09-27T20:00:00Z,297.4,2.53,4.34,0.0,2026-09-27T21:00:00Z,nodd,nodd
2026-09-27,kansas-city-mo,urma,16,2026-09-27T21:00:00Z,297.56,3.71,4.15,0.0,2026-09-27T22:00:00Z,nodd,nodd
2026-09-27,kansas-city-mo,urma,17,2026-09-27T22:00:00Z,297.0,2.97,4.08,0.0,2026-09-27T23:00:00Z,nodd,nodd
2026-09-27,kansas-city-mo,urma,18,2026-09-27T23:00:00Z,295.81,3.2,4.37,0.0,2026-09-28T00:00:00Z,nodd,nodd
2026-09-27,kansas-city-mo,urma,19,2026-09-28T00:00:00Z,294.92,3.49,4.36,0.0,2026-09-28T01:00:00Z,nodd,nodd
2026-09-27,kansas-city-mo,urma,20,2026-09-28T01:00:00Z,294.32,2.79,3.4,0.0,2026-09-28T02:00:00Z,nodd,nodd
2026-09-27,kansas-city-mo,urma,21,2026-09-28T02:00:00Z,293.16,2.47,3.71,0.0,2026-09-28T03:00:00Z,nodd,nodd
2026-09-27,kansas-city-mo,urma,22,2026-09-28T03:00:00Z,292.69,2.59,4.76,0.0,2026-09-28T04:00:00Z,nodd,nodd
2026-09-27,kansas-city-mo,urma,23,2026-09-28T04:00:00Z,292.32,2.05,4.72,0.0,2026-09-28T05:00:00Z,nodd,nodd
2026-09-27,columbus-oh,rtma,00,2026-09-27T04:00:00Z,286.4,2.91,5.35,0.0,2026-09-27T05:00:00Z,nodd,nodd
2026-09-27,columbus-oh,rtma,01,2026-09-27T05:00:00Z,285.32,1.76,4.92,0.0,2026-09-27T06:00:00Z,nodd,nodd
2026-09-27,columbus-oh,rtma,02,2026-09-27T06:00:00Z,284.81,1.1,4.68,0.0,2026-09-27T07:00:00Z,nodd,nodd
2026-09-27,columbus-oh,rtma,03,2026-09-27T07:00:00Z,284.3,2.16,5.12,0.0,2026-09-27T08:00:00Z,nodd,nodd
2026-09-27,columbus-oh,rtma,04,2026-09-27T08:00:00Z,284.2,1.62,4.46,0.0,2026-09-27T09:00:00Z,nodd,nodd
2026-09-27,columbus-oh,rtma,05,2026-09-27T09:00:00Z,283.82,1.66,4.75,0.0,2026-09-27T10:00:00Z,nodd,nodd
2026-09-27,columbus-oh,rtma,06,2026-09-27T10:00:00Z,283.53,1.59,4.97,0.0,2026-09-27T11:00:00Z,nodd,nodd
2026-09-27,columbus-oh,rtma,07,2026-09-27T11:00:00Z,283.58,1.87,5.39,0.0,2026-09-27T12:00:00Z,nodd,nodd
2026-09-27,columbus-oh,rtma,08,2026-09-27T12:00:00Z,283.68,1.93,4.98,0.0,2026-09-27T13:00:00Z,nodd,nodd
2026-09-27,columbus-oh,rtma,09,2026-09-27T13:00:00Z,285.91,2.58,6.83,0.0,2026-09-27T14:00:00Z,nodd,nodd
2026-09-27,columbus-oh,rtma,10,2026-09-27T14:00:00Z,288.46,3.6,6.72,0.0,2026-09-27T15:00:00Z,nodd,nodd
2026-09-27,columbus-oh,rtma,11,2026-09-27T15:00:00Z,290.54,3.01,7.09,0.0,2026-09-27T16:00:00Z,nodd,nodd
2026-09-27,columbus-oh,rtma,12,2026-09-27T16:00:00Z,292.32,4.04,8.15,0.0,2026-09-27T17:00:00Z,nodd,nodd
2026-09-27,columbus-oh,rtma,13,2026-09-27T17:00:00Z,293.89,4.99,7.13,0.0,2026-09-27T18:00:00Z,nodd,nodd
2026-09-27,columbus-oh,rtma,14,2026-09-27T18:00:00Z,295.37,5.65,8.63,0.0,2026-09-27T19:00:00Z,nodd,nodd
2026-09-27,columbus-oh,rtma,15,2026-09-27T19:00:00Z,296.49,5.05,8.66,0.0,2026-09-27T20:00:00Z,nodd,nodd
2026-09-27,columbus-oh,rtma,16,2026-09-27T20:00:00Z,296.83,5.7,9.96,0.0,2026-09-27T21:00:00Z,nodd,nodd
2026-09-27,columbus-oh,rtma,17,2026-09-27T21:00:00Z,296.85,5.45,8.11,0.0,2026-09-27T22:00:00Z,nodd,nodd
2026-09-27,columbus-oh,rtma,18,2026-09-27T22:00:00Z,296.54,5.82,8.4,0.0,2026-09-27T23:00:00Z,nodd,nodd
2026-09-27,columbus-oh,rtma,19,2026-09-27T23:00:00Z,295.09,4.52,5.28,0.0,2026-09-28T00:00:00Z,nodd,nodd
2026-09-27,columbus-oh,rtma,20,2026-09-28T00:00:00Z,292.48,2.96,6.23,0.0,2026-09-28T01:00:00Z,nodd,nodd
2026-09-27,columbus-oh,rtma,21,2026-09-28T01:00:00Z,290.37,1.16,5.29,0.0,2026-09-28T02:00:00Z,nodd,nodd
2026-09-27,columbus-oh,rtma,22,2026-09-28T02:00:00Z,288.29,0.73,3.85,0.0,2026-09-28T03:00:00Z,nodd,nodd
2026-09-27,columbus-oh,rtma,23,2026-09-28T03:00:00Z,287.22,1.41,2.97,0.0,2026-09-28T04:00:00Z,nodd,nodd
2026-09-27,columbus-oh,urma,00,2026-09-27T04:00:00Z,286.44,2.88,5.33,0.0,2026-09-27T05:00:00Z,nodd,nodd
2026-09-27,columbus-oh,urma,01,2026-09-27T05:00:00Z,285.31,1.83,4.95,0.0,2026-09-27T06:00:00Z,nodd,nodd
2026-09-27,columbus-oh,urma,02,2026-09-27T06:00:00Z,284.82,1.11,4.65,0.0,2026-09-27T07:00:00Z,nodd,nodd
2026-09-27,columbus-oh,urma,03,2026-09-27T07:00:00Z,284.43,2.13,5.11,0.0,2026-09-27T08:00:00Z,nodd,nodd
2026-09-27,columbus-oh,urma,04,2026-09-27T08:00:00Z,284.23,1.52,4.44,0.0,2026-09-27T09:00:00Z,nodd,nodd
2026-09-27,columbus-oh,urma,05,2026-09-27T09:00:00Z,283.88,1.66,4.74,0.0,2026-09-27T10:00:00Z,nodd,nodd
2026-09-27,columbus-oh,urma,06,2026-09-27T10:00:00Z,283.64,1.54,4.96,0.0,2026-09-27T11:00:00Z,nodd,nodd
2026-09-27,columbus-oh,urma,07,2026-09-27T11:00:00Z,283.63,1.88,5.33,0.0,2026-09-27T12:00:00Z,nodd,nodd
2026-09-27,columbus-oh,urma,08,2026-09-27T12:00:00Z,283.78,1.9,4.98,0.0,2026-09-27T13:00:00Z,nodd,nodd
2026-09-27,columbus-oh,urma,09,2026-09-27T13:00:00Z,286.18,2.53,6.81,0.0,2026-09-27T14:00:00Z,nodd,nodd
2026-09-27,columbus-oh,urma,10,2026-09-27T14:00:00Z,288.54,3.62,6.71,0.0,2026-09-27T15:00:00Z,nodd,nodd
2026-09-27,columbus-oh,urma,11,2026-09-27T15:00:00Z,290.62,3.15,7.15,0.0,2026-09-27T16:00:00Z,nodd,nodd
2026-09-27,columbus-oh,urma,12,2026-09-27T16:00:00Z,292.32,4.17,8.58,0.0,2026-09-27T17:00:00Z,nodd,nodd
2026-09-27,columbus-oh,urma,13,2026-09-27T17:00:00Z,293.92,4.89,7.23,0.0,2026-09-27T18:00:00Z,nodd,nodd
2026-09-27,columbus-oh,urma,14,2026-09-27T18:00:00Z,295.37,5.69,8.78,0.0,2026-09-27T19:00:00Z,nodd,nodd
2026-09-27,columbus-oh,urma,15,2026-09-27T19:00:00Z,296.36,5.01,8.87,0.0,2026-09-27T20:00:00Z,nodd,nodd
2026-09-27,columbus-oh,urma,16,2026-09-27T20:00:00Z,296.87,5.68,9.85,0.0,2026-09-27T21:00:00Z,nodd,nodd
2026-09-27,columbus-oh,urma,17,2026-09-27T21:00:00Z,296.91,5.42,8.32,0.0,2026-09-27T22:00:00Z,nodd,nodd
2026-09-27,columbus-oh,urma,18,2026-09-27T22:00:00Z,296.5,5.93,8.41,0.0,2026-09-27T23:00:00Z,nodd,nodd
2026-09-27,columbus-oh,urma,19,2026-09-27T23:00:00Z,295.13,4.47,5.28,0.0,2026-09-28T00:00:00Z,nodd,nodd
2026-09-27,columbus-oh,urma,20,2026-09-28T00:00:00Z,292.54,2.94,6.16,0.0,2026-09-28T01:00:00Z,nodd,nodd
2026-09-27,columbus-oh,urma,21,2026-09-28T01:00:00Z,290.58,1.17,5.2,0.0,2026-09-28T02:00:00Z,nodd,nodd
2026-09-27,columbus-oh,urma,22,2026-09-28T02:00:00Z,288.26,0.69,3.84,0.0,2026-09-28T03:00:00Z,nodd,nodd
2026-09-27,columbus-oh,urma,23,2026-09-28T03:00:00Z,287.33,1.44,2.96,0.0,2026-09-28T04:00:00Z,nodd,nodd
2026-09-27,indianapolis-in,rtma,00,2026-09-27T04:00:00Z,288.07,1.82,4.5,0.0,2026-09-27T05:00:00Z,nodd,nodd
2026-09-27,indianapolis-in,rtma,01,2026-09-27T05:00:00Z,286.95,1.07,5.68,0.0,2026-09-27T06:00:00Z,nodd,nodd
2026-09-27,indianapolis-in,rtma,02,2026-09-27T06:00:00Z,285.56,0.62,3.85,0.0,2026-09-27T07:00:00Z,nodd,nodd
2026-09-27,indianapolis-in,rtma,03,2026-09-27T07:00:00Z,284.59,0.39,2.97,0.0,2026-09-27T08:00:00Z,nodd,nodd
2026-09-27,indianapolis-in,rtma,04,2026-09-27T08:00:00Z,284.21,0.2,2.62,0.0,2026-09-27T09:00:00Z,nodd,nodd
2026-09-27,indianapolis-in,rtma,05,2026-09-27T09:00:00Z,283.43,0.17,2.95,0.0,2026-09-27T10:00:00Z,nodd,nodd
2026-09-27,indianapolis-in,rtma,06,2026-09-27T10:00:00Z,283.23,0.6,3.4,0.0,2026-09-27T11:00:00Z,nodd,nodd
2026-09-27,indianapolis-in,rtma,07,2026-09-27T11:00:00Z,282.73,0.67,2.18,0.0,2026-09-27T12:00:00Z,nodd,nodd
2026-09-27,indianapolis-in,rtma,08,2026-09-27T12:00:00Z,282.76,1.1,3.19,0.0,2026-09-27T13:00:00Z,nodd,nodd
2026-09-27,indianapolis-in,rtma,09,2026-09-27T13:00:00Z,284.31,1.57,3.01,0.0,2026-09-27T14:00:00Z,nodd,nodd
2026-09-27,indianapolis-in,rtma,10,2026-09-27T14:00:00Z,287.84,2.29,3.86,0.0,2026-09-27T15:00:00Z,nodd,nodd
2026-09-27,indianapolis-in,rtma,11,2026-09-27T15:00:00Z,290.86,1.66,3.6,0.0,2026-09-27T16:00:00Z,nodd,nodd
2026-09-27,indianapolis-in,rtma,12,2026-09-27T16:00:00Z,293.03,3.21,4.41,0.0,2026-09-27T17:00:00Z,nodd,nodd
2026-09-27,indianapolis-in,rtma,13,2026-09-27T17:00:00Z,294.52,2.62,6.34,0.0,2026-09-27T18:00:00Z,nodd,nodd
2026-09-27,indianapolis-in,rtma,14,2026-09-27T18:00:00Z,295.64,3.57,4.53,0.0,2026-09-27T19:00:00Z,nodd,nodd
2026-09-27,indianapolis-in,rtma,15,2026-09-27T19:00:00Z,296.94,3.52,6.66,0.0,2026-09-27T20:00:00Z,nodd,nodd
2026-09-27,indianapolis-in,rtma,16,2026-09-27T20:00:00Z,297.56,3.86,8.12,0.0,2026-09-27T21:00:00Z,nodd,nodd
2026-09-27,indianapolis-in,rtma,17,2026-09-27T21:00:00Z,297.85,3.33,6.45,0.0,2026-09-27T22:00:00Z,nodd,nodd
2026-09-27,indianapolis-in,rtma,18,2026-09-27T22:00:00Z,297.63,4.18,6.5,0.0,2026-09-27T23:00:00Z,nodd,nodd
2026-09-27,indianapolis-in,rtma,19,2026-09-27T23:00:00Z,296.51,2.47,4.48,0.0,2026-09-28T00:00:00Z,nodd,nodd
2026-09-27,indianapolis-in,rtma,20,2026-09-28T00:00:00Z,293.05,0.83,2.49,0.0,2026-09-28T01:00:00Z,nodd,nodd
2026-09-27,indianapolis-in,rtma,21,2026-09-28T01:00:00Z,290.52,1.18,3.04,0.0,2026-09-28T02:00:00Z,nodd,nodd
2026-09-27,indianapolis-in,rtma,22,2026-09-28T02:00:00Z,289.51,1.02,3.35,0.0,2026-09-28T03:00:00Z,nodd,nodd
2026-09-27,indianapolis-in,rtma,23,2026-09-28T03:00:00Z,288.46,1.47,3.75,0.0,2026-09-28T04:00:00Z,nodd,nodd
2026-09-27,indianapolis-in,urma,00,2026-09-27T04:00:00Z,288.09,1.82,4.52,0.0,2026-09-27T05:00:00Z,nodd,nodd
2026-09-27,indianapolis-in,urma,01,2026-09-27T05:00:00Z,286.93,0.87,5.69,0.0,2026-09-27T06:00:00Z,nodd,nodd
2026-09-27,indianapolis-in,urma,02,2026-09-27T06:00:00Z,285.61,0.65,3.84,0.0,2026-09-27T07:00:00Z,nodd,nodd
2026-09-27,indianapolis-in,urma,03,2026-09-27T07:00:00Z,284.94,0.29,3.0,0.0,2026-09-27T08:00:00Z,nodd,nodd
2026-09-27,indianapolis-in,urma,04,2026-09-27T08:00:00Z,284.19,0.28,2.58,0.0,2026-09-27T09:00:00Z,nodd,nodd
2026-09-27,indianapolis-in,urma,05,2026-09-27T09:00:00Z,283.55,0.0,2.94,0.0,2026-09-27T10:00:00Z,nodd,nodd
2026-09-27,indianapolis-in,urma,06,2026-09-27T10:00:00Z,283.27,0.72,3.36,0.0,2026-09-27T11:00:00Z,nodd,nodd
2026-09-27,indianapolis-in,urma,07,2026-09-27T11:00:00Z,282.77,0.68,2.21,0.0,2026-09-27T12:00:00Z,nodd,nodd
2026-09-27,indianapolis-in,urma,08,2026-09-27T12:00:00Z,282.97,1.11,3.08,0.0,2026-09-27T13:00:00Z,nodd,nodd
2026-09-27,indianapolis-in,urma,09,2026-09-27T13:00:00Z,284.47,1.7,3.0,0.0,2026-09-27T14:00:00Z,nodd,nodd
2026-09-27,indianapolis-in,urma,10,2026-09-27T14:00:00Z,287.94,2.18,3.87,0.0,2026-09-27T15:00:00Z,nodd,nodd
2026-09-27,indianapolis-in,urma,11,2026-09-27T15:00:00Z,290.87,1.65,3.62,0.0,2026-09-27T16:00:00Z,nodd,nodd
2026-09-27,indianapolis-in,urma,12,2026-09-27T16:00:00Z,293.03,3.31,4.41,0.0,2026-09-27T17:00:00Z,nodd,nodd
2026-09-27,indianapolis-in,urma,13,2026-09-27T17:00:00Z,294.53,2.85,6.31,0.0,2026-09-27T18:00:00Z,nodd,nodd
2026-09-27,indianapolis-in,urma,14,2026-09-27T18:00:00Z,295.69,3.41,4.53,0.0,2026-09-27T19:00:00Z,nodd,nodd
2026-09-27,indianapolis-in,urma,15,2026-09-27T19:00:00Z,296.97,3.52,6.54,0.0,2026-09-27T20:00:00Z,nodd,nodd
2026-09-27,indianapolis-in,urma,16,2026-09-27T20:00:00Z,297.61,3.83,8.29,0.0,2026-09-27T21:00:00Z,nodd,nodd
2026-09-27,indianapolis-in,urma,17,2026-09-27T21:00:00Z,297.91,2.85,6.47,0.0,2026-09-27T22:00:00Z,nodd,nodd
2026-09-27,indianapolis-in,urma,18,2026-09-27T22:00:00Z,297.64,4.2,6.48,0.0,2026-09-27T23:00:00Z,nodd,nodd
2026-09-27,indianapolis-in,urma,19,2026-09-27T23:00:00Z,296.52,2.52,4.48,0.0,2026-09-28T00:00:00Z,nodd,nodd
2026-09-27,indianapolis-in,urma,20,2026-09-28T00:00:00Z,293.31,0.84,2.39,0.0,2026-09-28T01:00:00Z,nodd,nodd
2026-09-27,indianapolis-in,urma,21,2026-09-28T01:00:00Z,291.42,1.12,3.05,0.0,2026-09-28T02:00:00Z,nodd,nodd
2026-09-27,indianapolis-in,urma,22,2026-09-28T02:00:00Z,289.51,1.11,3.31,0.0,2026-09-28T03:00:00Z,nodd,nodd
2026-09-27,indianapolis-in,urma,23,2026-09-28T03:00:00Z,288.63,1.52,3.74,0.0,2026-09-28T04:00:00Z,nodd,nodd
2026-09-27,cleveland-oh,rtma,00,2026-09-27T04:00:00Z,289.59,2.43,6.39,0.0,2026-09-27T05:00:00Z,nodd,nodd
2026-09-27,cleveland-oh,rtma,01,2026-09-27T05:00:00Z,289.16,1.79,5.8,0.0,2026-09-27T06:00:00Z,nodd,nodd
2026-09-27,cleveland-oh,rtma,02,2026-09-27T06:00:00Z,287.7,0.93,3.6,0.0,2026-09-27T07:00:00Z,nodd,nodd
2026-09-27,cleveland-oh,rtma,03,2026-09-27T07:00:00Z,286.96,0.03,4.61,0.0,2026-09-27T08:00:00Z,nodd,nodd
2026-09-27,cleveland-oh,rtma,04,2026-09-27T08:00:00Z,287.65,1.23,4.09,0.0,2026-09-27T09:00:00Z,nodd,nodd
2026-09-27,cleveland-oh,rtma,05,2026-09-27T09:00:00Z,287.32,0.54,5.1,0.0,2026-09-27T10:00:00Z,nodd,nodd
2026-09-27,cleveland-oh,rtma,06,2026-09-27T10:00:00Z,286.56,0.77,5.62,0.0,2026-09-27T11:00:00Z,nodd,nodd
2026-09-27,cleveland-oh,rtma,07,2026-09-27T11:00:00Z,285.39,1.69,5.22,0.0,2026-09-27T12:00:00Z,nodd,nodd
2026-09-27,cleveland-oh,rtma,08,2026-09-27T12:00:00Z,286.34,1.91,5.77,0.0,2026-09-27T13:00:00Z,nodd,nodd
2026-09-27,cleveland-oh,rtma,09,2026-09-27T13:00:00Z,289.75,2.91,6.49,0.0,2026-09-27T14:00:00Z,nodd,nodd
2026-09-27,cleveland-oh,rtma,10,2026-09-27T14:00:00Z,292.36,5.76,8.06,0.0,2026-09-27T15:00:00Z,nodd,nodd
2026-09-27,cleveland-oh,rtma,11,2026-09-27T15:00:00Z,293.29,5.35,7.71,0.0,2026-09-27T16:00:00Z,nodd,nodd
2026-09-27,cleveland-oh,rtma,12,2026-09-27T16:00:00Z,293.67,5.29,8.24,0.0,2026-09-27T17:00:00Z,nodd,nodd
2026-09-27,cleveland-oh,rtma,13,2026-09-27T17:00:00Z,293.7,5.32,7.81,0.0,2026-09-27T18:00:00Z,nodd,nodd
2026-09-27,cleveland-oh,rtma,14,2026-09-27T18:00:00Z,293.81,5.53,7.53,0.0,2026-09-27T19:00:00Z,nodd,nodd
2026-09-27,cleveland-oh,rtma,15,2026-09-27T19:00:00Z,294.0,5.26,8.02,0.0,2026-09-27T20:00:00Z,nodd,nodd
2026-09-27,cleveland-oh,rtma,16,2026-09-27T20:00:00Z,294.3,3.66,6.08,0.0,2026-09-27T21:00:00Z,nodd,nodd
2026-09-27,cleveland-oh,rtma,17,2026-09-27T21:00:00Z,294.62,2.64,5.74,0.0,2026-09-27T22:00:00Z,nodd,nodd
2026-09-27,cleveland-oh,rtma,18,2026-09-27T22:00:00Z,294.24,3.64,7.09,0.0,2026-09-27T23:00:00Z,nodd,nodd
2026-09-27,cleveland-oh,rtma,19,2026-09-27T23:00:00Z,293.31,3.37,4.27,0.0,2026-09-28T00:00:00Z,nodd,nodd
2026-09-27,cleveland-oh,rtma,20,2026-09-28T00:00:00Z,292.75,5.07,10.71,0.0,2026-09-28T01:00:00Z,nodd,nodd
2026-09-27,cleveland-oh,rtma,21,2026-09-28T01:00:00Z,293.03,6.25,10.25,0.0,2026-09-28T02:00:00Z,nodd,nodd
2026-09-27,cleveland-oh,rtma,22,2026-09-28T02:00:00Z,292.53,5.64,9.69,0.0,2026-09-28T03:00:00Z,nodd,nodd
2026-09-27,cleveland-oh,rtma,23,2026-09-28T03:00:00Z,291.74,3.92,7.59,0.0,2026-09-28T04:00:00Z,nodd,nodd
2026-09-27,cleveland-oh,urma,00,2026-09-27T04:00:00Z,289.62,2.15,5.89,0.0,2026-09-27T05:00:00Z,nodd,nodd
2026-09-27,cleveland-oh,urma,01,2026-09-27T05:00:00Z,289.08,1.69,5.79,0.0,2026-09-27T06:00:00Z,nodd,nodd
2026-09-27,cleveland-oh,urma,02,2026-09-27T06:00:00Z,287.59,0.62,3.74,0.0,2026-09-27T07:00:00Z,nodd,nodd
2026-09-27,cleveland-oh,urma,03,2026-09-27T07:00:00Z,287.62,0.0,5.08,0.0,2026-09-27T08:00:00Z,nodd,nodd
2026-09-27,cleveland-oh,urma,04,2026-09-27T08:00:00Z,287.65,0.95,5.37,0.0,2026-09-27T09:00:00Z,nodd,nodd
2026-09-27,cleveland-oh,urma,05,2026-09-27T09:00:00Z,287.33,0.35,4.74,0.0,2026-09-27T10:00:00Z,nodd,nodd
2026-09-27,cleveland-oh,urma,06,2026-09-27T10:00:00Z,286.52,0.59,6.25,0.0,2026-09-27T11:00:00Z,nodd,nodd
2026-09-27,cleveland-oh,urma,07,2026-09-27T11:00:00Z,285.31,1.36,4.66,0.0,2026-09-27T12:00:00Z,nodd,nodd
2026-09-27,cleveland-oh,urma,08,2026-09-27T12:00:00Z,286.42,2.04,5.65,0.0,2026-09-27T13:00:00Z,nodd,nodd
2026-09-27,cleveland-oh,urma,09,2026-09-27T13:00:00Z,290.36,2.71,6.58,0.0,2026-09-27T14:00:00Z,nodd,nodd
2026-09-27,cleveland-oh,urma,10,2026-09-27T14:00:00Z,292.34,5.53,7.93,0.0,2026-09-27T15:00:00Z,nodd,nodd
2026-09-27,cleveland-oh,urma,11,2026-09-27T15:00:00Z,293.3,5.42,7.69,0.0,2026-09-27T16:00:00Z,nodd,nodd
2026-09-27,cleveland-oh,urma,12,2026-09-27T16:00:00Z,293.65,5.32,8.02,0.0,2026-09-27T17:00:00Z,nodd,nodd
2026-09-27,cleveland-oh,urma,13,2026-09-27T17:00:00Z,293.67,5.37,7.52,0.0,2026-09-27T18:00:00Z,nodd,nodd
2026-09-27,cleveland-oh,urma,14,2026-09-27T18:00:00Z,293.79,5.51,7.56,0.0,2026-09-27T19:00:00Z,nodd,nodd
2026-09-27,cleveland-oh,urma,15,2026-09-27T19:00:00Z,293.95,5.18,7.84,0.0,2026-09-27T20:00:00Z,nodd,nodd
2026-09-27,cleveland-oh,urma,16,2026-09-27T20:00:00Z,294.32,3.5,5.87,0.0,2026-09-27T21:00:00Z,nodd,nodd
2026-09-27,cleveland-oh,urma,17,2026-09-27T21:00:00Z,294.59,2.61,5.5,0.0,2026-09-27T22:00:00Z,nodd,nodd
2026-09-27,cleveland-oh,urma,18,2026-09-27T22:00:00Z,294.22,3.69,6.85,0.0,2026-09-27T23:00:00Z,nodd,nodd
2026-09-27,cleveland-oh,urma,19,2026-09-27T23:00:00Z,293.38,3.46,4.65,0.0,2026-09-28T00:00:00Z,nodd,nodd
2026-09-27,cleveland-oh,urma,20,2026-09-28T00:00:00Z,292.73,4.9,10.72,0.0,2026-09-28T01:00:00Z,nodd,nodd
2026-09-27,cleveland-oh,urma,21,2026-09-28T01:00:00Z,293.04,6.25,10.6,0.0,2026-09-28T02:00:00Z,nodd,nodd
2026-09-27,cleveland-oh,urma,22,2026-09-28T02:00:00Z,292.55,5.65,9.65,0.0,2026-09-28T03:00:00Z,nodd,nodd
2026-09-27,cleveland-oh,urma,23,2026-09-28T03:00:00Z,291.72,4.06,7.74,0.0,2026-09-28T04:00:00Z,nodd,nodd
2026-09-27,nashville-tn,rtma,00,2026-09-27T05:00:00Z,292.88,3.15,3.35,0.0,2026-09-27T06:00:00Z,nodd,nodd
2026-09-27,nashville-tn,rtma,01,2026-09-27T06:00:00Z,292.19,1.85,2.56,0.0,2026-09-27T07:00:00Z,nodd,nodd
2026-09-27,nashville-tn,rtma,02,2026-09-27T07:00:00Z,291.21,1.73,3.72,0.0,2026-09-27T08:00:00Z,nodd,nodd
2026-09-27,nashville-tn,rtma,03,2026-09-27T08:00:00Z,291.02,0.46,4.15,0.0,2026-09-27T09:00:00Z,nodd,nodd
2026-09-27,nashville-tn,rtma,04,2026-09-27T09:00:00Z,290.17,0.05,1.55,0.0,2026-09-27T10:00:00Z,nodd,nodd
2026-09-27,nashville-tn,rtma,05,2026-09-27T10:00:00Z,289.63,0.18,1.78,0.0,2026-09-27T11:00:00Z,nodd,nodd
2026-09-27,nashville-tn,rtma,06,2026-09-27T11:00:00Z,289.31,0.98,2.16,0.0,2026-09-27T12:00:00Z,nodd,nodd
2026-09-27,nashville-tn,rtma,07,2026-09-27T12:00:00Z,288.53,0.56,1.17,0.0,2026-09-27T13:00:00Z,nodd,nodd
2026-09-27,nashville-tn,rtma,08,2026-09-27T13:00:00Z,290.0,1.81,2.39,0.0,2026-09-27T14:00:00Z,nodd,nodd
2026-09-27,nashville-tn,rtma,09,2026-09-27T14:00:00Z,292.64,2.47,3.98,0.0,2026-09-27T15:00:00Z,nodd,nodd
2026-09-27,nashville-tn,rtma,10,2026-09-27T15:00:00Z,294.94,1.95,4.35,0.0,2026-09-27T16:00:00Z,nodd,nodd
2026-09-27,nashville-tn,rtma,11,2026-09-27T16:00:00Z,296.56,2.81,4.79,0.0,2026-09-27T17:00:00Z,nodd,nodd
2026-09-27,nashville-tn,rtma,12,2026-09-27T17:00:00Z,298.58,3.32,7.51,0.0,2026-09-27T18:00:00Z,nodd,nodd
2026-09-27,nashville-tn,rtma,13,2026-09-27T18:00:00Z,300.09,5.07,6.5,0.0,2026-09-27T19:00:00Z,nodd,nodd
2026-09-27,nashville-tn,rtma,14,2026-09-27T19:00:00Z,300.34,3.52,7.55,0.0,2026-09-27T20:00:00Z,nodd,nodd
2026-09-27,nashville-tn,rtma,15,2026-09-27T20:00:00Z,300.86,4.07,7.72,0.0,2026-09-27T21:00:00Z,nodd,nodd
2026-09-27,nashville-tn,rtma,16,2026-09-27T21:00:00Z,300.99,3.01,6.69,0.0,2026-09-27T22:00:00Z,nodd,nodd
2026-09-27,nashville-tn,rtma,17,2026-09-27T22:00:00Z,300.4,4.08,5.91,0.0,2026-09-27T23:00:00Z,nodd,nodd
2026-09-27,nashville-tn,rtma,18,2026-09-27T23:00:00Z,299.25,2.39,4.9,0.0,2026-09-28T00:00:00Z,nodd,nodd
2026-09-27,nashville-tn,rtma,19,2026-09-28T00:00:00Z,296.2,2.71,3.44,0.0,2026-09-28T01:00:00Z,nodd,nodd
2026-09-27,nashville-tn,rtma,20,2026-09-28T01:00:00Z,293.36,2.34,4.3,0.0,2026-09-28T02:00:00Z,nodd,nodd
2026-09-27,nashville-tn,rtma,21,2026-09-28T02:00:00Z,291.87,2.04,3.97,0.0,2026-09-28T03:00:00Z,nodd,nodd
2026-09-27,nashville-tn,rtma,22,2026-09-28T03:00:00Z,290.76,1.37,3.59,0.0,2026-09-28T04:00:00Z,nodd,nodd
2026-09-27,nashville-tn,rtma,23,2026-09-28T04:00:00Z,289.43,0.87,2.89,0.0,2026-09-28T05:00:00Z,nodd,nodd
2026-09-27,nashville-tn,urma,00,2026-09-27T05:00:00Z,292.84,3.05,3.5,0.0,2026-09-27T06:00:00Z,nodd,nodd
2026-09-27,nashville-tn,urma,01,2026-09-27T06:00:00Z,292.2,1.88,2.78,0.0,2026-09-27T07:00:00Z,nodd,nodd
2026-09-27,nashville-tn,urma,02,2026-09-27T07:00:00Z,291.36,1.75,3.86,0.0,2026-09-27T08:00:00Z,nodd,nodd
2026-09-27,nashville-tn,urma,03,2026-09-27T08:00:00Z,291.01,0.48,4.16,0.0,2026-09-27T09:00:00Z,nodd,nodd
2026-09-27,nashville-tn,urma,04,2026-09-27T09:00:00Z,290.29,0.24,1.66,0.0,2026-09-27T10:00:00Z,nodd,nodd
2026-09-27,nashville-tn,urma,05,2026-09-27T10:00:00Z,289.78,0.26,1.95,0.0,2026-09-27T11:00:00Z,nodd,nodd
2026-09-27,nashville-tn,urma,06,2026-09-27T11:00:00Z,289.39,0.84,2.29,0.0,2026-09-27T12:00:00Z,nodd,nodd
2026-09-27,nashville-tn,urma,07,2026-09-27T12:00:00Z,288.74,0.63,1.36,0.0,2026-09-27T13:00:00Z,nodd,nodd
2026-09-27,nashville-tn,urma,08,2026-09-27T13:00:00Z,290.25,1.68,1.98,0.0,2026-09-27T14:00:00Z,nodd,nodd
2026-09-27,nashville-tn,urma,09,2026-09-27T14:00:00Z,292.75,2.39,3.66,0.0,2026-09-27T15:00:00Z,nodd,nodd
2026-09-27,nashville-tn,urma,10,2026-09-27T15:00:00Z,294.88,2.04,4.42,0.0,2026-09-27T16:00:00Z,nodd,nodd
2026-09-27,nashville-tn,urma,11,2026-09-27T16:00:00Z,296.52,2.81,4.85,0.0,2026-09-27T17:00:00Z,nodd,nodd
2026-09-27,nashville-tn,urma,12,2026-09-27T17:00:00Z,298.59,3.39,7.41,0.0,2026-09-27T18:00:00Z,nodd,nodd
2026-09-27,nashville-tn,urma,13,2026-09-27T18:00:00Z,300.05,4.78,6.45,0.0,2026-09-27T19:00:00Z,nodd,nodd
2026-09-27,nashville-tn,urma,14,2026-09-27T19:00:00Z,300.34,3.62,7.54,0.0,2026-09-27T20:00:00Z,nodd,nodd
2026-09-27,nashville-tn,urma,15,2026-09-27T20:00:00Z,300.91,3.78,7.75,0.0,2026-09-27T21:00:00Z,nodd,nodd
2026-09-27,nashville-tn,urma,16,2026-09-27T21:00:00Z,300.97,3.14,6.67,0.0,2026-09-27T22:00:00Z,nodd,nodd
2026-09-27,nashville-tn,urma,17,2026-09-27T22:00:00Z,300.37,4.16,6.0,0.0,2026-09-27T23:00:00Z,nodd,nodd
2026-09-27,nashville-tn,urma,18,2026-09-27T23:00:00Z,299.32,2.37,4.84,0.0,2026-09-28T00:00:00Z,nodd,nodd
2026-09-27,nashville-tn,urma,19,2026-09-28T00:00:00Z,296.07,2.8,3.44,0.0,2026-09-28T01:00:00Z,nodd,nodd
2026-09-27,nashville-tn,urma,20,2026-09-28T01:00:00Z,293.64,2.29,4.51,0.0,2026-09-28T02:00:00Z,nodd,nodd
2026-09-27,nashville-tn,urma,21,2026-09-28T02:00:00Z,291.82,1.88,4.13,0.0,2026-09-28T03:00:00Z,nodd,nodd
2026-09-27,nashville-tn,urma,22,2026-09-28T03:00:00Z,290.9,1.55,3.7,0.0,2026-09-28T04:00:00Z,nodd,nodd
2026-09-27,nashville-tn,urma,23,2026-09-28T04:00:00Z,289.33,0.73,3.06,0.0,2026-09-28T05:00:00Z,nodd,nodd
2026-09-27,san-jose-ca,rtma,00,2026-09-27T07:00:00Z,287.91,1.44,3.3,0.0,2026-09-27T08:00:00Z,nodd,nodd
2026-09-27,san-jose-ca,rtma,01,2026-09-27T08:00:00Z,287.51,0.72,3.43,0.0,2026-09-27T09:00:00Z,nodd,nodd
2026-09-27,san-jose-ca,rtma,02,2026-09-27T09:00:00Z,287.2,0.51,1.77,0.0,2026-09-27T10:00:00Z,nodd,nodd
2026-09-27,san-jose-ca,rtma,03,2026-09-27T10:00:00Z,287.2,0.36,2.02,0.0,2026-09-27T11:00:00Z,nodd,nodd
2026-09-27,san-jose-ca,rtma,04,2026-09-27T11:00:00Z,287.97,0.51,1.52,0.0,2026-09-27T12:00:00Z,nodd,nodd
2026-09-27,san-jose-ca,rtma,05,2026-09-27T12:00:00Z,287.75,1.14,2.81,0.0,2026-09-27T13:00:00Z,nodd,nodd
2026-09-27,san-jose-ca,rtma,06,2026-09-27T13:00:00Z,287.59,1.17,1.95,0.0,2026-09-27T14:00:00Z,nodd,nodd
2026-09-27,san-jose-ca,rtma,07,2026-09-27T14:00:00Z,287.63,0.49,0.83,0.0,2026-09-27T15:00:00Z,nodd,nodd
2026-09-27,san-jose-ca,rtma,08,2026-09-27T15:00:00Z,287.45,0.22,0.58,0.0,2026-09-27T16:00:00Z,nodd,nodd
2026-09-27,san-jose-ca,rtma,09,2026-09-27T16:00:00Z,288.3,0.55,0.55,0.0,2026-09-27T17:00:00Z,nodd,nodd
2026-09-27,san-jose-ca,rtma,10,2026-09-27T17:00:00Z,288.75,2.32,2.58,0.0,2026-09-27T18:00:00Z,nodd,nodd
2026-09-27,san-jose-ca,rtma,11,2026-09-27T18:00:00Z,290.13,1.17,2.07,0.0,2026-09-27T19:00:00Z,nodd,nodd
2026-09-27,san-jose-ca,rtma,12,2026-09-27T19:00:00Z,292.97,1.76,4.65,0.0,2026-09-27T20:00:00Z,nodd,nodd
2026-09-27,san-jose-ca,rtma,13,2026-09-27T20:00:00Z,294.88,0.76,3.83,0.0,2026-09-27T21:00:00Z,nodd,nodd
2026-09-27,san-jose-ca,rtma,14,2026-09-27T21:00:00Z,296.71,3.07,5.22,0.0,2026-09-27T22:00:00Z,nodd,nodd
2026-09-27,san-jose-ca,rtma,15,2026-09-27T22:00:00Z,295.69,5.48,8.9,0.0,2026-09-27T23:00:00Z,nodd,nodd
2026-09-27,san-jose-ca,rtma,16,2026-09-27T23:00:00Z,294.17,6.43,10.6,0.0,2026-09-28T00:00:00Z,nodd,nodd
2026-09-27,san-jose-ca,rtma,17,2026-09-28T00:00:00Z,292.82,5.74,9.92,0.0,2026-09-28T01:00:00Z,nodd,nodd
2026-09-27,san-jose-ca,rtma,18,2026-09-28T01:00:00Z,291.22,4.47,7.89,0.0,2026-09-28T02:00:00Z,nodd,nodd
2026-09-27,san-jose-ca,rtma,19,2026-09-28T02:00:00Z,289.81,3.5,8.03,0.0,2026-09-28T03:00:00Z,nodd,nodd
2026-09-27,san-jose-ca,rtma,20,2026-09-28T03:00:00Z,288.98,3.13,5.98,0.0,2026-09-28T04:00:00Z,nodd,nodd
2026-09-27,san-jose-ca,rtma,21,2026-09-28T04:00:00Z,288.17,1.83,3.94,0.0,2026-09-28T05:00:00Z,nodd,nodd
2026-09-27,san-jose-ca,rtma,22,2026-09-28T05:00:00Z,287.27,2.12,3.92,0.0,2026-09-28T06:00:00Z,nodd,nodd
2026-09-27,san-jose-ca,rtma,23,2026-09-28T06:00:00Z,286.33,1.42,2.46,0.0,2026-09-28T07:00:00Z,nodd,nodd
2026-09-27,san-jose-ca,urma,00,2026-09-27T07:00:00Z,287.87,1.35,3.28,0.0,2026-09-27T08:00:00Z,nodd,nodd
2026-09-27,san-jose-ca,urma,01,2026-09-27T08:00:00Z,287.57,0.75,3.39,0.0,2026-09-27T09:00:00Z,nodd,nodd
2026-09-27,san-jose-ca,urma,02,2026-09-27T09:00:00Z,287.24,0.45,1.64,0.0,2026-09-27T10:00:00Z,nodd,nodd
2026-09-27,san-jose-ca,urma,03,2026-09-27T10:00:00Z,287.25,0.27,1.58,0.0,2026-09-27T11:00:00Z,nodd,nodd
2026-09-27,san-jose-ca,urma,04,2026-09-27T11:00:00Z,288.01,0.48,1.82,0.0,2026-09-27T12:00:00Z,nodd,nodd
2026-09-27,san-jose-ca,urma,05,2026-09-27T12:00:00Z,287.8,1.08,2.24,0.0,2026-09-27T13:00:00Z,nodd,nodd
2026-09-27,san-jose-ca,urma,06,2026-09-27T13:00:00Z,287.57,1.1,1.37,0.0,2026-09-27T14:00:00Z,nodd,nodd
2026-09-27,san-jose-ca,urma,07,2026-09-27T14:00:00Z,287.55,0.53,1.38,0.0,2026-09-27T15:00:00Z,nodd,nodd
2026-09-27,san-jose-ca,urma,08,2026-09-27T15:00:00Z,287.53,0.17,0.18,0.0,2026-09-27T16:00:00Z,nodd,nodd
2026-09-27,san-jose-ca,urma,09,2026-09-27T16:00:00Z,288.31,0.59,0.59,0.0,2026-09-27T17:00:00Z,nodd,nodd
2026-09-27,san-jose-ca,urma,10,2026-09-27T17:00:00Z,288.78,2.3,3.1,0.0,2026-09-27T18:00:00Z,nodd,nodd
2026-09-27,san-jose-ca,urma,11,2026-09-27T18:00:00Z,290.13,1.19,1.86,0.0,2026-09-27T19:00:00Z,nodd,nodd
2026-09-27,san-jose-ca,urma,12,2026-09-27T19:00:00Z,293.07,1.8,4.91,0.0,2026-09-27T20:00:00Z,nodd,nodd
2026-09-27,san-jose-ca,urma,13,2026-09-27T20:00:00Z,295.03,0.76,4.0,0.0,2026-09-27T21:00:00Z,nodd,nodd
2026-09-27,san-jose-ca,urma,14,2026-09-27T21:00:00Z,296.54,3.0,4.8,0.0,2026-09-27T22:00:00Z,nodd,nodd
2026-09-27,san-jose-ca,urma,15,2026-09-27T22:00:00Z,295.54,5.47,9.19,0.0,2026-09-27T23:00:00Z,nodd,nodd
2026-09-27,san-jose-ca,urma,16,2026-09-27T23:00:00Z,294.13,6.42,11.36,0.0,2026-09-28T00:00:00Z,nodd,nodd
2026-09-27,san-jose-ca,urma,17,2026-09-28T00:00:00Z,292.86,5.67,9.88,0.0,2026-09-28T01:00:00Z,nodd,nodd
2026-09-27,san-jose-ca,urma,18,2026-09-28T01:00:00Z,291.34,4.44,8.08,0.0,2026-09-28T02:00:00Z,nodd,nodd
2026-09-27,san-jose-ca,urma,19,2026-09-28T02:00:00Z,289.8,3.48,8.21,0.0,2026-09-28T03:00:00Z,nodd,nodd
2026-09-27,san-jose-ca,urma,20,2026-09-28T03:00:00Z,288.96,3.1,5.72,0.0,2026-09-28T04:00:00Z,nodd,nodd
2026-09-27,san-jose-ca,urma,21,2026-09-28T04:00:00Z,288.16,1.84,3.89,0.0,2026-09-28T05:00:00Z,nodd,nodd
2026-09-27,san-jose-ca,urma,22,2026-09-28T05:00:00Z,287.29,2.12,3.88,0.0,2026-09-28T06:00:00Z,nodd,nodd
2026-09-27,san-jose-ca,urma,23,2026-09-28T06:00:00Z,286.29,1.37,2.35,0.0,2026-09-28T07:00:00Z,nodd,nodd
2026-09-27,norfolk-va,rtma,00,2026-09-27T04:00:00Z,288.12,4.76,9.22,0.03125,2026-09-27T05:00:00Z,nodd,nodd
2026-09-27,norfolk-va,rtma,01,2026-09-27T05:00:00Z,288.37,4.53,8.82,0.0625,2026-09-27T06:00:00Z,nodd,nodd
2026-09-27,norfolk-va,rtma,02,2026-09-27T06:00:00Z,288.67,4.6,7.65,0.0,2026-09-27T07:00:00Z,nodd,nodd
2026-09-27,norfolk-va,rtma,03,2026-09-27T07:00:00Z,288.86,4.32,8.59,0.0,2026-09-27T08:00:00Z,nodd,nodd
2026-09-27,norfolk-va,rtma,04,2026-09-27T08:00:00Z,288.96,3.81,7.13,0.0,2026-09-27T09:00:00Z,nodd,nodd
2026-09-27,norfolk-va,rtma,05,2026-09-27T09:00:00Z,288.88,4.23,7.44,0.0,2026-09-27T10:00:00Z,nodd,nodd
2026-09-27,norfolk-va,rtma,06,2026-09-27T10:00:00Z,288.65,4.11,6.31,0.0,2026-09-27T11:00:00Z,nodd,nodd
2026-09-27,norfolk-va,rtma,07,2026-09-27T11:00:00Z,288.44,4.4,7.34,0.0,2026-09-27T12:00:00Z,nodd,nodd
2026-09-27,norfolk-va,rtma,08,2026-09-27T12:00:00Z,288.55,3.58,7.16,0.0,2026-09-27T13:00:00Z,nodd,nodd
2026-09-27,norfolk-va,rtma,09,2026-09-27T13:00:00Z,289.6,4.33,7.23,0.0,2026-09-27T14:00:00Z,nodd,nodd
2026-09-27,norfolk-va,rtma,10,2026-09-27T14:00:00Z,291.56,5.4,8.58,0.0,2026-09-27T15:00:00Z,nodd,nodd
2026-09-27,norfolk-va,rtma,11,2026-09-27T15:00:00Z,293.18,6.04,8.98,0.0,2026-09-27T16:00:00Z,nodd,nodd
2026-09-27,norfolk-va,rtma,12,2026-09-27T16:00:00Z,294.12,6.77,10.11,0.0,2026-09-27T17:00:00Z,nodd,nodd
2026-09-27,norfolk-va,rtma,13,2026-09-27T17:00:00Z,295.34,5.53,10.05,0.0,2026-09-27T18:00:00Z,nodd,nodd
2026-09-27,norfolk-va,rtma,14,2026-09-27T18:00:00Z,295.54,5.83,8.21,0.0,2026-09-27T19:00:00Z,nodd,nodd
2026-09-27,norfolk-va,rtma,15,2026-09-27T19:00:00Z,296.62,5.54,8.23,0.0,2026-09-27T20:00:00Z,nodd,nodd
2026-09-27,norfolk-va,rtma,16,2026-09-27T20:00:00Z,296.39,5.17,8.6,0.0,2026-09-27T21:00:00Z,nodd,nodd
2026-09-27,norfolk-va,rtma,17,2026-09-27T21:00:00Z,295.73,3.8,7.81,0.0,2026-09-27T22:00:00Z,nodd,nodd
2026-09-27,norfolk-va,rtma,18,2026-09-27T22:00:00Z,294.15,5.39,8.11,0.0,2026-09-27T23:00:00Z,nodd,nodd
2026-09-27,norfolk-va,rtma,19,2026-09-27T23:00:00Z,293.28,5.26,8.25,0.0,2026-09-28T00:00:00Z,nodd,nodd
2026-09-27,norfolk-va,rtma,20,2026-09-28T00:00:00Z,292.52,4.93,8.71,0.0,2026-09-28T01:00:00Z,nodd,nodd
2026-09-27,norfolk-va,rtma,21,2026-09-28T01:00:00Z,291.74,5.23,8.56,0.0,2026-09-28T02:00:00Z,nodd,nodd
2026-09-27,norfolk-va,rtma,22,2026-09-28T02:00:00Z,291.62,4.47,8.4,0.0,2026-09-28T03:00:00Z,nodd,nodd
2026-09-27,norfolk-va,rtma,23,2026-09-28T03:00:00Z,291.65,4.55,7.15,0.0,2026-09-28T04:00:00Z,nodd,nodd
2026-09-27,norfolk-va,urma,00,2026-09-27T04:00:00Z,288.12,4.76,8.77,0.09375,2026-09-27T05:00:00Z,nodd,nodd
2026-09-27,norfolk-va,urma,01,2026-09-27T05:00:00Z,288.33,4.34,8.02,0.140625,2026-09-27T06:00:00Z,nodd,nodd
2026-09-27,norfolk-va,urma,02,2026-09-27T06:00:00Z,288.61,4.5,7.63,0.015625,2026-09-27T07:00:00Z,nodd,nodd
2026-09-27,norfolk-va,urma,03,2026-09-27T07:00:00Z,288.82,4.13,7.99,0.0,2026-09-27T08:00:00Z,nodd,nodd
2026-09-27,norfolk-va,urma,04,2026-09-27T08:00:00Z,288.9,3.92,7.26,0.0,2026-09-27T09:00:00Z,nodd,nodd
2026-09-27,norfolk-va,urma,05,2026-09-27T09:00:00Z,288.87,4.01,7.22,0.0,2026-09-27T10:00:00Z,nodd,nodd
2026-09-27,norfolk-va,urma,06,2026-09-27T10:00:00Z,288.57,4.17,6.32,0.0,2026-09-27T11:00:00Z,nodd,nodd
2026-09-27,norfolk-va,urma,07,2026-09-27T11:00:00Z,288.37,4.29,6.97,0.0,2026-09-27T12:00:00Z,nodd,nodd
2026-09-27,norfolk-va,urma,08,2026-09-27T12:00:00Z,288.55,3.53,6.96,0.0,2026-09-27T13:00:00Z,nodd,nodd
2026-09-27,norfolk-va,urma,09,2026-09-27T13:00:00Z,289.67,4.44,7.43,0.0,2026-09-27T14:00:00Z,nodd,nodd
2026-09-27,norfolk-va,urma,10,2026-09-27T14:00:00Z,291.62,5.39,8.78,0.0,2026-09-27T15:00:00Z,nodd,nodd
2026-09-27,norfolk-va,urma,11,2026-09-27T15:00:00Z,293.12,5.94,8.41,0.0,2026-09-27T16:00:00Z,nodd,nodd
2026-09-27,norfolk-va,urma,12,2026-09-27T16:00:00Z,294.07,6.84,10.01,0.0,2026-09-27T17:00:00Z,nodd,nodd
2026-09-27,norfolk-va,urma,13,2026-09-27T17:00:00Z,295.27,5.45,9.9,0.0,2026-09-27T18:00:00Z,nodd,nodd
2026-09-27,norfolk-va,urma,14,2026-09-27T18:00:00Z,295.52,5.83,8.63,0.0,2026-09-27T19:00:00Z,nodd,nodd
2026-09-27,norfolk-va,urma,15,2026-09-27T19:00:00Z,296.47,5.53,8.19,0.0,2026-09-27T20:00:00Z,nodd,nodd
2026-09-27,norfolk-va,urma,16,2026-09-27T20:00:00Z,296.41,4.88,7.63,0.0,2026-09-27T21:00:00Z,nodd,nodd
2026-09-27,norfolk-va,urma,17,2026-09-27T21:00:00Z,295.73,3.68,7.51,0.0,2026-09-27T22:00:00Z,nodd,nodd
2026-09-27,norfolk-va,urma,18,2026-09-27T22:00:00Z,294.16,5.22,8.53,0.0,2026-09-27T23:00:00Z,nodd,nodd
2026-09-27,norfolk-va,urma,19,2026-09-27T23:00:00Z,293.32,5.43,8.35,0.0,2026-09-28T00:00:00Z,nodd,nodd
2026-09-27,norfolk-va,urma,20,2026-09-28T00:00:00Z,292.49,4.95,8.54,0.0,2026-09-28T01:00:00Z,nodd,nodd
2026-09-27,norfolk-va,urma,21,2026-09-28T01:00:00Z,291.75,4.94,7.54,0.0,2026-09-28T02:00:00Z,nodd,nodd
2026-09-27,norfolk-va,urma,22,2026-09-28T02:00:00Z,291.61,4.58,8.07,0.0,2026-09-28T03:00:00Z,nodd,nodd
2026-09-27,norfolk-va,urma,23,2026-09-28T03:00:00Z,291.65,4.43,7.35,0.0,2026-09-28T04:00:00Z,nodd,nodd
2026-09-27,jacksonville-fl,rtma,00,2026-09-27T04:00:00Z,292.1,0.49,1.31,0.0,2026-09-27T05:00:00Z,nodd,nodd
2026-09-27,jacksonville-fl,rtma,01,2026-09-27T05:00:00Z,291.17,1.22,2.26,0.0,2026-09-27T06:00:00Z,nodd,nodd
2026-09-27,jacksonville-fl,rtma,02,2026-09-27T06:00:00Z,290.88,1.47,2.15,0.0,2026-09-27T07:00:00Z,nodd,nodd
2026-09-27,jacksonville-fl,rtma,03,2026-09-27T07:00:00Z,290.23,1.04,2.04,0.0,2026-09-27T08:00:00Z,nodd,nodd
2026-09-27,jacksonville-fl,rtma,04,2026-09-27T08:00:00Z,289.77,0.8,2.21,0.0,2026-09-27T09:00:00Z,nodd,nodd
2026-09-27,jacksonville-fl,rtma,05,2026-09-27T09:00:00Z,289.78,1.58,3.82,0.0,2026-09-27T10:00:00Z,nodd,nodd
2026-09-27,jacksonville-fl,rtma,06,2026-09-27T10:00:00Z,290.05,1.98,1.98,0.0,2026-09-27T11:00:00Z,nodd,nodd
2026-09-27,jacksonville-fl,rtma,07,2026-09-27T11:00:00Z,289.94,1.83,2.13,0.0,2026-09-27T12:00:00Z,nodd,nodd
2026-09-27,jacksonville-fl,rtma,08,2026-09-27T12:00:00Z,290.36,1.83,2.26,0.0,2026-09-27T13:00:00Z,nodd,nodd
2026-09-27,jacksonville-fl,rtma,09,2026-09-27T13:00:00Z,292.81,3.15,4.12,0.0,2026-09-27T14:00:00Z,nodd,nodd
2026-09-27,jacksonville-fl,rtma,10,2026-09-27T14:00:00Z,295.17,3.17,4.01,0.0,2026-09-27T15:00:00Z,nodd,nodd
2026-09-27,jacksonville-fl,rtma,11,2026-09-27T15:00:00Z,297.88,2.73,3.72,0.0,2026-09-27T16:00:00Z,nodd,nodd
2026-09-27,jacksonville-fl,rtma,12,2026-09-27T16:00:00Z,300.35,3.88,3.88,0.0,2026-09-27T17:00:00Z,nodd,nodd
2026-09-27,jacksonville-fl,rtma,13,2026-09-27T17:00:00Z,301.81,3.72,5.15,0.0,2026-09-27T18:00:00Z,nodd,nodd
2026-09-27,jacksonville-fl,rtma,14,2026-09-27T18:00:00Z,302.57,4.33,5.29,0.0,2026-09-27T19:00:00Z,nodd,nodd
2026-09-27,jacksonville-fl,rtma,15,2026-09-27T19:00:00Z,303.24,3.8,5.21,0.0,2026-09-27T20:00:00Z,nodd,nodd
2026-09-27,jacksonville-fl,rtma,16,2026-09-27T20:00:00Z,303.62,2.24,4.77,0.0,2026-09-27T21:00:00Z,nodd,nodd
2026-09-27,jacksonville-fl,rtma,17,2026-09-27T21:00:00Z,303.68,3.14,5.79,0.0,2026-09-27T22:00:00Z,nodd,nodd
2026-09-27,jacksonville-fl,rtma,18,2026-09-27T22:00:00Z,303.26,3.86,5.18,0.0,2026-09-27T23:00:00Z,nodd,nodd
2026-09-27,jacksonville-fl,rtma,19,2026-09-27T23:00:00Z,301.5,2.67,3.71,0.0,2026-09-28T00:00:00Z,nodd,nodd
2026-09-27,jacksonville-fl,rtma,20,2026-09-28T00:00:00Z,299.51,1.67,2.85,0.0,2026-09-28T01:00:00Z,nodd,nodd
2026-09-27,jacksonville-fl,rtma,21,2026-09-28T01:00:00Z,298.03,1.21,1.21,0.0,2026-09-28T02:00:00Z,nodd,nodd
2026-09-27,jacksonville-fl,rtma,22,2026-09-28T02:00:00Z,297.04,2.88,2.88,0.0,2026-09-28T03:00:00Z,nodd,nodd
2026-09-27,jacksonville-fl,rtma,23,2026-09-28T03:00:00Z,296.73,2.32,3.64,0.0,2026-09-28T04:00:00Z,nodd,nodd
2026-09-27,jacksonville-fl,urma,00,2026-09-27T04:00:00Z,292.11,0.52,1.26,0.0,2026-09-27T05:00:00Z,nodd,nodd
2026-09-27,jacksonville-fl,urma,01,2026-09-27T05:00:00Z,291.26,1.33,2.05,0.0,2026-09-27T06:00:00Z,nodd,nodd
2026-09-27,jacksonville-fl,urma,02,2026-09-27T06:00:00Z,290.96,1.43,2.13,0.0,2026-09-27T07:00:00Z,nodd,nodd
2026-09-27,jacksonville-fl,urma,03,2026-09-27T07:00:00Z,290.48,1.0,1.95,0.0,2026-09-27T08:00:00Z,nodd,nodd
2026-09-27,jacksonville-fl,urma,04,2026-09-27T08:00:00Z,289.84,0.79,1.82,0.0,2026-09-27T09:00:00Z,nodd,nodd
2026-09-27,jacksonville-fl,urma,05,2026-09-27T09:00:00Z,289.83,1.73,3.07,0.0,2026-09-27T10:00:00Z,nodd,nodd
2026-09-27,jacksonville-fl,urma,06,2026-09-27T10:00:00Z,290.02,1.95,1.95,0.0,2026-09-27T11:00:00Z,nodd,nodd
2026-09-27,jacksonville-fl,urma,07,2026-09-27T11:00:00Z,289.88,1.8,1.8,0.0,2026-09-27T12:00:00Z,nodd,nodd
2026-09-27,jacksonville-fl,urma,08,2026-09-27T12:00:00Z,290.4,1.94,3.04,0.0,2026-09-27T13:00:00Z,nodd,nodd
2026-09-27,jacksonville-fl,urma,09,2026-09-27T13:00:00Z,292.7,3.1,3.15,0.0,2026-09-27T14:00:00Z,nodd,nodd
2026-09-27,jacksonville-fl,urma,10,2026-09-27T14:00:00Z,295.18,3.16,3.79,0.0,2026-09-27T15:00:00Z,nodd,nodd
2026-09-27,jacksonville-fl,urma,11,2026-09-27T15:00:00Z,297.82,2.7,3.43,0.0,2026-09-27T16:00:00Z,nodd,nodd
2026-09-27,jacksonville-fl,urma,12,2026-09-27T16:00:00Z,300.3,3.87,3.87,0.0,2026-09-27T17:00:00Z,nodd,nodd
2026-09-27,jacksonville-fl,urma,13,2026-09-27T17:00:00Z,301.84,3.42,5.21,0.0,2026-09-27T18:00:00Z,nodd,nodd
2026-09-27,jacksonville-fl,urma,14,2026-09-27T18:00:00Z,302.61,4.22,4.43,0.0,2026-09-27T19:00:00Z,nodd,nodd
2026-09-27,jacksonville-fl,urma,15,2026-09-27T19:00:00Z,303.33,3.95,4.54,0.0,2026-09-27T20:00:00Z,nodd,nodd
2026-09-27,jacksonville-fl,urma,16,2026-09-27T20:00:00Z,303.59,2.21,5.15,0.0,2026-09-27T21:00:00Z,nodd,nodd
2026-09-27,jacksonville-fl,urma,17,2026-09-27T21:00:00Z,303.67,3.08,4.68,0.0,2026-09-27T22:00:00Z,nodd,nodd
2026-09-27,jacksonville-fl,urma,18,2026-09-27T22:00:00Z,303.32,3.79,4.44,0.0,2026-09-27T23:00:00Z,nodd,nodd
2026-09-27,jacksonville-fl,urma,19,2026-09-27T23:00:00Z,301.47,2.57,3.59,0.0,2026-09-28T00:00:00Z,nodd,nodd
2026-09-27,jacksonville-fl,urma,20,2026-09-28T00:00:00Z,299.48,1.71,3.85,0.0,2026-09-28T01:00:00Z,nodd,nodd
2026-09-27,jacksonville-fl,urma,21,2026-09-28T01:00:00Z,297.92,1.27,1.27,0.0,2026-09-28T02:00:00Z,nodd,nodd
2026-09-27,jacksonville-fl,urma,22,2026-09-28T02:00:00Z,297.01,2.78,2.78,0.0,2026-09-28T03:00:00Z,nodd,nodd
2026-09-27,jacksonville-fl,urma,23,2026-09-28T03:00:00Z,296.71,2.45,2.46,0.0,2026-09-28T04:00:00Z,nodd,nodd
2026-09-27,providence-ri,rtma,00,2026-09-27T04:00:00Z,287.55,6.13,13.1,0.734375,2026-09-27T05:00:00Z,nodd,nodd
2026-09-27,providence-ri,rtma,01,2026-09-27T05:00:00Z,287.6,7.04,12.59,0.6875,2026-09-27T06:00:00Z,nodd,nodd
2026-09-27,providence-ri,rtma,02,2026-09-27T06:00:00Z,287.74,6.28,11.73,2.25,2026-09-27T07:00:00Z,nodd,nodd
2026-09-27,providence-ri,rtma,03,2026-09-27T07:00:00Z,288.05,4.95,10.32,3.0,2026-09-27T08:00:00Z,nodd,nodd
2026-09-27,providence-ri,rtma,04,2026-09-27T08:00:00Z,288.1,6.7,12.27,2.75,2026-09-27T09:00:00Z,nodd,nodd
2026-09-27,providence-ri,rtma,05,2026-09-27T09:00:00Z,288.17,5.37,13.16,4.90625,2026-09-27T10:00:00Z,nodd,nodd
2026-09-27,providence-ri,rtma,06,2026-09-27T10:00:00Z,288.22,6.16,14.49,3.34375,2026-09-27T11:00:00Z,nodd,nodd
2026-09-27,providence-ri,rtma,07,2026-09-27T11:00:00Z,288.17,4.0,10.51,0.75,2026-09-27T12:00:00Z,nodd,nodd
2026-09-27,providence-ri,rtma,08,2026-09-27T12:00:00Z,288.27,2.58,8.67,0.453125,2026-09-27T13:00:00Z,nodd,nodd
2026-09-27,providence-ri,rtma,09,2026-09-27T13:00:00Z,288.56,4.03,9.08,0.15625,2026-09-27T14:00:00Z,nodd,nodd
2026-09-27,providence-ri,rtma,10,2026-09-27T14:00:00Z,289.07,3.33,9.39,1.609375,2026-09-27T15:00:00Z,nodd,nodd
2026-09-27,providence-ri,rtma,11,2026-09-27T15:00:00Z,289.3,3.58,9.29,1.328125,2026-09-27T16:00:00Z,nodd,nodd
2026-09-27,providence-ri,rtma,12,2026-09-27T16:00:00Z,289.69,3.94,8.91,0.859375,2026-09-27T17:00:00Z,nodd,nodd
2026-09-27,providence-ri,rtma,13,2026-09-27T17:00:00Z,290.23,3.36,8.74,1.0,2026-09-27T18:00:00Z,nodd,nodd
2026-09-27,providence-ri,rtma,14,2026-09-27T18:00:00Z,290.33,4.36,8.07,5.609375,2026-09-27T19:00:00Z,nodd,nodd
2026-09-27,providence-ri,rtma,15,2026-09-27T19:00:00Z,290.24,4.51,7.51,0.453125,2026-09-27T20:00:00Z,nodd,nodd
2026-09-27,providence-ri,rtma,16,2026-09-27T20:00:00Z,289.9,3.47,8.12,0.0625,2026-09-27T21:00:00Z,nodd,nodd
2026-09-27,providence-ri,rtma,17,2026-09-27T21:00:00Z,289.76,3.6,7.91,0.421875,2026-09-27T22:00:00Z,nodd,nodd
2026-09-27,providence-ri,rtma,18,2026-09-27T22:00:00Z,289.56,4.68,7.83,1.875,2026-09-27T23:00:00Z,nodd,nodd
2026-09-27,providence-ri,rtma,19,2026-09-27T23:00:00Z,289.26,3.37,7.37,2.09375,2026-09-28T00:00:00Z,nodd,nodd
2026-09-27,providence-ri,rtma,20,2026-09-28T00:00:00Z,289.19,6.08,11.68,0.0,2026-09-28T01:00:00Z,nodd,nodd
2026-09-27,providence-ri,rtma,21,2026-09-28T01:00:00Z,289.1,5.31,10.48,0.0,2026-09-28T02:00:00Z,nodd,nodd
2026-09-27,providence-ri,rtma,22,2026-09-28T02:00:00Z,288.68,5.01,9.49,0.0,2026-09-28T03:00:00Z,nodd,nodd
2026-09-27,providence-ri,rtma,23,2026-09-28T03:00:00Z,288.38,4.89,9.82,0.015625,2026-09-28T04:00:00Z,nodd,nodd
2026-09-27,providence-ri,urma,00,2026-09-27T04:00:00Z,287.6,6.03,12.81,0.609375,2026-09-27T05:00:00Z,nodd,nodd
2026-09-27,providence-ri,urma,01,2026-09-27T05:00:00Z,287.63,6.33,11.91,0.953125,2026-09-27T06:00:00Z,nodd,nodd
2026-09-27,providence-ri,urma,02,2026-09-27T06:00:00Z,287.76,6.28,11.41,3.109375,2026-09-27T07:00:00Z,nodd,nodd
2026-09-27,providence-ri,urma,03,2026-09-27T07:00:00Z,288.16,5.55,10.89,4.5625,2026-09-27T08:00:00Z,nodd,nodd
2026-09-27,providence-ri,urma,04,2026-09-27T08:00:00Z,288.12,5.89,11.46,5.203125,2026-09-27T09:00:00Z,nodd,nodd
2026-09-27,providence-ri,urma,05,2026-09-27T09:00:00Z,288.16,5.5,12.55,8.0625,2026-09-27T10:00:00Z,nodd,nodd
2026-09-27,providence-ri,urma,06,2026-09-27T10:00:00Z,288.25,5.67,12.9,4.921875,2026-09-27T11:00:00Z,nodd,nodd
2026-09-27,providence-ri,urma,07,2026-09-27T11:00:00Z,288.21,4.01,11.69,0.890625,2026-09-27T12:00:00Z,nodd,nodd
2026-09-27,providence-ri,urma,08,2026-09-27T12:00:00Z,288.31,2.35,7.78,0.921875,2026-09-27T13:00:00Z,nodd,nodd
2026-09-27,providence-ri,urma,09,2026-09-27T13:00:00Z,288.54,3.8,7.18,0.46875,2026-09-27T14:00:00Z,nodd,nodd
2026-09-27,providence-ri,urma,10,2026-09-27T14:00:00Z,289.11,3.37,8.63,1.546875,2026-09-27T15:00:00Z,nodd,nodd
2026-09-27,providence-ri,urma,11,2026-09-27T15:00:00Z,289.39,3.9,9.21,1.8125,2026-09-27T16:00:00Z,nodd,nodd
2026-09-27,providence-ri,urma,12,2026-09-27T16:00:00Z,289.85,3.78,8.17,1.234375,2026-09-27T17:00:00Z,nodd,nodd
2026-09-27,providence-ri,urma,13,2026-09-27T17:00:00Z,290.29,3.32,7.65,1.5,2026-09-27T18:00:00Z,nodd,nodd
2026-09-27,providence-ri,urma,14,2026-09-27T18:00:00Z,290.48,4.3,7.54,4.578125,2026-09-27T19:00:00Z,nodd,nodd
2026-09-27,providence-ri,urma,15,2026-09-27T19:00:00Z,290.28,4.23,7.21,1.484375,2026-09-27T20:00:00Z,nodd,nodd
2026-09-27,providence-ri,urma,16,2026-09-27T20:00:00Z,289.98,3.29,7.94,0.671875,2026-09-27T21:00:00Z,nodd,nodd
2026-09-27,providence-ri,urma,17,2026-09-27T21:00:00Z,289.83,3.88,7.48,0.640625,2026-09-27T22:00:00Z,nodd,nodd
2026-09-27,providence-ri,urma,18,2026-09-27T22:00:00Z,289.59,4.58,6.84,2.1875,2026-09-27T23:00:00Z,nodd,nodd
2026-09-27,providence-ri,urma,19,2026-09-27T23:00:00Z,289.29,3.38,7.66,2.296875,2026-09-28T00:00:00Z,nodd,nodd
2026-09-27,providence-ri,urma,20,2026-09-28T00:00:00Z,289.29,6.04,10.44,0.0,2026-09-28T01:00:00Z,nodd,nodd
2026-09-27,providence-ri,urma,21,2026-09-28T01:00:00Z,289.16,5.17,9.49,0.140625,2026-09-28T02:00:00Z,nodd,nodd
2026-09-27,providence-ri,urma,22,2026-09-28T02:00:00Z,288.69,5.01,9.26,0.0,2026-09-28T03:00:00Z,nodd,nodd
2026-09-27,providence-ri,urma,23,2026-09-28T03:00:00Z,288.35,4.86,9.35,0.273438,2026-09-28T04:00:00Z,nodd,nodd
2026-09-27,milwaukee-wi,rtma,00,2026-09-27T05:00:00Z,285.21,0.04,0.94,0.0,2026-09-27T06:00:00Z,nodd,nodd
2026-09-27,milwaukee-wi,rtma,01,2026-09-27T06:00:00Z,284.06,0.16,1.08,0.0,2026-09-27T07:00:00Z,nodd,nodd
2026-09-27,milwaukee-wi,rtma,02,2026-09-27T07:00:00Z,283.09,1.4,2.64,0.0,2026-09-27T08:00:00Z,nodd,nodd
2026-09-27,milwaukee-wi,rtma,03,2026-09-27T08:00:00Z,281.86,0.28,1.33,0.0,2026-09-27T09:00:00Z,nodd,nodd
2026-09-27,milwaukee-wi,rtma,04,2026-09-27T09:00:00Z,280.94,2.21,3.18,0.0,2026-09-27T10:00:00Z,nodd,nodd
2026-09-27,milwaukee-wi,rtma,05,2026-09-27T10:00:00Z,281.17,0.43,2.68,0.0,2026-09-27T11:00:00Z,nodd,nodd
2026-09-27,milwaukee-wi,rtma,06,2026-09-27T11:00:00Z,282.52,1.11,3.96,0.0,2026-09-27T12:00:00Z,nodd,nodd
2026-09-27,milwaukee-wi,rtma,07,2026-09-27T12:00:00Z,282.16,1.11,3.26,0.0,2026-09-27T13:00:00Z,nodd,nodd
2026-09-27,milwaukee-wi,rtma,08,2026-09-27T13:00:00Z,283.76,1.48,2.1,0.0,2026-09-27T14:00:00Z,nodd,nodd
2026-09-27,milwaukee-wi,rtma,09,2026-09-27T14:00:00Z,286.8,0.3,1.41,0.0,2026-09-27T15:00:00Z,nodd,nodd
2026-09-27,milwaukee-wi,rtma,10,2026-09-27T15:00:00Z,288.41,2.15,2.93,0.0,2026-09-27T16:00:00Z,nodd,nodd
2026-09-27,milwaukee-wi,rtma,11,2026-09-27T16:00:00Z,290.34,1.39,1.64,0.0,2026-09-27T17:00:00Z,nodd,nodd
2026-09-27,milwaukee-wi,rtma,12,2026-09-27T17:00:00Z,291.07,1.74,2.49,0.0,2026-09-27T18:00:00Z,nodd,nodd
2026-09-27,milwaukee-wi,rtma,13,2026-09-27T18:00:00Z,291.85,3.26,3.26,0.0,2026-09-27T19:00:00Z,nodd,nodd
2026-09-27,milwaukee-wi,rtma,14,2026-09-27T19:00:00Z,292.23,3.13,3.76,0.0,2026-09-27T20:00:00Z,nodd,nodd
2026-09-27,milwaukee-wi,rtma,15,2026-09-27T20:00:00Z,291.97,2.77,3.55,0.0,2026-09-27T21:00:00Z,nodd,nodd
2026-09-27,milwaukee-wi,rtma,16,2026-09-27T21:00:00Z,291.62,2.58,3.14,0.0,2026-09-27T22:00:00Z,nodd,nodd
2026-09-27,milwaukee-wi,rtma,17,2026-09-27T22:00:00Z,291.02,1.66,1.76,0.0,2026-09-27T23:00:00Z,nodd,nodd
2026-09-27,milwaukee-wi,rtma,18,2026-09-27T23:00:00Z,290.09,1.07,1.07,0.0,2026-09-28T00:00:00Z,nodd,nodd
2026-09-27,milwaukee-wi,rtma,19,2026-09-28T00:00:00Z,288.75,0.67,1.46,0.0,2026-09-28T01:00:00Z,nodd,nodd
2026-09-27,milwaukee-wi,rtma,20,2026-09-28T01:00:00Z,287.27,0.7,1.69,0.0,2026-09-28T02:00:00Z,nodd,nodd
2026-09-27,milwaukee-wi,rtma,21,2026-09-28T02:00:00Z,286.47,0.91,2.09,0.0,2026-09-28T03:00:00Z,nodd,nodd
2026-09-27,milwaukee-wi,rtma,22,2026-09-28T03:00:00Z,285.65,0.83,1.44,0.0,2026-09-28T04:00:00Z,nodd,nodd
2026-09-27,milwaukee-wi,rtma,23,2026-09-28T04:00:00Z,284.63,0.89,1.9,0.0,2026-09-28T05:00:00Z,nodd,nodd
2026-09-27,milwaukee-wi,urma,00,2026-09-27T05:00:00Z,285.35,0.18,0.78,0.0,2026-09-27T06:00:00Z,nodd,nodd
2026-09-27,milwaukee-wi,urma,01,2026-09-27T06:00:00Z,284.18,0.41,1.08,0.0,2026-09-27T07:00:00Z,nodd,nodd
2026-09-27,milwaukee-wi,urma,02,2026-09-27T07:00:00Z,282.83,1.37,2.54,0.0,2026-09-27T08:00:00Z,nodd,nodd
2026-09-27,milwaukee-wi,urma,03,2026-09-27T08:00:00Z,282.04,0.44,1.36,0.0,2026-09-27T09:00:00Z,nodd,nodd
2026-09-27,milwaukee-wi,urma,04,2026-09-27T09:00:00Z,280.96,2.23,2.72,0.0,2026-09-27T10:00:00Z,nodd,nodd
2026-09-27,milwaukee-wi,urma,05,2026-09-27T10:00:00Z,281.2,0.96,2.32,0.0,2026-09-27T11:00:00Z,nodd,nodd
2026-09-27,milwaukee-wi,urma,06,2026-09-27T11:00:00Z,282.41,1.16,3.57,0.0,2026-09-27T12:00:00Z,nodd,nodd
2026-09-27,milwaukee-wi,urma,07,2026-09-27T12:00:00Z,282.15,1.33,3.14,0.0,2026-09-27T13:00:00Z,nodd,nodd
2026-09-27,milwaukee-wi,urma,08,2026-09-27T13:00:00Z,283.72,1.52,1.77,0.0,2026-09-27T14:00:00Z,nodd,nodd
2026-09-27,milwaukee-wi,urma,09,2026-09-27T14:00:00Z,286.97,0.72,1.41,0.0,2026-09-27T15:00:00Z,nodd,nodd
2026-09-27,milwaukee-wi,urma,10,2026-09-27T15:00:00Z,288.49,2.24,2.92,0.0,2026-09-27T16:00:00Z,nodd,nodd
2026-09-27,milwaukee-wi,urma,11,2026-09-27T16:00:00Z,290.19,1.4,3.02,0.0,2026-09-27T17:00:00Z,nodd,nodd
2026-09-27,milwaukee-wi,urma,12,2026-09-27T17:00:00Z,291.26,1.58,2.39,0.0,2026-09-27T18:00:00Z,nodd,nodd
2026-09-27,milwaukee-wi,urma,13,2026-09-27T18:00:00Z,291.82,3.17,3.17,0.0,2026-09-27T19:00:00Z,nodd,nodd
2026-09-27,milwaukee-wi,urma,14,2026-09-27T19:00:00Z,292.62,3.2,3.77,0.0,2026-09-27T20:00:00Z,nodd,nodd
2026-09-27,milwaukee-wi,urma,15,2026-09-27T20:00:00Z,292.17,3.07,3.9,0.0,2026-09-27T21:00:00Z,nodd,nodd
2026-09-27,milwaukee-wi,urma,16,2026-09-27T21:00:00Z,291.61,2.66,2.83,0.0,2026-09-27T22:00:00Z,nodd,nodd
2026-09-27,milwaukee-wi,urma,17,2026-09-27T22:00:00Z,291.08,1.61,1.65,0.0,2026-09-27T23:00:00Z,nodd,nodd
2026-09-27,milwaukee-wi,urma,18,2026-09-27T23:00:00Z,290.32,1.04,1.04,0.0,2026-09-28T00:00:00Z,nodd,nodd
2026-09-27,milwaukee-wi,urma,19,2026-09-28T00:00:00Z,288.38,0.7,1.17,0.0,2026-09-28T01:00:00Z,nodd,nodd
2026-09-27,milwaukee-wi,urma,20,2026-09-28T01:00:00Z,287.4,0.88,1.53,0.0,2026-09-28T02:00:00Z,nodd,nodd
2026-09-27,milwaukee-wi,urma,21,2026-09-28T02:00:00Z,286.56,1.23,1.9,0.0,2026-09-28T03:00:00Z,nodd,nodd
2026-09-27,milwaukee-wi,urma,22,2026-09-28T03:00:00Z,285.6,1.18,1.3,0.0,2026-09-28T04:00:00Z,nodd,nodd
2026-09-27,milwaukee-wi,urma,23,2026-09-28T04:00:00Z,284.69,1.27,1.92,0.0,2026-09-28T05:00:00Z,nodd,nodd
2026-09-27,raleigh-nc,rtma,00,2026-09-27T04:00:00Z,289.51,0.61,2.38,0.0,2026-09-27T05:00:00Z,nodd,nodd
2026-09-27,raleigh-nc,rtma,01,2026-09-27T05:00:00Z,288.54,0.0,0.83,0.0,2026-09-27T06:00:00Z,nodd,nodd
2026-09-27,raleigh-nc,rtma,02,2026-09-27T06:00:00Z,287.44,0.45,1.41,0.0,2026-09-27T07:00:00Z,nodd,nodd
2026-09-27,raleigh-nc,rtma,03,2026-09-27T07:00:00Z,286.59,0.71,1.78,0.0,2026-09-27T08:00:00Z,nodd,nodd
2026-09-27,raleigh-nc,rtma,04,2026-09-27T08:00:00Z,286.95,0.87,1.9,0.0,2026-09-27T09:00:00Z,nodd,nodd
2026-09-27,raleigh-nc,rtma,05,2026-09-27T09:00:00Z,287.51,1.75,3.3,0.0,2026-09-27T10:00:00Z,nodd,nodd
2026-09-27,raleigh-nc,rtma,06,2026-09-27T10:00:00Z,287.58,1.6,3.42,0.0,2026-09-27T11:00:00Z,nodd,nodd
2026-09-27,raleigh-nc,rtma,07,2026-09-27T11:00:00Z,286.82,1.98,2.96,0.0,2026-09-27T12:00:00Z,nodd,nodd
2026-09-27,raleigh-nc,rtma,08,2026-09-27T12:00:00Z,287.54,2.63,7.04,0.0,2026-09-27T13:00:00Z,nodd,nodd
2026-09-27,raleigh-nc,rtma,09,2026-09-27T13:00:00Z,290.43,3.18,5.24,0.0,2026-09-27T14:00:00Z,nodd,nodd
2026-09-27,raleigh-nc,rtma,10,2026-09-27T14:00:00Z,293.04,3.44,4.77,0.0,2026-09-27T15:00:00Z,nodd,nodd
2026-09-27,raleigh-nc,rtma,11,2026-09-27T15:00:00Z,295.15,4.18,6.91,0.0,2026-09-27T16:00:00Z,nodd,nodd
2026-09-27,raleigh-nc,rtma,12,2026-09-27T16:00:00Z,296.81,4.17,8.58,0.0,2026-09-27T17:00:00Z,nodd,nodd
2026-09-27,raleigh-nc,rtma,13,2026-09-27T17:00:00Z,298.12,3.98,8.06,0.0,2026-09-27T18:00:00Z,nodd,nodd
2026-09-27,raleigh-nc,rtma,14,2026-09-27T18:00:00Z,299.24,3.75,9.21,0.0,2026-09-27T19:00:00Z,nodd,nodd
2026-09-27,raleigh-nc,rtma,15,2026-09-27T19:00:00Z,299.52,4.45,7.77,0.0,2026-09-27T20:00:00Z,nodd,nodd
2026-09-27,raleigh-nc,rtma,16,2026-09-27T20:00:00Z,299.63,4.57,9.56,0.0,2026-09-27T21:00:00Z,nodd,nodd
2026-09-27,raleigh-nc,rtma,17,2026-09-27T21:00:00Z,299.43,3.0,7.74,0.0,2026-09-27T22:00:00Z,nodd,nodd
2026-09-27,raleigh-nc,rtma,18,2026-09-27T22:00:00Z,298.97,3.42,7.41,0.0,2026-09-27T23:00:00Z,nodd,nodd
2026-09-27,raleigh-nc,rtma,19,2026-09-27T23:00:00Z,296.8,2.78,5.45,0.0,2026-09-28T00:00:00Z,nodd,nodd
2026-09-27,raleigh-nc,rtma,20,2026-09-28T00:00:00Z,294.51,1.53,2.72,0.0,2026-09-28T01:00:00Z,nodd,nodd
2026-09-27,raleigh-nc,rtma,21,2026-09-28T01:00:00Z,293.59,0.87,2.91,0.0,2026-09-28T02:00:00Z,nodd,nodd
2026-09-27,raleigh-nc,rtma,22,2026-09-28T02:00:00Z,294.05,2.44,3.65,0.0,2026-09-28T03:00:00Z,nodd,nodd
2026-09-27,raleigh-nc,rtma,23,2026-09-28T03:00:00Z,294.11,2.85,3.41,0.0,2026-09-28T04:00:00Z,nodd,nodd
2026-09-27,raleigh-nc,urma,00,2026-09-27T04:00:00Z,289.52,0.74,2.31,0.0,2026-09-27T05:00:00Z,nodd,nodd
2026-09-27,raleigh-nc,urma,01,2026-09-27T05:00:00Z,288.48,0.0,0.83,0.0,2026-09-27T06:00:00Z,nodd,nodd
2026-09-27,raleigh-nc,urma,02,2026-09-27T06:00:00Z,287.38,0.34,1.37,0.0,2026-09-27T07:00:00Z,nodd,nodd
2026-09-27,raleigh-nc,urma,03,2026-09-27T07:00:00Z,287.1,0.43,1.75,0.0,2026-09-27T08:00:00Z,nodd,nodd
2026-09-27,raleigh-nc,urma,04,2026-09-27T08:00:00Z,286.96,0.85,1.9,0.0,2026-09-27T09:00:00Z,nodd,nodd
2026-09-27,raleigh-nc,urma,05,2026-09-27T09:00:00Z,287.56,1.56,2.92,0.0,2026-09-27T10:00:00Z,nodd,nodd
2026-09-27,raleigh-nc,urma,06,2026-09-27T10:00:00Z,287.59,1.62,3.4,0.0,2026-09-27T11:00:00Z,nodd,nodd
2026-09-27,raleigh-nc,urma,07,2026-09-27T11:00:00Z,286.77,1.83,2.88,0.0,2026-09-27T12:00:00Z,nodd,nodd
2026-09-27,raleigh-nc,urma,08,2026-09-27T12:00:00Z,287.55,2.41,4.21,0.0,2026-09-27T13:00:00Z,nodd,nodd
2026-09-27,raleigh-nc,urma,09,2026-09-27T13:00:00Z,290.5,3.18,5.2,0.0,2026-09-27T14:00:00Z,nodd,nodd
2026-09-27,raleigh-nc,urma,10,2026-09-27T14:00:00Z,293.14,3.55,5.78,0.0,2026-09-27T15:00:00Z,nodd,nodd
2026-09-27,raleigh-nc,urma,11,2026-09-27T15:00:00Z,295.12,4.29,6.8,0.0,2026-09-27T16:00:00Z,nodd,nodd
2026-09-27,raleigh-nc,urma,12,2026-09-27T16:00:00Z,296.88,3.81,8.3,0.0,2026-09-27T17:00:00Z,nodd,nodd
2026-09-27,raleigh-nc,urma,13,2026-09-27T17:00:00Z,298.12,3.92,8.14,0.0,2026-09-27T18:00:00Z,nodd,nodd
2026-09-27,raleigh-nc,urma,14,2026-09-27T18:00:00Z,299.2,3.87,9.33,0.0,2026-09-27T19:00:00Z,nodd,nodd
2026-09-27,raleigh-nc,urma,15,2026-09-27T19:00:00Z,299.59,4.74,8.06,0.0,2026-09-27T20:00:00Z,nodd,nodd
2026-09-27,raleigh-nc,urma,16,2026-09-27T20:00:00Z,299.68,4.64,9.48,0.0,2026-09-27T21:00:00Z,nodd,nodd
2026-09-27,raleigh-nc,urma,17,2026-09-27T21:00:00Z,299.48,2.98,7.7,0.0,2026-09-27T22:00:00Z,nodd,nodd
2026-09-27,raleigh-nc,urma,18,2026-09-27T22:00:00Z,298.89,3.41,7.37,0.0,2026-09-27T23:00:00Z,nodd,nodd
2026-09-27,raleigh-nc,urma,19,2026-09-27T23:00:00Z,296.76,2.73,5.5,0.0,2026-09-28T00:00:00Z,nodd,nodd
2026-09-27,raleigh-nc,urma,20,2026-09-28T00:00:00Z,294.45,1.4,2.65,0.0,2026-09-28T01:00:00Z,nodd,nodd
2026-09-27,raleigh-nc,urma,21,2026-09-28T01:00:00Z,294.09,0.88,3.98,0.0,2026-09-28T02:00:00Z,nodd,nodd
2026-09-27,raleigh-nc,urma,22,2026-09-28T02:00:00Z,294.03,2.25,3.61,0.0,2026-09-28T03:00:00Z,nodd,nodd
2026-09-27,raleigh-nc,urma,23,2026-09-28T03:00:00Z,294.14,2.97,3.37,0.0,2026-09-28T04:00:00Z,nodd,nodd
2026-09-27,oklahoma-city-ok,rtma,00,2026-09-27T05:00:00Z,300.93,5.12,10.6,0.0,2026-09-27T06:00:00Z,nodd,nodd
2026-09-27,oklahoma-city-ok,rtma,01,2026-09-27T06:00:00Z,299.78,1.9,5.44,0.296875,2026-09-27T07:00:00Z,nodd,nodd
2026-09-27,oklahoma-city-ok,rtma,02,2026-09-27T07:00:00Z,298.86,3.59,3.59,0.921875,2026-09-27T08:00:00Z,nodd,nodd
2026-09-27,oklahoma-city-ok,rtma,03,2026-09-27T08:00:00Z,299.11,2.46,2.46,1.0625,2026-09-27T09:00:00Z,nodd,nodd
2026-09-27,oklahoma-city-ok,rtma,04,2026-09-27T09:00:00Z,297.87,3.27,4.67,0.0,2026-09-27T10:00:00Z,nodd,nodd
2026-09-27,oklahoma-city-ok,rtma,05,2026-09-27T10:00:00Z,297.24,3.85,5.9,0.0,2026-09-27T11:00:00Z,nodd,nodd
2026-09-27,oklahoma-city-ok,rtma,06,2026-09-27T11:00:00Z,296.0,3.45,5.19,0.0,2026-09-27T12:00:00Z,nodd,nodd
2026-09-27,oklahoma-city-ok,rtma,07,2026-09-27T12:00:00Z,295.01,2.3,3.27,0.0,2026-09-27T13:00:00Z,nodd,nodd
2026-09-27,oklahoma-city-ok,rtma,08,2026-09-27T13:00:00Z,294.75,2.19,3.49,0.0,2026-09-27T14:00:00Z,nodd,nodd
2026-09-27,oklahoma-city-ok,rtma,09,2026-09-27T14:00:00Z,296.92,3.23,5.35,0.0,2026-09-27T15:00:00Z,nodd,nodd
2026-09-27,oklahoma-city-ok,rtma,10,2026-09-27T15:00:00Z,298.95,3.24,5.55,0.0,2026-09-27T16:00:00Z,nodd,nodd
2026-09-27,oklahoma-city-ok,rtma,11,2026-09-27T16:00:00Z,300.66,2.91,4.76,0.0,2026-09-27T17:00:00Z,nodd,nodd
2026-09-27,oklahoma-city-ok,rtma,12,2026-09-27T17:00:00Z,302.22,0.71,2.13,0.0,2026-09-27T18:00:00Z,nodd,nodd
2026-09-27,oklahoma-city-ok,rtma,13,2026-09-27T18:00:00Z,303.77,2.08,2.72,0.0,2026-09-27T19:00:00Z,nodd,nodd
2026-09-27,oklahoma-city-ok,rtma,14,2026-09-27T19:00:00Z,305.2,1.46,3.97,0.0,2026-09-27T20:00:00Z,nodd,nodd
2026-09-27,oklahoma-city-ok,rtma,15,2026-09-27T20:00:00Z,306.02,1.89,2.56,0.0,2026-09-27T21:00:00Z,nodd,nodd
2026-09-27,oklahoma-city-ok,rtma,16,2026-09-27T21:00:00Z,306.63,0.75,2.82,0.0,2026-09-27T22:00:00Z,nodd,nodd
2026-09-27,oklahoma-city-ok,rtma,17,2026-09-27T22:00:00Z,307.18,2.29,3.34,0.0,2026-09-27T23:00:00Z,nodd,nodd
2026-09-27,oklahoma-city-ok,rtma,18,2026-09-27T23:00:00Z,306.49,1.2,4.53,0.0,2026-09-28T00:00:00Z,nodd,nodd
2026-09-27,oklahoma-city-ok,rtma,19,2026-09-28T00:00:00Z,305.66,3.12,5.65,0.0,2026-09-28T01:00:00Z,nodd,nodd
2026-09-27,oklahoma-city-ok,rtma,20,2026-09-28T01:00:00Z,303.3,4.8,8.04,0.0,2026-09-28T02:00:00Z,nodd,nodd
2026-09-27,oklahoma-city-ok,rtma,21,2026-09-28T02:00:00Z,301.05,4.92,7.8,0.0,2026-09-28T03:00:00Z,nodd,nodd
2026-09-27,oklahoma-city-ok,rtma,22,2026-09-28T03:00:00Z,300.02,5.76,7.3,0.0,2026-09-28T04:00:00Z,nodd,nodd
2026-09-27,oklahoma-city-ok,rtma,23,2026-09-28T04:00:00Z,298.59,5.04,10.07,0.0,2026-09-28T05:00:00Z,nodd,nodd
2026-09-27,oklahoma-city-ok,urma,00,2026-09-27T05:00:00Z,300.86,5.19,11.0,0.0,2026-09-27T06:00:00Z,nodd,nodd
2026-09-27,oklahoma-city-ok,urma,01,2026-09-27T06:00:00Z,299.73,1.59,5.51,0.03125,2026-09-27T07:00:00Z,nodd,nodd
2026-09-27,oklahoma-city-ok,urma,02,2026-09-27T07:00:00Z,299.56,3.69,3.69,0.171875,2026-09-27T08:00:00Z,nodd,nodd
2026-09-27,oklahoma-city-ok,urma,03,2026-09-27T08:00:00Z,299.13,2.56,2.56,0.96875,2026-09-27T09:00:00Z,nodd,nodd
2026-09-27,oklahoma-city-ok,urma,04,2026-09-27T09:00:00Z,297.84,3.16,4.63,0.0,2026-09-27T10:00:00Z,nodd,nodd
2026-09-27,oklahoma-city-ok,urma,05,2026-09-27T10:00:00Z,297.28,3.83,5.94,0.0,2026-09-27T11:00:00Z,nodd,nodd
2026-09-27,oklahoma-city-ok,urma,06,2026-09-27T11:00:00Z,296.03,3.43,4.92,0.0,2026-09-27T12:00:00Z,nodd,nodd
2026-09-27,oklahoma-city-ok,urma,07,2026-09-27T12:00:00Z,295.0,2.37,3.05,0.0,2026-09-27T13:00:00Z,nodd,nodd
2026-09-27,oklahoma-city-ok,urma,08,2026-09-27T13:00:00Z,295.25,2.06,3.63,0.0,2026-09-27T14:00:00Z,nodd,nodd
2026-09-27,oklahoma-city-ok,urma,09,2026-09-27T14:00:00Z,296.97,3.5,5.25,0.0,2026-09-27T15:00:00Z,nodd,nodd
2026-09-27,oklahoma-city-ok,urma,10,2026-09-27T15:00:00Z,298.98,3.23,5.65,0.0,2026-09-27T16:00:00Z,nodd,nodd
2026-09-27,oklahoma-city-ok,urma,11,2026-09-27T16:00:00Z,300.77,2.84,4.79,0.0,2026-09-27T17:00:00Z,nodd,nodd
2026-09-27,oklahoma-city-ok,urma,12,2026-09-27T17:00:00Z,302.27,0.71,2.31,0.0,2026-09-27T18:00:00Z,nodd,nodd
2026-09-27,oklahoma-city-ok,urma,13,2026-09-27T18:00:00Z,303.82,2.03,2.67,0.0,2026-09-27T19:00:00Z,nodd,nodd
2026-09-27,oklahoma-city-ok,urma,14,2026-09-27T19:00:00Z,304.94,1.47,4.05,0.0,2026-09-27T20:00:00Z,nodd,nodd
2026-09-27,oklahoma-city-ok,urma,15,2026-09-27T20:00:00Z,306.06,1.94,2.57,0.0,2026-09-27T21:00:00Z,nodd,nodd
2026-09-27,oklahoma-city-ok,urma,16,2026-09-27T21:00:00Z,306.63,0.57,2.75,0.0,2026-09-27T22:00:00Z,nodd,nodd
2026-09-27,oklahoma-city-ok,urma,17,2026-09-27T22:00:00Z,307.19,2.43,3.33,0.0,2026-09-27T23:00:00Z,nodd,nodd
2026-09-27,oklahoma-city-ok,urma,18,2026-09-27T23:00:00Z,306.46,1.22,4.28,0.0,2026-09-28T00:00:00Z,nodd,nodd
2026-09-27,oklahoma-city-ok,urma,19,2026-09-28T00:00:00Z,305.63,3.11,5.78,0.0,2026-09-28T01:00:00Z,nodd,nodd
2026-09-27,oklahoma-city-ok,urma,20,2026-09-28T01:00:00Z,303.4,4.67,8.02,0.0,2026-09-28T02:00:00Z,nodd,nodd
2026-09-27,oklahoma-city-ok,urma,21,2026-09-28T02:00:00Z,301.03,5.04,7.82,0.0,2026-09-28T03:00:00Z,nodd,nodd
2026-09-27,oklahoma-city-ok,urma,22,2026-09-28T03:00:00Z,300.06,5.75,7.18,0.0,2026-09-28T04:00:00Z,nodd,nodd
2026-09-27,oklahoma-city-ok,urma,23,2026-09-28T04:00:00Z,298.56,5.19,10.07,0.0,2026-09-28T05:00:00Z,nodd,nodd
2026-09-27,louisville-ky,rtma,00,2026-09-27T04:00:00Z,285.94,1.42,2.29,0.0,2026-09-27T05:00:00Z,nodd,nodd
2026-09-27,louisville-ky,rtma,01,2026-09-27T05:00:00Z,285.22,1.52,1.52,0.0,2026-09-27T06:00:00Z,nodd,nodd
2026-09-27,louisville-ky,rtma,02,2026-09-27T06:00:00Z,284.61,0.1,1.28,0.0,2026-09-27T07:00:00Z,nodd,nodd
2026-09-27,louisville-ky,rtma,03,2026-09-27T07:00:00Z,284.63,0.52,2.13,0.0,2026-09-27T08:00:00Z,nodd,nodd
2026-09-27,louisville-ky,rtma,04,2026-09-27T08:00:00Z,284.66,1.68,1.9,0.0,2026-09-27T09:00:00Z,nodd,nodd
2026-09-27,louisville-ky,rtma,05,2026-09-27T09:00:00Z,283.93,1.13,1.97,0.0,2026-09-27T10:00:00Z,nodd,nodd
2026-09-27,louisville-ky,rtma,06,2026-09-27T10:00:00Z,283.1,1.42,2.97,0.0,2026-09-27T11:00:00Z,nodd,nodd
2026-09-27,louisville-ky,rtma,07,2026-09-27T11:00:00Z,282.37,0.59,2.97,0.0,2026-09-27T12:00:00Z,nodd,nodd
2026-09-27,louisville-ky,rtma,08,2026-09-27T12:00:00Z,281.98,1.82,4.1,0.0,2026-09-27T13:00:00Z,nodd,nodd
2026-09-27,louisville-ky,rtma,09,2026-09-27T13:00:00Z,283.8,1.06,2.46,0.0,2026-09-27T14:00:00Z,nodd,nodd
2026-09-27,louisville-ky,rtma,10,2026-09-27T14:00:00Z,287.31,1.97,3.61,0.0,2026-09-27T15:00:00Z,nodd,nodd
2026-09-27,louisville-ky,rtma,11,2026-09-27T15:00:00Z,290.48,1.26,2.86,0.0,2026-09-27T16:00:00Z,nodd,nodd
2026-09-27,louisville-ky,rtma,12,2026-09-27T16:00:00Z,293.17,1.83,3.17,0.0,2026-09-27T17:00:00Z,nodd,nodd
2026-09-27,louisville-ky,rtma,13,2026-09-27T17:00:00Z,295.07,1.28,3.87,0.0,2026-09-27T18:00:00Z,nodd,nodd
2026-09-27,louisville-ky,rtma,14,2026-09-27T18:00:00Z,296.54,3.3,3.6,0.0,2026-09-27T19:00:00Z,nodd,nodd
2026-09-27,louisville-ky,rtma,15,2026-09-27T19:00:00Z,297.48,4.04,7.78,0.0,2026-09-27T20:00:00Z,nodd,nodd
2026-09-27,louisville-ky,rtma,16,2026-09-27T20:00:00Z,298.15,3.79,7.12,0.0,2026-09-27T21:00:00Z,nodd,nodd
2026-09-27,louisville-ky,rtma,17,2026-09-27T21:00:00Z,298.33,4.13,4.13,0.0,2026-09-27T22:00:00Z,nodd,nodd
2026-09-27,louisville-ky,rtma,18,2026-09-27T22:00:00Z,298.1,2.82,3.52,0.0,2026-09-27T23:00:00Z,nodd,nodd
2026-09-27,louisville-ky,rtma,19,2026-09-27T23:00:00Z,296.19,2.05,3.22,0.0,2026-09-28T00:00:00Z,nodd,nodd
2026-09-27,louisville-ky,rtma,20,2026-09-28T00:00:00Z,292.8,1.78,3.85,0.0,2026-09-28T01:00:00Z,nodd,nodd
2026-09-27,louisville-ky,rtma,21,2026-09-28T01:00:00Z,290.09,1.58,2.51,0.0,2026-09-28T02:00:00Z,nodd,nodd
2026-09-27,louisville-ky,rtma,22,2026-09-28T02:00:00Z,289.06,0.98,1.58,0.0,2026-09-28T03:00:00Z,nodd,nodd
2026-09-27,louisville-ky,rtma,23,2026-09-28T03:00:00Z,288.17,1.43,1.43,0.0,2026-09-28T04:00:00Z,nodd,nodd
2026-09-27,louisville-ky,urma,00,2026-09-27T04:00:00Z,285.91,1.54,2.36,0.0,2026-09-27T05:00:00Z,nodd,nodd
2026-09-27,louisville-ky,urma,01,2026-09-27T05:00:00Z,285.15,1.5,1.5,0.0,2026-09-27T06:00:00Z,nodd,nodd
2026-09-27,louisville-ky,urma,02,2026-09-27T06:00:00Z,284.62,0.17,1.32,0.0,2026-09-27T07:00:00Z,nodd,nodd
2026-09-27,louisville-ky,urma,03,2026-09-27T07:00:00Z,285.38,0.74,2.15,0.0,2026-09-27T08:00:00Z,nodd,nodd
2026-09-27,louisville-ky,urma,04,2026-09-27T08:00:00Z,284.69,1.59,1.94,0.0,2026-09-27T09:00:00Z,nodd,nodd
2026-09-27,louisville-ky,urma,05,2026-09-27T09:00:00Z,283.93,1.35,2.04,0.0,2026-09-27T10:00:00Z,nodd,nodd
2026-09-27,louisville-ky,urma,06,2026-09-27T10:00:00Z,283.0,1.36,3.02,0.0,2026-09-27T11:00:00Z,nodd,nodd
2026-09-27,louisville-ky,urma,07,2026-09-27T11:00:00Z,282.25,0.36,3.04,0.0,2026-09-27T12:00:00Z,nodd,nodd
2026-09-27,louisville-ky,urma,08,2026-09-27T12:00:00Z,281.96,1.49,3.73,0.0,2026-09-27T13:00:00Z,nodd,nodd
2026-09-27,louisville-ky,urma,09,2026-09-27T13:00:00Z,284.13,1.32,2.63,0.0,2026-09-27T14:00:00Z,nodd,nodd
2026-09-27,louisville-ky,urma,10,2026-09-27T14:00:00Z,287.34,1.85,3.61,0.0,2026-09-27T15:00:00Z,nodd,nodd
2026-09-27,louisville-ky,urma,11,2026-09-27T15:00:00Z,290.69,1.21,2.9,0.0,2026-09-27T16:00:00Z,nodd,nodd
2026-09-27,louisville-ky,urma,12,2026-09-27T16:00:00Z,293.21,1.76,3.17,0.0,2026-09-27T17:00:00Z,nodd,nodd
2026-09-27,louisville-ky,urma,13,2026-09-27T17:00:00Z,295.19,1.31,3.87,0.0,2026-09-27T18:00:00Z,nodd,nodd
2026-09-27,louisville-ky,urma,14,2026-09-27T18:00:00Z,296.43,3.35,3.59,0.0,2026-09-27T19:00:00Z,nodd,nodd
2026-09-27,louisville-ky,urma,15,2026-09-27T19:00:00Z,297.57,3.93,7.72,0.0,2026-09-27T20:00:00Z,nodd,nodd
2026-09-27,louisville-ky,urma,16,2026-09-27T20:00:00Z,298.12,3.89,6.97,0.0,2026-09-27T21:00:00Z,nodd,nodd
2026-09-27,louisville-ky,urma,17,2026-09-27T21:00:00Z,298.35,4.37,4.37,0.0,2026-09-27T22:00:00Z,nodd,nodd
2026-09-27,louisville-ky,urma,18,2026-09-27T22:00:00Z,298.16,2.71,3.48,0.0,2026-09-27T23:00:00Z,nodd,nodd
2026-09-27,louisville-ky,urma,19,2026-09-27T23:00:00Z,296.17,1.84,3.35,0.0,2026-09-28T00:00:00Z,nodd,nodd
2026-09-27,louisville-ky,urma,20,2026-09-28T00:00:00Z,292.73,1.61,2.9,0.0,2026-09-28T01:00:00Z,nodd,nodd
2026-09-27,louisville-ky,urma,21,2026-09-28T01:00:00Z,290.74,1.9,2.57,0.0,2026-09-28T02:00:00Z,nodd,nodd
2026-09-27,louisville-ky,urma,22,2026-09-28T02:00:00Z,289.07,1.0,1.64,0.0,2026-09-28T03:00:00Z,nodd,nodd
2026-09-27,louisville-ky,urma,23,2026-09-28T03:00:00Z,288.11,1.38,1.38,0.0,2026-09-28T04:00:00Z,nodd,nodd
2026-09-27,richmond-va,rtma,00,2026-09-27T04:00:00Z,287.26,2.71,7.94,0.25,2026-09-27T05:00:00Z,nodd,nodd
2026-09-27,richmond-va,rtma,01,2026-09-27T05:00:00Z,287.25,2.74,5.51,0.0,2026-09-27T06:00:00Z,nodd,nodd
2026-09-27,richmond-va,rtma,02,2026-09-27T06:00:00Z,287.33,1.67,5.0,0.03125,2026-09-27T07:00:00Z,nodd,nodd
2026-09-27,richmond-va,rtma,03,2026-09-27T07:00:00Z,287.37,2.8,6.68,0.0,2026-09-27T08:00:00Z,nodd,nodd
2026-09-27,richmond-va,rtma,04,2026-09-27T08:00:00Z,287.61,3.15,5.03,0.0,2026-09-27T09:00:00Z,nodd,nodd
2026-09-27,richmond-va,rtma,05,2026-09-27T09:00:00Z,287.6,3.3,5.92,0.0,2026-09-27T10:00:00Z,nodd,nodd
2026-09-27,richmond-va,rtma,06,2026-09-27T10:00:00Z,287.61,3.19,4.75,0.0,2026-09-27T11:00:00Z,nodd,nodd
2026-09-27,richmond-va,rtma,07,2026-09-27T11:00:00Z,287.61,2.92,4.92,0.0,2026-09-27T12:00:00Z,nodd,nodd
2026-09-27,richmond-va,rtma,08,2026-09-27T12:00:00Z,287.98,2.5,6.55,0.0,2026-09-27T13:00:00Z,nodd,nodd
2026-09-27,richmond-va,rtma,09,2026-09-27T13:00:00Z,289.15,3.57,7.63,0.0,2026-09-27T14:00:00Z,nodd,nodd
2026-09-27,richmond-va,rtma,10,2026-09-27T14:00:00Z,291.43,4.25,7.41,0.0,2026-09-27T15:00:00Z,nodd,nodd
2026-09-27,richmond-va,rtma,11,2026-09-27T15:00:00Z,293.6,5.61,10.04,0.0,2026-09-27T16:00:00Z,nodd,nodd
2026-09-27,richmond-va,rtma,12,2026-09-27T16:00:00Z,294.78,4.95,9.65,0.0,2026-09-27T17:00:00Z,nodd,nodd
2026-09-27,richmond-va,rtma,13,2026-09-27T17:00:00Z,295.51,4.92,9.75,0.0,2026-09-27T18:00:00Z,nodd,nodd
2026-09-27,richmond-va,rtma,14,2026-09-27T18:00:00Z,295.71,4.98,11.02,0.0,2026-09-27T19:00:00Z,nodd,nodd
2026-09-27,richmond-va,rtma,15,2026-09-27T19:00:00Z,296.16,4.01,9.46,0.0,2026-09-27T20:00:00Z,nodd,nodd
2026-09-27,richmond-va,rtma,16,2026-09-27T20:00:00Z,294.94,3.52,7.46,0.0,2026-09-27T21:00:00Z,nodd,nodd
2026-09-27,richmond-va,rtma,17,2026-09-27T21:00:00Z,293.47,4.31,11.32,0.0,2026-09-27T22:00:00Z,nodd,nodd
2026-09-27,richmond-va,rtma,18,2026-09-27T22:00:00Z,293.08,4.58,9.97,0.0,2026-09-27T23:00:00Z,nodd,nodd
2026-09-27,richmond-va,rtma,19,2026-09-27T23:00:00Z,292.2,4.25,12.72,0.0,2026-09-28T00:00:00Z,nodd,nodd
2026-09-27,richmond-va,rtma,20,2026-09-28T00:00:00Z,291.57,4.33,9.31,0.0,2026-09-28T01:00:00Z,nodd,nodd
2026-09-27,richmond-va,rtma,21,2026-09-28T01:00:00Z,291.09,5.52,10.06,0.0,2026-09-28T02:00:00Z,nodd,nodd
2026-09-27,richmond-va,rtma,22,2026-09-28T02:00:00Z,291.09,3.52,11.39,0.0,2026-09-28T03:00:00Z,nodd,nodd
2026-09-27,richmond-va,rtma,23,2026-09-28T03:00:00Z,290.99,2.6,8.61,0.0,2026-09-28T04:00:00Z,nodd,nodd
2026-09-27,richmond-va,urma,00,2026-09-27T04:00:00Z,287.3,2.66,8.43,0.25,2026-09-27T05:00:00Z,nodd,nodd
2026-09-27,richmond-va,urma,01,2026-09-27T05:00:00Z,287.26,2.78,5.71,0.0,2026-09-27T06:00:00Z,nodd,nodd
2026-09-27,richmond-va,urma,02,2026-09-27T06:00:00Z,287.28,1.83,4.82,0.03125,2026-09-27T07:00:00Z,nodd,nodd
2026-09-27,richmond-va,urma,03,2026-09-27T07:00:00Z,287.59,2.89,6.93,0.0,2026-09-27T08:00:00Z,nodd,nodd
2026-09-27,richmond-va,urma,04,2026-09-27T08:00:00Z,287.62,3.18,5.7,0.0,2026-09-27T09:00:00Z,nodd,nodd
2026-09-27,richmond-va,urma,05,2026-09-27T09:00:00Z,287.61,3.35,5.74,0.0,2026-09-27T10:00:00Z,nodd,nodd
2026-09-27,richmond-va,urma,06,2026-09-27T10:00:00Z,287.61,3.28,4.55,0.0,2026-09-27T11:00:00Z,nodd,nodd
2026-09-27,richmond-va,urma,07,2026-09-27T11:00:00Z,287.58,2.95,4.93,0.0,2026-09-27T12:00:00Z,nodd,nodd
2026-09-27,richmond-va,urma,08,2026-09-27T12:00:00Z,287.99,2.58,6.47,0.0,2026-09-27T13:00:00Z,nodd,nodd
2026-09-27,richmond-va,urma,09,2026-09-27T13:00:00Z,289.28,3.57,7.97,0.0,2026-09-27T14:00:00Z,nodd,nodd
2026-09-27,richmond-va,urma,10,2026-09-27T14:00:00Z,291.5,4.36,7.58,0.0,2026-09-27T15:00:00Z,nodd,nodd
2026-09-27,richmond-va,urma,11,2026-09-27T15:00:00Z,293.67,6.1,10.4,0.0,2026-09-27T16:00:00Z,nodd,nodd
2026-09-27,richmond-va,urma,12,2026-09-27T16:00:00Z,294.87,5.08,9.5,0.0,2026-09-27T17:00:00Z,nodd,nodd
2026-09-27,richmond-va,urma,13,2026-09-27T17:00:00Z,295.57,4.97,9.55,0.0,2026-09-27T18:00:00Z,nodd,nodd
2026-09-27,richmond-va,urma,14,2026-09-27T18:00:00Z,295.72,5.04,10.75,0.0,2026-09-27T19:00:00Z,nodd,nodd
2026-09-27,richmond-va,urma,15,2026-09-27T19:00:00Z,296.33,3.94,9.54,0.0,2026-09-27T20:00:00Z,nodd,nodd
2026-09-27,richmond-va,urma,16,2026-09-27T20:00:00Z,294.9,3.47,7.94,0.03125,2026-09-27T21:00:00Z,nodd,nodd
2026-09-27,richmond-va,urma,17,2026-09-27T21:00:00Z,293.54,4.57,11.58,0.0,2026-09-27T22:00:00Z,nodd,nodd
2026-09-27,richmond-va,urma,18,2026-09-27T22:00:00Z,293.09,4.4,10.21,0.0,2026-09-27T23:00:00Z,nodd,nodd
2026-09-27,richmond-va,urma,19,2026-09-27T23:00:00Z,292.23,4.29,12.65,0.0,2026-09-28T00:00:00Z,nodd,nodd
2026-09-27,richmond-va,urma,20,2026-09-28T00:00:00Z,291.61,4.36,9.5,0.0,2026-09-28T01:00:00Z,nodd,nodd
2026-09-27,richmond-va,urma,21,2026-09-28T01:00:00Z,291.22,5.57,9.68,0.0,2026-09-28T02:00:00Z,nodd,nodd
2026-09-27,richmond-va,urma,22,2026-09-28T02:00:00Z,291.09,3.53,11.49,0.0,2026-09-28T03:00:00Z,nodd,nodd
2026-09-27,richmond-va,urma,23,2026-09-28T03:00:00Z,290.97,2.9,8.41,0.0,2026-09-28T04:00:00Z,nodd,nodd
2026-09-27,memphis-tn,rtma,00,2026-09-27T05:00:00Z,293.96,1.67,3.11,0.0,2026-09-27T06:00:00Z,nodd,nodd
2026-09-27,memphis-tn,rtma,01,2026-09-27T06:00:00Z,292.89,2.34,2.34,0.0,2026-09-27T07:00:00Z,nodd,nodd
2026-09-27,memphis-tn,rtma,02,2026-09-27T07:00:00Z,292.09,2.12,2.86,0.0,2026-09-27T08:00:00Z,nodd,nodd
2026-09-27,memphis-tn,rtma,03,2026-09-27T08:00:00Z,292.34,0.54,2.49,0.0,2026-09-27T09:00:00Z,nodd,nodd
2026-09-27,memphis-tn,rtma,04,2026-09-27T09:00:00Z,291.12,1.27,2.95,0.0,2026-09-27T10:00:00Z,nodd,nodd
2026-09-27,memphis-tn,rtma,05,2026-09-27T10:00:00Z,290.88,0.8,3.64,0.0,2026-09-27T11:00:00Z,nodd,nodd
2026-09-27,memphis-tn,rtma,06,2026-09-27T11:00:00Z,290.73,1.25,3.8,0.0,2026-09-27T12:00:00Z,nodd,nodd
2026-09-27,memphis-tn,rtma,07,2026-09-27T12:00:00Z,290.94,1.37,3.39,0.0,2026-09-27T13:00:00Z,nodd,nodd
2026-09-27,memphis-tn,rtma,08,2026-09-27T13:00:00Z,291.23,0.84,2.6,0.0,2026-09-27T14:00:00Z,nodd,nodd
2026-09-27,memphis-tn,rtma,09,2026-09-27T14:00:00Z,292.84,1.19,3.27,0.0,2026-09-27T15:00:00Z,nodd,nodd
2026-09-27,memphis-tn,rtma,10,2026-09-27T15:00:00Z,294.88,1.35,1.82,0.0,2026-09-27T16:00:00Z,nodd,nodd
2026-09-27,memphis-tn,rtma,11,2026-09-27T16:00:00Z,297.46,1.24,3.57,0.0,2026-09-27T17:00:00Z,nodd,nodd
2026-09-27,memphis-tn,rtma,12,2026-09-27T17:00:00Z,299.49,3.03,3.54,0.0,2026-09-27T18:00:00Z,nodd,nodd
2026-09-27,memphis-tn,rtma,13,2026-09-27T18:00:00Z,300.25,2.51,5.71,0.0,2026-09-27T19:00:00Z,nodd,nodd
2026-09-27,memphis-tn,rtma,14,2026-09-27T19:00:00Z,301.3,3.63,6.8,0.0,2026-09-27T20:00:00Z,nodd,nodd
2026-09-27,memphis-tn,rtma,15,2026-09-27T20:00:00Z,302.0,2.97,7.07,0.0,2026-09-27T21:00:00Z,nodd,nodd
2026-09-27,memphis-tn,rtma,16,2026-09-27T21:00:00Z,301.86,2.06,4.99,0.0,2026-09-27T22:00:00Z,nodd,nodd
2026-09-27,memphis-tn,rtma,17,2026-09-27T22:00:00Z,301.02,3.11,4.93,0.0,2026-09-27T23:00:00Z,nodd,nodd
2026-09-27,memphis-tn,rtma,18,2026-09-27T23:00:00Z,299.97,4.08,4.27,0.0,2026-09-28T00:00:00Z,nodd,nodd
2026-09-27,memphis-tn,rtma,19,2026-09-28T00:00:00Z,297.48,2.48,6.2,0.0,2026-09-28T01:00:00Z,nodd,nodd
2026-09-27,memphis-tn,rtma,20,2026-09-28T01:00:00Z,295.61,2.81,4.44,0.0,2026-09-28T02:00:00Z,nodd,nodd
2026-09-27,memphis-tn,rtma,21,2026-09-28T02:00:00Z,294.74,1.83,4.33,0.0,2026-09-28T03:00:00Z,nodd,nodd
2026-09-27,memphis-tn,rtma,22,2026-09-28T03:00:00Z,293.4,1.45,3.24,0.0,2026-09-28T04:00:00Z,nodd,nodd
2026-09-27,memphis-tn,rtma,23,2026-09-28T04:00:00Z,292.8,1.04,3.11,0.0,2026-09-28T05:00:00Z,nodd,nodd
2026-09-27,memphis-tn,urma,00,2026-09-27T05:00:00Z,294.06,1.94,3.08,0.0,2026-09-27T06:00:00Z,nodd,nodd
2026-09-27,memphis-tn,urma,01,2026-09-27T06:00:00Z,292.81,2.11,2.35,0.0,2026-09-27T07:00:00Z,nodd,nodd
2026-09-27,memphis-tn,urma,02,2026-09-27T07:00:00Z,293.14,1.9,2.72,0.0,2026-09-27T08:00:00Z,nodd,nodd
2026-09-27,memphis-tn,urma,03,2026-09-27T08:00:00Z,292.31,0.4,2.29,0.0,2026-09-27T09:00:00Z,nodd,nodd
2026-09-27,memphis-tn,urma,04,2026-09-27T09:00:00Z,291.24,1.18,2.59,0.0,2026-09-27T10:00:00Z,nodd,nodd
2026-09-27,memphis-tn,urma,05,2026-09-27T10:00:00Z,290.86,0.65,3.32,0.0,2026-09-27T11:00:00Z,nodd,nodd
2026-09-27,memphis-tn,urma,06,2026-09-27T11:00:00Z,290.8,1.22,3.52,0.0,2026-09-27T12:00:00Z,nodd,nodd
2026-09-27,memphis-tn,urma,07,2026-09-27T12:00:00Z,290.91,1.06,3.21,0.0,2026-09-27T13:00:00Z,nodd,nodd
2026-09-27,memphis-tn,urma,08,2026-09-27T13:00:00Z,291.61,0.87,2.56,0.0,2026-09-27T14:00:00Z,nodd,nodd
2026-09-27,memphis-tn,urma,09,2026-09-27T14:00:00Z,292.83,1.31,3.34,0.0,2026-09-27T15:00:00Z,nodd,nodd
2026-09-27,memphis-tn,urma,10,2026-09-27T15:00:00Z,295.0,1.11,1.79,0.0,2026-09-27T16:00:00Z,nodd,nodd
2026-09-27,memphis-tn,urma,11,2026-09-27T16:00:00Z,297.33,1.26,3.52,0.0,2026-09-27T17:00:00Z,nodd,nodd
2026-09-27,memphis-tn,urma,12,2026-09-27T17:00:00Z,299.37,2.6,3.57,0.0,2026-09-27T18:00:00Z,nodd,nodd
2026-09-27,memphis-tn,urma,13,2026-09-27T18:00:00Z,300.22,2.73,5.61,0.0,2026-09-27T19:00:00Z,nodd,nodd
2026-09-27,memphis-tn,urma,14,2026-09-27T19:00:00Z,301.33,3.67,6.86,0.0,2026-09-27T20:00:00Z,nodd,nodd
2026-09-27,memphis-tn,urma,15,2026-09-27T20:00:00Z,302.04,2.91,7.22,0.0,2026-09-27T21:00:00Z,nodd,nodd
2026-09-27,memphis-tn,urma,16,2026-09-27T21:00:00Z,301.97,1.89,5.04,0.0,2026-09-27T22:00:00Z,nodd,nodd
2026-09-27,memphis-tn,urma,17,2026-09-27T22:00:00Z,301.06,3.0,4.95,0.0,2026-09-27T23:00:00Z,nodd,nodd
2026-09-27,memphis-tn,urma,18,2026-09-27T23:00:00Z,300.02,3.93,4.29,0.0,2026-09-28T00:00:00Z,nodd,nodd
2026-09-27,memphis-tn,urma,19,2026-09-28T00:00:00Z,297.41,2.52,5.93,0.0,2026-09-28T01:00:00Z,nodd,nodd
2026-09-27,memphis-tn,urma,20,2026-09-28T01:00:00Z,296.44,2.73,4.46,0.0,2026-09-28T02:00:00Z,nodd,nodd
2026-09-27,memphis-tn,urma,21,2026-09-28T02:00:00Z,294.67,1.54,4.35,0.0,2026-09-28T03:00:00Z,nodd,nodd
2026-09-27,memphis-tn,urma,22,2026-09-28T03:00:00Z,293.51,1.6,3.28,0.0,2026-09-28T04:00:00Z,nodd,nodd
2026-09-27,memphis-tn,urma,23,2026-09-28T04:00:00Z,292.84,1.09,3.15,0.0,2026-09-28T05:00:00Z,nodd,nodd
2026-09-27,salt-lake-city-ut,rtma,00,2026-09-27T06:00:00Z,291.63,1.07,2.04,0.0,2026-09-27T07:00:00Z,nodd,nodd
2026-09-27,salt-lake-city-ut,rtma,01,2026-09-27T07:00:00Z,291.77,0.0,2.59,0.0,2026-09-27T08:00:00Z,nodd,nodd
2026-09-27,salt-lake-city-ut,rtma,02,2026-09-27T08:00:00Z,293.09,0.02,1.5,0.0,2026-09-27T09:00:00Z,nodd,nodd
2026-09-27,salt-lake-city-ut,rtma,03,2026-09-27T09:00:00Z,293.15,0.0,1.01,0.0,2026-09-27T10:00:00Z,nodd,nodd
2026-09-27,salt-lake-city-ut,rtma,04,2026-09-27T10:00:00Z,292.11,0.05,1.11,0.0,2026-09-27T11:00:00Z,nodd,nodd
2026-09-27,salt-lake-city-ut,rtma,05,2026-09-27T11:00:00Z,291.61,0.83,1.06,0.0,2026-09-27T12:00:00Z,nodd,nodd
2026-09-27,salt-lake-city-ut,rtma,06,2026-09-27T12:00:00Z,291.85,1.53,1.84,0.0,2026-09-27T13:00:00Z,nodd,nodd
2026-09-27,salt-lake-city-ut,rtma,07,2026-09-27T13:00:00Z,291.1,0.33,1.07,0.0,2026-09-27T14:00:00Z,nodd,nodd
2026-09-27,salt-lake-city-ut,rtma,08,2026-09-27T14:00:00Z,290.79,2.74,3.39,0.0,2026-09-27T15:00:00Z,nodd,nodd
2026-09-27,salt-lake-city-ut,rtma,09,2026-09-27T15:00:00Z,293.1,2.07,5.35,0.0,2026-09-27T16:00:00Z,nodd,nodd
2026-09-27,salt-lake-city-ut,rtma,10,2026-09-27T16:00:00Z,296.29,2.4,5.92,0.0,2026-09-27T17:00:00Z,nodd,nodd
2026-09-27,salt-lake-city-ut,rtma,11,2026-09-27T17:00:00Z,298.17,3.4,8.13,0.0,2026-09-27T18:00:00Z,nodd,nodd
2026-09-27,salt-lake-city-ut,rtma,12,2026-09-27T18:00:00Z,298.43,4.59,10.02,0.0,2026-09-27T19:00:00Z,nodd,nodd
2026-09-27,salt-lake-city-ut,rtma,13,2026-09-27T19:00:00Z,300.08,5.29,9.9,0.0,2026-09-27T20:00:00Z,nodd,nodd
2026-09-27,salt-lake-city-ut,rtma,14,2026-09-27T20:00:00Z,300.32,4.41,9.86,0.0,2026-09-27T21:00:00Z,nodd,nodd
2026-09-27,salt-lake-city-ut,rtma,15,2026-09-27T21:00:00Z,300.58,3.94,9.55,0.0,2026-09-27T22:00:00Z,nodd,nodd
2026-09-27,salt-lake-city-ut,rtma,16,2026-09-27T22:00:00Z,300.95,4.11,8.96,0.0,2026-09-27T23:00:00Z,nodd,nodd
2026-09-27,salt-lake-city-ut,rtma,17,2026-09-27T23:00:00Z,301.26,3.9,8.94,0.0,2026-09-28T00:00:00Z,nodd,nodd
2026-09-27,salt-lake-city-ut,rtma,18,2026-09-28T00:00:00Z,300.6,2.83,8.08,0.0,2026-09-28T01:00:00Z,nodd,nodd
2026-09-27,salt-lake-city-ut,rtma,19,2026-09-28T01:00:00Z,299.07,1.58,4.08,0.0,2026-09-28T02:00:00Z,nodd,nodd
2026-09-27,salt-lake-city-ut,rtma,20,2026-09-28T02:00:00Z,297.0,1.74,3.67,0.0,2026-09-28T03:00:00Z,nodd,nodd
2026-09-27,salt-lake-city-ut,rtma,21,2026-09-28T03:00:00Z,296.09,2.1,4.82,0.0,2026-09-28T04:00:00Z,nodd,nodd
2026-09-27,salt-lake-city-ut,rtma,22,2026-09-28T04:00:00Z,295.99,2.68,5.15,0.0,2026-09-28T05:00:00Z,nodd,nodd
2026-09-27,salt-lake-city-ut,rtma,23,2026-09-28T05:00:00Z,294.6,1.57,3.44,0.0,2026-09-28T06:00:00Z,nodd,nodd
2026-09-27,salt-lake-city-ut,urma,00,2026-09-27T06:00:00Z,291.74,1.06,1.6,0.0,2026-09-27T07:00:00Z,nodd,nodd
2026-09-27,salt-lake-city-ut,urma,01,2026-09-27T07:00:00Z,291.8,0.01,2.25,0.0,2026-09-27T08:00:00Z,nodd,nodd
2026-09-27,salt-lake-city-ut,urma,02,2026-09-27T08:00:00Z,293.31,0.02,0.88,0.0,2026-09-27T09:00:00Z,nodd,nodd
2026-09-27,salt-lake-city-ut,urma,03,2026-09-27T09:00:00Z,293.4,0.08,0.77,0.0,2026-09-27T10:00:00Z,nodd,nodd
2026-09-27,salt-lake-city-ut,urma,04,2026-09-27T10:00:00Z,292.25,0.0,0.5,0.0,2026-09-27T11:00:00Z,nodd,nodd
2026-09-27,salt-lake-city-ut,urma,05,2026-09-27T11:00:00Z,291.87,0.91,0.91,0.0,2026-09-27T12:00:00Z,nodd,nodd
2026-09-27,salt-lake-city-ut,urma,06,2026-09-27T12:00:00Z,292.31,1.53,1.53,0.0,2026-09-27T13:00:00Z,nodd,nodd
2026-09-27,salt-lake-city-ut,urma,07,2026-09-27T13:00:00Z,290.45,0.34,0.79,0.0,2026-09-27T14:00:00Z,nodd,nodd
2026-09-27,salt-lake-city-ut,urma,08,2026-09-27T14:00:00Z,291.31,2.88,3.0,0.0,2026-09-27T15:00:00Z,nodd,nodd
2026-09-27,salt-lake-city-ut,urma,09,2026-09-27T15:00:00Z,293.22,2.02,5.07,0.0,2026-09-27T16:00:00Z,nodd,nodd
2026-09-27,salt-lake-city-ut,urma,10,2026-09-27T16:00:00Z,296.12,2.24,5.53,0.0,2026-09-27T17:00:00Z,nodd,nodd
2026-09-27,salt-lake-city-ut,urma,11,2026-09-27T17:00:00Z,298.01,3.11,7.83,0.0,2026-09-27T18:00:00Z,nodd,nodd
2026-09-27,salt-lake-city-ut,urma,12,2026-09-27T18:00:00Z,298.23,4.31,9.68,0.0,2026-09-27T19:00:00Z,nodd,nodd
2026-09-27,salt-lake-city-ut,urma,13,2026-09-27T19:00:00Z,299.74,4.88,9.56,0.0,2026-09-27T20:00:00Z,nodd,nodd
2026-09-27,salt-lake-city-ut,urma,14,2026-09-27T20:00:00Z,300.11,4.15,9.23,0.0,2026-09-27T21:00:00Z,nodd,nodd
2026-09-27,salt-lake-city-ut,urma,15,2026-09-27T21:00:00Z,300.46,3.68,9.35,0.0,2026-09-27T22:00:00Z,nodd,nodd
2026-09-27,salt-lake-city-ut,urma,16,2026-09-27T22:00:00Z,300.81,3.83,8.85,0.0,2026-09-27T23:00:00Z,nodd,nodd
2026-09-27,salt-lake-city-ut,urma,17,2026-09-27T23:00:00Z,301.12,3.4,8.69,0.0,2026-09-28T00:00:00Z,nodd,nodd
2026-09-27,salt-lake-city-ut,urma,18,2026-09-28T00:00:00Z,300.71,2.45,7.71,0.0,2026-09-28T01:00:00Z,nodd,nodd
2026-09-27,salt-lake-city-ut,urma,19,2026-09-28T01:00:00Z,299.1,1.63,3.99,0.0,2026-09-28T02:00:00Z,nodd,nodd
2026-09-27,salt-lake-city-ut,urma,20,2026-09-28T02:00:00Z,297.22,1.71,2.97,0.0,2026-09-28T03:00:00Z,nodd,nodd
2026-09-27,salt-lake-city-ut,urma,21,2026-09-28T03:00:00Z,296.35,2.02,4.08,0.0,2026-09-28T04:00:00Z,nodd,nodd
2026-09-27,salt-lake-city-ut,urma,22,2026-09-28T04:00:00Z,296.08,2.52,5.32,0.0,2026-09-28T05:00:00Z,nodd,nodd
2026-09-27,salt-lake-city-ut,urma,23,2026-09-28T05:00:00Z,294.68,1.45,3.17,0.0,2026-09-28T06:00:00Z,nodd,nodd
2026-09-27,birmingham-al,rtma,00,2026-09-27T05:00:00Z,289.86,0.01,1.87,0.0,2026-09-27T06:00:00Z,nodd,nodd
2026-09-27,birmingham-al,rtma,01,2026-09-27T06:00:00Z,289.99,0.0,1.03,0.0,2026-09-27T07:00:00Z,nodd,nodd
2026-09-27,birmingham-al,rtma,02,2026-09-27T07:00:00Z,289.88,0.09,1.53,0.0,2026-09-27T08:00:00Z,nodd,nodd
2026-09-27,birmingham-al,rtma,03,2026-09-27T08:00:00Z,289.61,0.47,2.69,0.0,2026-09-27T09:00:00Z,nodd,nodd
2026-09-27,birmingham-al,rtma,04,2026-09-27T09:00:00Z,288.79,0.0,2.35,0.0,2026-09-27T10:00:00Z,nodd,nodd
2026-09-27,birmingham-al,rtma,05,2026-09-27T10:00:00Z,288.11,0.0,1.62,0.0,2026-09-27T11:00:00Z,nodd,nodd
2026-09-27,birmingham-al,rtma,06,2026-09-27T11:00:00Z,287.29,0.11,1.54,0.0,2026-09-27T12:00:00Z,nodd,nodd
2026-09-27,birmingham-al,rtma,07,2026-09-27T12:00:00Z,286.4,0.34,2.67,0.0,2026-09-27T13:00:00Z,nodd,nodd
2026-09-27,birmingham-al,rtma,08,2026-09-27T13:00:00Z,288.55,0.0,1.44,0.0,2026-09-27T14:00:00Z,nodd,nodd
2026-09-27,birmingham-al,rtma,09,2026-09-27T14:00:00Z,292.93,0.25,2.56,0.0,2026-09-27T15:00:00Z,nodd,nodd
2026-09-27,birmingham-al,rtma,10,2026-09-27T15:00:00Z,294.97,1.69,2.77,0.0,2026-09-27T16:00:00Z,nodd,nodd
2026-09-27,birmingham-al,rtma,11,2026-09-27T16:00:00Z,297.34,1.82,5.66,0.0,2026-09-27T17:00:00Z,nodd,nodd
2026-09-27,birmingham-al,rtma,12,2026-09-27T17:00:00Z,299.15,3.78,5.93,0.0,2026-09-27T18:00:00Z,nodd,nodd
2026-09-27,birmingham-al,rtma,13,2026-09-27T18:00:00Z,300.77,4.53,7.65,0.0,2026-09-27T19:00:00Z,nodd,nodd
2026-09-27,birmingham-al,rtma,14,2026-09-27T19:00:00Z,300.03,4.25,6.49,0.0,2026-09-27T20:00:00Z,nodd,nodd
2026-09-27,birmingham-al,rtma,15,2026-09-27T20:00:00Z,300.16,3.31,5.9,0.0,2026-09-27T21:00:00Z,nodd,nodd
2026-09-27,birmingham-al,rtma,16,2026-09-27T21:00:00Z,301.34,3.7,5.81,0.0,2026-09-27T22:00:00Z,nodd,nodd
2026-09-27,birmingham-al,rtma,17,2026-09-27T22:00:00Z,301.12,3.67,4.97,0.0,2026-09-27T23:00:00Z,nodd,nodd
2026-09-27,birmingham-al,rtma,18,2026-09-27T23:00:00Z,299.17,1.98,4.97,0.0,2026-09-28T00:00:00Z,nodd,nodd
2026-09-27,birmingham-al,rtma,19,2026-09-28T00:00:00Z,296.11,1.25,3.82,0.0,2026-09-28T01:00:00Z,nodd,nodd
2026-09-27,birmingham-al,rtma,20,2026-09-28T01:00:00Z,293.3,0.0,3.06,0.0,2026-09-28T02:00:00Z,nodd,nodd
2026-09-27,birmingham-al,rtma,21,2026-09-28T02:00:00Z,292.12,0.0,1.91,0.0,2026-09-28T03:00:00Z,nodd,nodd
2026-09-27,birmingham-al,rtma,22,2026-09-28T03:00:00Z,290.87,0.0,2.83,0.0,2026-09-28T04:00:00Z,nodd,nodd
2026-09-27,birmingham-al,rtma,23,2026-09-28T04:00:00Z,289.99,0.0,3.01,0.0,2026-09-28T05:00:00Z,nodd,nodd
2026-09-27,birmingham-al,urma,00,2026-09-27T05:00:00Z,289.83,0.0,1.91,0.0,2026-09-27T06:00:00Z,nodd,nodd
2026-09-27,birmingham-al,urma,01,2026-09-27T06:00:00Z,289.98,0.0,1.02,0.0,2026-09-27T07:00:00Z,nodd,nodd
2026-09-27,birmingham-al,urma,02,2026-09-27T07:00:00Z,290.36,0.04,1.49,0.0,2026-09-27T08:00:00Z,nodd,nodd
2026-09-27,birmingham-al,urma,03,2026-09-27T08:00:00Z,289.6,0.41,2.69,0.0,2026-09-27T09:00:00Z,nodd,nodd
2026-09-27,birmingham-al,urma,04,2026-09-27T09:00:00Z,288.76,0.0,2.34,0.0,2026-09-27T10:00:00Z,nodd,nodd
2026-09-27,birmingham-al,urma,05,2026-09-27T10:00:00Z,288.07,0.0,1.6,0.0,2026-09-27T11:00:00Z,nodd,nodd
2026-09-27,birmingham-al,urma,06,2026-09-27T11:00:00Z,287.29,0.0,1.52,0.0,2026-09-27T12:00:00Z,nodd,nodd
2026-09-27,birmingham-al,urma,07,2026-09-27T12:00:00Z,286.39,0.05,2.59,0.0,2026-09-27T13:00:00Z,nodd,nodd
2026-09-27,birmingham-al,urma,08,2026-09-27T13:00:00Z,289.14,0.0,1.29,0.0,2026-09-27T14:00:00Z,nodd,nodd
2026-09-27,birmingham-al,urma,09,2026-09-27T14:00:00Z,292.89,0.05,2.52,0.0,2026-09-27T15:00:00Z,nodd,nodd
2026-09-27,birmingham-al,urma,10,2026-09-27T15:00:00Z,294.79,1.78,2.82,0.0,2026-09-27T16:00:00Z,nodd,nodd
2026-09-27,birmingham-al,urma,11,2026-09-27T16:00:00Z,297.27,1.87,5.63,0.0,2026-09-27T17:00:00Z,nodd,nodd
2026-09-27,birmingham-al,urma,12,2026-09-27T17:00:00Z,298.97,3.76,5.89,0.0,2026-09-27T18:00:00Z,nodd,nodd
2026-09-27,birmingham-al,urma,13,2026-09-27T18:00:00Z,300.49,4.85,7.72,0.0,2026-09-27T19:00:00Z,nodd,nodd
2026-09-27,birmingham-al,urma,14,2026-09-27T19:00:00Z,300.26,4.33,6.5,0.0,2026-09-27T20:00:00Z,nodd,nodd
2026-09-27,birmingham-al,urma,15,2026-09-27T20:00:00Z,300.07,3.26,5.78,0.0,2026-09-27T21:00:00Z,nodd,nodd
2026-09-27,birmingham-al,urma,16,2026-09-27T21:00:00Z,301.12,3.71,5.62,0.0,2026-09-27T22:00:00Z,nodd,nodd
2026-09-27,birmingham-al,urma,17,2026-09-27T22:00:00Z,301.16,3.88,4.83,0.0,2026-09-27T23:00:00Z,nodd,nodd
2026-09-27,birmingham-al,urma,18,2026-09-27T23:00:00Z,299.13,1.97,4.9,0.0,2026-09-28T00:00:00Z,nodd,nodd
2026-09-27,birmingham-al,urma,19,2026-09-28T00:00:00Z,296.06,1.39,3.79,0.0,2026-09-28T01:00:00Z,nodd,nodd
2026-09-27,birmingham-al,urma,20,2026-09-28T01:00:00Z,293.64,0.0,3.04,0.0,2026-09-28T02:00:00Z,nodd,nodd
2026-09-27,birmingham-al,urma,21,2026-09-28T02:00:00Z,292.1,0.0,1.9,0.0,2026-09-28T03:00:00Z,nodd,nodd
2026-09-27,birmingham-al,urma,22,2026-09-28T03:00:00Z,290.78,0.0,2.82,0.0,2026-09-28T04:00:00Z,nodd,nodd
2026-09-27,birmingham-al,urma,23,2026-09-28T04:00:00Z,289.8,0.0,3.01,0.0,2026-09-28T05:00:00Z,nodd,nodd
2026-09-27,fresno-ca,rtma,00,2026-09-27T07:00:00Z,295.12,2.53,3.78,0.0,2026-09-27T08:00:00Z,nodd,nodd
2026-09-27,fresno-ca,rtma,01,2026-09-27T08:00:00Z,294.08,2.98,4.33,0.0,2026-09-27T09:00:00Z,nodd,nodd
2026-09-27,fresno-ca,rtma,02,2026-09-27T09:00:00Z,292.88,2.44,5.32,0.0,2026-09-27T10:00:00Z,nodd,nodd
2026-09-27,fresno-ca,rtma,03,2026-09-27T10:00:00Z,291.5,2.06,3.01,0.0,2026-09-27T11:00:00Z,nodd,nodd
2026-09-27,fresno-ca,rtma,04,2026-09-27T11:00:00Z,290.58,1.91,3.4,0.0,2026-09-27T12:00:00Z,nodd,nodd
2026-09-27,fresno-ca,rtma,05,2026-09-27T12:00:00Z,289.87,0.75,3.13,0.0,2026-09-27T13:00:00Z,nodd,nodd
2026-09-27,fresno-ca,rtma,06,2026-09-27T13:00:00Z,289.2,0.52,3.31,0.0,2026-09-27T14:00:00Z,nodd,nodd
2026-09-27,fresno-ca,rtma,07,2026-09-27T14:00:00Z,288.69,0.74,2.68,0.0,2026-09-27T15:00:00Z,nodd,nodd
2026-09-27,fresno-ca,rtma,08,2026-09-27T15:00:00Z,289.61,0.94,2.61,0.0,2026-09-27T16:00:00Z,nodd,nodd
2026-09-27,fresno-ca,rtma,09,2026-09-27T16:00:00Z,291.43,0.89,1.96,0.0,2026-09-27T17:00:00Z,nodd,nodd
2026-09-27,fresno-ca,rtma,10,2026-09-27T17:00:00Z,294.28,1.0,2.57,0.0,2026-09-27T18:00:00Z,nodd,nodd
2026-09-27,fresno-ca,rtma,11,2026-09-27T18:00:00Z,297.02,1.4,4.58,0.0,2026-09-27T19:00:00Z,nodd,nodd
2026-09-27,fresno-ca,rtma,12,2026-09-27T19:00:00Z,299.27,1.94,4.78,0.0,2026-09-27T20:00:00Z,nodd,nodd
2026-09-27,fresno-ca,rtma,13,2026-09-27T20:00:00Z,301.02,1.72,5.71,0.0,2026-09-27T21:00:00Z,nodd,nodd
2026-09-27,fresno-ca,rtma,14,2026-09-27T21:00:00Z,302.83,2.35,4.19,0.0,2026-09-27T22:00:00Z,nodd,nodd
2026-09-27,fresno-ca,rtma,15,2026-09-27T22:00:00Z,304.09,1.95,5.21,0.0,2026-09-27T23:00:00Z,nodd,nodd
2026-09-27,fresno-ca,rtma,16,2026-09-27T23:00:00Z,304.71,2.45,4.96,0.0,2026-09-28T00:00:00Z,nodd,nodd
2026-09-27,fresno-ca,rtma,17,2026-09-28T00:00:00Z,304.37,2.04,4.26,0.0,2026-09-28T01:00:00Z,nodd,nodd
2026-09-27,fresno-ca,rtma,18,2026-09-28T01:00:00Z,303.47,2.41,4.91,0.0,2026-09-28T02:00:00Z,nodd,nodd
2026-09-27,fresno-ca,rtma,19,2026-09-28T02:00:00Z,301.44,4.76,7.55,0.0,2026-09-28T03:00:00Z,nodd,nodd
2026-09-27,fresno-ca,rtma,20,2026-09-28T03:00:00Z,298.91,4.57,7.76,0.0,2026-09-28T04:00:00Z,nodd,nodd
2026-09-27,fresno-ca,rtma,21,2026-09-28T04:00:00Z,296.61,4.63,8.87,0.0,2026-09-28T05:00:00Z,nodd,nodd
2026-09-27,fresno-ca,rtma,22,2026-09-28T05:00:00Z,294.39,3.41,7.18,0.0,2026-09-28T06:00:00Z,nodd,nodd
2026-09-27,fresno-ca,rtma,23,2026-09-28T06:00:00Z,293.21,3.93,5.91,0.0,2026-09-28T07:00:00Z,nodd,nodd
2026-09-27,fresno-ca,urma,00,2026-09-27T07:00:00Z,295.67,2.29,3.8,0.0,2026-09-27T08:00:00Z,nodd,nodd
2026-09-27,fresno-ca,urma,01,2026-09-27T08:00:00Z,294.27,2.7,5.04,0.0,2026-09-27T09:00:00Z,nodd,nodd
2026-09-27,fresno-ca,urma,02,2026-09-27T09:00:00Z,293.08,2.37,5.26,0.0,2026-09-27T10:00:00Z,nodd,nodd
2026-09-27,fresno-ca,urma,03,2026-09-27T10:00:00Z,291.76,1.69,3.14,0.0,2026-09-27T11:00:00Z,nodd,nodd
2026-09-27,fresno-ca,urma,04,2026-09-27T11:00:00Z,290.73,1.76,3.45,0.0,2026-09-27T12:00:00Z,nodd,nodd
2026-09-27,fresno-ca,urma,05,2026-09-27T12:00:00Z,290.06,0.73,3.35,0.0,2026-09-27T13:00:00Z,nodd,nodd
2026-09-27,fresno-ca,urma,06,2026-09-27T13:00:00Z,289.88,0.48,3.39,0.0,2026-09-27T14:00:00Z,nodd,nodd
2026-09-27,fresno-ca,urma,07,2026-09-27T14:00:00Z,288.91,0.76,2.73,0.0,2026-09-27T15:00:00Z,nodd,nodd
2026-09-27,fresno-ca,urma,08,2026-09-27T15:00:00Z,289.7,1.04,3.09,0.0,2026-09-27T16:00:00Z,nodd,nodd
2026-09-27,fresno-ca,urma,09,2026-09-27T16:00:00Z,291.39,0.85,1.98,0.0,2026-09-27T17:00:00Z,nodd,nodd
2026-09-27,fresno-ca,urma,10,2026-09-27T17:00:00Z,294.19,0.93,2.58,0.0,2026-09-27T18:00:00Z,nodd,nodd
2026-09-27,fresno-ca,urma,11,2026-09-27T18:00:00Z,296.82,1.25,4.53,0.0,2026-09-27T19:00:00Z,nodd,nodd
2026-09-27,fresno-ca,urma,12,2026-09-27T19:00:00Z,298.9,1.71,4.82,0.0,2026-09-27T20:00:00Z,nodd,nodd
2026-09-27,fresno-ca,urma,13,2026-09-27T20:00:00Z,300.91,1.59,5.67,0.0,2026-09-27T21:00:00Z,nodd,nodd
2026-09-27,fresno-ca,urma,14,2026-09-27T21:00:00Z,302.74,2.07,4.16,0.0,2026-09-27T22:00:00Z,nodd,nodd
2026-09-27,fresno-ca,urma,15,2026-09-27T22:00:00Z,304.02,1.65,5.22,0.0,2026-09-27T23:00:00Z,nodd,nodd
2026-09-27,fresno-ca,urma,16,2026-09-27T23:00:00Z,304.68,2.33,4.92,0.0,2026-09-28T00:00:00Z,nodd,nodd
2026-09-27,fresno-ca,urma,17,2026-09-28T00:00:00Z,304.46,2.08,4.25,0.0,2026-09-28T01:00:00Z,nodd,nodd
2026-09-27,fresno-ca,urma,18,2026-09-28T01:00:00Z,303.7,2.18,4.82,0.0,2026-09-28T02:00:00Z,nodd,nodd
2026-09-27,fresno-ca,urma,19,2026-09-28T02:00:00Z,301.67,4.38,7.62,0.0,2026-09-28T03:00:00Z,nodd,nodd
2026-09-27,fresno-ca,urma,20,2026-09-28T03:00:00Z,299.15,4.33,7.76,0.0,2026-09-28T04:00:00Z,nodd,nodd
2026-09-27,fresno-ca,urma,21,2026-09-28T04:00:00Z,296.96,4.23,8.91,0.0,2026-09-28T05:00:00Z,nodd,nodd
2026-09-27,fresno-ca,urma,22,2026-09-28T05:00:00Z,294.61,3.15,7.37,0.0,2026-09-28T06:00:00Z,nodd,nodd
2026-09-27,fresno-ca,urma,23,2026-09-28T06:00:00Z,293.41,3.59,5.96,0.0,2026-09-28T07:00:00Z,nodd,nodd
2026-09-27,grand-rapids-mi,rtma,00,2026-09-27T04:00:00Z,283.9,0.14,2.53,0.0,2026-09-27T05:00:00Z,nodd,nodd
2026-09-27,grand-rapids-mi,rtma,01,2026-09-27T05:00:00Z,283.05,0.76,3.5,0.0,2026-09-27T06:00:00Z,nodd,nodd
2026-09-27,grand-rapids-mi,rtma,02,2026-09-27T06:00:00Z,282.19,0.0,3.93,0.0,2026-09-27T07:00:00Z,nodd,nodd
2026-09-27,grand-rapids-mi,rtma,03,2026-09-27T07:00:00Z,281.63,0.97,0.97,0.0,2026-09-27T08:00:00Z,nodd,nodd
2026-09-27,grand-rapids-mi,rtma,04,2026-09-27T08:00:00Z,281.42,1.16,1.3,0.0,2026-09-27T09:00:00Z,nodd,nodd
2026-09-27,grand-rapids-mi,rtma,05,2026-09-27T09:00:00Z,280.87,0.24,2.09,0.0,2026-09-27T10:00:00Z,nodd,nodd
2026-09-27,grand-rapids-mi,rtma,06,2026-09-27T10:00:00Z,280.48,1.0,2.47,0.0,2026-09-27T11:00:00Z,nodd,nodd
2026-09-27,grand-rapids-mi,rtma,07,2026-09-27T11:00:00Z,279.92,0.14,1.99,0.0,2026-09-27T12:00:00Z,nodd,nodd
2026-09-27,grand-rapids-mi,rtma,08,2026-09-27T12:00:00Z,279.49,0.27,4.18,0.0,2026-09-27T13:00:00Z,nodd,nodd
2026-09-27,grand-rapids-mi,rtma,09,2026-09-27T13:00:00Z,282.27,0.56,2.8,0.0,2026-09-27T14:00:00Z,nodd,nodd
2026-09-27,grand-rapids-mi,rtma,10,2026-09-27T14:00:00Z,286.2,1.31,2.94,0.0,2026-09-27T15:00:00Z,nodd,nodd
2026-09-27,grand-rapids-mi,rtma,11,2026-09-27T15:00:00Z,289.52,0.58,3.47,0.0,2026-09-27T16:00:00Z,nodd,nodd
2026-09-27,grand-rapids-mi,rtma,12,2026-09-27T16:00:00Z,292.07,1.47,4.61,0.0,2026-09-27T17:00:00Z,nodd,nodd
2026-09-27,grand-rapids-mi,rtma,13,2026-09-27T17:00:00Z,293.7,1.47,4.01,0.0,2026-09-27T18:00:00Z,nodd,nodd
2026-09-27,grand-rapids-mi,rtma,14,2026-09-27T18:00:00Z,295.27,1.96,4.57,0.0,2026-09-27T19:00:00Z,nodd,nodd
2026-09-27,grand-rapids-mi,rtma,15,2026-09-27T19:00:00Z,296.12,2.42,3.79,0.0,2026-09-27T20:00:00Z,nodd,nodd
2026-09-27,grand-rapids-mi,rtma,16,2026-09-27T20:00:00Z,296.83,0.87,2.64,0.0,2026-09-27T21:00:00Z,nodd,nodd
2026-09-27,grand-rapids-mi,rtma,17,2026-09-27T21:00:00Z,297.12,2.48,3.74,0.0,2026-09-27T22:00:00Z,nodd,nodd
2026-09-27,grand-rapids-mi,rtma,18,2026-09-27T22:00:00Z,296.46,1.51,4.21,0.0,2026-09-27T23:00:00Z,nodd,nodd
2026-09-27,grand-rapids-mi,rtma,19,2026-09-27T23:00:00Z,294.41,1.9,4.78,0.0,2026-09-28T00:00:00Z,nodd,nodd
2026-09-27,grand-rapids-mi,rtma,20,2026-09-28T00:00:00Z,290.84,2.69,4.88,0.0,2026-09-28T01:00:00Z,nodd,nodd
2026-09-27,grand-rapids-mi,rtma,21,2026-09-28T01:00:00Z,289.02,0.93,2.95,0.0,2026-09-28T02:00:00Z,nodd,nodd
2026-09-27,grand-rapids-mi,rtma,22,2026-09-28T02:00:00Z,287.93,0.8,2.59,0.0,2026-09-28T03:00:00Z,nodd,nodd
2026-09-27,grand-rapids-mi,rtma,23,2026-09-28T03:00:00Z,287.1,0.14,3.51,0.0,2026-09-28T04:00:00Z,nodd,nodd
2026-09-27,grand-rapids-mi,urma,00,2026-09-27T04:00:00Z,283.84,0.0,2.12,0.0,2026-09-27T05:00:00Z,nodd,nodd
2026-09-27,grand-rapids-mi,urma,01,2026-09-27T05:00:00Z,282.98,0.78,3.17,0.0,2026-09-27T06:00:00Z,nodd,nodd
2026-09-27,grand-rapids-mi,urma,02,2026-09-27T06:00:00Z,282.14,0.0,2.56,0.0,2026-09-27T07:00:00Z,nodd,nodd
2026-09-27,grand-rapids-mi,urma,03,2026-09-27T07:00:00Z,281.88,0.99,0.99,0.0,2026-09-27T08:00:00Z,nodd,nodd
2026-09-27,grand-rapids-mi,urma,04,2026-09-27T08:00:00Z,281.28,0.88,1.11,0.0,2026-09-27T09:00:00Z,nodd,nodd
2026-09-27,grand-rapids-mi,urma,05,2026-09-27T09:00:00Z,280.98,0.16,1.8,0.0,2026-09-27T10:00:00Z,nodd,nodd
2026-09-27,grand-rapids-mi,urma,06,2026-09-27T10:00:00Z,280.52,0.76,2.23,0.0,2026-09-27T11:00:00Z,nodd,nodd
2026-09-27,grand-rapids-mi,urma,07,2026-09-27T11:00:00Z,279.86,0.0,1.78,0.0,2026-09-27T12:00:00Z,nodd,nodd
2026-09-27,grand-rapids-mi,urma,08,2026-09-27T12:00:00Z,279.49,0.18,2.5,0.0,2026-09-27T13:00:00Z,nodd,nodd
2026-09-27,grand-rapids-mi,urma,09,2026-09-27T13:00:00Z,282.7,0.58,2.28,0.0,2026-09-27T14:00:00Z,nodd,nodd
2026-09-27,grand-rapids-mi,urma,10,2026-09-27T14:00:00Z,286.51,1.28,2.83,0.0,2026-09-27T15:00:00Z,nodd,nodd
2026-09-27,grand-rapids-mi,urma,11,2026-09-27T15:00:00Z,289.72,0.44,3.85,0.0,2026-09-27T16:00:00Z,nodd,nodd
2026-09-27,grand-rapids-mi,urma,12,2026-09-27T16:00:00Z,292.14,1.56,4.97,0.0,2026-09-27T17:00:00Z,nodd,nodd
2026-09-27,grand-rapids-mi,urma,13,2026-09-27T17:00:00Z,293.72,1.59,4.57,0.0,2026-09-27T18:00:00Z,nodd,nodd
2026-09-27,grand-rapids-mi,urma,14,2026-09-27T18:00:00Z,295.33,2.12,5.23,0.0,2026-09-27T19:00:00Z,nodd,nodd
2026-09-27,grand-rapids-mi,urma,15,2026-09-27T19:00:00Z,296.25,2.41,4.88,0.0,2026-09-27T20:00:00Z,nodd,nodd
2026-09-27,grand-rapids-mi,urma,16,2026-09-27T20:00:00Z,296.86,1.48,5.07,0.0,2026-09-27T21:00:00Z,nodd,nodd
2026-09-27,grand-rapids-mi,urma,17,2026-09-27T21:00:00Z,296.97,2.16,4.64,0.0,2026-09-27T22:00:00Z,nodd,nodd
2026-09-27,grand-rapids-mi,urma,18,2026-09-27T22:00:00Z,296.45,1.79,4.36,0.0,2026-09-27T23:00:00Z,nodd,nodd
2026-09-27,grand-rapids-mi,urma,19,2026-09-27T23:00:00Z,294.33,1.75,5.0,0.0,2026-09-28T00:00:00Z,nodd,nodd
2026-09-27,grand-rapids-mi,urma,20,2026-09-28T00:00:00Z,290.9,2.21,4.05,0.0,2026-09-28T01:00:00Z,nodd,nodd
2026-09-27,grand-rapids-mi,urma,21,2026-09-28T01:00:00Z,288.8,0.88,2.85,0.0,2026-09-28T02:00:00Z,nodd,nodd
2026-09-27,grand-rapids-mi,urma,22,2026-09-28T02:00:00Z,287.9,0.59,2.39,0.0,2026-09-28T03:00:00Z,nodd,nodd
2026-09-27,grand-rapids-mi,urma,23,2026-09-28T03:00:00Z,287.01,0.3,3.48,0.0,2026-09-28T04:00:00Z,nodd,nodd
2026-09-27,hartford-ct,rtma,00,2026-09-27T04:00:00Z,287.36,6.56,10.84,0.828125,2026-09-27T05:00:00Z,nodd,nodd
2026-09-27,hartford-ct,rtma,01,2026-09-27T05:00:00Z,287.36,7.46,12.92,0.015625,2026-09-27T06:00:00Z,nodd,nodd
2026-09-27,hartford-ct,rtma,02,2026-09-27T06:00:00Z,287.58,7.71,12.71,0.78125,2026-09-27T07:00:00Z,nodd,nodd
2026-09-27,hartford-ct,rtma,03,2026-09-27T07:00:00Z,287.86,6.43,12.33,0.5625,2026-09-27T08:00:00Z,nodd,nodd
2026-09-27,hartford-ct,rtma,04,2026-09-27T08:00:00Z,287.7,7.66,11.82,0.4375,2026-09-27T09:00:00Z,nodd,nodd
2026-09-27,hartford-ct,rtma,05,2026-09-27T09:00:00Z,287.57,8.8,14.87,0.625,2026-09-27T10:00:00Z,nodd,nodd
2026-09-27,hartford-ct,rtma,06,2026-09-27T10:00:00Z,287.66,9.31,14.32,0.0,2026-09-27T11:00:00Z,nodd,nodd
2026-09-27,hartford-ct,rtma,07,2026-09-27T11:00:00Z,287.72,7.68,12.53,0.0,2026-09-27T12:00:00Z,nodd,nodd
2026-09-27,hartford-ct,rtma,08,2026-09-27T12:00:00Z,287.75,6.13,11.33,0.0,2026-09-27T13:00:00Z,nodd,nodd
2026-09-27,hartford-ct,rtma,09,2026-09-27T13:00:00Z,288.34,6.04,11.12,0.0,2026-09-27T14:00:00Z,nodd,nodd
2026-09-27,hartford-ct,rtma,10,2026-09-27T14:00:00Z,289.42,6.17,11.56,0.0,2026-09-27T15:00:00Z,nodd,nodd
2026-09-27,hartford-ct,rtma,11,2026-09-27T15:00:00Z,290.27,6.62,12.12,0.0,2026-09-27T16:00:00Z,nodd,nodd
2026-09-27,hartford-ct,rtma,12,2026-09-27T16:00:00Z,290.4,5.85,10.52,0.0,2026-09-27T17:00:00Z,nodd,nodd
2026-09-27,hartford-ct,rtma,13,2026-09-27T17:00:00Z,290.52,5.96,8.06,0.0,2026-09-27T18:00:00Z,nodd,nodd
2026-09-27,hartford-ct,rtma,14,2026-09-27T18:00:00Z,290.36,5.73,11.01,0.0,2026-09-27T19:00:00Z,nodd,nodd
2026-09-27,hartford-ct,rtma,15,2026-09-27T19:00:00Z,290.36,5.37,8.83,0.0,2026-09-27T20:00:00Z,nodd,nodd
2026-09-27,hartford-ct,rtma,16,2026-09-27T20:00:00Z,290.11,6.09,9.97,2.65625,2026-09-27T21:00:00Z,nodd,nodd
2026-09-27,hartford-ct,rtma,17,2026-09-27T21:00:00Z,288.9,4.31,8.93,1.140625,2026-09-27T22:00:00Z,nodd,nodd
2026-09-27,hartford-ct,rtma,18,2026-09-27T22:00:00Z,288.64,4.73,6.95,0.3125,2026-09-27T23:00:00Z,nodd,nodd
2026-09-27,hartford-ct,rtma,19,2026-09-27T23:00:00Z,288.4,4.18,8.29,0.3125,2026-09-28T00:00:00Z,nodd,nodd
2026-09-27,hartford-ct,rtma,20,2026-09-28T00:00:00Z,288.14,4.75,8.74,0.546875,2026-09-28T01:00:00Z,nodd,nodd
2026-09-27,hartford-ct,rtma,21,2026-09-28T01:00:00Z,288.07,5.31,10.14,0.0,2026-09-28T02:00:00Z,nodd,nodd
2026-09-27,hartford-ct,rtma,22,2026-09-28T02:00:00Z,287.92,4.73,9.07,0.0,2026-09-28T03:00:00Z,nodd,nodd
2026-09-27,hartford-ct,rtma,23,2026-09-28T03:00:00Z,287.89,4.67,7.25,2.78125,2026-09-28T04:00:00Z,nodd,nodd
2026-09-27,hartford-ct,urma,00,2026-09-27T04:00:00Z,287.35,6.59,10.78,0.671875,2026-09-27T05:00:00Z,nodd,nodd
2026-09-27,hartford-ct,urma,01,2026-09-27T05:00:00Z,287.35,7.56,13.22,0.0,2026-09-27T06:00:00Z,nodd,nodd
2026-09-27,hartford-ct,urma,02,2026-09-27T06:00:00Z,287.6,7.51,12.69,0.546875,2026-09-27T07:00:00Z,nodd,nodd
2026-09-27,hartford-ct,urma,03,2026-09-27T07:00:00Z,287.91,6.49,12.2,0.71875,2026-09-27T08:00:00Z,nodd,nodd
2026-09-27,hartford-ct,urma,04,2026-09-27T08:00:00Z,287.73,7.34,9.93,0.75,2026-09-27T09:00:00Z,nodd,nodd
2026-09-27,hartford-ct,urma,05,2026-09-27T09:00:00Z,287.6,9.29,15.17,1.203125,2026-09-27T10:00:00Z,nodd,nodd
2026-09-27,hartford-ct,urma,06,2026-09-27T10:00:00Z,287.66,9.28,14.85,0.0,2026-09-27T11:00:00Z,nodd,nodd
2026-09-27,hartford-ct,urma,07,2026-09-27T11:00:00Z,287.71,7.77,12.47,0.0,2026-09-27T12:00:00Z,nodd,nodd
2026-09-27,hartford-ct,urma,08,2026-09-27T12:00:00Z,287.76,6.29,11.24,0.0,2026-09-27T13:00:00Z,nodd,nodd
2026-09-27,hartford-ct,urma,09,2026-09-27T13:00:00Z,288.53,6.12,11.32,0.0,2026-09-27T14:00:00Z,nodd,nodd
2026-09-27,hartford-ct,urma,10,2026-09-27T14:00:00Z,289.44,6.04,11.61,0.0,2026-09-27T15:00:00Z,nodd,nodd
2026-09-27,hartford-ct,urma,11,2026-09-27T15:00:00Z,290.31,6.8,12.2,0.0,2026-09-27T16:00:00Z,nodd,nodd
2026-09-27,hartford-ct,urma,12,2026-09-27T16:00:00Z,290.43,6.01,10.36,0.0,2026-09-27T17:00:00Z,nodd,nodd
2026-09-27,hartford-ct,urma,13,2026-09-27T17:00:00Z,290.6,5.93,8.39,0.0,2026-09-27T18:00:00Z,nodd,nodd
2026-09-27,hartford-ct,urma,14,2026-09-27T18:00:00Z,290.39,5.79,11.04,0.0,2026-09-27T19:00:00Z,nodd,nodd
2026-09-27,hartford-ct,urma,15,2026-09-27T19:00:00Z,290.41,5.43,8.74,0.0,2026-09-27T20:00:00Z,nodd,nodd
2026-09-27,hartford-ct,urma,16,2026-09-27T20:00:00Z,290.11,6.14,9.96,2.0,2026-09-27T21:00:00Z,nodd,nodd
2026-09-27,hartford-ct,urma,17,2026-09-27T21:00:00Z,288.94,4.73,9.02,1.828125,2026-09-27T22:00:00Z,nodd,nodd
2026-09-27,hartford-ct,urma,18,2026-09-27T22:00:00Z,288.66,4.61,6.67,0.578125,2026-09-27T23:00:00Z,nodd,nodd
2026-09-27,hartford-ct,urma,19,2026-09-27T23:00:00Z,288.43,4.26,8.29,0.453125,2026-09-28T00:00:00Z,nodd,nodd
2026-09-27,hartford-ct,urma,20,2026-09-28T00:00:00Z,288.17,4.93,8.83,0.6875,2026-09-28T01:00:00Z,nodd,nodd
2026-09-27,hartford-ct,urma,21,2026-09-28T01:00:00Z,288.06,5.26,10.11,0.484375,2026-09-28T02:00:00Z,nodd,nodd
2026-09-27,hartford-ct,urma,22,2026-09-28T02:00:00Z,287.91,4.68,9.11,0.140625,2026-09-28T03:00:00Z,nodd,nodd
2026-09-27,hartford-ct,urma,23,2026-09-28T03:00:00Z,287.88,4.95,7.2,2.945312,2026-09-28T04:00:00Z,nodd,nodd
2026-09-27,omaha-ne,rtma,00,2026-09-27T05:00:00Z,291.23,1.71,4.98,0.0,2026-09-27T06:00:00Z,nodd,nodd
2026-09-27,omaha-ne,rtma,01,2026-09-27T06:00:00Z,291.05,1.93,3.05,0.0,2026-09-27T07:00:00Z,nodd,nodd
2026-09-27,omaha-ne,rtma,02,2026-09-27T07:00:00Z,290.75,1.53,1.61,0.0,2026-09-27T08:00:00Z,nodd,nodd
2026-09-27,omaha-ne,rtma,03,2026-09-27T08:00:00Z,290.63,1.3,1.37,0.0,2026-09-27T09:00:00Z,nodd,nodd
2026-09-27,omaha-ne,rtma,04,2026-09-27T09:00:00Z,290.87,1.55,1.89,0.0,2026-09-27T10:00:00Z,nodd,nodd
2026-09-27,omaha-ne,rtma,05,2026-09-27T10:00:00Z,291.08,1.61,2.72,0.0,2026-09-27T11:00:00Z,nodd,nodd
2026-09-27,omaha-ne,rtma,06,2026-09-27T11:00:00Z,290.89,1.71,4.2,0.0,2026-09-27T12:00:00Z,nodd,nodd
2026-09-27,omaha-ne,rtma,07,2026-09-27T12:00:00Z,290.73,2.03,4.89,0.0,2026-09-27T13:00:00Z,nodd,nodd
2026-09-27,omaha-ne,rtma,08,2026-09-27T13:00:00Z,290.7,2.52,4.33,0.0,2026-09-27T14:00:00Z,nodd,nodd
2026-09-27,omaha-ne,rtma,09,2026-09-27T14:00:00Z,290.9,1.79,3.0,0.0,2026-09-27T15:00:00Z,nodd,nodd
2026-09-27,omaha-ne,rtma,10,2026-09-27T15:00:00Z,291.52,1.93,3.71,0.0,2026-09-27T16:00:00Z,nodd,nodd
2026-09-27,omaha-ne,rtma,11,2026-09-27T16:00:00Z,292.7,1.61,2.45,0.0,2026-09-27T17:00:00Z,nodd,nodd
2026-09-27,omaha-ne,rtma,12,2026-09-27T17:00:00Z,294.65,0.04,1.82,0.0,2026-09-27T18:00:00Z,nodd,nodd
2026-09-27,omaha-ne,rtma,13,2026-09-27T18:00:00Z,296.27,2.14,4.56,0.0,2026-09-27T19:00:00Z,nodd,nodd
2026-09-27,omaha-ne,rtma,14,2026-09-27T19:00:00Z,297.33,1.63,3.25,0.0,2026-09-27T20:00:00Z,nodd,nodd
2026-09-27,omaha-ne,rtma,15,2026-09-27T20:00:00Z,298.3,2.11,3.82,0.0,2026-09-27T21:00:00Z,nodd,nodd
2026-09-27,omaha-ne,rtma,16,2026-09-27T21:00:00Z,298.68,2.77,5.82,0.0,2026-09-27T22:00:00Z,nodd,nodd
2026-09-27,omaha-ne,rtma,17,2026-09-27T22:00:00Z,298.78,1.93,3.9,0.0,2026-09-27T23:00:00Z,nodd,nodd
2026-09-27,omaha-ne,rtma,18,2026-09-27T23:00:00Z,298.5,1.25,3.01,0.0,2026-09-28T00:00:00Z,nodd,nodd
2026-09-27,omaha-ne,rtma,19,2026-09-28T00:00:00Z,296.91,2.48,5.53,0.0,2026-09-28T01:00:00Z,nodd,nodd
2026-09-27,omaha-ne,rtma,20,2026-09-28T01:00:00Z,295.29,1.57,3.74,0.0,2026-09-28T02:00:00Z,nodd,nodd
2026-09-27,omaha-ne,rtma,21,2026-09-28T02:00:00Z,293.93,1.63,4.72,0.0,2026-09-28T03:00:00Z,nodd,nodd
2026-09-27,omaha-ne,rtma,22,2026-09-28T03:00:00Z,292.54,0.87,3.9,0.0,2026-09-28T04:00:00Z,nodd,nodd
2026-09-27,omaha-ne,rtma,23,2026-09-28T04:00:00Z,291.48,1.9,3.68,0.0,2026-09-28T05:00:00Z,nodd,nodd
2026-09-27,omaha-ne,urma,00,2026-09-27T05:00:00Z,291.23,1.8,4.58,0.0,2026-09-27T06:00:00Z,nodd,nodd
2026-09-27,omaha-ne,urma,01,2026-09-27T06:00:00Z,291.04,1.98,2.33,0.0,2026-09-27T07:00:00Z,nodd,nodd
2026-09-27,omaha-ne,urma,02,2026-09-27T07:00:00Z,290.75,1.65,1.65,0.0,2026-09-27T08:00:00Z,nodd,nodd
2026-09-27,omaha-ne,urma,03,2026-09-27T08:00:00Z,290.63,1.28,1.28,0.0,2026-09-27T09:00:00Z,nodd,nodd
2026-09-27,omaha-ne,urma,04,2026-09-27T09:00:00Z,290.9,1.75,1.75,0.0,2026-09-27T10:00:00Z,nodd,nodd
2026-09-27,omaha-ne,urma,05,2026-09-27T10:00:00Z,291.09,1.61,1.93,0.0,2026-09-27T11:00:00Z,nodd,nodd
2026-09-27,omaha-ne,urma,06,2026-09-27T11:00:00Z,290.87,1.72,3.8,0.0,2026-09-27T12:00:00Z,nodd,nodd
2026-09-27,omaha-ne,urma,07,2026-09-27T12:00:00Z,290.72,2.02,4.39,0.0,2026-09-27T13:00:00Z,nodd,nodd
2026-09-27,omaha-ne,urma,08,2026-09-27T13:00:00Z,290.68,2.52,3.96,0.0,2026-09-27T14:00:00Z,nodd,nodd
2026-09-27,omaha-ne,urma,09,2026-09-27T14:00:00Z,290.87,1.8,2.9,0.0,2026-09-27T15:00:00Z,nodd,nodd
2026-09-27,omaha-ne,urma,10,2026-09-27T15:00:00Z,291.52,1.99,3.54,0.0,2026-09-27T16:00:00Z,nodd,nodd
2026-09-27,omaha-ne,urma,11,2026-09-27T16:00:00Z,292.72,1.7,2.4,0.0,2026-09-27T17:00:00Z,nodd,nodd
2026-09-27,omaha-ne,urma,12,2026-09-27T17:00:00Z,294.69,0.25,2.0,0.0,2026-09-27T18:00:00Z,nodd,nodd
2026-09-27,omaha-ne,urma,13,2026-09-27T18:00:00Z,296.36,1.99,4.54,0.0,2026-09-27T19:00:00Z,nodd,nodd
2026-09-27,omaha-ne,urma,14,2026-09-27T19:00:00Z,297.64,1.67,3.22,0.0,2026-09-27T20:00:00Z,nodd,nodd
2026-09-27,omaha-ne,urma,15,2026-09-27T20:00:00Z,298.33,2.12,3.93,0.0,2026-09-27T21:00:00Z,nodd,nodd
2026-09-27,omaha-ne,urma,16,2026-09-27T21:00:00Z,298.72,2.99,5.58,0.0,2026-09-27T22:00:00Z,nodd,nodd
2026-09-27,omaha-ne,urma,17,2026-09-27T22:00:00Z,298.92,1.89,3.67,0.0,2026-09-27T23:00:00Z,nodd,nodd
2026-09-27,omaha-ne,urma,18,2026-09-27T23:00:00Z,298.58,1.26,3.08,0.0,2026-09-28T00:00:00Z,nodd,nodd
2026-09-27,omaha-ne,urma,19,2026-09-28T00:00:00Z,296.92,2.57,3.12,0.0,2026-09-28T01:00:00Z,nodd,nodd
2026-09-27,omaha-ne,urma,20,2026-09-28T01:00:00Z,295.44,1.94,3.85,0.0,2026-09-28T02:00:00Z,nodd,nodd
2026-09-27,omaha-ne,urma,21,2026-09-28T02:00:00Z,293.85,1.64,4.46,0.0,2026-09-28T03:00:00Z,nodd,nodd
2026-09-27,omaha-ne,urma,22,2026-09-28T03:00:00Z,292.55,1.16,3.7,0.0,2026-09-28T04:00:00Z,nodd,nodd
2026-09-27,omaha-ne,urma,23,2026-09-28T04:00:00Z,291.41,1.85,3.31,0.0,2026-09-28T05:00:00Z,nodd,nodd
2026-09-27,new-orleans-la,rtma,00,2026-09-27T05:00:00Z,298.01,1.79,2.77,0.0,2026-09-27T06:00:00Z,nodd,nodd
2026-09-27,new-orleans-la,rtma,01,2026-09-27T06:00:00Z,297.91,1.44,4.58,0.0,2026-09-27T07:00:00Z,nodd,nodd
2026-09-27,new-orleans-la,rtma,02,2026-09-27T07:00:00Z,297.94,1.86,3.78,0.0,2026-09-27T08:00:00Z,nodd,nodd
2026-09-27,new-orleans-la,rtma,03,2026-09-27T08:00:00Z,297.7,1.09,4.19,0.0,2026-09-27T09:00:00Z,nodd,nodd
2026-09-27,new-orleans-la,rtma,04,2026-09-27T09:00:00Z,297.03,0.68,3.27,0.0,2026-09-27T10:00:00Z,nodd,nodd
2026-09-27,new-orleans-la,rtma,05,2026-09-27T10:00:00Z,296.84,1.29,2.99,0.0,2026-09-27T11:00:00Z,nodd,nodd
2026-09-27,new-orleans-la,rtma,06,2026-09-27T11:00:00Z,296.69,1.68,3.82,0.0,2026-09-27T12:00:00Z,nodd,nodd
2026-09-27,new-orleans-la,rtma,07,2026-09-27T12:00:00Z,296.54,0.77,4.2,0.0,2026-09-27T13:00:00Z,nodd,nodd
2026-09-27,new-orleans-la,rtma,08,2026-09-27T13:00:00Z,297.73,2.03,5.26,0.0,2026-09-27T14:00:00Z,nodd,nodd
2026-09-27,new-orleans-la,rtma,09,2026-09-27T14:00:00Z,299.86,3.85,5.61,0.0,2026-09-27T15:00:00Z,nodd,nodd
2026-09-27,new-orleans-la,rtma,10,2026-09-27T15:00:00Z,301.2,3.65,5.47,0.0,2026-09-27T16:00:00Z,nodd,nodd
2026-09-27,new-orleans-la,rtma,11,2026-09-27T16:00:00Z,301.97,2.86,3.42,0.0,2026-09-27T17:00:00Z,nodd,nodd
2026-09-27,new-orleans-la,rtma,12,2026-09-27T17:00:00Z,302.96,3.36,3.36,0.0,2026-09-27T18:00:00Z,nodd,nodd
2026-09-27,new-orleans-la,rtma,13,2026-09-27T18:00:00Z,303.67,4.56,4.56,0.0,2026-09-27T19:00:00Z,nodd,nodd
2026-09-27,new-orleans-la,rtma,14,2026-09-27T19:00:00Z,304.07,4.18,4.18,0.0,2026-09-27T20:00:00Z,nodd,nodd
2026-09-27,new-orleans-la,rtma,15,2026-09-27T20:00:00Z,304.23,3.62,3.62,0.0,2026-09-27T21:00:00Z,nodd,nodd
2026-09-27,new-orleans-la,rtma,16,2026-09-27T21:00:00Z,304.39,3.15,3.35,0.0,2026-09-27T22:00:00Z,nodd,nodd
2026-09-27,new-orleans-la,rtma,17,2026-09-27T22:00:00Z,304.5,2.43,2.84,0.0,2026-09-27T23:00:00Z,nodd,nodd
2026-09-27,new-orleans-la,rtma,18,2026-09-27T23:00:00Z,304.08,1.0,1.77,0.0,2026-09-28T00:00:00Z,nodd,nodd
2026-09-27,new-orleans-la,rtma,19,2026-09-28T00:00:00Z,302.56,0.0,1.05,0.0,2026-09-28T01:00:00Z,nodd,nodd
2026-09-27,new-orleans-la,rtma,20,2026-09-28T01:00:00Z,300.95,1.77,1.77,0.0,2026-09-28T02:00:00Z,nodd,nodd
2026-09-27,new-orleans-la,rtma,21,2026-09-28T02:00:00Z,299.91,1.98,1.98,0.0,2026-09-28T03:00:00Z,nodd,nodd
2026-09-27,new-orleans-la,rtma,22,2026-09-28T03:00:00Z,299.4,2.5,2.63,0.0,2026-09-28T04:00:00Z,nodd,nodd
2026-09-27,new-orleans-la,rtma,23,2026-09-28T04:00:00Z,298.95,2.78,3.67,0.0,2026-09-28T05:00:00Z,nodd,nodd
2026-09-27,new-orleans-la,urma,00,2026-09-27T05:00:00Z,298.03,1.86,2.66,0.0,2026-09-27T06:00:00Z,nodd,nodd
2026-09-27,new-orleans-la,urma,01,2026-09-27T06:00:00Z,297.92,1.48,5.18,0.0,2026-09-27T07:00:00Z,nodd,nodd
2026-09-27,new-orleans-la,urma,02,2026-09-27T07:00:00Z,298.0,1.85,3.71,0.0,2026-09-27T08:00:00Z,nodd,nodd
2026-09-27,new-orleans-la,urma,03,2026-09-27T08:00:00Z,297.73,1.15,3.9,0.0,2026-09-27T09:00:00Z,nodd,nodd
2026-09-27,new-orleans-la,urma,04,2026-09-27T09:00:00Z,297.14,0.73,3.2,0.0,2026-09-27T10:00:00Z,nodd,nodd
2026-09-27,new-orleans-la,urma,05,2026-09-27T10:00:00Z,296.89,1.46,3.5,0.0,2026-09-27T11:00:00Z,nodd,nodd
2026-09-27,new-orleans-la,urma,06,2026-09-27T11:00:00Z,296.73,1.65,3.68,0.0,2026-09-27T12:00:00Z,nodd,nodd
2026-09-27,new-orleans-la,urma,07,2026-09-27T12:00:00Z,296.59,0.74,3.67,0.0,2026-09-27T13:00:00Z,nodd,nodd
2026-09-27,new-orleans-la,urma,08,2026-09-27T13:00:00Z,297.79,2.18,4.98,0.0,2026-09-27T14:00:00Z,nodd,nodd
2026-09-27,new-orleans-la,urma,09,2026-09-27T14:00:00Z,299.89,3.92,6.0,0.0,2026-09-27T15:00:00Z,nodd,nodd
2026-09-27,new-orleans-la,urma,10,2026-09-27T15:00:00Z,301.21,3.78,4.9,0.0,2026-09-27T16:00:00Z,nodd,nodd
2026-09-27,new-orleans-la,urma,11,2026-09-27T16:00:00Z,301.91,3.38,3.88,0.0,2026-09-27T17:00:00Z,nodd,nodd
2026-09-27,new-orleans-la,urma,12,2026-09-27T17:00:00Z,302.96,3.28,3.39,0.0,2026-09-27T18:00:00Z,nodd,nodd
2026-09-27,new-orleans-la,urma,13,2026-09-27T18:00:00Z,303.63,4.61,4.61,0.0,2026-09-27T19:00:00Z,nodd,nodd
2026-09-27,new-orleans-la,urma,14,2026-09-27T19:00:00Z,303.96,4.2,4.2,0.0,2026-09-27T20:00:00Z,nodd,nodd
2026-09-27,new-orleans-la,urma,15,2026-09-27T20:00:00Z,304.2,3.67,3.67,0.0,2026-09-27T21:00:00Z,nodd,nodd
2026-09-27,new-orleans-la,urma,16,2026-09-27T21:00:00Z,304.35,3.17,3.18,0.0,2026-09-27T22:00:00Z,nodd,nodd
2026-09-27,new-orleans-la,urma,17,2026-09-27T22:00:00Z,304.43,2.58,2.58,0.0,2026-09-27T23:00:00Z,nodd,nodd
2026-09-27,new-orleans-la,urma,18,2026-09-27T23:00:00Z,304.07,1.03,1.85,0.0,2026-09-28T00:00:00Z,nodd,nodd
2026-09-27,new-orleans-la,urma,19,2026-09-28T00:00:00Z,302.44,0.07,1.1,0.0,2026-09-28T01:00:00Z,nodd,nodd
2026-09-27,new-orleans-la,urma,20,2026-09-28T01:00:00Z,301.09,1.88,1.88,0.0,2026-09-28T02:00:00Z,nodd,nodd
2026-09-27,new-orleans-la,urma,21,2026-09-28T02:00:00Z,299.91,2.1,2.1,0.0,2026-09-28T03:00:00Z,nodd,nodd
2026-09-27,new-orleans-la,urma,22,2026-09-28T03:00:00Z,299.38,2.54,2.87,0.0,2026-09-28T04:00:00Z,nodd,nodd
2026-09-27,new-orleans-la,urma,23,2026-09-28T04:00:00Z,298.99,2.83,3.95,0.0,2026-09-28T05:00:00Z,nodd,nodd
2026-09-27,albuquerque-nm,rtma,00,2026-09-27T06:00:00Z,288.67,0.0,0.94,0.0,2026-09-27T07:00:00Z,nodd,nodd
2026-09-27,albuquerque-nm,rtma,01,2026-09-27T07:00:00Z,287.86,0.0,1.41,0.0,2026-09-27T08:00:00Z,nodd,nodd
2026-09-27,albuquerque-nm,rtma,02,2026-09-27T08:00:00Z,287.81,0.41,1.17,0.0,2026-09-27T09:00:00Z,nodd,nodd
2026-09-27,albuquerque-nm,rtma,03,2026-09-27T09:00:00Z,287.23,1.12,1.12,0.0,2026-09-27T10:00:00Z,nodd,nodd
2026-09-27,albuquerque-nm,rtma,04,2026-09-27T10:00:00Z,286.81,2.11,2.11,0.0,2026-09-27T11:00:00Z,nodd,nodd
2026-09-27,albuquerque-nm,rtma,05,2026-09-27T11:00:00Z,286.28,2.53,3.91,0.0,2026-09-27T12:00:00Z,nodd,nodd
2026-09-27,albuquerque-nm,rtma,06,2026-09-27T12:00:00Z,286.71,2.11,2.34,0.0,2026-09-27T13:00:00Z,nodd,nodd
2026-09-27,albuquerque-nm,rtma,07,2026-09-27T13:00:00Z,286.1,1.7,2.02,0.0,2026-09-27T14:00:00Z,nodd,nodd
2026-09-27,albuquerque-nm,rtma,08,2026-09-27T14:00:00Z,288.15,1.61,1.86,0.0,2026-09-27T15:00:00Z,nodd,nodd
2026-09-27,albuquerque-nm,rtma,09,2026-09-27T15:00:00Z,290.56,1.82,1.82,0.0,2026-09-27T16:00:00Z,nodd,nodd
2026-09-27,albuquerque-nm,rtma,10,2026-09-27T16:00:00Z,293.41,1.23,1.76,0.0,2026-09-27T17:00:00Z,nodd,nodd
2026-09-27,albuquerque-nm,rtma,11,2026-09-27T17:00:00Z,296.68,0.84,1.65,0.0,2026-09-27T18:00:00Z,nodd,nodd
2026-09-27,albuquerque-nm,rtma,12,2026-09-27T18:00:00Z,299.07,1.8,1.8,0.0,2026-09-27T19:00:00Z,nodd,nodd
2026-09-27,albuquerque-nm,rtma,13,2026-09-27T19:00:00Z,300.8,2.2,3.21,0.0,2026-09-27T20:00:00Z,nodd,nodd
2026-09-27,albuquerque-nm,rtma,14,2026-09-27T20:00:00Z,301.42,1.19,3.46,0.0,2026-09-27T21:00:00Z,nodd,nodd
2026-09-27,albuquerque-nm,rtma,15,2026-09-27T21:00:00Z,301.77,2.05,4.09,0.0,2026-09-27T22:00:00Z,nodd,nodd
2026-09-27,albuquerque-nm,rtma,16,2026-09-27T22:00:00Z,302.31,2.28,3.72,0.0,2026-09-27T23:00:00Z,nodd,nodd
2026-09-27,albuquerque-nm,rtma,17,2026-09-27T23:00:00Z,301.93,0.18,3.55,0.0,2026-09-28T00:00:00Z,nodd,nodd
2026-09-27,albuquerque-nm,rtma,18,2026-09-28T00:00:00Z,300.55,0.58,3.22,0.0,2026-09-28T01:00:00Z,nodd,nodd
2026-09-27,albuquerque-nm,rtma,19,2026-09-28T01:00:00Z,299.08,2.8,2.8,0.0,2026-09-28T02:00:00Z,nodd,nodd
2026-09-27,albuquerque-nm,rtma,20,2026-09-28T02:00:00Z,295.9,1.4,2.29,0.0,2026-09-28T03:00:00Z,nodd,nodd
2026-09-27,albuquerque-nm,rtma,21,2026-09-28T03:00:00Z,293.39,0.08,0.82,0.0,2026-09-28T04:00:00Z,nodd,nodd
2026-09-27,albuquerque-nm,rtma,22,2026-09-28T04:00:00Z,292.7,2.16,2.16,0.0,2026-09-28T05:00:00Z,nodd,nodd
2026-09-27,albuquerque-nm,rtma,23,2026-09-28T05:00:00Z,291.81,2.53,2.53,0.0,2026-09-28T06:00:00Z,nodd,nodd
2026-09-27,albuquerque-nm,urma,00,2026-09-27T06:00:00Z,288.83,0.0,0.97,0.0,2026-09-27T07:00:00Z,nodd,nodd
2026-09-27,albuquerque-nm,urma,01,2026-09-27T07:00:00Z,288.45,0.0,1.3,0.0,2026-09-27T08:00:00Z,nodd,nodd
2026-09-27,albuquerque-nm,urma,02,2026-09-27T08:00:00Z,287.83,0.25,1.16,0.0,2026-09-27T09:00:00Z,nodd,nodd
2026-09-27,albuquerque-nm,urma,03,2026-09-27T09:00:00Z,287.41,1.21,1.21,0.0,2026-09-27T10:00:00Z,nodd,nodd
2026-09-27,albuquerque-nm,urma,04,2026-09-27T10:00:00Z,286.83,2.01,2.01,0.0,2026-09-27T11:00:00Z,nodd,nodd
2026-09-27,albuquerque-nm,urma,05,2026-09-27T11:00:00Z,286.51,2.49,3.94,0.0,2026-09-27T12:00:00Z,nodd,nodd
2026-09-27,albuquerque-nm,urma,06,2026-09-27T12:00:00Z,286.77,2.1,2.42,0.0,2026-09-27T13:00:00Z,nodd,nodd
2026-09-27,albuquerque-nm,urma,07,2026-09-27T13:00:00Z,286.75,1.5,2.18,0.0,2026-09-27T14:00:00Z,nodd,nodd
2026-09-27,albuquerque-nm,urma,08,2026-09-27T14:00:00Z,288.31,1.59,1.88,0.0,2026-09-27T15:00:00Z,nodd,nodd
2026-09-27,albuquerque-nm,urma,09,2026-09-27T15:00:00Z,290.52,1.72,1.72,0.0,2026-09-27T16:00:00Z,nodd,nodd
2026-09-27,albuquerque-nm,urma,10,2026-09-27T16:00:00Z,293.5,1.03,1.78,0.0,2026-09-27T17:00:00Z,nodd,nodd
2026-09-27,albuquerque-nm,urma,11,2026-09-27T17:00:00Z,296.71,0.9,1.72,0.0,2026-09-27T18:00:00Z,nodd,nodd
2026-09-27,albuquerque-nm,urma,12,2026-09-27T18:00:00Z,299.16,1.79,1.79,0.0,2026-09-27T19:00:00Z,nodd,nodd
2026-09-27,albuquerque-nm,urma,13,2026-09-27T19:00:00Z,300.97,2.19,3.33,0.0,2026-09-27T20:00:00Z,nodd,nodd
2026-09-27,albuquerque-nm,urma,14,2026-09-27T20:00:00Z,301.32,1.4,3.68,0.0,2026-09-27T21:00:00Z,nodd,nodd
2026-09-27,albuquerque-nm,urma,15,2026-09-27T21:00:00Z,301.68,1.95,4.04,0.0,2026-09-27T22:00:00Z,nodd,nodd
2026-09-27,albuquerque-nm,urma,16,2026-09-27T22:00:00Z,302.39,2.34,3.69,0.0,2026-09-27T23:00:00Z,nodd,nodd
2026-09-27,albuquerque-nm,urma,17,2026-09-27T23:00:00Z,301.9,0.21,3.53,0.0,2026-09-28T00:00:00Z,nodd,nodd
2026-09-27,albuquerque-nm,urma,18,2026-09-28T00:00:00Z,300.61,0.74,3.21,0.0,2026-09-28T01:00:00Z,nodd,nodd
2026-09-27,albuquerque-nm,urma,19,2026-09-28T01:00:00Z,299.06,2.72,2.72,0.0,2026-09-28T02:00:00Z,nodd,nodd
2026-09-27,albuquerque-nm,urma,20,2026-09-28T02:00:00Z,295.79,1.39,2.38,0.0,2026-09-28T03:00:00Z,nodd,nodd
2026-09-27,albuquerque-nm,urma,21,2026-09-28T03:00:00Z,293.58,0.01,0.94,0.0,2026-09-28T04:00:00Z,nodd,nodd
2026-09-27,albuquerque-nm,urma,22,2026-09-28T04:00:00Z,292.79,2.05,2.05,0.0,2026-09-28T05:00:00Z,nodd,nodd
2026-09-27,albuquerque-nm,urma,23,2026-09-28T05:00:00Z,291.77,2.36,2.36,0.0,2026-09-28T06:00:00Z,nodd,nodd
2026-09-27,charleston-sc,rtma,00,2026-09-27T04:00:00Z,289.54,0.77,2.2,0.0,2026-09-27T05:00:00Z,nodd,nodd
2026-09-27,charleston-sc,rtma,01,2026-09-27T05:00:00Z,288.71,0.95,3.11,0.0,2026-09-27T06:00:00Z,nodd,nodd
2026-09-27,charleston-sc,rtma,02,2026-09-27T06:00:00Z,288.06,1.45,2.71,0.0,2026-09-27T07:00:00Z,nodd,nodd
2026-09-27,charleston-sc,rtma,03,2026-09-27T07:00:00Z,288.0,0.58,2.6,0.0,2026-09-27T08:00:00Z,nodd,nodd
2026-09-27,charleston-sc,rtma,04,2026-09-27T08:00:00Z,287.51,1.15,2.32,0.0,2026-09-27T09:00:00Z,nodd,nodd
2026-09-27,charleston-sc,rtma,05,2026-09-27T09:00:00Z,287.73,1.49,4.6,0.0,2026-09-27T10:00:00Z,nodd,nodd
2026-09-27,charleston-sc,rtma,06,2026-09-27T10:00:00Z,287.18,1.18,3.83,0.0,2026-09-27T11:00:00Z,nodd,nodd
2026-09-27,charleston-sc,rtma,07,2026-09-27T11:00:00Z,286.9,0.74,3.0,0.0,2026-09-27T12:00:00Z,nodd,nodd
2026-09-27,charleston-sc,rtma,08,2026-09-27T12:00:00Z,287.07,1.17,3.14,0.0,2026-09-27T13:00:00Z,nodd,nodd
2026-09-27,charleston-sc,rtma,09,2026-09-27T13:00:00Z,289.67,1.87,3.07,0.0,2026-09-27T14:00:00Z,nodd,nodd
2026-09-27,charleston-sc,rtma,10,2026-09-27T14:00:00Z,292.68,0.91,2.64,0.0,2026-09-27T15:00:00Z,nodd,nodd
2026-09-27,charleston-sc,rtma,11,2026-09-27T15:00:00Z,295.27,0.61,2.16,0.0,2026-09-27T16:00:00Z,nodd,nodd
2026-09-27,charleston-sc,rtma,12,2026-09-27T16:00:00Z,297.82,1.64,3.13,0.0,2026-09-27T17:00:00Z,nodd,nodd
2026-09-27,charleston-sc,rtma,13,2026-09-27T17:00:00Z,300.05,3.44,6.69,0.0,2026-09-27T18:00:00Z,nodd,nodd
2026-09-27,charleston-sc,rtma,14,2026-09-27T18:00:00Z,301.12,3.87,7.35,0.0,2026-09-27T19:00:00Z,nodd,nodd
2026-09-27,charleston-sc,rtma,15,2026-09-27T19:00:00Z,301.62,5.2,7.97,0.0,2026-09-27T20:00:00Z,nodd,nodd
2026-09-27,charleston-sc,rtma,16,2026-09-27T20:00:00Z,301.79,4.29,7.14,0.0,2026-09-27T21:00:00Z,nodd,nodd
2026-09-27,charleston-sc,rtma,17,2026-09-27T21:00:00Z,301.46,4.42,6.41,0.0,2026-09-27T22:00:00Z,nodd,nodd
2026-09-27,charleston-sc,rtma,18,2026-09-27T22:00:00Z,300.98,3.86,7.39,0.0,2026-09-27T23:00:00Z,nodd,nodd
2026-09-27,charleston-sc,rtma,19,2026-09-27T23:00:00Z,298.57,1.42,6.5,0.0,2026-09-28T00:00:00Z,nodd,nodd
2026-09-27,charleston-sc,rtma,20,2026-09-28T00:00:00Z,296.34,2.68,4.33,0.0,2026-09-28T01:00:00Z,nodd,nodd
2026-09-27,charleston-sc,rtma,21,2026-09-28T01:00:00Z,295.48,2.21,4.09,0.0,2026-09-28T02:00:00Z,nodd,nodd
2026-09-27,charleston-sc,rtma,22,2026-09-28T02:00:00Z,295.32,2.29,3.67,0.0,2026-09-28T03:00:00Z,nodd,nodd
2026-09-27,charleston-sc,rtma,23,2026-09-28T03:00:00Z,294.44,1.52,2.47,0.0,2026-09-28T04:00:00Z,nodd,nodd
2026-09-27,charleston-sc,urma,00,2026-09-27T04:00:00Z,289.33,0.81,2.52,0.0,2026-09-27T05:00:00Z,nodd,nodd
2026-09-27,charleston-sc,urma,01,2026-09-27T05:00:00Z,288.56,0.95,3.13,0.0,2026-09-27T06:00:00Z,nodd,nodd
2026-09-27,charleston-sc,urma,02,2026-09-27T06:00:00Z,287.92,1.4,2.78,0.0,2026-09-27T07:00:00Z,nodd,nodd
2026-09-27,charleston-sc,urma,03,2026-09-27T07:00:00Z,288.17,0.51,1.82,0.0,2026-09-27T08:00:00Z,nodd,nodd
2026-09-27,charleston-sc,urma,04,2026-09-27T08:00:00Z,287.37,1.2,2.83,0.0,2026-09-27T09:00:00Z,nodd,nodd
2026-09-27,charleston-sc,urma,05,2026-09-27T09:00:00Z,287.58,1.49,5.2,0.0,2026-09-27T10:00:00Z,nodd,nodd
2026-09-27,charleston-sc,urma,06,2026-09-27T10:00:00Z,287.06,1.17,4.29,0.0,2026-09-27T11:00:00Z,nodd,nodd
2026-09-27,charleston-sc,urma,07,2026-09-27T11:00:00Z,286.81,0.78,4.0,0.0,2026-09-27T12:00:00Z,nodd,nodd
2026-09-27,charleston-sc,urma,08,2026-09-27T12:00:00Z,287.1,1.25,2.85,0.0,2026-09-27T13:00:00Z,nodd,nodd
2026-09-27,charleston-sc,urma,09,2026-09-27T13:00:00Z,289.91,1.78,3.44,0.0,2026-09-27T14:00:00Z,nodd,nodd
2026-09-27,charleston-sc,urma,10,2026-09-27T14:00:00Z,292.66,0.95,2.47,0.0,2026-09-27T15:00:00Z,nodd,nodd
2026-09-27,charleston-sc,urma,11,2026-09-27T15:00:00Z,295.25,0.69,2.49,0.0,2026-09-27T16:00:00Z,nodd,nodd
2026-09-27,charleston-sc,urma,12,2026-09-27T16:00:00Z,297.79,1.63,3.22,0.0,2026-09-27T17:00:00Z,nodd,nodd
2026-09-27,charleston-sc,urma,13,2026-09-27T17:00:00Z,299.94,3.37,6.62,0.0,2026-09-27T18:00:00Z,nodd,nodd
2026-09-27,charleston-sc,urma,14,2026-09-27T18:00:00Z,301.01,4.05,6.98,0.0,2026-09-27T19:00:00Z,nodd,nodd
2026-09-27,charleston-sc,urma,15,2026-09-27T19:00:00Z,301.67,5.22,8.19,0.0,2026-09-27T20:00:00Z,nodd,nodd
2026-09-27,charleston-sc,urma,16,2026-09-27T20:00:00Z,301.78,4.31,7.28,0.0,2026-09-27T21:00:00Z,nodd,nodd
2026-09-27,charleston-sc,urma,17,2026-09-27T21:00:00Z,301.48,4.69,6.77,0.0,2026-09-27T22:00:00Z,nodd,nodd
2026-09-27,charleston-sc,urma,18,2026-09-27T22:00:00Z,300.95,3.66,7.05,0.0,2026-09-27T23:00:00Z,nodd,nodd
2026-09-27,charleston-sc,urma,19,2026-09-27T23:00:00Z,298.58,1.45,6.94,0.0,2026-09-28T00:00:00Z,nodd,nodd
2026-09-27,charleston-sc,urma,20,2026-09-28T00:00:00Z,296.31,2.88,5.63,0.0,2026-09-28T01:00:00Z,nodd,nodd
2026-09-27,charleston-sc,urma,21,2026-09-28T01:00:00Z,295.85,2.38,5.0,0.0,2026-09-28T02:00:00Z,nodd,nodd
2026-09-27,charleston-sc,urma,22,2026-09-28T02:00:00Z,295.32,2.55,4.8,0.0,2026-09-28T03:00:00Z,nodd,nodd
2026-09-27,charleston-sc,urma,23,2026-09-28T03:00:00Z,294.39,1.77,4.39,0.0,2026-09-28T04:00:00Z,nodd,nodd
2026-09-27,boise-id,rtma,00,2026-09-27T06:00:00Z,284.92,0.28,1.48,0.0,2026-09-27T07:00:00Z,nodd,nodd
2026-09-27,boise-id,rtma,01,2026-09-27T07:00:00Z,284.13,0.15,1.59,0.0,2026-09-27T08:00:00Z,nodd,nodd
2026-09-27,boise-id,rtma,02,2026-09-27T08:00:00Z,284.46,1.14,1.44,0.0,2026-09-27T09:00:00Z,nodd,nodd
2026-09-27,boise-id,rtma,03,2026-09-27T09:00:00Z,284.31,1.48,1.48,0.0,2026-09-27T10:00:00Z,nodd,nodd
2026-09-27,boise-id,rtma,04,2026-09-27T10:00:00Z,284.55,1.7,1.7,0.0,2026-09-27T11:00:00Z,nodd,nodd
2026-09-27,boise-id,rtma,05,2026-09-27T11:00:00Z,284.57,1.33,1.33,0.0,2026-09-27T12:00:00Z,nodd,nodd
2026-09-27,boise-id,rtma,06,2026-09-27T12:00:00Z,284.02,0.66,1.31,0.0,2026-09-27T13:00:00Z,nodd,nodd
2026-09-27,boise-id,rtma,07,2026-09-27T13:00:00Z,284.34,1.28,1.28,0.0,2026-09-27T14:00:00Z,nodd,nodd
2026-09-27,boise-id,rtma,08,2026-09-27T14:00:00Z,284.26,0.54,1.92,0.0,2026-09-27T15:00:00Z,nodd,nodd
2026-09-27,boise-id,rtma,09,2026-09-27T15:00:00Z,285.3,2.24,2.71,0.0,2026-09-27T16:00:00Z,nodd,nodd
2026-09-27,boise-id,rtma,10,2026-09-27T16:00:00Z,285.43,1.79,2.97,0.0,2026-09-27T17:00:00Z,nodd,nodd
2026-09-27,boise-id,rtma,11,2026-09-27T17:00:00Z,286.92,1.09,3.76,0.0,2026-09-27T18:00:00Z,nodd,nodd
2026-09-27,boise-id,rtma,12,2026-09-27T18:00:00Z,288.3,1.64,2.07,0.0,2026-09-27T19:00:00Z,nodd,nodd
2026-09-27,boise-id,rtma,13,2026-09-27T19:00:00Z,290.59,0.75,1.91,0.0,2026-09-27T20:00:00Z,nodd,nodd
2026-09-27,boise-id,rtma,14,2026-09-27T20:00:00Z,290.84,2.21,2.66,0.0,2026-09-27T21:00:00Z,nodd,nodd
2026-09-27,boise-id,rtma,15,2026-09-27T21:00:00Z,290.76,3.3,7.06,0.0,2026-09-27T22:00:00Z,nodd,nodd
2026-09-27,boise-id,rtma,16,2026-09-27T22:00:00Z,291.65,3.77,9.14,0.0,2026-09-27T23:00:00Z,nodd,nodd
2026-09-27,boise-id,rtma,17,2026-09-27T23:00:00Z,292.3,4.7,10.33,0.0,2026-09-28T00:00:00Z,nodd,nodd
2026-09-27,boise-id,rtma,18,2026-09-28T00:00:00Z,292.4,5.98,12.21,0.0,2026-09-28T01:00:00Z,nodd,nodd
2026-09-27,boise-id,rtma,19,2026-09-28T01:00:00Z,291.31,4.51,10.51,0.0,2026-09-28T02:00:00Z,nodd,nodd
2026-09-27,boise-id,rtma,20,2026-09-28T02:00:00Z,290.67,3.48,8.14,0.0,2026-09-28T03:00:00Z,nodd,nodd
2026-09-27,boise-id,rtma,21,2026-09-28T03:00:00Z,289.91,3.8,8.47,0.0,2026-09-28T04:00:00Z,nodd,nodd
2026-09-27,boise-id,rtma,22,2026-09-28T04:00:00Z,290.43,2.32,7.11,0.0,2026-09-28T05:00:00Z,nodd,nodd
2026-09-27,boise-id,rtma,23,2026-09-28T05:00:00Z,290.77,2.07,6.92,0.0,2026-09-28T06:00:00Z,nodd,nodd
2026-09-27,boise-id,urma,00,2026-09-27T06:00:00Z,284.8,0.4,1.26,0.0,2026-09-27T07:00:00Z,nodd,nodd
2026-09-27,boise-id,urma,01,2026-09-27T07:00:00Z,284.46,0.06,1.41,0.0,2026-09-27T08:00:00Z,nodd,nodd
2026-09-27,boise-id,urma,02,2026-09-27T08:00:00Z,284.42,0.98,1.7,0.0,2026-09-27T09:00:00Z,nodd,nodd
2026-09-27,boise-id,urma,03,2026-09-27T09:00:00Z,284.21,1.48,2.05,0.0,2026-09-27T10:00:00Z,nodd,nodd
2026-09-27,boise-id,urma,04,2026-09-27T10:00:00Z,284.57,1.89,2.29,0.0,2026-09-27T11:00:00Z,nodd,nodd
2026-09-27,boise-id,urma,05,2026-09-27T11:00:00Z,284.54,0.98,1.57,0.0,2026-09-27T12:00:00Z,nodd,nodd
2026-09-27,boise-id,urma,06,2026-09-27T12:00:00Z,284.04,0.7,1.06,0.0,2026-09-27T13:00:00Z,nodd,nodd
2026-09-27,boise-id,urma,07,2026-09-27T13:00:00Z,284.55,1.33,1.81,0.0,2026-09-27T14:00:00Z,nodd,nodd
2026-09-27,boise-id,urma,08,2026-09-27T14:00:00Z,284.38,0.57,1.7,0.0,2026-09-27T15:00:00Z,nodd,nodd
2026-09-27,boise-id,urma,09,2026-09-27T15:00:00Z,285.27,2.42,3.83,0.0,2026-09-27T16:00:00Z,nodd,nodd
2026-09-27,boise-id,urma,10,2026-09-27T16:00:00Z,285.62,1.52,3.08,0.0,2026-09-27T17:00:00Z,nodd,nodd
2026-09-27,boise-id,urma,11,2026-09-27T17:00:00Z,286.8,1.17,2.92,0.0,2026-09-27T18:00:00Z,nodd,nodd
2026-09-27,boise-id,urma,12,2026-09-27T18:00:00Z,288.12,1.64,2.4,0.0,2026-09-27T19:00:00Z,nodd,nodd
2026-09-27,boise-id,urma,13,2026-09-27T19:00:00Z,290.09,1.0,2.1,0.0,2026-09-27T20:00:00Z,nodd,nodd
2026-09-27,boise-id,urma,14,2026-09-27T20:00:00Z,290.71,2.17,3.28,0.0,2026-09-27T21:00:00Z,nodd,nodd
2026-09-27,boise-id,urma,15,2026-09-27T21:00:00Z,290.55,3.16,6.4,0.0,2026-09-27T22:00:00Z,nodd,nodd
2026-09-27,boise-id,urma,16,2026-09-27T22:00:00Z,291.52,3.52,7.89,0.0,2026-09-27T23:00:00Z,nodd,nodd
2026-09-27,boise-id,urma,17,2026-09-27T23:00:00Z,292.12,4.62,8.89,0.0,2026-09-28T00:00:00Z,nodd,nodd
2026-09-27,boise-id,urma,18,2026-09-28T00:00:00Z,292.15,5.44,11.2,0.0,2026-09-28T01:00:00Z,nodd,nodd
2026-09-27,boise-id,urma,19,2026-09-28T01:00:00Z,291.19,4.3,9.35,0.0,2026-09-28T02:00:00Z,nodd,nodd
2026-09-27,boise-id,urma,20,2026-09-28T02:00:00Z,290.67,3.47,6.93,0.0,2026-09-28T03:00:00Z,nodd,nodd
2026-09-27,boise-id,urma,21,2026-09-28T03:00:00Z,290.01,3.73,8.07,0.0,2026-09-28T04:00:00Z,nodd,nodd
2026-09-27,boise-id,urma,22,2026-09-28T04:00:00Z,290.32,2.55,6.02,0.0,2026-09-28T05:00:00Z,nodd,nodd
2026-09-27,boise-id,urma,23,2026-09-28T05:00:00Z,290.83,2.25,6.71,0.0,2026-09-28T06:00:00Z,nodd,nodd
2026-09-27,little-rock-ar,rtma,00,2026-09-27T05:00:00Z,295.74,1.72,3.34,0.0,2026-09-27T06:00:00Z,nodd,nodd
2026-09-27,little-rock-ar,rtma,01,2026-09-27T06:00:00Z,295.27,1.84,3.3,0.0,2026-09-27T07:00:00Z,nodd,nodd
2026-09-27,little-rock-ar,rtma,02,2026-09-27T07:00:00Z,294.57,1.94,3.99,0.0,2026-09-27T08:00:00Z,nodd,nodd
2026-09-27,little-rock-ar,rtma,03,2026-09-27T08:00:00Z,294.32,0.84,1.31,0.0,2026-09-27T09:00:00Z,nodd,nodd
2026-09-27,little-rock-ar,rtma,04,2026-09-27T09:00:00Z,294.44,1.67,1.67,0.0,2026-09-27T10:00:00Z,nodd,nodd
2026-09-27,little-rock-ar,rtma,05,2026-09-27T10:00:00Z,293.87,1.87,1.87,0.0,2026-09-27T11:00:00Z,nodd,nodd
2026-09-27,little-rock-ar,rtma,06,2026-09-27T11:00:00Z,293.13,1.08,1.36,0.0,2026-09-27T12:00:00Z,nodd,nodd
2026-09-27,little-rock-ar,rtma,07,2026-09-27T12:00:00Z,292.81,1.56,1.99,0.0,2026-09-27T13:00:00Z,nodd,nodd
2026-09-27,little-rock-ar,rtma,08,2026-09-27T13:00:00Z,293.37,1.09,3.06,0.0,2026-09-27T14:00:00Z,nodd,nodd
2026-09-27,little-rock-ar,rtma,09,2026-09-27T14:00:00Z,295.89,2.02,2.03,0.0,2026-09-27T15:00:00Z,nodd,nodd
2026-09-27,little-rock-ar,rtma,10,2026-09-27T15:00:00Z,297.19,0.94,2.61,0.0,2026-09-27T16:00:00Z,nodd,nodd
2026-09-27,little-rock-ar,rtma,11,2026-09-27T16:00:00Z,298.45,1.67,2.23,0.0,2026-09-27T17:00:00Z,nodd,nodd
2026-09-27,little-rock-ar,rtma,12,2026-09-27T17:00:00Z,299.19,2.0,3.44,0.0,2026-09-27T18:00:00Z,nodd,nodd
2026-09-27,little-rock-ar,rtma,13,2026-09-27T18:00:00Z,299.49,2.82,2.82,0.0,2026-09-27T19:00:00Z,nodd,nodd
2026-09-27,little-rock-ar,rtma,14,2026-09-27T19:00:00Z,299.7,3.1,3.1,0.0,2026-09-27T20:00:00Z,nodd,nodd
2026-09-27,little-rock-ar,rtma,15,2026-09-27T20:00:00Z,299.51,2.99,2.99,0.0,2026-09-27T21:00:00Z,nodd,nodd
2026-09-27,little-rock-ar,rtma,16,2026-09-27T21:00:00Z,298.57,3.41,3.57,0.0,2026-09-27T22:00:00Z,nodd,nodd
2026-09-27,little-rock-ar,rtma,17,2026-09-27T22:00:00Z,298.05,2.77,4.42,0.0,2026-09-27T23:00:00Z,nodd,nodd
2026-09-27,little-rock-ar,rtma,18,2026-09-27T23:00:00Z,297.96,2.43,4.11,0.0,2026-09-28T00:00:00Z,nodd,nodd
2026-09-27,little-rock-ar,rtma,19,2026-09-28T00:00:00Z,297.1,0.99,4.53,0.0,2026-09-28T01:00:00Z,nodd,nodd
2026-09-27,little-rock-ar,rtma,20,2026-09-28T01:00:00Z,295.85,0.95,0.95,0.0,2026-09-28T02:00:00Z,nodd,nodd
2026-09-27,little-rock-ar,rtma,21,2026-09-28T02:00:00Z,294.94,1.8,1.8,0.0,2026-09-28T03:00:00Z,nodd,nodd
2026-09-27,little-rock-ar,rtma,22,2026-09-28T03:00:00Z,294.45,0.25,0.33,0.0,2026-09-28T04:00:00Z,nodd,nodd
2026-09-27,little-rock-ar,rtma,23,2026-09-28T04:00:00Z,293.61,0.0,0.58,0.0,2026-09-28T05:00:00Z,nodd,nodd
2026-09-27,little-rock-ar,urma,00,2026-09-27T05:00:00Z,295.74,1.75,3.17,0.0,2026-09-27T06:00:00Z,nodd,nodd
2026-09-27,little-rock-ar,urma,01,2026-09-27T06:00:00Z,295.3,1.71,3.38,0.0,2026-09-27T07:00:00Z,nodd,nodd
2026-09-27,little-rock-ar,urma,02,2026-09-27T07:00:00Z,294.88,2.08,4.07,0.0,2026-09-27T08:00:00Z,nodd,nodd
2026-09-27,little-rock-ar,urma,03,2026-09-27T08:00:00Z,294.33,0.83,1.36,0.0,2026-09-27T09:00:00Z,nodd,nodd
2026-09-27,little-rock-ar,urma,04,2026-09-27T09:00:00Z,294.38,1.62,1.62,0.0,2026-09-27T10:00:00Z,nodd,nodd
2026-09-27,little-rock-ar,urma,05,2026-09-27T10:00:00Z,293.81,1.94,1.94,0.0,2026-09-27T11:00:00Z,nodd,nodd
2026-09-27,little-rock-ar,urma,06,2026-09-27T11:00:00Z,293.13,1.32,1.32,0.0,2026-09-27T12:00:00Z,nodd,nodd
2026-09-27,little-rock-ar,urma,07,2026-09-27T12:00:00Z,292.82,1.32,1.32,0.0,2026-09-27T13:00:00Z,nodd,nodd
2026-09-27,little-rock-ar,urma,08,2026-09-27T13:00:00Z,293.73,1.08,1.92,0.0,2026-09-27T14:00:00Z,nodd,nodd
2026-09-27,little-rock-ar,urma,09,2026-09-27T14:00:00Z,295.88,1.94,1.96,0.0,2026-09-27T15:00:00Z,nodd,nodd
2026-09-27,little-rock-ar,urma,10,2026-09-27T15:00:00Z,297.11,0.73,2.37,0.0,2026-09-27T16:00:00Z,nodd,nodd
2026-09-27,little-rock-ar,urma,11,2026-09-27T16:00:00Z,298.49,1.73,2.06,0.0,2026-09-27T17:00:00Z,nodd,nodd
2026-09-27,little-rock-ar,urma,12,2026-09-27T17:00:00Z,299.13,2.45,3.41,0.0,2026-09-27T18:00:00Z,nodd,nodd
2026-09-27,little-rock-ar,urma,13,2026-09-27T18:00:00Z,299.5,2.63,2.63,0.0,2026-09-27T19:00:00Z,nodd,nodd
2026-09-27,little-rock-ar,urma,14,2026-09-27T19:00:00Z,299.34,2.85,2.85,0.0,2026-09-27T20:00:00Z,nodd,nodd
2026-09-27,little-rock-ar,urma,15,2026-09-27T20:00:00Z,299.45,3.04,3.08,0.0,2026-09-27T21:00:00Z,nodd,nodd
2026-09-27,little-rock-ar,urma,16,2026-09-27T21:00:00Z,298.52,3.61,3.61,0.0,2026-09-27T22:00:00Z,nodd,nodd
2026-09-27,little-rock-ar,urma,17,2026-09-27T22:00:00Z,297.83,2.66,4.4,0.0,2026-09-27T23:00:00Z,nodd,nodd
2026-09-27,little-rock-ar,urma,18,2026-09-27T23:00:00Z,297.88,2.23,4.13,0.0,2026-09-28T00:00:00Z,nodd,nodd
2026-09-27,little-rock-ar,urma,19,2026-09-28T00:00:00Z,296.95,0.88,3.6,0.0,2026-09-28T01:00:00Z,nodd,nodd
2026-09-27,little-rock-ar,urma,20,2026-09-28T01:00:00Z,296.14,1.02,1.02,0.0,2026-09-28T02:00:00Z,nodd,nodd
2026-09-27,little-rock-ar,urma,21,2026-09-28T02:00:00Z,294.93,1.46,1.46,0.0,2026-09-28T03:00:00Z,nodd,nodd
2026-09-27,little-rock-ar,urma,22,2026-09-28T03:00:00Z,294.4,0.46,0.46,0.0,2026-09-28T04:00:00Z,nodd,nodd
2026-09-27,little-rock-ar,urma,23,2026-09-28T04:00:00Z,293.61,0.0,0.25,0.0,2026-09-28T05:00:00Z,nodd,nodd
2026-09-27,des-moines-ia,rtma,00,2026-09-27T05:00:00Z,289.47,2.78,4.78,0.5625,2026-09-27T06:00:00Z,nodd,nodd
2026-09-27,des-moines-ia,rtma,01,2026-09-27T06:00:00Z,289.38,2.68,5.18,0.484375,2026-09-27T07:00:00Z,nodd,nodd
2026-09-27,des-moines-ia,rtma,02,2026-09-27T07:00:00Z,289.09,2.87,5.18,0.109375,2026-09-27T08:00:00Z,nodd,nodd
2026-09-27,des-moines-ia,rtma,03,2026-09-27T08:00:00Z,289.04,3.01,5.14,0.03125,2026-09-27T09:00:00Z,nodd,nodd
2026-09-27,des-moines-ia,rtma,04,2026-09-27T09:00:00Z,289.18,1.4,4.07,0.734375,2026-09-27T10:00:00Z,nodd,nodd
2026-09-27,des-moines-ia,rtma,05,2026-09-27T10:00:00Z,289.18,1.23,3.38,1.0625,2026-09-27T11:00:00Z,nodd,nodd
2026-09-27,des-moines-ia,rtma,06,2026-09-27T11:00:00Z,289.22,1.87,3.82,0.109375,2026-09-27T12:00:00Z,nodd,nodd
2026-09-27,des-moines-ia,rtma,07,2026-09-27T12:00:00Z,289.19,2.35,3.51,0.0,2026-09-27T13:00:00Z,nodd,nodd
2026-09-27,des-moines-ia,rtma,08,2026-09-27T13:00:00Z,289.01,2.35,4.22,0.0,2026-09-27T14:00:00Z,nodd,nodd
2026-09-27,des-moines-ia,rtma,09,2026-09-27T14:00:00Z,289.0,2.78,4.1,0.171875,2026-09-27T15:00:00Z,nodd,nodd
2026-09-27,des-moines-ia,rtma,10,2026-09-27T15:00:00Z,289.05,1.73,3.32,0.265625,2026-09-27T16:00:00Z,nodd,nodd
2026-09-27,des-moines-ia,rtma,11,2026-09-27T16:00:00Z,289.26,2.26,3.78,0.0,2026-09-27T17:00:00Z,nodd,nodd
2026-09-27,des-moines-ia,rtma,12,2026-09-27T17:00:00Z,289.84,1.82,2.92,0.0,2026-09-27T18:00:00Z,nodd,nodd
2026-09-27,des-moines-ia,rtma,13,2026-09-27T18:00:00Z,290.72,2.3,3.56,0.0,2026-09-27T19:00:00Z,nodd,nodd
2026-09-27,des-moines-ia,rtma,14,2026-09-27T19:00:00Z,291.06,2.03,2.89,0.0,2026-09-27T20:00:00Z,nodd,nodd
2026-09-27,des-moines-ia,rtma,15,2026-09-27T20:00:00Z,291.09,2.34,2.67,0.0,2026-09-27T21:00:00Z,nodd,nodd
2026-09-27,des-moines-ia,rtma,16,2026-09-27T21:00:00Z,291.96,0.96,2.58,0.0,2026-09-27T22:00:00Z,nodd,nodd
2026-09-27,des-moines-ia,rtma,17,2026-09-27T22:00:00Z,292.27,2.04,2.75,0.0,2026-09-27T23:00:00Z,nodd,nodd
2026-09-27,des-moines-ia,rtma,18,2026-09-27T23:00:00Z,292.07,1.1,2.83,0.0,2026-09-28T00:00:00Z,nodd,nodd
2026-09-27,des-moines-ia,rtma,19,2026-09-28T00:00:00Z,291.7,1.11,4.35,0.0,2026-09-28T01:00:00Z,nodd,nodd
2026-09-27,des-moines-ia,rtma,20,2026-09-28T01:00:00Z,291.2,1.3,1.63,0.0,2026-09-28T02:00:00Z,nodd,nodd
2026-09-27,des-moines-ia,rtma,21,2026-09-28T02:00:00Z,291.14,0.33,0.92,0.0,2026-09-28T03:00:00Z,nodd,nodd
2026-09-27,des-moines-ia,rtma,22,2026-09-28T03:00:00Z,290.82,0.02,1.01,0.0,2026-09-28T04:00:00Z,nodd,nodd
2026-09-27,des-moines-ia,rtma,23,2026-09-28T04:00:00Z,290.67,0.08,1.78,0.0,2026-09-28T05:00:00Z,nodd,nodd
2026-09-27,des-moines-ia,urma,00,2026-09-27T05:00:00Z,289.49,2.84,4.49,0.3125,2026-09-27T06:00:00Z,nodd,nodd
2026-09-27,des-moines-ia,urma,01,2026-09-27T06:00:00Z,289.32,2.76,4.33,0.25,2026-09-27T07:00:00Z,nodd,nodd
2026-09-27,des-moines-ia,urma,02,2026-09-27T07:00:00Z,289.08,2.7,4.51,0.140625,2026-09-27T08:00:00Z,nodd,nodd
2026-09-27,des-moines-ia,urma,03,2026-09-27T08:00:00Z,289.02,3.13,5.13,0.0625,2026-09-27T09:00:00Z,nodd,nodd
2026-09-27,des-moines-ia,urma,04,2026-09-27T09:00:00Z,289.16,1.5,3.64,0.65625,2026-09-27T10:00:00Z,nodd,nodd
2026-09-27,des-moines-ia,urma,05,2026-09-27T10:00:00Z,289.18,1.08,3.24,0.59375,2026-09-27T11:00:00Z,nodd,nodd
2026-09-27,des-moines-ia,urma,06,2026-09-27T11:00:00Z,289.21,1.79,3.62,0.125,2026-09-27T12:00:00Z,nodd,nodd
2026-09-27,des-moines-ia,urma,07,2026-09-27T12:00:00Z,289.17,2.16,3.17,0.0,2026-09-27T13:00:00Z,nodd,nodd
2026-09-27,des-moines-ia,urma,08,2026-09-27T13:00:00Z,289.05,2.28,3.92,0.0,2026-09-27T14:00:00Z,nodd,nodd
2026-09-27,des-moines-ia,urma,09,2026-09-27T14:00:00Z,289.07,2.9,4.14,0.171875,2026-09-27T15:00:00Z,nodd,nodd
2026-09-27,des-moines-ia,urma,10,2026-09-27T15:00:00Z,289.02,1.83,3.41,0.25,2026-09-27T16:00:00Z,nodd,nodd
2026-09-27,des-moines-ia,urma,11,2026-09-27T16:00:00Z,289.22,2.15,3.38,0.0,2026-09-27T17:00:00Z,nodd,nodd
2026-09-27,des-moines-ia,urma,12,2026-09-27T17:00:00Z,289.75,1.92,2.87,0.0,2026-09-27T18:00:00Z,nodd,nodd
2026-09-27,des-moines-ia,urma,13,2026-09-27T18:00:00Z,290.68,2.42,3.59,0.0,2026-09-27T19:00:00Z,nodd,nodd
2026-09-27,des-moines-ia,urma,14,2026-09-27T19:00:00Z,291.1,1.96,2.88,0.0,2026-09-27T20:00:00Z,nodd,nodd
2026-09-27,des-moines-ia,urma,15,2026-09-27T20:00:00Z,291.08,2.22,2.57,0.0,2026-09-27T21:00:00Z,nodd,nodd
2026-09-27,des-moines-ia,urma,16,2026-09-27T21:00:00Z,291.9,0.83,2.49,0.0,2026-09-27T22:00:00Z,nodd,nodd
2026-09-27,des-moines-ia,urma,17,2026-09-27T22:00:00Z,292.37,1.85,2.54,0.0,2026-09-27T23:00:00Z,nodd,nodd
2026-09-27,des-moines-ia,urma,18,2026-09-27T23:00:00Z,292.08,1.06,2.88,0.0,2026-09-28T00:00:00Z,nodd,nodd
2026-09-27,des-moines-ia,urma,19,2026-09-28T00:00:00Z,291.76,0.95,2.09,0.0,2026-09-28T01:00:00Z,nodd,nodd
2026-09-27,des-moines-ia,urma,20,2026-09-28T01:00:00Z,291.34,1.26,1.69,0.0,2026-09-28T02:00:00Z,nodd,nodd
2026-09-27,des-moines-ia,urma,21,2026-09-28T02:00:00Z,291.17,0.54,1.1,0.0,2026-09-28T03:00:00Z,nodd,nodd
2026-09-27,des-moines-ia,urma,22,2026-09-28T03:00:00Z,290.8,0.17,1.2,0.0,2026-09-28T04:00:00Z,nodd,nodd
2026-09-27,des-moines-ia,urma,23,2026-09-28T04:00:00Z,290.66,0.17,1.57,0.0,2026-09-28T05:00:00Z,nodd,nodd
2026-09-27,wichita-ks,rtma,00,2026-09-27T05:00:00Z,293.66,2.71,5.25,0.0,2026-09-27T06:00:00Z,nodd,nodd
2026-09-27,wichita-ks,rtma,01,2026-09-27T06:00:00Z,293.2,2.98,5.22,0.0,2026-09-27T07:00:00Z,nodd,nodd
2026-09-27,wichita-ks,rtma,02,2026-09-27T07:00:00Z,292.38,2.94,5.34,0.0,2026-09-27T08:00:00Z,nodd,nodd
2026-09-27,wichita-ks,rtma,03,2026-09-27T08:00:00Z,292.46,2.03,6.3,0.0,2026-09-27T09:00:00Z,nodd,nodd
2026-09-27,wichita-ks,rtma,04,2026-09-27T09:00:00Z,292.17,2.83,5.4,0.0,2026-09-27T10:00:00Z,nodd,nodd
2026-09-27,wichita-ks,rtma,05,2026-09-27T10:00:00Z,291.59,2.09,5.28,0.0,2026-09-27T11:00:00Z,nodd,nodd
2026-09-27,wichita-ks,rtma,06,2026-09-27T11:00:00Z,291.5,1.72,4.53,0.0,2026-09-27T12:00:00Z,nodd,nodd
2026-09-27,wichita-ks,rtma,07,2026-09-27T12:00:00Z,291.5,2.39,4.23,0.0,2026-09-27T13:00:00Z,nodd,nodd
2026-09-27,wichita-ks,rtma,08,2026-09-27T13:00:00Z,291.66,1.6,4.26,0.0,2026-09-27T14:00:00Z,nodd,nodd
2026-09-27,wichita-ks,rtma,09,2026-09-27T14:00:00Z,293.49,2.74,4.84,0.0,2026-09-27T15:00:00Z,nodd,nodd
2026-09-27,wichita-ks,rtma,10,2026-09-27T15:00:00Z,295.57,2.15,4.18,0.0,2026-09-27T16:00:00Z,nodd,nodd
2026-09-27,wichita-ks,rtma,11,2026-09-27T16:00:00Z,297.28,1.79,3.98,0.0,2026-09-27T17:00:00Z,nodd,nodd
2026-09-27,wichita-ks,rtma,12,2026-09-27T17:00:00Z,299.21,1.59,4.82,0.0,2026-09-27T18:00:00Z,nodd,nodd
2026-09-27,wichita-ks,rtma,13,2026-09-27T18:00:00Z,300.33,2.13,3.49,0.0,2026-09-27T19:00:00Z,nodd,nodd
2026-09-27,wichita-ks,rtma,14,2026-09-27T19:00:00Z,300.94,1.32,2.77,0.0,2026-09-27T20:00:00Z,nodd,nodd
2026-09-27,wichita-ks,rtma,15,2026-09-27T20:00:00Z,301.61,1.77,3.14,0.0,2026-09-27T21:00:00Z,nodd,nodd
2026-09-27,wichita-ks,rtma,16,2026-09-27T21:00:00Z,301.92,1.95,3.22,0.0,2026-09-27T22:00:00Z,nodd,nodd
2026-09-27,wichita-ks,rtma,17,2026-09-27T22:00:00Z,301.51,3.0,3.22,0.0,2026-09-27T23:00:00Z,nodd,nodd
2026-09-27,wichita-ks,rtma,18,2026-09-27T23:00:00Z,300.48,3.51,4.03,0.0,2026-09-28T00:00:00Z,nodd,nodd
2026-09-27,wichita-ks,rtma,19,2026-09-28T00:00:00Z,299.0,3.71,5.43,0.0,2026-09-28T01:00:00Z,nodd,nodd
2026-09-27,wichita-ks,rtma,20,2026-09-28T01:00:00Z,297.55,2.54,4.38,0.0,2026-09-28T02:00:00Z,nodd,nodd
2026-09-27,wichita-ks,rtma,21,2026-09-28T02:00:00Z,297.19,2.11,3.43,0.0,2026-09-28T03:00:00Z,nodd,nodd
2026-09-27,wichita-ks,rtma,22,2026-09-28T03:00:00Z,296.27,2.64,3.68,0.0,2026-09-28T04:00:00Z,nodd,nodd
2026-09-27,wichita-ks,rtma,23,2026-09-28T04:00:00Z,295.59,2.27,3.36,0.0,2026-09-28T05:00:00Z,nodd,nodd
2026-09-27,wichita-ks,urma,00,2026-09-27T05:00:00Z,293.62,2.71,4.53,0.0,2026-09-27T06:00:00Z,nodd,nodd
2026-09-27,wichita-ks,urma,01,2026-09-27T06:00:00Z,293.16,2.98,4.82,0.0,2026-09-27T07:00:00Z,nodd,nodd
2026-09-27,wichita-ks,urma,02,2026-09-27T07:00:00Z,292.94,2.79,4.39,0.0,2026-09-27T08:00:00Z,nodd,nodd
2026-09-27,wichita-ks,urma,03,2026-09-27T08:00:00Z,292.43,2.08,5.32,0.0,2026-09-27T09:00:00Z,nodd,nodd
2026-09-27,wichita-ks,urma,04,2026-09-27T09:00:00Z,292.13,2.89,4.87,0.0,2026-09-27T10:00:00Z,nodd,nodd
2026-09-27,wichita-ks,urma,05,2026-09-27T10:00:00Z,291.55,2.07,4.52,0.0,2026-09-27T11:00:00Z,nodd,nodd
2026-09-27,wichita-ks,urma,06,2026-09-27T11:00:00Z,291.43,1.65,3.71,0.0,2026-09-27T12:00:00Z,nodd,nodd
2026-09-27,wichita-ks,urma,07,2026-09-27T12:00:00Z,291.42,2.44,3.31,0.0,2026-09-27T13:00:00Z,nodd,nodd
2026-09-27,wichita-ks,urma,08,2026-09-27T13:00:00Z,291.84,1.75,3.57,0.0,2026-09-27T14:00:00Z,nodd,nodd
2026-09-27,wichita-ks,urma,09,2026-09-27T14:00:00Z,293.59,2.7,4.6,0.0,2026-09-27T15:00:00Z,nodd,nodd
2026-09-27,wichita-ks,urma,10,2026-09-27T15:00:00Z,295.58,2.36,4.14,0.0,2026-09-27T16:00:00Z,nodd,nodd
2026-09-27,wichita-ks,urma,11,2026-09-27T16:00:00Z,297.4,1.64,3.92,0.0,2026-09-27T17:00:00Z,nodd,nodd
2026-09-27,wichita-ks,urma,12,2026-09-27T17:00:00Z,299.23,1.53,4.43,0.0,2026-09-27T18:00:00Z,nodd,nodd
2026-09-27,wichita-ks,urma,13,2026-09-27T18:00:00Z,300.34,2.17,3.48,0.0,2026-09-27T19:00:00Z,nodd,nodd
2026-09-27,wichita-ks,urma,14,2026-09-27T19:00:00Z,301.15,1.33,2.98,0.0,2026-09-27T20:00:00Z,nodd,nodd
2026-09-27,wichita-ks,urma,15,2026-09-27T20:00:00Z,301.59,1.83,3.02,0.0,2026-09-27T21:00:00Z,nodd,nodd
2026-09-27,wichita-ks,urma,16,2026-09-27T21:00:00Z,301.93,1.87,3.18,0.0,2026-09-27T22:00:00Z,nodd,nodd
2026-09-27,wichita-ks,urma,17,2026-09-27T22:00:00Z,301.5,3.15,3.42,0.0,2026-09-27T23:00:00Z,nodd,nodd
2026-09-27,wichita-ks,urma,18,2026-09-27T23:00:00Z,300.57,3.45,3.79,0.0,2026-09-28T00:00:00Z,nodd,nodd
2026-09-27,wichita-ks,urma,19,2026-09-28T00:00:00Z,298.99,3.6,4.67,0.0,2026-09-28T01:00:00Z,nodd,nodd
2026-09-27,wichita-ks,urma,20,2026-09-28T01:00:00Z,298.25,2.52,3.73,0.0,2026-09-28T02:00:00Z,nodd,nodd
2026-09-27,wichita-ks,urma,21,2026-09-28T02:00:00Z,297.15,2.1,2.98,0.0,2026-09-28T03:00:00Z,nodd,nodd
2026-09-27,wichita-ks,urma,22,2026-09-28T03:00:00Z,296.28,2.75,2.98,0.0,2026-09-28T04:00:00Z,nodd,nodd
2026-09-27,wichita-ks,urma,23,2026-09-28T04:00:00Z,295.58,2.32,2.59,0.0,2026-09-28T05:00:00Z,nodd,nodd
2026-09-27,jackson-ms,rtma,00,2026-09-27T05:00:00Z,294.16,0.41,2.52,0.0,2026-09-27T06:00:00Z,nodd,nodd
2026-09-27,jackson-ms,rtma,01,2026-09-27T06:00:00Z,293.12,0.53,1.12,0.0,2026-09-27T07:00:00Z,nodd,nodd
2026-09-27,jackson-ms,rtma,02,2026-09-27T07:00:00Z,292.87,0.33,1.4,0.0,2026-09-27T08:00:00Z,nodd,nodd
2026-09-27,jackson-ms,rtma,03,2026-09-27T08:00:00Z,292.85,0.37,0.92,0.0,2026-09-27T09:00:00Z,nodd,nodd
2026-09-27,jackson-ms,rtma,04,2026-09-27T09:00:00Z,292.33,0.0,1.01,0.0,2026-09-27T10:00:00Z,nodd,nodd
2026-09-27,jackson-ms,rtma,05,2026-09-27T10:00:00Z,292.09,0.34,1.34,0.0,2026-09-27T11:00:00Z,nodd,nodd
2026-09-27,jackson-ms,rtma,06,2026-09-27T11:00:00Z,291.81,0.17,1.18,0.0,2026-09-27T12:00:00Z,nodd,nodd
2026-09-27,jackson-ms,rtma,07,2026-09-27T12:00:00Z,291.92,0.0,0.65,0.0,2026-09-27T13:00:00Z,nodd,nodd
2026-09-27,jackson-ms,rtma,08,2026-09-27T13:00:00Z,293.22,0.0,0.66,0.0,2026-09-27T14:00:00Z,nodd,nodd
2026-09-27,jackson-ms,rtma,09,2026-09-27T14:00:00Z,297.25,0.0,0.69,0.0,2026-09-27T15:00:00Z,nodd,nodd
2026-09-27,jackson-ms,rtma,10,2026-09-27T15:00:00Z,300.77,0.9,1.48,0.0,2026-09-27T16:00:00Z,nodd,nodd
2026-09-27,jackson-ms,rtma,11,2026-09-27T16:00:00Z,302.6,0.72,3.68,0.0,2026-09-27T17:00:00Z,nodd,nodd
2026-09-27,jackson-ms,rtma,12,2026-09-27T17:00:00Z,304.78,4.79,4.79,0.0,2026-09-27T18:00:00Z,nodd,nodd
2026-09-27,jackson-ms,rtma,13,2026-09-27T18:00:00Z,304.67,3.79,8.42,0.0,2026-09-27T19:00:00Z,nodd,nodd
2026-09-27,jackson-ms,rtma,14,2026-09-27T19:00:00Z,305.56,4.3,8.11,0.0,2026-09-27T20:00:00Z,nodd,nodd
2026-09-27,jackson-ms,rtma,15,2026-09-27T20:00:00Z,305.99,3.7,4.55,0.0,2026-09-27T21:00:00Z,nodd,nodd
2026-09-27,jackson-ms,rtma,16,2026-09-27T21:00:00Z,305.94,3.63,6.32,0.0,2026-09-27T22:00:00Z,nodd,nodd
2026-09-27,jackson-ms,rtma,17,2026-09-27T22:00:00Z,305.53,2.29,4.99,0.0,2026-09-27T23:00:00Z,nodd,nodd
2026-09-27,jackson-ms,rtma,18,2026-09-27T23:00:00Z,304.63,2.35,5.56,0.0,2026-09-28T00:00:00Z,nodd,nodd
2026-09-27,jackson-ms,rtma,19,2026-09-28T00:00:00Z,301.73,1.37,4.74,0.0,2026-09-28T01:00:00Z,nodd,nodd
2026-09-27,jackson-ms,rtma,20,2026-09-28T01:00:00Z,299.75,1.32,3.62,0.0,2026-09-28T02:00:00Z,nodd,nodd
2026-09-27,jackson-ms,rtma,21,2026-09-28T02:00:00Z,298.75,1.25,2.69,0.0,2026-09-28T03:00:00Z,nodd,nodd
2026-09-27,jackson-ms,rtma,22,2026-09-28T03:00:00Z,296.6,0.0,1.45,0.0,2026-09-28T04:00:00Z,nodd,nodd
2026-09-27,jackson-ms,rtma,23,2026-09-28T04:00:00Z,296.21,0.0,1.17,0.0,2026-09-28T05:00:00Z,nodd,nodd
2026-09-27,jackson-ms,urma,00,2026-09-27T05:00:00Z,294.17,0.4,2.56,0.0,2026-09-27T06:00:00Z,nodd,nodd
2026-09-27,jackson-ms,urma,01,2026-09-27T06:00:00Z,293.13,0.54,1.22,0.0,2026-09-27T07:00:00Z,nodd,nodd
2026-09-27,jackson-ms,urma,02,2026-09-27T07:00:00Z,293.4,0.32,1.39,0.0,2026-09-27T08:00:00Z,nodd,nodd
2026-09-27,jackson-ms,urma,03,2026-09-27T08:00:00Z,292.79,0.31,0.91,0.0,2026-09-27T09:00:00Z,nodd,nodd
2026-09-27,jackson-ms,urma,04,2026-09-27T09:00:00Z,292.2,0.07,1.02,0.0,2026-09-27T10:00:00Z,nodd,nodd
2026-09-27,jackson-ms,urma,05,2026-09-27T10:00:00Z,291.99,0.29,1.36,0.0,2026-09-27T11:00:00Z,nodd,nodd
2026-09-27,jackson-ms,urma,06,2026-09-27T11:00:00Z,291.81,0.18,1.18,0.0,2026-09-27T12:00:00Z,nodd,nodd
2026-09-27,jackson-ms,urma,07,2026-09-27T12:00:00Z,291.93,0.0,0.52,0.0,2026-09-27T13:00:00Z,nodd,nodd
2026-09-27,jackson-ms,urma,08,2026-09-27T13:00:00Z,293.65,0.0,0.68,0.0,2026-09-27T14:00:00Z,nodd,nodd
2026-09-27,jackson-ms,urma,09,2026-09-27T14:00:00Z,297.52,0.0,0.91,0.0,2026-09-27T15:00:00Z,nodd,nodd
2026-09-27,jackson-ms,urma,10,2026-09-27T15:00:00Z,300.71,0.53,1.5,0.0,2026-09-27T16:00:00Z,nodd,nodd
2026-09-27,jackson-ms,urma,11,2026-09-27T16:00:00Z,302.6,1.12,3.68,0.0,2026-09-27T17:00:00Z,nodd,nodd
2026-09-27,jackson-ms,urma,12,2026-09-27T17:00:00Z,304.73,4.43,4.43,0.0,2026-09-27T18:00:00Z,nodd,nodd
2026-09-27,jackson-ms,urma,13,2026-09-27T18:00:00Z,304.64,3.86,8.52,0.0,2026-09-27T19:00:00Z,nodd,nodd
2026-09-27,jackson-ms,urma,14,2026-09-27T19:00:00Z,306.05,4.29,8.06,0.0,2026-09-27T20:00:00Z,nodd,nodd
2026-09-27,jackson-ms,urma,15,2026-09-27T20:00:00Z,306.11,3.42,4.74,0.0,2026-09-27T21:00:00Z,nodd,nodd
2026-09-27,jackson-ms,urma,16,2026-09-27T21:00:00Z,305.88,3.68,6.27,0.0,2026-09-27T22:00:00Z,nodd,nodd
2026-09-27,jackson-ms,urma,17,2026-09-27T22:00:00Z,305.47,2.1,4.91,0.0,2026-09-27T23:00:00Z,nodd,nodd
2026-09-27,jackson-ms,urma,18,2026-09-27T23:00:00Z,304.61,2.39,5.55,0.0,2026-09-28T00:00:00Z,nodd,nodd
2026-09-27,jackson-ms,urma,19,2026-09-28T00:00:00Z,301.84,1.42,4.74,0.0,2026-09-28T01:00:00Z,nodd,nodd
2026-09-27,jackson-ms,urma,20,2026-09-28T01:00:00Z,300.41,1.44,3.63,0.0,2026-09-28T02:00:00Z,nodd,nodd
2026-09-27,jackson-ms,urma,21,2026-09-28T02:00:00Z,298.74,1.34,2.71,0.0,2026-09-28T03:00:00Z,nodd,nodd
2026-09-27,jackson-ms,urma,22,2026-09-28T03:00:00Z,296.39,0.0,1.47,0.0,2026-09-28T04:00:00Z,nodd,nodd
2026-09-27,jackson-ms,urma,23,2026-09-28T04:00:00Z,296.16,0.0,1.22,0.0,2026-09-28T05:00:00Z,nodd,nodd
2026-09-27,portland-me,rtma,00,2026-09-27T04:00:00Z,287.09,6.0,8.99,0.1875,2026-09-27T05:00:00Z,nodd,nodd
2026-09-27,portland-me,rtma,01,2026-09-27T05:00:00Z,287.11,5.36,9.86,0.0,2026-09-27T06:00:00Z,nodd,nodd
2026-09-27,portland-me,rtma,02,2026-09-27T06:00:00Z,287.08,7.17,11.85,0.71875,2026-09-27T07:00:00Z,nodd,nodd
2026-09-27,portland-me,rtma,03,2026-09-27T07:00:00Z,286.93,8.06,13.16,0.0,2026-09-27T08:00:00Z,nodd,nodd
2026-09-27,portland-me,rtma,04,2026-09-27T08:00:00Z,286.76,8.51,11.86,0.0,2026-09-27T09:00:00Z,nodd,nodd
2026-09-27,portland-me,rtma,05,2026-09-27T09:00:00Z,286.49,7.72,11.15,0.0,2026-09-27T10:00:00Z,nodd,nodd
2026-09-27,portland-me,rtma,06,2026-09-27T10:00:00Z,286.53,7.29,10.73,0.0625,2026-09-27T11:00:00Z,nodd,nodd
2026-09-27,portland-me,rtma,07,2026-09-27T11:00:00Z,286.37,7.89,11.61,1.96875,2026-09-27T12:00:00Z,nodd,nodd
2026-09-27,portland-me,rtma,08,2026-09-27T12:00:00Z,286.15,7.6,11.27,4.0,2026-09-27T13:00:00Z,nodd,nodd
2026-09-27,portland-me,rtma,09,2026-09-27T13:00:00Z,286.17,7.71,10.71,1.296875,2026-09-27T14:00:00Z,nodd,nodd
2026-09-27,portland-me,rtma,10,2026-09-27T14:00:00Z,285.83,8.52,11.83,0.4375,2026-09-27T15:00:00Z,nodd,nodd
2026-09-27,portland-me,rtma,11,2026-09-27T15:00:00Z,286.22,8.27,11.69,0.390625,2026-09-27T16:00:00Z,nodd,nodd
2026-09-27,portland-me,rtma,12,2026-09-27T16:00:00Z,286.64,7.99,11.27,0.328125,2026-09-27T17:00:00Z,nodd,nodd
2026-09-27,portland-me,rtma,13,2026-09-27T17:00:00Z,287.11,8.08,10.68,0.625,2026-09-27T18:00:00Z,nodd,nodd
2026-09-27,portland-me,rtma,14,2026-09-27T18:00:00Z,287.4,6.89,10.93,0.453125,2026-09-27T19:00:00Z,nodd,nodd
2026-09-27,portland-me,rtma,15,2026-09-27T19:00:00Z,287.36,6.55,11.07,0.703125,2026-09-27T20:00:00Z,nodd,nodd
2026-09-27,portland-me,rtma,16,2026-09-27T20:00:00Z,287.4,6.96,10.88,1.140625,2026-09-27T21:00:00Z,nodd,nodd
2026-09-27,portland-me,rtma,17,2026-09-27T21:00:00Z,287.62,6.09,9.21,8.828125,2026-09-27T22:00:00Z,nodd,nodd
2026-09-27,portland-me,rtma,18,2026-09-27T22:00:00Z,287.49,5.01,9.59,5.828125,2026-09-27T23:00:00Z,nodd,nodd
2026-09-27,portland-me,rtma,19,2026-09-27T23:00:00Z,287.53,4.16,7.1,1.0,2026-09-28T00:00:00Z,nodd,nodd
2026-09-27,portland-me,rtma,20,2026-09-28T00:00:00Z,287.51,3.78,7.0,5.453125,2026-09-28T01:00:00Z,nodd,nodd
2026-09-27,portland-me,rtma,21,2026-09-28T01:00:00Z,287.65,5.01,7.2,3.359375,2026-09-28T02:00:00Z,nodd,nodd
2026-09-27,portland-me,rtma,22,2026-09-28T02:00:00Z,287.23,4.13,8.17,2.28125,2026-09-28T03:00:00Z,nodd,nodd
2026-09-27,portland-me,rtma,23,2026-09-28T03:00:00Z,287.36,4.11,5.88,1.4375,2026-09-28T04:00:00Z,nodd,nodd
2026-09-27,portland-me,urma,00,2026-09-27T04:00:00Z,287.04,5.91,8.47,0.109375,2026-09-27T05:00:00Z,nodd,nodd
2026-09-27,portland-me,urma,01,2026-09-27T05:00:00Z,287.1,4.85,8.49,0.0625,2026-09-27T06:00:00Z,nodd,nodd
2026-09-27,portland-me,urma,02,2026-09-27T06:00:00Z,287.12,7.24,11.13,0.546875,2026-09-27T07:00:00Z,nodd,nodd
2026-09-27,portland-me,urma,03,2026-09-27T07:00:00Z,286.92,7.63,12.25,0.0,2026-09-27T08:00:00Z,nodd,nodd
2026-09-27,portland-me,urma,04,2026-09-27T08:00:00Z,286.64,8.66,12.22,0.0,2026-09-27T09:00:00Z,nodd,nodd
2026-09-27,portland-me,urma,05,2026-09-27T09:00:00Z,286.53,7.59,10.89,0.0,2026-09-27T10:00:00Z,nodd,nodd
2026-09-27,portland-me,urma,06,2026-09-27T10:00:00Z,286.5,7.2,10.72,0.03125,2026-09-27T11:00:00Z,nodd,nodd
2026-09-27,portland-me,urma,07,2026-09-27T11:00:00Z,286.42,7.9,11.3,1.921875,2026-09-27T12:00:00Z,nodd,nodd
2026-09-27,portland-me,urma,08,2026-09-27T12:00:00Z,286.2,7.38,11.01,4.96875,2026-09-27T13:00:00Z,nodd,nodd
2026-09-27,portland-me,urma,09,2026-09-27T13:00:00Z,286.19,7.71,10.56,1.5,2026-09-27T14:00:00Z,nodd,nodd
2026-09-27,portland-me,urma,10,2026-09-27T14:00:00Z,285.96,8.32,11.42,0.65625,2026-09-27T15:00:00Z,nodd,nodd
2026-09-27,portland-me,urma,11,2026-09-27T15:00:00Z,286.34,7.92,11.3,0.234375,2026-09-27T16:00:00Z,nodd,nodd
2026-09-27,portland-me,urma,12,2026-09-27T16:00:00Z,286.72,7.83,11.32,0.890625,2026-09-27T17:00:00Z,nodd,nodd
2026-09-27,portland-me,urma,13,2026-09-27T17:00:00Z,287.06,7.78,10.56,0.90625,2026-09-27T18:00:00Z,nodd,nodd
2026-09-27,portland-me,urma,14,2026-09-27T18:00:00Z,287.37,6.76,10.63,0.421875,2026-09-27T19:00:00Z,nodd,nodd
2026-09-27,portland-me,urma,15,2026-09-27T19:00:00Z,287.25,6.31,10.8,0.890625,2026-09-27T20:00:00Z,nodd,nodd
2026-09-27,portland-me,urma,16,2026-09-27T20:00:00Z,287.4,6.96,10.55,1.34375,2026-09-27T21:00:00Z,nodd,nodd
2026-09-27,portland-me,urma,17,2026-09-27T21:00:00Z,287.38,6.0,8.64,13.09375,2026-09-27T22:00:00Z,nodd,nodd
2026-09-27,portland-me,urma,18,2026-09-27T22:00:00Z,287.35,4.98,9.02,8.1875,2026-09-27T23:00:00Z,nodd,nodd
2026-09-27,portland-me,urma,19,2026-09-27T23:00:00Z,287.56,4.26,7.53,0.90625,2026-09-28T00:00:00Z,nodd,nodd
2026-09-27,portland-me,urma,20,2026-09-28T00:00:00Z,287.59,3.8,7.34,6.234375,2026-09-28T01:00:00Z,nodd,nodd
2026-09-27,portland-me,urma,21,2026-09-28T01:00:00Z,287.51,4.99,6.47,4.328125,2026-09-28T02:00:00Z,nodd,nodd
2026-09-27,portland-me,urma,22,2026-09-28T02:00:00Z,287.16,3.79,6.81,2.429688,2026-09-28T03:00:00Z,nodd,nodd
2026-09-27,portland-me,urma,23,2026-09-28T03:00:00Z,287.41,4.42,5.52,2.890625,2026-09-28T04:00:00Z,nodd,nodd
2026-09-27,manchester-nh,rtma,00,2026-09-27T04:00:00Z,286.84,3.01,9.58,0.0,2026-09-27T05:00:00Z,nodd,nodd
2026-09-27,manchester-nh,rtma,01,2026-09-27T05:00:00Z,287.06,3.17,8.76,0.75,2026-09-27T06:00:00Z,nodd,nodd
2026-09-27,manchester-nh,rtma,02,2026-09-27T06:00:00Z,287.16,4.98,9.55,2.265625,2026-09-27T07:00:00Z,nodd,nodd
2026-09-27,manchester-nh,rtma,03,2026-09-27T07:00:00Z,287.12,2.54,8.18,0.921875,2026-09-27T08:00:00Z,nodd,nodd
2026-09-27,manchester-nh,rtma,04,2026-09-27T08:00:00Z,286.83,3.41,10.36,0.0,2026-09-27T09:00:00Z,nodd,nodd
2026-09-27,manchester-nh,rtma,05,2026-09-27T09:00:00Z,286.53,4.18,10.47,0.0,2026-09-27T10:00:00Z,nodd,nodd
2026-09-27,manchester-nh,rtma,06,2026-09-27T10:00:00Z,286.37,3.83,9.97,0.15625,2026-09-27T11:00:00Z,nodd,nodd
2026-09-27,manchester-nh,rtma,07,2026-09-27T11:00:00Z,286.26,4.28,9.15,2.015625,2026-09-27T12:00:00Z,nodd,nodd
2026-09-27,manchester-nh,rtma,08,2026-09-27T12:00:00Z,286.29,4.2,12.07,3.0625,2026-09-27T13:00:00Z,nodd,nodd
2026-09-27,manchester-nh,rtma,09,2026-09-27T13:00:00Z,286.28,2.88,9.77,0.03125,2026-09-27T14:00:00Z,nodd,nodd
2026-09-27,manchester-nh,rtma,10,2026-09-27T14:00:00Z,286.61,4.32,10.79,0.0,2026-09-27T15:00:00Z,nodd,nodd
2026-09-27,manchester-nh,rtma,11,2026-09-27T15:00:00Z,287.11,3.34,9.52,0.015625,2026-09-27T16:00:00Z,nodd,nodd
2026-09-27,manchester-nh,rtma,12,2026-09-27T16:00:00Z,287.08,4.42,9.41,0.0,2026-09-27T17:00:00Z,nodd,nodd
2026-09-27,manchester-nh,rtma,13,2026-09-27T17:00:00Z,287.57,5.6,12.35,0.0,2026-09-27T18:00:00Z,nodd,nodd
2026-09-27,manchester-nh,rtma,14,2026-09-27T18:00:00Z,287.81,4.69,10.18,0.0,2026-09-27T19:00:00Z,nodd,nodd
2026-09-27,manchester-nh,rtma,15,2026-09-27T19:00:00Z,287.95,3.74,9.1,0.0,2026-09-27T20:00:00Z,nodd,nodd
2026-09-27,manchester-nh,rtma,16,2026-09-27T20:00:00Z,287.84,4.33,9.81,0.0,2026-09-27T21:00:00Z,nodd,nodd
2026-09-27,manchester-nh,rtma,17,2026-09-27T21:00:00Z,287.75,4.98,9.47,0.0,2026-09-27T22:00:00Z,nodd,nodd
2026-09-27,manchester-nh,rtma,18,2026-09-27T22:00:00Z,287.48,3.4,8.92,0.3125,2026-09-27T23:00:00Z,nodd,nodd
2026-09-27,manchester-nh,rtma,19,2026-09-27T23:00:00Z,287.17,4.37,9.04,0.1875,2026-09-28T00:00:00Z,nodd,nodd
2026-09-27,manchester-nh,rtma,20,2026-09-28T00:00:00Z,287.01,3.54,9.19,0.0,2026-09-28T01:00:00Z,nodd,nodd
2026-09-27,manchester-nh,rtma,21,2026-09-28T01:00:00Z,286.94,4.26,11.34,0.015625,2026-09-28T02:00:00Z,nodd,nodd
2026-09-27,manchester-nh,rtma,22,2026-09-28T02:00:00Z,286.92,3.21,10.43,0.0,2026-09-28T03:00:00Z,nodd,nodd
2026-09-27,manchester-nh,rtma,23,2026-09-28T03:00:00Z,286.71,4.26,11.09,0.0,2026-09-28T04:00:00Z,nodd,nodd
2026-09-27,manchester-nh,urma,00,2026-09-27T04:00:00Z,286.84,3.03,9.7,0.1875,2026-09-27T05:00:00Z,nodd,nodd
2026-09-27,manchester-nh,urma,01,2026-09-27T05:00:00Z,287.07,3.27,8.96,0.4375,2026-09-27T06:00:00Z,nodd,nodd
2026-09-27,manchester-nh,urma,02,2026-09-27T06:00:00Z,287.19,4.78,9.29,1.4375,2026-09-27T07:00:00Z,nodd,nodd
2026-09-27,manchester-nh,urma,03,2026-09-27T07:00:00Z,287.16,2.57,7.57,1.140625,2026-09-27T08:00:00Z,nodd,nodd
2026-09-27,manchester-nh,urma,04,2026-09-27T08:00:00Z,286.84,3.16,8.91,0.46875,2026-09-27T09:00:00Z,nodd,nodd
2026-09-27,manchester-nh,urma,05,2026-09-27T09:00:00Z,286.53,4.34,10.44,0.0625,2026-09-27T10:00:00Z,nodd,nodd
2026-09-27,manchester-nh,urma,06,2026-09-27T10:00:00Z,286.37,3.32,9.63,0.0,2026-09-27T11:00:00Z,nodd,nodd
2026-09-27,manchester-nh,urma,07,2026-09-27T11:00:00Z,286.27,4.21,8.51,0.703125,2026-09-27T12:00:00Z,nodd,nodd
2026-09-27,manchester-nh,urma,08,2026-09-27T12:00:00Z,286.29,4.66,12.08,3.015625,2026-09-27T13:00:00Z,nodd,nodd
2026-09-27,manchester-nh,urma,09,2026-09-27T13:00:00Z,286.36,2.51,9.57,0.296875,2026-09-27T14:00:00Z,nodd,nodd
2026-09-27,manchester-nh,urma,10,2026-09-27T14:00:00Z,286.62,4.1,10.68,0.0,2026-09-27T15:00:00Z,nodd,nodd
2026-09-27,manchester-nh,urma,11,2026-09-27T15:00:00Z,287.13,3.45,9.67,0.0,2026-09-27T16:00:00Z,nodd,nodd
2026-09-27,manchester-nh,urma,12,2026-09-27T16:00:00Z,287.11,4.69,9.63,0.0,2026-09-27T17:00:00Z,nodd,nodd
2026-09-27,manchester-nh,urma,13,2026-09-27T17:00:00Z,287.65,5.77,11.99,0.0,2026-09-27T18:00:00Z,nodd,nodd
2026-09-27,manchester-nh,urma,14,2026-09-27T18:00:00Z,287.84,4.67,10.08,0.0,2026-09-27T19:00:00Z,nodd,nodd
2026-09-27,manchester-nh,urma,15,2026-09-27T19:00:00Z,288.03,3.89,8.6,0.078125,2026-09-27T20:00:00Z,nodd,nodd
2026-09-27,manchester-nh,urma,16,2026-09-27T20:00:00Z,287.88,4.45,9.18,0.0,2026-09-27T21:00:00Z,nodd,nodd
2026-09-27,manchester-nh,urma,17,2026-09-27T21:00:00Z,287.81,5.25,8.78,0.125,2026-09-27T22:00:00Z,nodd,nodd
2026-09-27,manchester-nh,urma,18,2026-09-27T22:00:00Z,287.55,3.51,8.73,0.1875,2026-09-27T23:00:00Z,nodd,nodd
2026-09-27,manchester-nh,urma,19,2026-09-27T23:00:00Z,287.24,4.05,8.71,0.6875,2026-09-28T00:00:00Z,nodd,nodd
2026-09-27,manchester-nh,urma,20,2026-09-28T00:00:00Z,287.04,3.55,9.28,0.0,2026-09-28T01:00:00Z,nodd,nodd
2026-09-27,manchester-nh,urma,21,2026-09-28T01:00:00Z,287.0,4.54,11.12,0.109375,2026-09-28T02:00:00Z,nodd,nodd
2026-09-27,manchester-nh,urma,22,2026-09-28T02:00:00Z,286.94,3.16,9.76,0.0,2026-09-28T03:00:00Z,nodd,nodd
2026-09-27,manchester-nh,urma,23,2026-09-28T03:00:00Z,286.73,4.27,10.66,0.0,2026-09-28T04:00:00Z,nodd,nodd
2026-09-27,huntington-wv,rtma,00,2026-09-27T04:00:00Z,285.17,0.55,3.07,0.0,2026-09-27T05:00:00Z,nodd,nodd
2026-09-27,huntington-wv,rtma,01,2026-09-27T05:00:00Z,284.52,0.84,3.1,0.0,2026-09-27T06:00:00Z,nodd,nodd
2026-09-27,huntington-wv,rtma,02,2026-09-27T06:00:00Z,284.2,0.05,2.62,0.0,2026-09-27T07:00:00Z,nodd,nodd
2026-09-27,huntington-wv,rtma,03,2026-09-27T07:00:00Z,283.93,0.0,2.18,0.0,2026-09-27T08:00:00Z,nodd,nodd
2026-09-27,huntington-wv,rtma,04,2026-09-27T08:00:00Z,283.54,0.06,1.97,0.0,2026-09-27T09:00:00Z,nodd,nodd
2026-09-27,huntington-wv,rtma,05,2026-09-27T09:00:00Z,283.37,1.5,2.09,0.0,2026-09-27T10:00:00Z,nodd,nodd
2026-09-27,huntington-wv,rtma,06,2026-09-27T10:00:00Z,282.96,0.22,2.16,0.0,2026-09-27T11:00:00Z,nodd,nodd
2026-09-27,huntington-wv,rtma,07,2026-09-27T11:00:00Z,282.46,0.37,1.61,0.0,2026-09-27T12:00:00Z,nodd,nodd
2026-09-27,huntington-wv,rtma,08,2026-09-27T12:00:00Z,282.32,0.0,1.8,0.0,2026-09-27T13:00:00Z,nodd,nodd
2026-09-27,huntington-wv,rtma,09,2026-09-27T13:00:00Z,284.66,0.48,4.1,0.0,2026-09-27T14:00:00Z,nodd,nodd
2026-09-27,huntington-wv,rtma,10,2026-09-27T14:00:00Z,288.42,1.87,4.01,0.0,2026-09-27T15:00:00Z,nodd,nodd
2026-09-27,huntington-wv,rtma,11,2026-09-27T15:00:00Z,292.07,2.32,4.28,0.0,2026-09-27T16:00:00Z,nodd,nodd
2026-09-27,huntington-wv,rtma,12,2026-09-27T16:00:00Z,294.81,2.96,5.64,0.0,2026-09-27T17:00:00Z,nodd,nodd
2026-09-27,huntington-wv,rtma,13,2026-09-27T17:00:00Z,295.75,4.27,6.7,0.0,2026-09-27T18:00:00Z,nodd,nodd
2026-09-27,huntington-wv,rtma,14,2026-09-27T18:00:00Z,296.59,5.18,8.94,0.0,2026-09-27T19:00:00Z,nodd,nodd
2026-09-27,huntington-wv,rtma,15,2026-09-27T19:00:00Z,297.06,3.42,6.68,0.0,2026-09-27T20:00:00Z,nodd,nodd
2026-09-27,huntington-wv,rtma,16,2026-09-27T20:00:00Z,297.27,4.68,7.14,0.0,2026-09-27T21:00:00Z,nodd,nodd
2026-09-27,huntington-wv,rtma,17,2026-09-27T21:00:00Z,297.3,4.43,5.85,0.0,2026-09-27T22:00:00Z,nodd,nodd
2026-09-27,huntington-wv,rtma,18,2026-09-27T22:00:00Z,296.62,2.94,5.87,0.0,2026-09-27T23:00:00Z,nodd,nodd
2026-09-27,huntington-wv,rtma,19,2026-09-27T23:00:00Z,294.13,2.0,4.51,0.0,2026-09-28T00:00:00Z,nodd,nodd
2026-09-27,huntington-wv,rtma,20,2026-09-28T00:00:00Z,290.55,1.18,4.21,0.0,2026-09-28T01:00:00Z,nodd,nodd
2026-09-27,huntington-wv,rtma,21,2026-09-28T01:00:00Z,288.36,0.95,4.1,0.0,2026-09-28T02:00:00Z,nodd,nodd
2026-09-27,huntington-wv,rtma,22,2026-09-28T02:00:00Z,287.13,0.92,4.45,0.0,2026-09-28T03:00:00Z,nodd,nodd
2026-09-27,huntington-wv,rtma,23,2026-09-28T03:00:00Z,286.39,0.86,4.63,0.0,2026-09-28T04:00:00Z,nodd,nodd
2026-09-27,huntington-wv,urma,00,2026-09-27T04:00:00Z,285.35,0.64,3.08,0.0,2026-09-27T05:00:00Z,nodd,nodd
2026-09-27,huntington-wv,urma,01,2026-09-27T05:00:00Z,284.62,0.54,3.01,0.0,2026-09-27T06:00:00Z,nodd,nodd
2026-09-27,huntington-wv,urma,02,2026-09-27T06:00:00Z,284.45,0.0,2.58,0.0,2026-09-27T07:00:00Z,nodd,nodd
2026-09-27,huntington-wv,urma,03,2026-09-27T07:00:00Z,284.27,0.05,2.21,0.0,2026-09-27T08:00:00Z,nodd,nodd
2026-09-27,huntington-wv,urma,04,2026-09-27T08:00:00Z,283.79,0.21,1.93,0.0,2026-09-27T09:00:00Z,nodd,nodd
2026-09-27,huntington-wv,urma,05,2026-09-27T09:00:00Z,283.6,1.21,2.02,0.0,2026-09-27T10:00:00Z,nodd,nodd
2026-09-27,huntington-wv,urma,06,2026-09-27T10:00:00Z,283.13,0.01,2.1,0.0,2026-09-27T11:00:00Z,nodd,nodd
2026-09-27,huntington-wv,urma,07,2026-09-27T11:00:00Z,282.59,0.15,1.47,0.0,2026-09-27T12:00:00Z,nodd,nodd
2026-09-27,huntington-wv,urma,08,2026-09-27T12:00:00Z,282.57,0.08,1.72,0.0,2026-09-27T13:00:00Z,nodd,nodd
2026-09-27,huntington-wv,urma,09,2026-09-27T13:00:00Z,284.54,0.59,3.98,0.0,2026-09-27T14:00:00Z,nodd,nodd
2026-09-27,huntington-wv,urma,10,2026-09-27T14:00:00Z,288.33,1.13,3.92,0.0,2026-09-27T15:00:00Z,nodd,nodd
2026-09-27,huntington-wv,urma,11,2026-09-27T15:00:00Z,292.22,2.15,3.95,0.0,2026-09-27T16:00:00Z,nodd,nodd
2026-09-27,huntington-wv,urma,12,2026-09-27T16:00:00Z,294.73,2.48,5.6,0.0,2026-09-27T17:00:00Z,nodd,nodd
2026-09-27,huntington-wv,urma,13,2026-09-27T17:00:00Z,295.76,3.79,6.62,0.0,2026-09-27T18:00:00Z,nodd,nodd
2026-09-27,huntington-wv,urma,14,2026-09-27T18:00:00Z,296.64,4.73,8.86,0.0,2026-09-27T19:00:00Z,nodd,nodd
2026-09-27,huntington-wv,urma,15,2026-09-27T19:00:00Z,296.99,3.23,6.92,0.0,2026-09-27T20:00:00Z,nodd,nodd
2026-09-27,huntington-wv,urma,16,2026-09-27T20:00:00Z,297.29,4.07,7.09,0.0,2026-09-27T21:00:00Z,nodd,nodd
2026-09-27,huntington-wv,urma,17,2026-09-27T21:00:00Z,297.31,4.31,6.0,0.0,2026-09-27T22:00:00Z,nodd,nodd
2026-09-27,huntington-wv,urma,18,2026-09-27T22:00:00Z,296.64,2.78,5.64,0.0,2026-09-27T23:00:00Z,nodd,nodd
2026-09-27,huntington-wv,urma,19,2026-09-27T23:00:00Z,293.91,1.67,4.3,0.0,2026-09-28T00:00:00Z,nodd,nodd
2026-09-27,huntington-wv,urma,20,2026-09-28T00:00:00Z,290.16,0.93,3.58,0.0,2026-09-28T01:00:00Z,nodd,nodd
2026-09-27,huntington-wv,urma,21,2026-09-28T01:00:00Z,288.69,0.83,4.17,0.0,2026-09-28T02:00:00Z,nodd,nodd
2026-09-27,huntington-wv,urma,22,2026-09-28T02:00:00Z,287.19,0.85,4.33,0.0,2026-09-28T03:00:00Z,nodd,nodd
2026-09-27,huntington-wv,urma,23,2026-09-28T03:00:00Z,286.35,0.72,4.37,0.0,2026-09-28T04:00:00Z,nodd,nodd
2026-09-27,sioux-falls-sd,rtma,00,2026-09-27T05:00:00Z,291.37,1.63,2.71,0.0,2026-09-27T06:00:00Z,nodd,nodd
2026-09-27,sioux-falls-sd,rtma,01,2026-09-27T06:00:00Z,291.25,1.75,4.26,0.0,2026-09-27T07:00:00Z,nodd,nodd
2026-09-27,sioux-falls-sd,rtma,02,2026-09-27T07:00:00Z,291.17,1.32,2.96,0.0,2026-09-27T08:00:00Z,nodd,nodd
2026-09-27,sioux-falls-sd,rtma,03,2026-09-27T08:00:00Z,291.35,1.36,2.36,0.0,2026-09-27T09:00:00Z,nodd,nodd
2026-09-27,sioux-falls-sd,rtma,04,2026-09-27T09:00:00Z,291.13,0.0,3.55,0.0,2026-09-27T10:00:00Z,nodd,nodd
2026-09-27,sioux-falls-sd,rtma,05,2026-09-27T10:00:00Z,291.06,0.37,2.14,0.0,2026-09-27T11:00:00Z,nodd,nodd
2026-09-27,sioux-falls-sd,rtma,06,2026-09-27T11:00:00Z,291.02,1.42,1.89,0.0,2026-09-27T12:00:00Z,nodd,nodd
2026-09-27,sioux-falls-sd,rtma,07,2026-09-27T12:00:00Z,291.03,0.6,1.86,0.0,2026-09-27T13:00:00Z,nodd,nodd
2026-09-27,sioux-falls-sd,rtma,08,2026-09-27T13:00:00Z,291.09,0.27,1.43,0.0,2026-09-27T14:00:00Z,nodd,nodd
2026-09-27,sioux-falls-sd,rtma,09,2026-09-27T14:00:00Z,291.19,1.63,2.45,0.0,2026-09-27T15:00:00Z,nodd,nodd
2026-09-27,sioux-falls-sd,rtma,10,2026-09-27T15:00:00Z,291.43,1.71,2.77,0.0,2026-09-27T16:00:00Z,nodd,nodd
2026-09-27,sioux-falls-sd,rtma,11,2026-09-27T16:00:00Z,292.04,1.52,2.42,0.0,2026-09-27T17:00:00Z,nodd,nodd
2026-09-27,sioux-falls-sd,rtma,12,2026-09-27T17:00:00Z,292.62,2.32,3.94,0.0,2026-09-27T18:00:00Z,nodd,nodd
2026-09-27,sioux-falls-sd,rtma,13,2026-09-27T18:00:00Z,294.23,2.36,4.51,0.0,2026-09-27T19:00:00Z,nodd,nodd
2026-09-27,sioux-falls-sd,rtma,14,2026-09-27T19:00:00Z,294.24,2.93,4.93,0.0,2026-09-27T20:00:00Z,nodd,nodd
2026-09-27,sioux-falls-sd,rtma,15,2026-09-27T20:00:00Z,294.27,2.9,4.66,0.0,2026-09-27T21:00:00Z,nodd,nodd
2026-09-27,sioux-falls-sd,rtma,16,2026-09-27T21:00:00Z,294.21,3.62,5.96,0.0,2026-09-27T22:00:00Z,nodd,nodd
2026-09-27,sioux-falls-sd,rtma,17,2026-09-27T22:00:00Z,295.05,4.44,5.66,0.0,2026-09-27T23:00:00Z,nodd,nodd
2026-09-27,sioux-falls-sd,rtma,18,2026-09-27T23:00:00Z,294.48,3.3,5.2,0.0,2026-09-28T00:00:00Z,nodd,nodd
2026-09-27,sioux-falls-sd,rtma,19,2026-09-28T00:00:00Z,293.7,2.13,3.45,0.0,2026-09-28T01:00:00Z,nodd,nodd
2026-09-27,sioux-falls-sd,rtma,20,2026-09-28T01:00:00Z,291.99,0.76,1.72,0.0,2026-09-28T02:00:00Z,nodd,nodd
2026-09-27,sioux-falls-sd,rtma,21,2026-09-28T02:00:00Z,291.21,1.02,2.5,0.0,2026-09-28T03:00:00Z,nodd,nodd
2026-09-27,sioux-falls-sd,rtma,22,2026-09-28T03:00:00Z,291.47,1.33,3.9,0.0,2026-09-28T04:00:00Z,nodd,nodd
2026-09-27,sioux-falls-sd,rtma,23,2026-09-28T04:00:00Z,291.5,1.19,2.67,0.0,2026-09-28T05:00:00Z,nodd,nodd
2026-09-27,sioux-falls-sd,urma,00,2026-09-27T05:00:00Z,291.34,1.55,2.81,0.0,2026-09-27T06:00:00Z,nodd,nodd
2026-09-27,sioux-falls-sd,urma,01,2026-09-27T06:00:00Z,291.25,1.7,4.3,0.0,2026-09-27T07:00:00Z,nodd,nodd
2026-09-27,sioux-falls-sd,urma,02,2026-09-27T07:00:00Z,291.25,1.33,2.97,0.0,2026-09-27T08:00:00Z,nodd,nodd
2026-09-27,sioux-falls-sd,urma,03,2026-09-27T08:00:00Z,291.31,1.34,2.51,0.0,2026-09-27T09:00:00Z,nodd,nodd
2026-09-27,sioux-falls-sd,urma,04,2026-09-27T09:00:00Z,291.11,0.08,3.76,0.0,2026-09-27T10:00:00Z,nodd,nodd
2026-09-27,sioux-falls-sd,urma,05,2026-09-27T10:00:00Z,291.05,0.35,2.26,0.0,2026-09-27T11:00:00Z,nodd,nodd
2026-09-27,sioux-falls-sd,urma,06,2026-09-27T11:00:00Z,291.0,1.34,1.96,0.0,2026-09-27T12:00:00Z,nodd,nodd
2026-09-27,sioux-falls-sd,urma,07,2026-09-27T12:00:00Z,291.02,0.59,1.91,0.0,2026-09-27T13:00:00Z,nodd,nodd
2026-09-27,sioux-falls-sd,urma,08,2026-09-27T13:00:00Z,291.12,0.22,1.45,0.0,2026-09-27T14:00:00Z,nodd,nodd
2026-09-27,sioux-falls-sd,urma,09,2026-09-27T14:00:00Z,291.2,1.69,2.46,0.046875,2026-09-27T15:00:00Z,nodd,nodd
2026-09-27,sioux-falls-sd,urma,10,2026-09-27T15:00:00Z,291.47,1.83,2.75,0.0,2026-09-27T16:00:00Z,nodd,nodd
2026-09-27,sioux-falls-sd,urma,11,2026-09-27T16:00:00Z,292.15,1.58,2.41,0.0,2026-09-27T17:00:00Z,nodd,nodd
2026-09-27,sioux-falls-sd,urma,12,2026-09-27T17:00:00Z,292.66,2.38,3.92,0.0,2026-09-27T18:00:00Z,nodd,nodd
2026-09-27,sioux-falls-sd,urma,13,2026-09-27T18:00:00Z,294.26,2.35,4.4,0.0,2026-09-27T19:00:00Z,nodd,nodd
2026-09-27,sioux-falls-sd,urma,14,2026-09-27T19:00:00Z,294.26,2.92,4.89,0.0,2026-09-27T20:00:00Z,nodd,nodd
2026-09-27,sioux-falls-sd,urma,15,2026-09-27T20:00:00Z,294.23,2.9,4.66,0.0,2026-09-27T21:00:00Z,nodd,nodd
2026-09-27,sioux-falls-sd,urma,16,2026-09-27T21:00:00Z,294.29,3.66,5.81,0.0,2026-09-27T22:00:00Z,nodd,nodd
2026-09-27,sioux-falls-sd,urma,17,2026-09-27T22:00:00Z,295.04,4.56,5.71,0.0,2026-09-27T23:00:00Z,nodd,nodd
2026-09-27,sioux-falls-sd,urma,18,2026-09-27T23:00:00Z,294.46,3.29,5.18,0.0,2026-09-28T00:00:00Z,nodd,nodd
2026-09-27,sioux-falls-sd,urma,19,2026-09-28T00:00:00Z,293.65,2.27,3.43,0.0,2026-09-28T01:00:00Z,nodd,nodd
2026-09-27,sioux-falls-sd,urma,20,2026-09-28T01:00:00Z,291.9,0.75,1.74,0.0,2026-09-28T02:00:00Z,nodd,nodd
2026-09-27,sioux-falls-sd,urma,21,2026-09-28T02:00:00Z,291.17,0.88,2.57,0.0,2026-09-28T03:00:00Z,nodd,nodd
2026-09-27,sioux-falls-sd,urma,22,2026-09-28T03:00:00Z,291.46,1.52,3.85,0.0,2026-09-28T04:00:00Z,nodd,nodd
2026-09-27,sioux-falls-sd,urma,23,2026-09-28T04:00:00Z,291.5,1.16,2.74,0.0,2026-09-28T05:00:00Z,nodd,nodd
2026-09-27,fargo-nd,rtma,00,2026-09-27T05:00:00Z,290.28,4.81,8.24,0.0,2026-09-27T06:00:00Z,nodd,nodd
2026-09-27,fargo-nd,rtma,01,2026-09-27T06:00:00Z,290.34,3.56,6.88,0.0,2026-09-27T07:00:00Z,nodd,nodd
2026-09-27,fargo-nd,rtma,02,2026-09-27T07:00:00Z,290.43,3.35,6.22,0.0,2026-09-27T08:00:00Z,nodd,nodd
2026-09-27,fargo-nd,rtma,03,2026-09-27T08:00:00Z,290.53,3.45,5.79,0.0,2026-09-27T09:00:00Z,nodd,nodd
2026-09-27,fargo-nd,rtma,04,2026-09-27T09:00:00Z,290.57,2.75,5.11,0.0,2026-09-27T10:00:00Z,nodd,nodd
2026-09-27,fargo-nd,rtma,05,2026-09-27T10:00:00Z,290.57,2.05,3.4,0.0,2026-09-27T11:00:00Z,nodd,nodd
2026-09-27,fargo-nd,rtma,06,2026-09-27T11:00:00Z,290.52,1.8,2.98,0.0,2026-09-27T12:00:00Z,nodd,nodd
2026-09-27,fargo-nd,rtma,07,2026-09-27T12:00:00Z,290.1,1.97,1.97,0.0,2026-09-27T13:00:00Z,nodd,nodd
2026-09-27,fargo-nd,rtma,08,2026-09-27T13:00:00Z,289.19,1.49,3.6,0.0,2026-09-27T14:00:00Z,nodd,nodd
2026-09-27,fargo-nd,rtma,09,2026-09-27T14:00:00Z,289.04,2.24,5.19,0.0,2026-09-27T15:00:00Z,nodd,nodd
2026-09-27,fargo-nd,rtma,10,2026-09-27T15:00:00Z,290.36,2.17,5.82,0.0,2026-09-27T16:00:00Z,nodd,nodd
2026-09-27,fargo-nd,rtma,11,2026-09-27T16:00:00Z,292.15,3.17,5.68,0.0,2026-09-27T17:00:00Z,nodd,nodd
2026-09-27,fargo-nd,rtma,12,2026-09-27T17:00:00Z,293.77,2.21,5.35,0.0,2026-09-27T18:00:00Z,nodd,nodd
2026-09-27,fargo-nd,rtma,13,2026-09-27T18:00:00Z,293.96,2.6,5.36,0.015625,2026-09-27T19:00:00Z,nodd,nodd
2026-09-27,fargo-nd,rtma,14,2026-09-27T19:00:00Z,294.35,2.74,5.99,0.0,2026-09-27T20:00:00Z,nodd,nodd
2026-09-27,fargo-nd,rtma,15,2026-09-27T20:00:00Z,296.09,3.36,6.51,0.0,2026-09-27T21:00:00Z,nodd,nodd
2026-09-27,fargo-nd,rtma,16,2026-09-27T21:00:00Z,295.98,1.89,5.28,0.0,2026-09-27T22:00:00Z,nodd,nodd
2026-09-27,fargo-nd,rtma,17,2026-09-27T22:00:00Z,296.92,3.39,5.48,0.0,2026-09-27T23:00:00Z,nodd,nodd
2026-09-27,fargo-nd,rtma,18,2026-09-27T23:00:00Z,296.39,2.94,4.03,0.0,2026-09-28T00:00:00Z,nodd,nodd
2026-09-27,fargo-nd,rtma,19,2026-09-28T00:00:00Z,293.99,0.55,1.87,0.0,2026-09-28T01:00:00Z,nodd,nodd
2026-09-27,fargo-nd,rtma,20,2026-09-28T01:00:00Z,290.04,0.05,0.78,0.0,2026-09-28T02:00:00Z,nodd,nodd
2026-09-27,fargo-nd,rtma,21,2026-09-28T02:00:00Z,287.94,0.0,0.35,0.0,2026-09-28T03:00:00Z,nodd,nodd
2026-09-27,fargo-nd,rtma,22,2026-09-28T03:00:00Z,286.55,0.0,1.37,0.0,2026-09-28T04:00:00Z,nodd,nodd
2026-09-27,fargo-nd,rtma,23,2026-09-28T04:00:00Z,285.5,0.82,0.99,0.0,2026-09-28T05:00:00Z,nodd,nodd
2026-09-27,fargo-nd,urma,00,2026-09-27T05:00:00Z,290.3,4.81,8.23,0.0,2026-09-27T06:00:00Z,nodd,nodd
2026-09-27,fargo-nd,urma,01,2026-09-27T06:00:00Z,290.35,3.56,6.91,0.0,2026-09-27T07:00:00Z,nodd,nodd
2026-09-27,fargo-nd,urma,02,2026-09-27T07:00:00Z,290.42,3.32,6.25,0.0,2026-09-27T08:00:00Z,nodd,nodd
2026-09-27,fargo-nd,urma,03,2026-09-27T08:00:00Z,290.52,3.4,5.83,0.078125,2026-09-27T09:00:00Z,nodd,nodd
2026-09-27,fargo-nd,urma,04,2026-09-27T09:00:00Z,290.59,2.76,5.15,0.0,2026-09-27T10:00:00Z,nodd,nodd
2026-09-27,fargo-nd,urma,05,2026-09-27T10:00:00Z,290.53,2.14,3.5,0.0,2026-09-27T11:00:00Z,nodd,nodd
2026-09-27,fargo-nd,urma,06,2026-09-27T11:00:00Z,290.46,1.74,3.07,0.0,2026-09-27T12:00:00Z,nodd,nodd
2026-09-27,fargo-nd,urma,07,2026-09-27T12:00:00Z,290.11,1.98,2.06,0.0,2026-09-27T13:00:00Z,nodd,nodd
2026-09-27,fargo-nd,urma,08,2026-09-27T13:00:00Z,288.81,1.5,3.75,0.0,2026-09-27T14:00:00Z,nodd,nodd
2026-09-27,fargo-nd,urma,09,2026-09-27T14:00:00Z,289.02,2.12,5.28,0.0,2026-09-27T15:00:00Z,nodd,nodd
2026-09-27,fargo-nd,urma,10,2026-09-27T15:00:00Z,290.36,2.25,5.91,0.0,2026-09-27T16:00:00Z,nodd,nodd
2026-09-27,fargo-nd,urma,11,2026-09-27T16:00:00Z,292.22,3.16,5.65,0.0,2026-09-27T17:00:00Z,nodd,nodd
2026-09-27,fargo-nd,urma,12,2026-09-27T17:00:00Z,293.69,2.14,5.32,0.0,2026-09-27T18:00:00Z,nodd,nodd
2026-09-27,fargo-nd,urma,13,2026-09-27T18:00:00Z,293.99,2.7,5.31,0.015625,2026-09-27T19:00:00Z,nodd,nodd
2026-09-27,fargo-nd,urma,14,2026-09-27T19:00:00Z,294.35,2.77,5.97,0.0,2026-09-27T20:00:00Z,nodd,nodd
2026-09-27,fargo-nd,urma,15,2026-09-27T20:00:00Z,296.11,3.26,6.49,0.0,2026-09-27T21:00:00Z,nodd,nodd
2026-09-27,fargo-nd,urma,16,2026-09-27T21:00:00Z,296.04,2.1,5.22,0.0,2026-09-27T22:00:00Z,nodd,nodd
2026-09-27,fargo-nd,urma,17,2026-09-27T22:00:00Z,296.95,3.32,5.51,0.0,2026-09-27T23:00:00Z,nodd,nodd
2026-09-27,fargo-nd,urma,18,2026-09-27T23:00:00Z,296.43,2.93,4.07,0.0,2026-09-28T00:00:00Z,nodd,nodd
2026-09-27,fargo-nd,urma,19,2026-09-28T00:00:00Z,293.97,0.58,1.93,0.0,2026-09-28T01:00:00Z,nodd,nodd
2026-09-27,fargo-nd,urma,20,2026-09-28T01:00:00Z,290.04,0.04,0.83,0.0,2026-09-28T02:00:00Z,nodd,nodd
2026-09-27,fargo-nd,urma,21,2026-09-28T02:00:00Z,287.91,0.0,0.38,0.0,2026-09-28T03:00:00Z,nodd,nodd
2026-09-27,fargo-nd,urma,22,2026-09-28T03:00:00Z,286.62,0.0,1.34,0.0,2026-09-28T04:00:00Z,nodd,nodd
2026-09-27,fargo-nd,urma,23,2026-09-28T04:00:00Z,285.38,0.88,1.01,0.0,2026-09-28T05:00:00Z,nodd,nodd
2026-09-27,burlington-vt,rtma,00,2026-09-27T04:00:00Z,287.77,4.96,7.32,0.0,2026-09-27T05:00:00Z,nodd,nodd
2026-09-27,burlington-vt,rtma,01,2026-09-27T05:00:00Z,287.47,4.79,7.52,0.0,2026-09-27T06:00:00Z,nodd,nodd
2026-09-27,burlington-vt,rtma,02,2026-09-27T06:00:00Z,287.43,4.49,7.73,0.0,2026-09-27T07:00:00Z,nodd,nodd
2026-09-27,burlington-vt,rtma,03,2026-09-27T07:00:00Z,286.93,4.78,8.13,0.0,2026-09-27T08:00:00Z,nodd,nodd
2026-09-27,burlington-vt,rtma,04,2026-09-27T08:00:00Z,286.74,4.57,8.24,0.78125,2026-09-27T09:00:00Z,nodd,nodd
2026-09-27,burlington-vt,rtma,05,2026-09-27T09:00:00Z,286.42,3.99,6.21,0.171875,2026-09-27T10:00:00Z,nodd,nodd
2026-09-27,burlington-vt,rtma,06,2026-09-27T10:00:00Z,286.12,4.97,7.56,0.25,2026-09-27T11:00:00Z,nodd,nodd
2026-09-27,burlington-vt,rtma,07,2026-09-27T11:00:00Z,285.89,4.43,9.21,0.015625,2026-09-27T12:00:00Z,nodd,nodd
2026-09-27,burlington-vt,rtma,08,2026-09-27T12:00:00Z,286.13,4.45,7.94,0.0,2026-09-27T13:00:00Z,nodd,nodd
2026-09-27,burlington-vt,rtma,09,2026-09-27T13:00:00Z,286.47,5.14,8.19,0.0,2026-09-27T14:00:00Z,nodd,nodd
2026-09-27,burlington-vt,rtma,10,2026-09-27T14:00:00Z,287.48,5.74,9.98,0.0,2026-09-27T15:00:00Z,nodd,nodd
2026-09-27,burlington-vt,rtma,11,2026-09-27T15:00:00Z,288.65,4.36,7.19,0.0,2026-09-27T16:00:00Z,nodd,nodd
2026-09-27,burlington-vt,rtma,12,2026-09-27T16:00:00Z,289.91,4.02,6.31,1.421875,2026-09-27T17:00:00Z,nodd,nodd
2026-09-27,burlington-vt,rtma,13,2026-09-27T17:00:00Z,290.03,2.75,6.01,1.5,2026-09-27T18:00:00Z,nodd,nodd
2026-09-27,burlington-vt,rtma,14,2026-09-27T18:00:00Z,289.47,3.22,5.31,2.96875,2026-09-27T19:00:00Z,nodd,nodd
2026-09-27,burlington-vt,rtma,15,2026-09-27T19:00:00Z,288.64,2.69,4.47,0.546875,2026-09-27T20:00:00Z,nodd,nodd
2026-09-27,burlington-vt,rtma,16,2026-09-27T20:00:00Z,289.15,2.45,4.23,0.0,2026-09-27T21:00:00Z,nodd,nodd
2026-09-27,burlington-vt,rtma,17,2026-09-27T21:00:00Z,289.4,2.62,5.08,0.03125,2026-09-27T22:00:00Z,nodd,nodd
2026-09-27,burlington-vt,rtma,18,2026-09-27T22:00:00Z,288.81,1.42,2.62,0.0,2026-09-27T23:00:00Z,nodd,nodd
2026-09-27,burlington-vt,rtma,19,2026-09-27T23:00:00Z,288.7,2.21,2.84,0.0,2026-09-28T00:00:00Z,nodd,nodd
2026-09-27,burlington-vt,rtma,20,2026-09-28T00:00:00Z,288.4,1.62,2.54,0.0,2026-09-28T01:00:00Z,nodd,nodd
2026-09-27,burlington-vt,rtma,21,2026-09-28T01:00:00Z,288.43,1.98,2.66,0.796875,2026-09-28T02:00:00Z,nodd,nodd
2026-09-27,burlington-vt,rtma,22,2026-09-28T02:00:00Z,287.92,1.78,2.68,0.765625,2026-09-28T03:00:00Z,nodd,nodd
2026-09-27,burlington-vt,rtma,23,2026-09-28T03:00:00Z,287.42,1.57,1.57,0.0,2026-09-28T04:00:00Z,nodd,nodd
2026-09-27,burlington-vt,urma,00,2026-09-27T04:00:00Z,287.74,4.84,7.19,0.0,2026-09-27T05:00:00Z,nodd,nodd
2026-09-27,burlington-vt,urma,01,2026-09-27T05:00:00Z,287.44,4.81,7.47,0.0,2026-09-27T06:00:00Z,nodd,nodd
2026-09-27,burlington-vt,urma,02,2026-09-27T06:00:00Z,287.5,4.0,7.3,0.0,2026-09-27T07:00:00Z,nodd,nodd
2026-09-27,burlington-vt,urma,03,2026-09-27T07:00:00Z,286.95,4.82,8.06,0.0,2026-09-27T08:00:00Z,nodd,nodd
2026-09-27,burlington-vt,urma,04,2026-09-27T08:00:00Z,286.78,4.69,7.94,0.609375,2026-09-27T09:00:00Z,nodd,nodd
2026-09-27,burlington-vt,urma,05,2026-09-27T09:00:00Z,286.31,3.89,6.19,0.203125,2026-09-27T10:00:00Z,nodd,nodd
2026-09-27,burlington-vt,urma,06,2026-09-27T10:00:00Z,286.02,4.37,7.47,0.0,2026-09-27T11:00:00Z,nodd,nodd
2026-09-27,burlington-vt,urma,07,2026-09-27T11:00:00Z,285.82,4.55,8.79,0.0,2026-09-27T12:00:00Z,nodd,nodd
2026-09-27,burlington-vt,urma,08,2026-09-27T12:00:00Z,286.1,4.42,7.91,0.0,2026-09-27T13:00:00Z,nodd,nodd
2026-09-27,burlington-vt,urma,09,2026-09-27T13:00:00Z,286.64,5.08,8.28,0.0,2026-09-27T14:00:00Z,nodd,nodd
2026-09-27,burlington-vt,urma,10,2026-09-27T14:00:00Z,287.44,5.47,9.81,0.0,2026-09-27T15:00:00Z,nodd,nodd
2026-09-27,burlington-vt,urma,11,2026-09-27T15:00:00Z,288.61,4.43,7.21,0.0,2026-09-27T16:00:00Z,nodd,nodd
2026-09-27,burlington-vt,urma,12,2026-09-27T16:00:00Z,289.91,3.68,6.52,0.5,2026-09-27T17:00:00Z,nodd,nodd
2026-09-27,burlington-vt,urma,13,2026-09-27T17:00:00Z,289.86,2.78,5.96,0.96875,2026-09-27T18:00:00Z,nodd,nodd
2026-09-27,burlington-vt,urma,14,2026-09-27T18:00:00Z,289.43,3.33,4.99,1.875,2026-09-27T19:00:00Z,nodd,nodd
2026-09-27,burlington-vt,urma,15,2026-09-27T19:00:00Z,288.53,2.6,3.99,0.3125,2026-09-27T20:00:00Z,nodd,nodd
2026-09-27,burlington-vt,urma,16,2026-09-27T20:00:00Z,289.03,2.43,3.85,0.0,2026-09-27T21:00:00Z,nodd,nodd
2026-09-27,burlington-vt,urma,17,2026-09-27T21:00:00Z,289.29,2.64,4.7,0.0,2026-09-27T22:00:00Z,nodd,nodd
2026-09-27,burlington-vt,urma,18,2026-09-27T22:00:00Z,288.72,1.15,2.14,0.0,2026-09-27T23:00:00Z,nodd,nodd
2026-09-27,burlington-vt,urma,19,2026-09-27T23:00:00Z,288.66,2.05,2.7,0.0,2026-09-28T00:00:00Z,nodd,nodd
2026-09-27,burlington-vt,urma,20,2026-09-28T00:00:00Z,288.39,1.63,2.2,0.0,2026-09-28T01:00:00Z,nodd,nodd
2026-09-27,burlington-vt,urma,21,2026-09-28T01:00:00Z,288.56,2.18,2.8,0.5625,2026-09-28T02:00:00Z,nodd,nodd
2026-09-27,burlington-vt,urma,22,2026-09-28T02:00:00Z,287.95,1.72,2.46,0.695312,2026-09-28T03:00:00Z,nodd,nodd
2026-09-27,burlington-vt,urma,23,2026-09-28T03:00:00Z,287.46,1.65,1.65,0.0,2026-09-28T04:00:00Z,nodd,nodd
2026-09-27,billings-mt,rtma,00,2026-09-27T06:00:00Z,285.06,2.68,4.46,0.0,2026-09-27T07:00:00Z,nodd,nodd
2026-09-27,billings-mt,rtma,01,2026-09-27T07:00:00Z,284.63,4.57,5.31,0.0,2026-09-27T08:00:00Z,nodd,nodd
2026-09-27,billings-mt,rtma,02,2026-09-27T08:00:00Z,283.41,2.29,4.15,0.0,2026-09-27T09:00:00Z,nodd,nodd
2026-09-27,billings-mt,rtma,03,2026-09-27T09:00:00Z,281.92,1.72,3.24,0.0,2026-09-27T10:00:00Z,nodd,nodd
2026-09-27,billings-mt,rtma,04,2026-09-27T10:00:00Z,280.78,0.74,2.42,0.0,2026-09-27T11:00:00Z,nodd,nodd
2026-09-27,billings-mt,rtma,05,2026-09-27T11:00:00Z,279.96,0.96,1.95,0.0,2026-09-27T12:00:00Z,nodd,nodd
2026-09-27,billings-mt,rtma,06,2026-09-27T12:00:00Z,279.55,0.61,2.18,0.0,2026-09-27T13:00:00Z,nodd,nodd
2026-09-27,billings-mt,rtma,07,2026-09-27T13:00:00Z,279.43,2.58,2.79,0.0,2026-09-27T14:00:00Z,nodd,nodd
2026-09-27,billings-mt,rtma,08,2026-09-27T14:00:00Z,280.78,1.38,2.85,0.0,2026-09-27T15:00:00Z,nodd,nodd
2026-09-27,billings-mt,rtma,09,2026-09-27T15:00:00Z,282.06,3.4,3.74,0.0,2026-09-27T16:00:00Z,nodd,nodd
2026-09-27,billings-mt,rtma,10,2026-09-27T16:00:00Z,283.13,3.92,4.98,0.0,2026-09-27T17:00:00Z,nodd,nodd
2026-09-27,billings-mt,rtma,11,2026-09-27T17:00:00Z,284.78,3.75,5.42,0.0,2026-09-27T18:00:00Z,nodd,nodd
2026-09-27,billings-mt,rtma,12,2026-09-27T18:00:00Z,285.65,3.05,4.23,0.0,2026-09-27T19:00:00Z,nodd,nodd
2026-09-27,billings-mt,rtma,13,2026-09-27T19:00:00Z,287.97,3.14,4.41,0.0,2026-09-27T20:00:00Z,nodd,nodd
2026-09-27,billings-mt,rtma,14,2026-09-27T20:00:00Z,289.38,3.38,6.52,0.0,2026-09-27T21:00:00Z,nodd,nodd
2026-09-27,billings-mt,rtma,15,2026-09-27T21:00:00Z,290.29,4.0,6.38,0.0,2026-09-27T22:00:00Z,nodd,nodd
2026-09-27,billings-mt,rtma,16,2026-09-27T22:00:00Z,290.84,3.95,5.61,0.0,2026-09-27T23:00:00Z,nodd,nodd
2026-09-27,billings-mt,rtma,17,2026-09-27T23:00:00Z,289.84,5.07,7.01,0.0,2026-09-28T00:00:00Z,nodd,nodd
2026-09-27,billings-mt,rtma,18,2026-09-28T00:00:00Z,288.76,3.54,6.96,0.0,2026-09-28T01:00:00Z,nodd,nodd
2026-09-27,billings-mt,rtma,19,2026-09-28T01:00:00Z,287.91,4.92,8.24,0.0,2026-09-28T02:00:00Z,nodd,nodd
2026-09-27,billings-mt,rtma,20,2026-09-28T02:00:00Z,286.84,3.53,6.18,0.0,2026-09-28T03:00:00Z,nodd,nodd
2026-09-27,billings-mt,rtma,21,2026-09-28T03:00:00Z,285.64,2.78,4.46,0.0,2026-09-28T04:00:00Z,nodd,nodd
2026-09-27,billings-mt,rtma,22,2026-09-28T04:00:00Z,285.11,2.18,3.98,0.0,2026-09-28T05:00:00Z,nodd,nodd
2026-09-27,billings-mt,rtma,23,2026-09-28T05:00:00Z,284.33,1.05,2.84,0.0,2026-09-28T06:00:00Z,nodd,nodd
2026-09-27,billings-mt,urma,00,2026-09-27T06:00:00Z,285.16,3.09,4.48,0.0,2026-09-27T07:00:00Z,nodd,nodd
2026-09-27,billings-mt,urma,01,2026-09-27T07:00:00Z,284.65,4.26,5.24,0.0,2026-09-27T08:00:00Z,nodd,nodd
2026-09-27,billings-mt,urma,02,2026-09-27T08:00:00Z,283.36,2.4,4.19,0.0,2026-09-27T09:00:00Z,nodd,nodd
2026-09-27,billings-mt,urma,03,2026-09-27T09:00:00Z,282.0,1.63,3.18,0.0,2026-09-27T10:00:00Z,nodd,nodd
2026-09-27,billings-mt,urma,04,2026-09-27T10:00:00Z,280.92,0.74,2.29,0.0,2026-09-27T11:00:00Z,nodd,nodd
2026-09-27,billings-mt,urma,05,2026-09-27T11:00:00Z,280.2,0.98,1.83,0.0,2026-09-27T12:00:00Z,nodd,nodd
2026-09-27,billings-mt,urma,06,2026-09-27T12:00:00Z,279.61,1.02,2.18,0.0,2026-09-27T13:00:00Z,nodd,nodd
2026-09-27,billings-mt,urma,07,2026-09-27T13:00:00Z,279.51,2.77,2.8,0.0,2026-09-27T14:00:00Z,nodd,nodd
2026-09-27,billings-mt,urma,08,2026-09-27T14:00:00Z,281.04,1.66,2.87,0.0,2026-09-27T15:00:00Z,nodd,nodd
2026-09-27,billings-mt,urma,09,2026-09-27T15:00:00Z,282.06,3.46,3.75,0.0,2026-09-27T16:00:00Z,nodd,nodd
2026-09-27,billings-mt,urma,10,2026-09-27T16:00:00Z,283.11,3.96,5.18,0.0,2026-09-27T17:00:00Z,nodd,nodd
2026-09-27,billings-mt,urma,11,2026-09-27T17:00:00Z,284.87,3.68,5.53,0.0,2026-09-27T18:00:00Z,nodd,nodd
2026-09-27,billings-mt,urma,12,2026-09-27T18:00:00Z,285.72,3.21,4.18,0.0,2026-09-27T19:00:00Z,nodd,nodd
2026-09-27,billings-mt,urma,13,2026-09-27T19:00:00Z,288.08,3.06,4.39,0.0,2026-09-27T20:00:00Z,nodd,nodd
2026-09-27,billings-mt,urma,14,2026-09-27T20:00:00Z,289.38,3.35,6.62,0.0,2026-09-27T21:00:00Z,nodd,nodd
2026-09-27,billings-mt,urma,15,2026-09-27T21:00:00Z,290.18,4.01,6.34,0.0,2026-09-27T22:00:00Z,nodd,nodd
2026-09-27,billings-mt,urma,16,2026-09-27T22:00:00Z,290.9,4.02,5.64,0.0,2026-09-27T23:00:00Z,nodd,nodd
2026-09-27,billings-mt,urma,17,2026-09-27T23:00:00Z,289.87,4.97,6.94,0.0,2026-09-28T00:00:00Z,nodd,nodd
2026-09-27,billings-mt,urma,18,2026-09-28T00:00:00Z,288.66,3.68,6.81,0.0,2026-09-28T01:00:00Z,nodd,nodd
2026-09-27,billings-mt,urma,19,2026-09-28T01:00:00Z,287.9,4.77,8.15,0.0,2026-09-28T02:00:00Z,nodd,nodd
2026-09-27,billings-mt,urma,20,2026-09-28T02:00:00Z,286.76,3.94,6.17,0.0,2026-09-28T03:00:00Z,nodd,nodd
2026-09-27,billings-mt,urma,21,2026-09-28T03:00:00Z,285.52,3.21,4.49,0.0,2026-09-28T04:00:00Z,nodd,nodd
2026-09-27,billings-mt,urma,22,2026-09-28T04:00:00Z,285.01,2.47,3.98,0.0,2026-09-28T05:00:00Z,nodd,nodd
2026-09-27,billings-mt,urma,23,2026-09-28T05:00:00Z,284.37,1.22,2.74,0.0,2026-09-28T06:00:00Z,nodd,nodd
2026-09-27,cheyenne-wy,rtma,00,2026-09-27T06:00:00Z,290.14,1.71,2.96,0.0,2026-09-27T07:00:00Z,nodd,nodd
2026-09-27,cheyenne-wy,rtma,01,2026-09-27T07:00:00Z,289.44,1.6,2.62,0.0,2026-09-27T08:00:00Z,nodd,nodd
2026-09-27,cheyenne-wy,rtma,02,2026-09-27T08:00:00Z,287.16,1.48,1.57,0.0,2026-09-27T09:00:00Z,nodd,nodd
2026-09-27,cheyenne-wy,rtma,03,2026-09-27T09:00:00Z,285.52,1.83,2.86,0.0,2026-09-27T10:00:00Z,nodd,nodd
2026-09-27,cheyenne-wy,rtma,04,2026-09-27T10:00:00Z,284.85,2.71,3.7,0.0,2026-09-27T11:00:00Z,nodd,nodd
2026-09-27,cheyenne-wy,rtma,05,2026-09-27T11:00:00Z,283.8,1.44,2.06,0.0,2026-09-27T12:00:00Z,nodd,nodd
2026-09-27,cheyenne-wy,rtma,06,2026-09-27T12:00:00Z,282.84,1.4,2.96,0.0,2026-09-27T13:00:00Z,nodd,nodd
2026-09-27,cheyenne-wy,rtma,07,2026-09-27T13:00:00Z,282.67,1.18,3.43,0.0,2026-09-27T14:00:00Z,nodd,nodd
2026-09-27,cheyenne-wy,rtma,08,2026-09-27T14:00:00Z,286.09,1.86,4.19,0.0,2026-09-27T15:00:00Z,nodd,nodd
2026-09-27,cheyenne-wy,rtma,09,2026-09-27T15:00:00Z,292.27,2.87,5.52,0.0,2026-09-27T16:00:00Z,nodd,nodd
2026-09-27,cheyenne-wy,rtma,10,2026-09-27T16:00:00Z,296.04,1.79,3.52,0.0,2026-09-27T17:00:00Z,nodd,nodd
2026-09-27,cheyenne-wy,rtma,11,2026-09-27T17:00:00Z,296.55,3.03,4.12,0.0,2026-09-27T18:00:00Z,nodd,nodd
2026-09-27,cheyenne-wy,rtma,12,2026-09-27T18:00:00Z,297.29,2.91,4.96,0.0,2026-09-27T19:00:00Z,nodd,nodd
2026-09-27,cheyenne-wy,rtma,13,2026-09-27T19:00:00Z,296.86,4.21,7.17,0.0,2026-09-27T20:00:00Z,nodd,nodd
2026-09-27,cheyenne-wy,rtma,14,2026-09-27T20:00:00Z,296.08,5.98,8.37,0.0,2026-09-27T21:00:00Z,nodd,nodd
2026-09-27,cheyenne-wy,rtma,15,2026-09-27T21:00:00Z,296.56,5.53,8.84,0.0,2026-09-27T22:00:00Z,nodd,nodd
2026-09-27,cheyenne-wy,rtma,16,2026-09-27T22:00:00Z,296.87,5.54,8.9,0.0,2026-09-27T23:00:00Z,nodd,nodd
2026-09-27,cheyenne-wy,rtma,17,2026-09-27T23:00:00Z,295.63,6.14,8.52,0.0,2026-09-28T00:00:00Z,nodd,nodd
2026-09-27,cheyenne-wy,rtma,18,2026-09-28T00:00:00Z,295.35,5.7,7.27,0.0,2026-09-28T01:00:00Z,nodd,nodd
2026-09-27,cheyenne-wy,rtma,19,2026-09-28T01:00:00Z,292.5,2.37,4.17,0.0,2026-09-28T02:00:00Z,nodd,nodd
2026-09-27,cheyenne-wy,rtma,20,2026-09-28T02:00:00Z,292.54,3.76,7.97,0.015625,2026-09-28T03:00:00Z,nodd,nodd
2026-09-27,cheyenne-wy,rtma,21,2026-09-28T03:00:00Z,290.98,7.87,13.42,0.0,2026-09-28T04:00:00Z,nodd,nodd
2026-09-27,cheyenne-wy,rtma,22,2026-09-28T04:00:00Z,290.62,1.66,2.47,0.0,2026-09-28T05:00:00Z,nodd,nodd
2026-09-27,cheyenne-wy,rtma,23,2026-09-28T05:00:00Z,290.06,2.14,3.11,0.03125,2026-09-28T06:00:00Z,nodd,nodd
2026-09-27,cheyenne-wy,urma,00,2026-09-27T06:00:00Z,290.03,1.53,2.83,0.0,2026-09-27T07:00:00Z,nodd,nodd
2026-09-27,cheyenne-wy,urma,01,2026-09-27T07:00:00Z,288.85,1.35,2.44,0.0,2026-09-27T08:00:00Z,nodd,nodd
2026-09-27,cheyenne-wy,urma,02,2026-09-27T08:00:00Z,287.16,1.52,1.52,0.0,2026-09-27T09:00:00Z,nodd,nodd
2026-09-27,cheyenne-wy,urma,03,2026-09-27T09:00:00Z,285.48,1.99,2.44,0.0,2026-09-27T10:00:00Z,nodd,nodd
2026-09-27,cheyenne-wy,urma,04,2026-09-27T10:00:00Z,284.54,2.42,2.88,0.0,2026-09-27T11:00:00Z,nodd,nodd
2026-09-27,cheyenne-wy,urma,05,2026-09-27T11:00:00Z,283.4,1.7,1.7,0.0,2026-09-27T12:00:00Z,nodd,nodd
2026-09-27,cheyenne-wy,urma,06,2026-09-27T12:00:00Z,282.85,1.22,2.68,0.0,2026-09-27T13:00:00Z,nodd,nodd
2026-09-27,cheyenne-wy,urma,07,2026-09-27T13:00:00Z,282.82,0.96,2.87,0.0,2026-09-27T14:00:00Z,nodd,nodd
2026-09-27,cheyenne-wy,urma,08,2026-09-27T14:00:00Z,286.4,1.89,4.84,0.0,2026-09-27T15:00:00Z,nodd,nodd
2026-09-27,cheyenne-wy,urma,09,2026-09-27T15:00:00Z,292.23,2.83,5.33,0.0,2026-09-27T16:00:00Z,nodd,nodd
2026-09-27,cheyenne-wy,urma,10,2026-09-27T16:00:00Z,296.0,1.92,3.87,0.0,2026-09-27T17:00:00Z,nodd,nodd
2026-09-27,cheyenne-wy,urma,11,2026-09-27T17:00:00Z,296.5,2.86,4.48,0.0,2026-09-27T18:00:00Z,nodd,nodd
2026-09-27,cheyenne-wy,urma,12,2026-09-27T18:00:00Z,297.28,2.85,4.73,0.0,2026-09-27T19:00:00Z,nodd,nodd
2026-09-27,cheyenne-wy,urma,13,2026-09-27T19:00:00Z,296.92,4.24,8.2,0.0,2026-09-27T20:00:00Z,nodd,nodd
2026-09-27,cheyenne-wy,urma,14,2026-09-27T20:00:00Z,296.01,5.71,8.6,0.0,2026-09-27T21:00:00Z,nodd,nodd
2026-09-27,cheyenne-wy,urma,15,2026-09-27T21:00:00Z,296.51,5.75,8.79,0.0,2026-09-27T22:00:00Z,nodd,nodd
2026-09-27,cheyenne-wy,urma,16,2026-09-27T22:00:00Z,296.94,5.62,8.72,0.0,2026-09-27T23:00:00Z,nodd,nodd
2026-09-27,cheyenne-wy,urma,17,2026-09-27T23:00:00Z,295.63,6.18,8.02,0.0,2026-09-28T00:00:00Z,nodd,nodd
2026-09-27,cheyenne-wy,urma,18,2026-09-28T00:00:00Z,295.35,5.57,7.4,0.0,2026-09-28T01:00:00Z,nodd,nodd
2026-09-27,cheyenne-wy,urma,19,2026-09-28T01:00:00Z,292.96,2.62,3.72,0.0,2026-09-28T02:00:00Z,nodd,nodd
2026-09-27,cheyenne-wy,urma,20,2026-09-28T02:00:00Z,292.55,3.7,7.27,0.09375,2026-09-28T03:00:00Z,nodd,nodd
2026-09-27,cheyenne-wy,urma,21,2026-09-28T03:00:00Z,291.09,7.98,13.7,0.0,2026-09-28T04:00:00Z,nodd,nodd
2026-09-27,cheyenne-wy,urma,22,2026-09-28T04:00:00Z,290.75,1.94,2.44,0.0,2026-09-28T05:00:00Z,nodd,nodd
2026-09-27,cheyenne-wy,urma,23,2026-09-28T05:00:00Z,290.04,2.14,3.59,0.0,2026-09-28T06:00:00Z,nodd,nodd
