date,location,product,local_hour,valid_utc,temp_k,wind_ms,gust_ms,precip_mm,precip_file_utc,analysis_source,precip_source
2026-09-25,new-york-ny,rtma,00,2026-09-25T04:00:00Z,290.1,8.92,12.15,0.0,2026-09-25T05:00:00Z,nodd,nodd
2026-09-25,new-york-ny,rtma,01,2026-09-25T05:00:00Z,289.45,8.1,10.85,0.0,2026-09-25T06:00:00Z,nodd,nodd
2026-09-25,new-york-ny,rtma,02,2026-09-25T06:00:00Z,289.17,8.33,11.97,0.0,2026-09-25T07:00:00Z,nodd,nodd
2026-09-25,new-york-ny,rtma,03,2026-09-25T07:00:00Z,289.42,8.37,10.88,0.0,2026-09-25T08:00:00Z,nodd,nodd
2026-09-25,new-york-ny,rtma,04,2026-09-25T08:00:00Z,288.95,7.84,11.14,0.0,2026-09-25T09:00:00Z,nodd,nodd
2026-09-25,new-york-ny,rtma,05,2026-09-25T09:00:00Z,288.93,7.3,10.04,0.0,2026-09-25T10:00:00Z,nodd,nodd
2026-09-25,new-york-ny,rtma,06,2026-09-25T10:00:00Z,288.78,7.81,10.57,0.0,2026-09-25T11:00:00Z,nodd,nodd
2026-09-25,new-york-ny,rtma,07,2026-09-25T11:00:00Z,289.01,7.86,10.64,0.0,2026-09-25T12:00:00Z,nodd,nodd
2026-09-25,new-york-ny,rtma,08,2026-09-25T12:00:00Z,288.64,9.1,13.08,0.0,2026-09-25T13:00:00Z,nodd,nodd
2026-09-25,new-york-ny,rtma,09,2026-09-25T13:00:00Z,288.9,8.16,12.62,0.0,2026-09-25T14:00:00Z,nodd,nodd
2026-09-25,new-york-ny,rtma,10,2026-09-25T14:00:00Z,289.54,9.1,13.29,0.0,2026-09-25T15:00:00Z,nodd,nodd
2026-09-25,new-york-ny,rtma,11,2026-09-25T15:00:00Z,290.85,8.91,13.0,0.0,2026-09-25T16:00:00Z,nodd,nodd
2026-09-25,new-york-ny,rtma,12,2026-09-25T16:00:00Z,291.63,8.28,11.86,0.0,2026-09-25T17:00:00Z,nodd,nodd
2026-09-25,new-york-ny,rtma,13,2026-09-25T17:00:00Z,292.49,8.36,11.76,0.0,2026-09-25T18:00:00Z,nodd,nodd
2026-09-25,new-york-ny,rtma,14,2026-09-25T18:00:00Z,293.01,8.13,12.02,0.0,2026-09-25T19:00:00Z,nodd,nodd
2026-09-25,new-york-ny,rtma,15,2026-09-25T19:00:00Z,293.22,8.89,12.46,0.0,2026-09-25T20:00:00Z,nodd,nodd
2026-09-25,new-york-ny,rtma,16,2026-09-25T20:00:00Z,293.45,8.77,13.33,0.0,2026-09-25T21:00:00Z,nodd,nodd
2026-09-25,new-york-ny,rtma,17,2026-09-25T21:00:00Z,293.72,9.0,12.94,0.0,2026-09-25T22:00:00Z,nodd,nodd
2026-09-25,new-york-ny,rtma,18,2026-09-25T22:00:00Z,294.24,9.27,13.8,0.0,2026-09-25T23:00:00Z,nodd,nodd
2026-09-25,new-york-ny,rtma,19,2026-09-25T23:00:00Z,294.74,9.33,14.98,0.0,2026-09-26T00:00:00Z,nodd,nodd
2026-09-25,new-york-ny,rtma,20,2026-09-26T00:00:00Z,294.49,10.23,14.15,0.1875,2026-09-26T01:00:00Z,nodd,nodd
2026-09-25,new-york-ny,rtma,21,2026-09-26T01:00:00Z,293.88,9.98,14.71,0.0,2026-09-26T02:00:00Z,nodd,nodd
2026-09-25,new-york-ny,rtma,22,2026-09-26T02:00:00Z,292.87,10.99,13.43,1.4375,2026-09-26T03:00:00Z,nodd,nodd
2026-09-25,new-york-ny,rtma,23,2026-09-26T03:00:00Z,289.21,9.94,14.24,1.15625,2026-09-26T04:00:00Z,nodd,nodd
2026-09-25,new-york-ny,urma,00,2026-09-25T04:00:00Z,290.11,9.0,12.39,0.0,2026-09-25T05:00:00Z,nodd,nodd
2026-09-25,new-york-ny,urma,01,2026-09-25T05:00:00Z,289.52,8.06,10.86,0.0,2026-09-25T06:00:00Z,nodd,nodd
2026-09-25,new-york-ny,urma,02,2026-09-25T06:00:00Z,289.18,8.54,10.94,0.0,2026-09-25T07:00:00Z,nodd,nodd
2026-09-25,new-york-ny,urma,03,2026-09-25T07:00:00Z,289.21,8.16,10.67,0.0,2026-09-25T08:00:00Z,nodd,nodd
2026-09-25,new-york-ny,urma,04,2026-09-25T08:00:00Z,289.09,7.85,10.78,0.0,2026-09-25T09:00:00Z,nodd,nodd
2026-09-25,new-york-ny,urma,05,2026-09-25T09:00:00Z,288.94,7.75,9.86,0.0,2026-09-25T10:00:00Z,nodd,nodd
2026-09-25,new-york-ny,urma,06,2026-09-25T10:00:00Z,288.85,7.71,10.49,0.0,2026-09-25T11:00:00Z,nodd,nodd
2026-09-25,new-york-ny,urma,07,2026-09-25T11:00:00Z,289.1,7.8,10.74,0.0,2026-09-25T12:00:00Z,nodd,nodd
2026-09-25,new-york-ny,urma,08,2026-09-25T12:00:00Z,288.68,8.99,12.81,0.0,2026-09-25T13:00:00Z,nodd,nodd
2026-09-25,new-york-ny,urma,09,2026-09-25T13:00:00Z,288.88,8.23,12.51,0.0,2026-09-25T14:00:00Z,nodd,nodd
2026-09-25,new-york-ny,urma,10,2026-09-25T14:00:00Z,289.48,8.87,12.97,0.0,2026-09-25T15:00:00Z,nodd,nodd
2026-09-25,new-york-ny,urma,11,2026-09-25T15:00:00Z,290.78,9.63,13.57,0.0,2026-09-25T16:00:00Z,nodd,nodd
2026-09-25,new-york-ny,urma,12,2026-09-25T16:00:00Z,291.58,8.33,11.7,0.0,2026-09-25T17:00:00Z,nodd,nodd
2026-09-25,new-york-ny,urma,13,2026-09-25T17:00:00Z,292.43,8.5,11.96,0.0,2026-09-25T18:00:00Z,nodd,nodd
2026-09-25,new-york-ny,urma,14,2026-09-25T18:00:00Z,292.94,8.1,11.68,0.0,2026-09-25T19:00:00Z,nodd,nodd
2026-09-25,new-york-ny,urma,15,2026-09-25T19:00:00Z,293.16,8.69,12.43,0.0,2026-09-25T20:00:00Z,nodd,nodd
2026-09-25,new-york-ny,urma,16,2026-09-25T20:00:00Z,293.37,8.72,13.24,0.0,2026-09-25T21:00:00Z,nodd,nodd
2026-09-25,new-york-ny,urma,17,2026-09-25T21:00:00Z,293.66,9.55,13.04,0.0,2026-09-25T22:00:00Z,nodd,nodd
2026-09-25,new-york-ny,urma,18,2026-09-25T22:00:00Z,294.27,9.49,13.45,0.0,2026-09-25T23:00:00Z,nodd,nodd
2026-09-25,new-york-ny,urma,19,2026-09-25T23:00:00Z,294.78,9.2,14.75,0.0,2026-09-26T00:00:00Z,nodd,nodd
2026-09-25,new-york-ny,urma,20,2026-09-26T00:00:00Z,294.54,10.15,13.98,0.0,2026-09-26T01:00:00Z,nodd,nodd
2026-09-25,new-york-ny,urma,21,2026-09-26T01:00:00Z,293.91,9.88,15.0,0.0,2026-09-26T02:00:00Z,nodd,nodd
2026-09-25,new-york-ny,urma,22,2026-09-26T02:00:00Z,292.91,10.93,13.52,0.09375,2026-09-26T03:00:00Z,nodd,nodd
2026-09-25,new-york-ny,urma,23,2026-09-26T03:00:00Z,289.05,11.0,14.95,0.84375,2026-09-26T04:00:00Z,nodd,nodd
2026-09-25,los-angeles-ca,rtma,00,2026-09-25T07:00:00Z,292.75,1.41,1.41,0.0,2026-09-25T08:00:00Z,nodd,nodd
2026-09-25,los-angeles-ca,rtma,01,2026-09-25T08:00:00Z,292.93,0.82,1.92,0.0,2026-09-25T09:00:00Z,nodd,nodd
2026-09-25,los-angeles-ca,rtma,02,2026-09-25T09:00:00Z,292.79,1.61,2.47,0.0,2026-09-25T10:00:00Z,nodd,nodd
2026-09-25,los-angeles-ca,rtma,03,2026-09-25T10:00:00Z,292.24,1.27,2.19,0.0,2026-09-25T11:00:00Z,nodd,nodd
2026-09-25,los-angeles-ca,rtma,04,2026-09-25T11:00:00Z,292.56,1.32,2.88,0.0,2026-09-25T12:00:00Z,nodd,nodd
2026-09-25,los-angeles-ca,rtma,05,2026-09-25T12:00:00Z,292.03,0.85,1.92,0.0,2026-09-25T13:00:00Z,nodd,nodd
2026-09-25,los-angeles-ca,rtma,06,2026-09-25T13:00:00Z,292.14,1.68,2.59,0.0,2026-09-25T14:00:00Z,nodd,nodd
2026-09-25,los-angeles-ca,rtma,07,2026-09-25T14:00:00Z,292.55,0.16,0.74,0.0,2026-09-25T15:00:00Z,nodd,nodd
2026-09-25,los-angeles-ca,rtma,08,2026-09-25T15:00:00Z,292.8,1.05,2.42,0.0,2026-09-25T16:00:00Z,nodd,nodd
2026-09-25,los-angeles-ca,rtma,09,2026-09-25T16:00:00Z,293.21,0.76,2.63,0.0,2026-09-25T17:00:00Z,nodd,nodd
2026-09-25,los-angeles-ca,rtma,10,2026-09-25T17:00:00Z,294.67,0.94,3.01,0.0,2026-09-25T18:00:00Z,nodd,nodd
2026-09-25,los-angeles-ca,rtma,11,2026-09-25T18:00:00Z,297.32,1.74,4.12,0.0,2026-09-25T19:00:00Z,nodd,nodd
2026-09-25,los-angeles-ca,rtma,12,2026-09-25T19:00:00Z,299.39,2.74,4.35,0.0,2026-09-25T20:00:00Z,nodd,nodd
2026-09-25,los-angeles-ca,rtma,13,2026-09-25T20:00:00Z,301.3,3.17,4.68,0.0,2026-09-25T21:00:00Z,nodd,nodd
2026-09-25,los-angeles-ca,rtma,14,2026-09-25T21:00:00Z,301.15,3.24,5.61,0.0,2026-09-25T22:00:00Z,nodd,nodd
2026-09-25,los-angeles-ca,rtma,15,2026-09-25T22:00:00Z,299.97,4.94,8.05,0.0,2026-09-25T23:00:00Z,nodd,nodd
2026-09-25,los-angeles-ca,rtma,16,2026-09-25T23:00:00Z,299.06,4.78,6.54,0.0,2026-09-26T00:00:00Z,nodd,nodd
2026-09-25,los-angeles-ca,rtma,17,2026-09-26T00:00:00Z,297.75,4.49,6.36,0.0,2026-09-26T01:00:00Z,nodd,nodd
2026-09-25,los-angeles-ca,rtma,18,2026-09-26T01:00:00Z,295.91,3.77,5.93,0.0,2026-09-26T02:00:00Z,nodd,nodd
2026-09-25,los-angeles-ca,rtma,19,2026-09-26T02:00:00Z,294.37,3.05,4.07,0.0,2026-09-26T03:00:00Z,nodd,nodd
2026-09-25,los-angeles-ca,rtma,20,2026-09-26T03:00:00Z,294.06,2.74,3.52,0.0,2026-09-26T04:00:00Z,nodd,nodd
2026-09-25,los-angeles-ca,rtma,21,2026-09-26T04:00:00Z,293.4,2.14,3.22,0.0,2026-09-26T05:00:00Z,nodd,nodd
2026-09-25,los-angeles-ca,rtma,22,2026-09-26T05:00:00Z,292.95,1.09,1.56,0.0,2026-09-26T06:00:00Z,nodd,nodd
2026-09-25,los-angeles-ca,rtma,23,2026-09-26T06:00:00Z,292.98,0.65,0.99,0.0,2026-09-26T07:00:00Z,nodd,nodd
2026-09-25,los-angeles-ca,urma,00,2026-09-25T07:00:00Z,293.1,1.06,1.07,0.0,2026-09-25T08:00:00Z,nodd,nodd
2026-09-25,los-angeles-ca,urma,01,2026-09-25T08:00:00Z,292.92,0.69,2.3,0.0,2026-09-25T09:00:00Z,nodd,nodd
2026-09-25,los-angeles-ca,urma,02,2026-09-25T09:00:00Z,292.81,1.34,2.08,0.0,2026-09-25T10:00:00Z,nodd,nodd
2026-09-25,los-angeles-ca,urma,03,2026-09-25T10:00:00Z,292.44,1.26,1.96,0.0,2026-09-25T11:00:00Z,nodd,nodd
2026-09-25,los-angeles-ca,urma,04,2026-09-25T11:00:00Z,292.6,1.32,3.26,0.0,2026-09-25T12:00:00Z,nodd,nodd
2026-09-25,los-angeles-ca,urma,05,2026-09-25T12:00:00Z,292.22,0.84,2.0,0.0,2026-09-25T13:00:00Z,nodd,nodd
2026-09-25,los-angeles-ca,urma,06,2026-09-25T13:00:00Z,292.26,1.41,1.44,0.0,2026-09-25T14:00:00Z,nodd,nodd
2026-09-25,los-angeles-ca,urma,07,2026-09-25T14:00:00Z,292.59,0.36,0.5,0.0,2026-09-25T15:00:00Z,nodd,nodd
2026-09-25,los-angeles-ca,urma,08,2026-09-25T15:00:00Z,292.89,0.88,2.62,0.0,2026-09-25T16:00:00Z,nodd,nodd
2026-09-25,los-angeles-ca,urma,09,2026-09-25T16:00:00Z,293.12,0.72,2.93,0.0,2026-09-25T17:00:00Z,nodd,nodd
2026-09-25,los-angeles-ca,urma,10,2026-09-25T17:00:00Z,294.88,0.83,3.35,0.0,2026-09-25T18:00:00Z,nodd,nodd
2026-09-25,los-angeles-ca,urma,11,2026-09-25T18:00:00Z,297.32,1.45,4.2,0.0,2026-09-25T19:00:00Z,nodd,nodd
2026-09-25,los-angeles-ca,urma,12,2026-09-25T19:00:00Z,299.55,2.39,3.39,0.0,2026-09-25T20:00:00Z,nodd,nodd
2026-09-25,los-angeles-ca,urma,13,2026-09-25T20:00:00Z,301.29,2.69,4.63,0.0,2026-09-25T21:00:00Z,nodd,nodd
2026-09-25,los-angeles-ca,urma,14,2026-09-25T21:00:00Z,301.22,2.89,6.63,0.0,2026-09-25T22:00:00Z,nodd,nodd
2026-09-25,los-angeles-ca,urma,15,2026-09-25T22:00:00Z,300.16,4.31,8.06,0.0,2026-09-25T23:00:00Z,nodd,nodd
2026-09-25,los-angeles-ca,urma,16,2026-09-25T23:00:00Z,299.17,4.23,6.89,0.0,2026-09-26T00:00:00Z,nodd,nodd
2026-09-25,los-angeles-ca,urma,17,2026-09-26T00:00:00Z,298.02,4.05,5.86,0.0,2026-09-26T01:00:00Z,nodd,nodd
2026-09-25,los-angeles-ca,urma,18,2026-09-26T01:00:00Z,295.92,3.83,5.82,0.0,2026-09-26T02:00:00Z,nodd,nodd
2026-09-25,los-angeles-ca,urma,19,2026-09-26T02:00:00Z,294.42,3.11,4.38,0.0,2026-09-26T03:00:00Z,nodd,nodd
2026-09-25,los-angeles-ca,urma,20,2026-09-26T03:00:00Z,293.9,2.97,3.85,0.0,2026-09-26T04:00:00Z,nodd,nodd
2026-09-25,los-angeles-ca,urma,21,2026-09-26T04:00:00Z,293.45,2.06,3.57,0.0,2026-09-26T05:00:00Z,nodd,nodd
2026-09-25,los-angeles-ca,urma,22,2026-09-26T05:00:00Z,292.92,1.09,1.24,0.0,2026-09-26T06:00:00Z,nodd,nodd
2026-09-25,los-angeles-ca,urma,23,2026-09-26T06:00:00Z,292.86,0.67,1.04,0.0,2026-09-26T07:00:00Z,nodd,nodd
2026-09-25,chicago-il,rtma,00,2026-09-25T05:00:00Z,289.83,1.71,1.71,0.0,2026-09-25T06:00:00Z,nodd,nodd
2026-09-25,chicago-il,rtma,01,2026-09-25T06:00:00Z,289.28,2.4,4.72,0.0,2026-09-25T07:00:00Z,nodd,nodd
2026-09-25,chicago-il,rtma,02,2026-09-25T07:00:00Z,289.06,2.79,3.03,0.0,2026-09-25T08:00:00Z,nodd,nodd
2026-09-25,chicago-il,rtma,03,2026-09-25T08:00:00Z,288.7,2.48,4.29,0.0,2026-09-25T09:00:00Z,nodd,nodd
2026-09-25,chicago-il,rtma,04,2026-09-25T09:00:00Z,288.85,2.39,2.39,0.0,2026-09-25T10:00:00Z,nodd,nodd
2026-09-25,chicago-il,rtma,05,2026-09-25T10:00:00Z,288.54,3.58,5.21,0.0,2026-09-25T11:00:00Z,nodd,nodd
2026-09-25,chicago-il,rtma,06,2026-09-25T11:00:00Z,288.38,1.95,2.06,0.0,2026-09-25T12:00:00Z,nodd,nodd
2026-09-25,chicago-il,rtma,07,2026-09-25T12:00:00Z,288.46,2.1,3.91,0.0,2026-09-25T13:00:00Z,nodd,nodd
2026-09-25,chicago-il,rtma,08,2026-09-25T13:00:00Z,288.69,1.46,1.46,0.0,2026-09-25T14:00:00Z,nodd,nodd
2026-09-25,chicago-il,rtma,09,2026-09-25T14:00:00Z,288.78,1.46,1.46,0.0,2026-09-25T15:00:00Z,nodd,nodd
2026-09-25,chicago-il,rtma,10,2026-09-25T15:00:00Z,289.26,0.95,2.43,0.0,2026-09-25T16:00:00Z,nodd,nodd
2026-09-25,chicago-il,rtma,11,2026-09-25T16:00:00Z,289.41,1.93,1.93,0.0,2026-09-25T17:00:00Z,nodd,nodd
2026-09-25,chicago-il,rtma,12,2026-09-25T17:00:00Z,289.41,1.94,1.94,0.0,2026-09-25T18:00:00Z,nodd,nodd
2026-09-25,chicago-il,rtma,13,2026-09-25T18:00:00Z,289.67,2.74,2.74,0.0,2026-09-25T19:00:00Z,nodd,nodd
2026-09-25,chicago-il,rtma,14,2026-09-25T19:00:00Z,289.83,1.41,2.37,0.0,2026-09-25T20:00:00Z,nodd,nodd
2026-09-25,chicago-il,rtma,15,2026-09-25T20:00:00Z,289.96,1.73,2.61,0.0,2026-09-25T21:00:00Z,nodd,nodd
2026-09-25,chicago-il,rtma,16,2026-09-25T21:00:00Z,289.88,1.26,2.12,0.0,2026-09-25T22:00:00Z,nodd,nodd
2026-09-25,chicago-il,rtma,17,2026-09-25T22:00:00Z,289.95,2.38,3.31,0.0,2026-09-25T23:00:00Z,nodd,nodd
2026-09-25,chicago-il,rtma,18,2026-09-25T23:00:00Z,289.44,2.21,3.22,0.0,2026-09-26T00:00:00Z,nodd,nodd
2026-09-25,chicago-il,rtma,19,2026-09-26T00:00:00Z,288.82,3.11,4.04,0.0,2026-09-26T01:00:00Z,nodd,nodd
2026-09-25,chicago-il,rtma,20,2026-09-26T01:00:00Z,288.38,1.34,2.53,0.0,2026-09-26T02:00:00Z,nodd,nodd
2026-09-25,chicago-il,rtma,21,2026-09-26T02:00:00Z,287.69,2.83,3.34,0.0,2026-09-26T03:00:00Z,nodd,nodd
2026-09-25,chicago-il,rtma,22,2026-09-26T03:00:00Z,287.31,1.86,2.45,0.0,2026-09-26T04:00:00Z,nodd,nodd
2026-09-25,chicago-il,rtma,23,2026-09-26T04:00:00Z,287.47,2.74,4.0,0.0,2026-09-26T05:00:00Z,nodd,nodd
2026-09-25,chicago-il,urma,00,2026-09-25T05:00:00Z,289.82,1.71,1.71,0.0,2026-09-25T06:00:00Z,nodd,nodd
2026-09-25,chicago-il,urma,01,2026-09-25T06:00:00Z,289.31,2.28,2.43,0.0,2026-09-25T07:00:00Z,nodd,nodd
2026-09-25,chicago-il,urma,02,2026-09-25T07:00:00Z,289.07,2.82,3.7,0.0,2026-09-25T08:00:00Z,nodd,nodd
2026-09-25,chicago-il,urma,03,2026-09-25T08:00:00Z,288.7,2.44,3.35,0.0,2026-09-25T09:00:00Z,nodd,nodd
2026-09-25,chicago-il,urma,04,2026-09-25T09:00:00Z,288.88,2.76,3.31,0.0,2026-09-25T10:00:00Z,nodd,nodd
2026-09-25,chicago-il,urma,05,2026-09-25T10:00:00Z,288.54,3.6,4.18,0.0,2026-09-25T11:00:00Z,nodd,nodd
2026-09-25,chicago-il,urma,06,2026-09-25T11:00:00Z,288.39,2.07,3.0,0.0,2026-09-25T12:00:00Z,nodd,nodd
2026-09-25,chicago-il,urma,07,2026-09-25T12:00:00Z,288.47,2.21,3.0,0.0,2026-09-25T13:00:00Z,nodd,nodd
2026-09-25,chicago-il,urma,08,2026-09-25T13:00:00Z,288.7,1.5,2.78,0.0,2026-09-25T14:00:00Z,nodd,nodd
2026-09-25,chicago-il,urma,09,2026-09-25T14:00:00Z,288.78,1.59,2.5,0.0,2026-09-25T15:00:00Z,nodd,nodd
2026-09-25,chicago-il,urma,10,2026-09-25T15:00:00Z,289.25,1.18,2.61,0.0,2026-09-25T16:00:00Z,nodd,nodd
2026-09-25,chicago-il,urma,11,2026-09-25T16:00:00Z,289.4,1.98,2.24,0.0,2026-09-25T17:00:00Z,nodd,nodd
2026-09-25,chicago-il,urma,12,2026-09-25T17:00:00Z,289.42,2.09,2.17,0.0,2026-09-25T18:00:00Z,nodd,nodd
2026-09-25,chicago-il,urma,13,2026-09-25T18:00:00Z,289.62,2.44,2.44,0.0,2026-09-25T19:00:00Z,nodd,nodd
2026-09-25,chicago-il,urma,14,2026-09-25T19:00:00Z,290.06,1.5,2.15,0.0,2026-09-25T20:00:00Z,nodd,nodd
2026-09-25,chicago-il,urma,15,2026-09-25T20:00:00Z,289.95,1.79,2.55,0.0,2026-09-25T21:00:00Z,nodd,nodd
2026-09-25,chicago-il,urma,16,2026-09-25T21:00:00Z,289.91,1.68,2.29,0.0,2026-09-25T22:00:00Z,nodd,nodd
2026-09-25,chicago-il,urma,17,2026-09-25T22:00:00Z,289.95,2.34,2.94,0.0,2026-09-25T23:00:00Z,nodd,nodd
2026-09-25,chicago-il,urma,18,2026-09-25T23:00:00Z,289.45,2.28,3.05,0.0,2026-09-26T00:00:00Z,nodd,nodd
2026-09-25,chicago-il,urma,19,2026-09-26T00:00:00Z,288.86,2.95,3.43,0.0,2026-09-26T01:00:00Z,nodd,nodd
2026-09-25,chicago-il,urma,20,2026-09-26T01:00:00Z,288.37,1.69,2.98,0.0,2026-09-26T02:00:00Z,nodd,nodd
2026-09-25,chicago-il,urma,21,2026-09-26T02:00:00Z,287.74,3.0,3.89,0.0,2026-09-26T03:00:00Z,nodd,nodd
2026-09-25,chicago-il,urma,22,2026-09-26T03:00:00Z,287.44,2.37,3.92,0.0,2026-09-26T04:00:00Z,nodd,nodd
2026-09-25,chicago-il,urma,23,2026-09-26T04:00:00Z,287.56,2.87,4.91,0.0,2026-09-26T05:00:00Z,nodd,nodd
2026-09-25,dallas-tx,rtma,00,2026-09-25T05:00:00Z,301.05,3.84,6.09,0.0,2026-09-25T06:00:00Z,nodd,nodd
2026-09-25,dallas-tx,rtma,01,2026-09-25T06:00:00Z,300.17,3.15,6.06,0.0,2026-09-25T07:00:00Z,nodd,nodd
2026-09-25,dallas-tx,rtma,02,2026-09-25T07:00:00Z,299.0,4.22,7.1,0.0,2026-09-25T08:00:00Z,nodd,nodd
2026-09-25,dallas-tx,rtma,03,2026-09-25T08:00:00Z,298.11,3.52,5.03,0.0,2026-09-25T09:00:00Z,nodd,nodd
2026-09-25,dallas-tx,rtma,04,2026-09-25T09:00:00Z,297.12,3.9,6.16,0.0,2026-09-25T10:00:00Z,nodd,nodd
2026-09-25,dallas-tx,rtma,05,2026-09-25T10:00:00Z,296.36,3.28,5.24,0.0,2026-09-25T11:00:00Z,nodd,nodd
2026-09-25,dallas-tx,rtma,06,2026-09-25T11:00:00Z,295.58,3.23,3.23,0.0,2026-09-25T12:00:00Z,nodd,nodd
2026-09-25,dallas-tx,rtma,07,2026-09-25T12:00:00Z,294.78,2.72,2.87,0.0,2026-09-25T13:00:00Z,nodd,nodd
2026-09-25,dallas-tx,rtma,08,2026-09-25T13:00:00Z,294.68,2.93,4.15,0.0,2026-09-25T14:00:00Z,nodd,nodd
2026-09-25,dallas-tx,rtma,09,2026-09-25T14:00:00Z,295.94,3.52,4.16,0.0,2026-09-25T15:00:00Z,nodd,nodd
2026-09-25,dallas-tx,rtma,10,2026-09-25T15:00:00Z,298.05,3.56,4.1,0.0,2026-09-25T16:00:00Z,nodd,nodd
2026-09-25,dallas-tx,rtma,11,2026-09-25T16:00:00Z,300.13,2.01,2.68,0.0,2026-09-25T17:00:00Z,nodd,nodd
2026-09-25,dallas-tx,rtma,12,2026-09-25T17:00:00Z,302.36,1.13,2.46,0.0,2026-09-25T18:00:00Z,nodd,nodd
2026-09-25,dallas-tx,rtma,13,2026-09-25T18:00:00Z,304.17,0.85,2.05,0.0,2026-09-25T19:00:00Z,nodd,nodd
2026-09-25,dallas-tx,rtma,14,2026-09-25T19:00:00Z,305.31,0.76,2.09,0.0,2026-09-25T20:00:00Z,nodd,nodd
2026-09-25,dallas-tx,rtma,15,2026-09-25T20:00:00Z,306.29,2.01,2.57,0.0,2026-09-25T21:00:00Z,nodd,nodd
2026-09-25,dallas-tx,rtma,16,2026-09-25T21:00:00Z,307.03,2.44,3.41,0.0,2026-09-25T22:00:00Z,nodd,nodd
2026-09-25,dallas-tx,rtma,17,2026-09-25T22:00:00Z,307.0,3.65,3.65,0.0,2026-09-25T23:00:00Z,nodd,nodd
2026-09-25,dallas-tx,rtma,18,2026-09-25T23:00:00Z,306.15,3.36,4.26,0.0,2026-09-26T00:00:00Z,nodd,nodd
2026-09-25,dallas-tx,rtma,19,2026-09-26T00:00:00Z,305.36,3.45,4.94,0.0,2026-09-26T01:00:00Z,nodd,nodd
2026-09-25,dallas-tx,rtma,20,2026-09-26T01:00:00Z,303.72,1.89,2.73,0.0,2026-09-26T02:00:00Z,nodd,nodd
2026-09-25,dallas-tx,rtma,21,2026-09-26T02:00:00Z,302.48,2.15,2.93,0.0,2026-09-26T03:00:00Z,nodd,nodd
2026-09-25,dallas-tx,rtma,22,2026-09-26T03:00:00Z,301.57,2.68,3.51,0.0,2026-09-26T04:00:00Z,nodd,nodd
2026-09-25,dallas-tx,rtma,23,2026-09-26T04:00:00Z,300.73,2.68,4.7,0.0,2026-09-26T05:00:00Z,nodd,nodd
2026-09-25,dallas-tx,urma,00,2026-09-25T05:00:00Z,301.06,3.68,5.73,0.0,2026-09-25T06:00:00Z,nodd,nodd
2026-09-25,dallas-tx,urma,01,2026-09-25T06:00:00Z,300.16,2.95,4.89,0.0,2026-09-25T07:00:00Z,nodd,nodd
2026-09-25,dallas-tx,urma,02,2026-09-25T07:00:00Z,299.03,4.01,5.82,0.0,2026-09-25T08:00:00Z,nodd,nodd
2026-09-25,dallas-tx,urma,03,2026-09-25T08:00:00Z,298.12,3.4,5.12,0.0,2026-09-25T09:00:00Z,nodd,nodd
2026-09-25,dallas-tx,urma,04,2026-09-25T09:00:00Z,297.13,3.77,6.06,0.0,2026-09-25T10:00:00Z,nodd,nodd
2026-09-25,dallas-tx,urma,05,2026-09-25T10:00:00Z,296.34,3.12,4.97,0.0,2026-09-25T11:00:00Z,nodd,nodd
2026-09-25,dallas-tx,urma,06,2026-09-25T11:00:00Z,295.57,3.13,3.13,0.0,2026-09-25T12:00:00Z,nodd,nodd
2026-09-25,dallas-tx,urma,07,2026-09-25T12:00:00Z,294.8,2.72,2.72,0.0,2026-09-25T13:00:00Z,nodd,nodd
2026-09-25,dallas-tx,urma,08,2026-09-25T13:00:00Z,294.73,2.82,4.02,0.0,2026-09-25T14:00:00Z,nodd,nodd
2026-09-25,dallas-tx,urma,09,2026-09-25T14:00:00Z,295.96,3.39,4.06,0.0,2026-09-25T15:00:00Z,nodd,nodd
2026-09-25,dallas-tx,urma,10,2026-09-25T15:00:00Z,298.08,3.58,4.0,0.0,2026-09-25T16:00:00Z,nodd,nodd
2026-09-25,dallas-tx,urma,11,2026-09-25T16:00:00Z,300.1,1.94,2.74,0.0,2026-09-25T17:00:00Z,nodd,nodd
2026-09-25,dallas-tx,urma,12,2026-09-25T17:00:00Z,302.35,1.31,2.72,0.0,2026-09-25T18:00:00Z,nodd,nodd
2026-09-25,dallas-tx,urma,13,2026-09-25T18:00:00Z,304.16,0.82,2.33,0.0,2026-09-25T19:00:00Z,nodd,nodd
2026-09-25,dallas-tx,urma,14,2026-09-25T19:00:00Z,305.33,0.63,1.91,0.0,2026-09-25T20:00:00Z,nodd,nodd
2026-09-25,dallas-tx,urma,15,2026-09-25T20:00:00Z,306.3,2.06,2.56,0.0,2026-09-25T21:00:00Z,nodd,nodd
2026-09-25,dallas-tx,urma,16,2026-09-25T21:00:00Z,307.02,2.65,3.37,0.0,2026-09-25T22:00:00Z,nodd,nodd
2026-09-25,dallas-tx,urma,17,2026-09-25T22:00:00Z,306.95,3.63,3.63,0.0,2026-09-25T23:00:00Z,nodd,nodd
2026-09-25,dallas-tx,urma,18,2026-09-25T23:00:00Z,306.12,3.24,4.03,0.0,2026-09-26T00:00:00Z,nodd,nodd
2026-09-25,dallas-tx,urma,19,2026-09-26T00:00:00Z,305.32,3.41,3.85,0.0,2026-09-26T01:00:00Z,nodd,nodd
2026-09-25,dallas-tx,urma,20,2026-09-26T01:00:00Z,303.72,1.82,1.82,0.0,2026-09-26T02:00:00Z,nodd,nodd
2026-09-25,dallas-tx,urma,21,2026-09-26T02:00:00Z,302.48,2.2,2.36,0.0,2026-09-26T03:00:00Z,nodd,nodd
2026-09-25,dallas-tx,urma,22,2026-09-26T03:00:00Z,301.52,2.58,2.93,0.0,2026-09-26T04:00:00Z,nodd,nodd
2026-09-25,dallas-tx,urma,23,2026-09-26T04:00:00Z,300.71,2.62,4.02,0.0,2026-09-26T05:00:00Z,nodd,nodd
2026-09-25,houston-tx,rtma,00,2026-09-25T05:00:00Z,301.15,0.0,1.56,0.0,2026-09-25T06:00:00Z,nodd,nodd
2026-09-25,houston-tx,rtma,01,2026-09-25T06:00:00Z,300.67,0.17,2.04,0.0,2026-09-25T07:00:00Z,nodd,nodd
2026-09-25,houston-tx,rtma,02,2026-09-25T07:00:00Z,299.8,1.43,2.09,0.0,2026-09-25T08:00:00Z,nodd,nodd
2026-09-25,houston-tx,rtma,03,2026-09-25T08:00:00Z,299.26,2.57,2.73,0.0,2026-09-25T09:00:00Z,nodd,nodd
2026-09-25,houston-tx,rtma,04,2026-09-25T09:00:00Z,298.71,3.08,3.89,0.0,2026-09-25T10:00:00Z,nodd,nodd
2026-09-25,houston-tx,rtma,05,2026-09-25T10:00:00Z,297.68,2.99,3.86,0.0,2026-09-25T11:00:00Z,nodd,nodd
2026-09-25,houston-tx,rtma,06,2026-09-25T11:00:00Z,296.44,2.61,5.67,0.0,2026-09-25T12:00:00Z,nodd,nodd
2026-09-25,houston-tx,rtma,07,2026-09-25T12:00:00Z,295.96,2.2,3.42,0.0,2026-09-25T13:00:00Z,nodd,nodd
2026-09-25,houston-tx,rtma,08,2026-09-25T13:00:00Z,295.95,1.82,3.62,0.0,2026-09-25T14:00:00Z,nodd,nodd
2026-09-25,houston-tx,rtma,09,2026-09-25T14:00:00Z,297.38,3.3,5.15,0.0,2026-09-25T15:00:00Z,nodd,nodd
2026-09-25,houston-tx,rtma,10,2026-09-25T15:00:00Z,298.52,2.97,3.84,0.0,2026-09-25T16:00:00Z,nodd,nodd
2026-09-25,houston-tx,rtma,11,2026-09-25T16:00:00Z,299.53,2.75,4.3,0.0,2026-09-25T17:00:00Z,nodd,nodd
2026-09-25,houston-tx,rtma,12,2026-09-25T17:00:00Z,301.11,1.38,3.83,0.0,2026-09-25T18:00:00Z,nodd,nodd
2026-09-25,houston-tx,rtma,13,2026-09-25T18:00:00Z,302.52,0.0,4.94,0.0,2026-09-25T19:00:00Z,nodd,nodd
2026-09-25,houston-tx,rtma,14,2026-09-25T19:00:00Z,303.87,0.56,2.42,0.0,2026-09-25T20:00:00Z,nodd,nodd
2026-09-25,houston-tx,rtma,15,2026-09-25T20:00:00Z,304.95,1.83,4.9,0.0,2026-09-25T21:00:00Z,nodd,nodd
2026-09-25,houston-tx,rtma,16,2026-09-25T21:00:00Z,305.37,3.18,6.76,0.0,2026-09-25T22:00:00Z,nodd,nodd
2026-09-25,houston-tx,rtma,17,2026-09-25T22:00:00Z,305.28,3.96,6.5,0.0,2026-09-25T23:00:00Z,nodd,nodd
2026-09-25,houston-tx,rtma,18,2026-09-25T23:00:00Z,304.24,3.01,8.01,0.0,2026-09-26T00:00:00Z,nodd,nodd
2026-09-25,houston-tx,rtma,19,2026-09-26T00:00:00Z,302.24,3.89,6.3,0.0,2026-09-26T01:00:00Z,nodd,nodd
2026-09-25,houston-tx,rtma,20,2026-09-26T01:00:00Z,300.67,3.49,5.91,0.0,2026-09-26T02:00:00Z,nodd,nodd
2026-09-25,houston-tx,rtma,21,2026-09-26T02:00:00Z,300.32,2.63,3.42,0.0,2026-09-26T03:00:00Z,nodd,nodd
2026-09-25,houston-tx,rtma,22,2026-09-26T03:00:00Z,299.13,1.29,1.57,0.0,2026-09-26T04:00:00Z,nodd,nodd
2026-09-25,houston-tx,rtma,23,2026-09-26T04:00:00Z,298.33,1.28,1.28,0.0,2026-09-26T05:00:00Z,nodd,nodd
2026-09-25,houston-tx,urma,00,2026-09-25T05:00:00Z,301.14,0.0,1.95,0.0,2026-09-25T06:00:00Z,nodd,nodd
2026-09-25,houston-tx,urma,01,2026-09-25T06:00:00Z,300.66,0.19,2.17,0.0,2026-09-25T07:00:00Z,nodd,nodd
2026-09-25,houston-tx,urma,02,2026-09-25T07:00:00Z,299.85,1.27,1.87,0.0,2026-09-25T08:00:00Z,nodd,nodd
2026-09-25,houston-tx,urma,03,2026-09-25T08:00:00Z,299.26,2.65,2.65,0.0,2026-09-25T09:00:00Z,nodd,nodd
2026-09-25,houston-tx,urma,04,2026-09-25T09:00:00Z,298.71,3.32,3.67,0.0,2026-09-25T10:00:00Z,nodd,nodd
2026-09-25,houston-tx,urma,05,2026-09-25T10:00:00Z,297.69,3.11,3.11,0.0,2026-09-25T11:00:00Z,nodd,nodd
2026-09-25,houston-tx,urma,06,2026-09-25T11:00:00Z,296.44,2.72,5.36,0.0,2026-09-25T12:00:00Z,nodd,nodd
2026-09-25,houston-tx,urma,07,2026-09-25T12:00:00Z,295.98,2.17,3.13,0.0,2026-09-25T13:00:00Z,nodd,nodd
2026-09-25,houston-tx,urma,08,2026-09-25T13:00:00Z,296.17,1.85,3.29,0.0,2026-09-25T14:00:00Z,nodd,nodd
2026-09-25,houston-tx,urma,09,2026-09-25T14:00:00Z,297.36,3.42,4.83,0.0,2026-09-25T15:00:00Z,nodd,nodd
2026-09-25,houston-tx,urma,10,2026-09-25T15:00:00Z,298.53,3.16,3.72,0.0,2026-09-25T16:00:00Z,nodd,nodd
2026-09-25,houston-tx,urma,11,2026-09-25T16:00:00Z,299.54,2.83,3.98,0.0,2026-09-25T17:00:00Z,nodd,nodd
2026-09-25,houston-tx,urma,12,2026-09-25T17:00:00Z,301.14,1.42,3.26,0.0,2026-09-25T18:00:00Z,nodd,nodd
2026-09-25,houston-tx,urma,13,2026-09-25T18:00:00Z,302.52,0.0,5.35,0.0,2026-09-25T19:00:00Z,nodd,nodd
2026-09-25,houston-tx,urma,14,2026-09-25T19:00:00Z,304.22,0.23,3.37,0.0,2026-09-25T20:00:00Z,nodd,nodd
2026-09-25,houston-tx,urma,15,2026-09-25T20:00:00Z,304.98,2.03,5.15,0.0,2026-09-25T21:00:00Z,nodd,nodd
2026-09-25,houston-tx,urma,16,2026-09-25T21:00:00Z,305.34,2.91,7.05,0.0,2026-09-25T22:00:00Z,nodd,nodd
2026-09-25,houston-tx,urma,17,2026-09-25T22:00:00Z,305.27,4.17,6.01,0.0,2026-09-25T23:00:00Z,nodd,nodd
2026-09-25,houston-tx,urma,18,2026-09-25T23:00:00Z,304.23,2.94,8.18,0.0,2026-09-26T00:00:00Z,nodd,nodd
2026-09-25,houston-tx,urma,19,2026-09-26T00:00:00Z,302.23,4.03,6.34,0.0,2026-09-26T01:00:00Z,nodd,nodd
2026-09-25,houston-tx,urma,20,2026-09-26T01:00:00Z,301.28,3.54,5.98,0.0,2026-09-26T02:00:00Z,nodd,nodd
2026-09-25,houston-tx,urma,21,2026-09-26T02:00:00Z,300.32,2.8,3.25,0.0,2026-09-26T03:00:00Z,nodd,nodd
2026-09-25,houston-tx,urma,22,2026-09-26T03:00:00Z,299.1,1.22,1.88,0.0,2026-09-26T04:00:00Z,nodd,nodd
2026-09-25,houston-tx,urma,23,2026-09-26T04:00:00Z,298.29,1.33,1.55,0.0,2026-09-26T05:00:00Z,nodd,nodd
2026-09-25,miami-fl,rtma,00,2026-09-25T04:00:00Z,299.68,0.77,3.65,0.0,2026-09-25T05:00:00Z,nodd,nodd
2026-09-25,miami-fl,rtma,01,2026-09-25T05:00:00Z,299.59,2.51,4.55,0.0,2026-09-25T06:00:00Z,nodd,nodd
2026-09-25,miami-fl,rtma,02,2026-09-25T06:00:00Z,298.89,3.1,5.8,0.0,2026-09-25T07:00:00Z,nodd,nodd
2026-09-25,miami-fl,rtma,03,2026-09-25T07:00:00Z,298.22,3.28,6.63,0.0,2026-09-25T08:00:00Z,nodd,nodd
2026-09-25,miami-fl,rtma,04,2026-09-25T08:00:00Z,297.91,3.36,6.05,0.0,2026-09-25T09:00:00Z,nodd,nodd
2026-09-25,miami-fl,rtma,05,2026-09-25T09:00:00Z,297.89,3.65,6.91,0.0,2026-09-25T10:00:00Z,nodd,nodd
2026-09-25,miami-fl,rtma,06,2026-09-25T10:00:00Z,297.86,3.38,7.03,0.0,2026-09-25T11:00:00Z,nodd,nodd
2026-09-25,miami-fl,rtma,07,2026-09-25T11:00:00Z,297.77,3.77,6.05,0.0,2026-09-25T12:00:00Z,nodd,nodd
2026-09-25,miami-fl,rtma,08,2026-09-25T12:00:00Z,298.01,3.61,7.03,0.0,2026-09-25T13:00:00Z,nodd,nodd
2026-09-25,miami-fl,rtma,09,2026-09-25T13:00:00Z,298.78,3.63,5.72,0.0,2026-09-25T14:00:00Z,nodd,nodd
2026-09-25,miami-fl,rtma,10,2026-09-25T14:00:00Z,299.48,2.51,4.24,0.0,2026-09-25T15:00:00Z,nodd,nodd
2026-09-25,miami-fl,rtma,11,2026-09-25T15:00:00Z,301.65,2.03,3.2,0.0,2026-09-25T16:00:00Z,nodd,nodd
2026-09-25,miami-fl,rtma,12,2026-09-25T16:00:00Z,302.63,1.5,3.89,0.0,2026-09-25T17:00:00Z,nodd,nodd
2026-09-25,miami-fl,rtma,13,2026-09-25T17:00:00Z,303.34,2.11,2.63,0.0,2026-09-25T18:00:00Z,nodd,nodd
2026-09-25,miami-fl,rtma,14,2026-09-25T18:00:00Z,303.9,1.39,5.74,0.0,2026-09-25T19:00:00Z,nodd,nodd
2026-09-25,miami-fl,rtma,15,2026-09-25T19:00:00Z,303.72,2.46,4.38,0.0,2026-09-25T20:00:00Z,nodd,nodd
2026-09-25,miami-fl,rtma,16,2026-09-25T20:00:00Z,302.27,4.57,7.16,0.0,2026-09-25T21:00:00Z,nodd,nodd
2026-09-25,miami-fl,rtma,17,2026-09-25T21:00:00Z,302.19,4.27,6.07,0.0,2026-09-25T22:00:00Z,nodd,nodd
2026-09-25,miami-fl,rtma,18,2026-09-25T22:00:00Z,302.02,3.4,7.67,0.015625,2026-09-25T23:00:00Z,nodd,nodd
2026-09-25,miami-fl,rtma,19,2026-09-25T23:00:00Z,300.91,0.56,7.31,0.21875,2026-09-26T00:00:00Z,nodd,nodd
2026-09-25,miami-fl,rtma,20,2026-09-26T00:00:00Z,299.59,2.01,4.65,0.0,2026-09-26T01:00:00Z,nodd,nodd
2026-09-25,miami-fl,rtma,21,2026-09-26T01:00:00Z,299.44,1.89,6.72,0.0,2026-09-26T02:00:00Z,nodd,nodd
2026-09-25,miami-fl,rtma,22,2026-09-26T02:00:00Z,299.31,2.94,7.75,0.0,2026-09-26T03:00:00Z,nodd,nodd
2026-09-25,miami-fl,rtma,23,2026-09-26T03:00:00Z,298.96,2.32,4.99,0.0,2026-09-26T04:00:00Z,nodd,nodd
2026-09-25,miami-fl,urma,00,2026-09-25T04:00:00Z,299.74,1.23,2.63,0.0,2026-09-25T05:00:00Z,nodd,nodd
2026-09-25,miami-fl,urma,01,2026-09-25T05:00:00Z,299.6,2.46,5.01,0.0,2026-09-25T06:00:00Z,nodd,nodd
2026-09-25,miami-fl,urma,02,2026-09-25T06:00:00Z,298.88,3.17,6.25,0.0,2026-09-25T07:00:00Z,nodd,nodd
2026-09-25,miami-fl,urma,03,2026-09-25T07:00:00Z,298.19,3.19,5.73,0.0,2026-09-25T08:00:00Z,nodd,nodd
2026-09-25,miami-fl,urma,04,2026-09-25T08:00:00Z,297.97,3.61,7.18,0.0,2026-09-25T09:00:00Z,nodd,nodd
2026-09-25,miami-fl,urma,05,2026-09-25T09:00:00Z,297.95,3.51,6.62,0.0,2026-09-25T10:00:00Z,nodd,nodd
2026-09-25,miami-fl,urma,06,2026-09-25T10:00:00Z,297.92,3.28,6.37,0.0,2026-09-25T11:00:00Z,nodd,nodd
2026-09-25,miami-fl,urma,07,2026-09-25T11:00:00Z,297.84,3.78,6.27,0.0,2026-09-25T12:00:00Z,nodd,nodd
2026-09-25,miami-fl,urma,08,2026-09-25T12:00:00Z,298.04,3.65,7.26,0.0,2026-09-25T13:00:00Z,nodd,nodd
2026-09-25,miami-fl,urma,09,2026-09-25T13:00:00Z,298.57,3.47,5.4,0.0,2026-09-25T14:00:00Z,nodd,nodd
2026-09-25,miami-fl,urma,10,2026-09-25T14:00:00Z,299.47,2.58,4.86,0.0,2026-09-25T15:00:00Z,nodd,nodd
2026-09-25,miami-fl,urma,11,2026-09-25T15:00:00Z,301.62,2.22,3.5,0.0,2026-09-25T16:00:00Z,nodd,nodd
2026-09-25,miami-fl,urma,12,2026-09-25T16:00:00Z,302.64,1.49,3.2,0.0,2026-09-25T17:00:00Z,nodd,nodd
2026-09-25,miami-fl,urma,13,2026-09-25T17:00:00Z,303.3,1.93,3.34,0.0,2026-09-25T18:00:00Z,nodd,nodd
2026-09-25,miami-fl,urma,14,2026-09-25T18:00:00Z,303.91,1.42,5.41,0.0,2026-09-25T19:00:00Z,nodd,nodd
2026-09-25,miami-fl,urma,15,2026-09-25T19:00:00Z,303.72,2.43,4.19,0.0,2026-09-25T20:00:00Z,nodd,nodd
2026-09-25,miami-fl,urma,16,2026-09-25T20:00:00Z,302.29,4.54,7.39,0.015625,2026-09-25T21:00:00Z,nodd,nodd
2026-09-25,miami-fl,urma,17,2026-09-25T21:00:00Z,302.11,4.45,6.52,0.0,2026-09-25T22:00:00Z,nodd,nodd
2026-09-25,miami-fl,urma,18,2026-09-25T22:00:00Z,302.03,3.57,7.64,0.140625,2026-09-25T23:00:00Z,nodd,nodd
2026-09-25,miami-fl,urma,19,2026-09-25T23:00:00Z,300.97,0.57,7.16,0.203125,2026-09-26T00:00:00Z,nodd,nodd
2026-09-25,miami-fl,urma,20,2026-09-26T00:00:00Z,299.61,2.35,4.99,0.0,2026-09-26T01:00:00Z,nodd,nodd
2026-09-25,miami-fl,urma,21,2026-09-26T01:00:00Z,299.46,1.98,7.79,0.0,2026-09-26T02:00:00Z,nodd,nodd
2026-09-25,miami-fl,urma,22,2026-09-26T02:00:00Z,299.35,2.94,5.63,0.0,2026-09-26T03:00:00Z,nodd,nodd
2026-09-25,miami-fl,urma,23,2026-09-26T03:00:00Z,298.99,2.46,4.87,0.0,2026-09-26T04:00:00Z,nodd,nodd
2026-09-25,washington-dc,rtma,00,2026-09-25T04:00:00Z,285.01,1.45,4.62,0.0,2026-09-25T05:00:00Z,nodd,nodd
2026-09-25,washington-dc,rtma,01,2026-09-25T05:00:00Z,285.38,2.43,5.88,0.0,2026-09-25T06:00:00Z,nodd,nodd
2026-09-25,washington-dc,rtma,02,2026-09-25T06:00:00Z,285.53,3.82,6.6,0.0,2026-09-25T07:00:00Z,nodd,nodd
2026-09-25,washington-dc,rtma,03,2026-09-25T07:00:00Z,285.62,3.36,6.2,0.0,2026-09-25T08:00:00Z,nodd,nodd
2026-09-25,washington-dc,rtma,04,2026-09-25T08:00:00Z,285.2,4.32,8.43,0.0,2026-09-25T09:00:00Z,nodd,nodd
2026-09-25,washington-dc,rtma,05,2026-09-25T09:00:00Z,284.98,3.0,7.07,0.0,2026-09-25T10:00:00Z,nodd,nodd
2026-09-25,washington-dc,rtma,06,2026-09-25T10:00:00Z,284.55,3.93,7.23,0.0,2026-09-25T11:00:00Z,nodd,nodd
2026-09-25,washington-dc,rtma,07,2026-09-25T11:00:00Z,284.21,4.43,7.37,0.0,2026-09-25T12:00:00Z,nodd,nodd
2026-09-25,washington-dc,rtma,08,2026-09-25T12:00:00Z,285.59,5.55,10.86,0.0,2026-09-25T13:00:00Z,nodd,nodd
2026-09-25,washington-dc,rtma,09,2026-09-25T13:00:00Z,287.18,4.43,7.95,0.0,2026-09-25T14:00:00Z,nodd,nodd
2026-09-25,washington-dc,rtma,10,2026-09-25T14:00:00Z,288.91,4.5,8.11,0.0,2026-09-25T15:00:00Z,nodd,nodd
2026-09-25,washington-dc,rtma,11,2026-09-25T15:00:00Z,291.21,5.29,10.67,0.0,2026-09-25T16:00:00Z,nodd,nodd
2026-09-25,washington-dc,rtma,12,2026-09-25T16:00:00Z,293.4,4.82,7.82,0.0,2026-09-25T17:00:00Z,nodd,nodd
2026-09-25,washington-dc,rtma,13,2026-09-25T17:00:00Z,294.97,4.71,9.41,0.0,2026-09-25T18:00:00Z,nodd,nodd
2026-09-25,washington-dc,rtma,14,2026-09-25T18:00:00Z,296.12,6.77,10.34,0.0,2026-09-25T19:00:00Z,nodd,nodd
2026-09-25,washington-dc,rtma,15,2026-09-25T19:00:00Z,297.17,5.53,9.15,0.0,2026-09-25T20:00:00Z,nodd,nodd
2026-09-25,washington-dc,rtma,16,2026-09-25T20:00:00Z,297.22,5.49,8.96,0.0,2026-09-25T21:00:00Z,nodd,nodd
2026-09-25,washington-dc,rtma,17,2026-09-25T21:00:00Z,296.61,6.12,10.78,0.0,2026-09-25T22:00:00Z,nodd,nodd
2026-09-25,washington-dc,rtma,18,2026-09-25T22:00:00Z,295.51,5.61,10.72,0.0,2026-09-25T23:00:00Z,nodd,nodd
2026-09-25,washington-dc,rtma,19,2026-09-25T23:00:00Z,294.04,4.15,6.54,0.0,2026-09-26T00:00:00Z,nodd,nodd
2026-09-25,washington-dc,rtma,20,2026-09-26T00:00:00Z,292.8,3.94,6.0,0.0,2026-09-26T01:00:00Z,nodd,nodd
2026-09-25,washington-dc,rtma,21,2026-09-26T01:00:00Z,292.39,5.1,9.07,0.0,2026-09-26T02:00:00Z,nodd,nodd
2026-09-25,washington-dc,rtma,22,2026-09-26T02:00:00Z,291.95,5.64,8.25,0.0,2026-09-26T03:00:00Z,nodd,nodd
2026-09-25,washington-dc,rtma,23,2026-09-26T03:00:00Z,291.61,5.8,10.48,0.0,2026-09-26T04:00:00Z,nodd,nodd
2026-09-25,washington-dc,urma,00,2026-09-25T04:00:00Z,284.97,1.31,4.89,0.0,2026-09-25T05:00:00Z,nodd,nodd
2026-09-25,washington-dc,urma,01,2026-09-25T05:00:00Z,285.31,2.28,6.34,0.0,2026-09-25T06:00:00Z,nodd,nodd
2026-09-25,washington-dc,urma,02,2026-09-25T06:00:00Z,285.52,3.66,7.21,0.0,2026-09-25T07:00:00Z,nodd,nodd
2026-09-25,washington-dc,urma,03,2026-09-25T07:00:00Z,285.42,3.13,6.34,0.0,2026-09-25T08:00:00Z,nodd,nodd
2026-09-25,washington-dc,urma,04,2026-09-25T08:00:00Z,285.21,3.84,8.28,0.0,2026-09-25T09:00:00Z,nodd,nodd
2026-09-25,washington-dc,urma,05,2026-09-25T09:00:00Z,284.95,2.72,7.32,0.0,2026-09-25T10:00:00Z,nodd,nodd
2026-09-25,washington-dc,urma,06,2026-09-25T10:00:00Z,284.54,3.55,7.43,0.0,2026-09-25T11:00:00Z,nodd,nodd
2026-09-25,washington-dc,urma,07,2026-09-25T11:00:00Z,284.24,4.08,7.21,0.0,2026-09-25T12:00:00Z,nodd,nodd
2026-09-25,washington-dc,urma,08,2026-09-25T12:00:00Z,285.6,5.19,11.05,0.0,2026-09-25T13:00:00Z,nodd,nodd
2026-09-25,washington-dc,urma,09,2026-09-25T13:00:00Z,287.06,4.36,7.81,0.0,2026-09-25T14:00:00Z,nodd,nodd
2026-09-25,washington-dc,urma,10,2026-09-25T14:00:00Z,288.94,4.03,7.69,0.0,2026-09-25T15:00:00Z,nodd,nodd
2026-09-25,washington-dc,urma,11,2026-09-25T15:00:00Z,291.23,5.37,10.84,0.0,2026-09-25T16:00:00Z,nodd,nodd
2026-09-25,washington-dc,urma,12,2026-09-25T16:00:00Z,293.44,4.65,7.65,0.0,2026-09-25T17:00:00Z,nodd,nodd
2026-09-25,washington-dc,urma,13,2026-09-25T17:00:00Z,295.03,4.61,9.23,0.0,2026-09-25T18:00:00Z,nodd,nodd
2026-09-25,washington-dc,urma,14,2026-09-25T18:00:00Z,296.16,6.64,10.27,0.0,2026-09-25T19:00:00Z,nodd,nodd
2026-09-25,washington-dc,urma,15,2026-09-25T19:00:00Z,297.16,5.31,9.1,0.0,2026-09-25T20:00:00Z,nodd,nodd
2026-09-25,washington-dc,urma,16,2026-09-25T20:00:00Z,297.24,5.35,8.83,0.0,2026-09-25T21:00:00Z,nodd,nodd
2026-09-25,washington-dc,urma,17,2026-09-25T21:00:00Z,296.62,6.16,11.35,0.0,2026-09-25T22:00:00Z,nodd,nodd
2026-09-25,washington-dc,urma,18,2026-09-25T22:00:00Z,295.49,5.4,10.91,0.0,2026-09-25T23:00:00Z,nodd,nodd
2026-09-25,washington-dc,urma,19,2026-09-25T23:00:00Z,294.03,3.89,6.34,0.0,2026-09-26T00:00:00Z,nodd,nodd
2026-09-25,washington-dc,urma,20,2026-09-26T00:00:00Z,292.84,3.83,5.23,0.0,2026-09-26T01:00:00Z,nodd,nodd
2026-09-25,washington-dc,urma,21,2026-09-26T01:00:00Z,292.06,4.82,9.23,0.0,2026-09-26T02:00:00Z,nodd,nodd
2026-09-25,washington-dc,urma,22,2026-09-26T02:00:00Z,291.95,5.39,8.25,0.0,2026-09-26T03:00:00Z,nodd,nodd
2026-09-25,washington-dc,urma,23,2026-09-26T03:00:00Z,291.62,5.73,10.68,0.0,2026-09-26T04:00:00Z,nodd,nodd
2026-09-25,atlanta-ga,rtma,00,2026-09-25T04:00:00Z,290.66,2.88,6.66,0.0,2026-09-25T05:00:00Z,nodd,nodd
2026-09-25,atlanta-ga,rtma,01,2026-09-25T05:00:00Z,290.43,3.08,7.22,0.0,2026-09-25T06:00:00Z,nodd,nodd
2026-09-25,atlanta-ga,rtma,02,2026-09-25T06:00:00Z,290.32,5.03,7.04,0.0,2026-09-25T07:00:00Z,nodd,nodd
2026-09-25,atlanta-ga,rtma,03,2026-09-25T07:00:00Z,290.23,2.19,5.92,0.0,2026-09-25T08:00:00Z,nodd,nodd
2026-09-25,atlanta-ga,rtma,04,2026-09-25T08:00:00Z,289.86,3.85,6.65,0.0,2026-09-25T09:00:00Z,nodd,nodd
2026-09-25,atlanta-ga,rtma,05,2026-09-25T09:00:00Z,289.41,2.42,6.9,0.0,2026-09-25T10:00:00Z,nodd,nodd
2026-09-25,atlanta-ga,rtma,06,2026-09-25T10:00:00Z,289.48,1.94,6.39,0.0,2026-09-25T11:00:00Z,nodd,nodd
2026-09-25,atlanta-ga,rtma,07,2026-09-25T11:00:00Z,289.32,1.22,5.46,0.0,2026-09-25T12:00:00Z,nodd,nodd
2026-09-25,atlanta-ga,rtma,08,2026-09-25T12:00:00Z,289.17,2.36,3.86,0.0,2026-09-25T13:00:00Z,nodd,nodd
2026-09-25,atlanta-ga,rtma,09,2026-09-25T13:00:00Z,290.07,2.65,4.23,0.0,2026-09-25T14:00:00Z,nodd,nodd
2026-09-25,atlanta-ga,rtma,10,2026-09-25T14:00:00Z,290.82,2.41,4.54,0.0,2026-09-25T15:00:00Z,nodd,nodd
2026-09-25,atlanta-ga,rtma,11,2026-09-25T15:00:00Z,292.44,1.54,3.83,0.0,2026-09-25T16:00:00Z,nodd,nodd
2026-09-25,atlanta-ga,rtma,12,2026-09-25T16:00:00Z,293.47,1.35,3.59,0.0,2026-09-25T17:00:00Z,nodd,nodd
2026-09-25,atlanta-ga,rtma,13,2026-09-25T17:00:00Z,294.13,3.94,5.8,0.0,2026-09-25T18:00:00Z,nodd,nodd
2026-09-25,atlanta-ga,rtma,14,2026-09-25T18:00:00Z,294.66,3.21,4.9,0.0,2026-09-25T19:00:00Z,nodd,nodd
2026-09-25,atlanta-ga,rtma,15,2026-09-25T19:00:00Z,296.05,4.13,8.52,0.0,2026-09-25T20:00:00Z,nodd,nodd
2026-09-25,atlanta-ga,rtma,16,2026-09-25T20:00:00Z,296.87,3.82,6.84,0.0,2026-09-25T21:00:00Z,nodd,nodd
2026-09-25,atlanta-ga,rtma,17,2026-09-25T21:00:00Z,297.54,3.31,5.53,0.0,2026-09-25T22:00:00Z,nodd,nodd
2026-09-25,atlanta-ga,rtma,18,2026-09-25T22:00:00Z,297.51,3.59,7.61,0.0,2026-09-25T23:00:00Z,nodd,nodd
2026-09-25,atlanta-ga,rtma,19,2026-09-25T23:00:00Z,296.5,3.96,4.49,0.0,2026-09-26T00:00:00Z,nodd,nodd
2026-09-25,atlanta-ga,rtma,20,2026-09-26T00:00:00Z,294.71,1.99,4.16,0.0,2026-09-26T01:00:00Z,nodd,nodd
2026-09-25,atlanta-ga,rtma,21,2026-09-26T01:00:00Z,293.48,1.97,3.64,0.0,2026-09-26T02:00:00Z,nodd,nodd
2026-09-25,atlanta-ga,rtma,22,2026-09-26T02:00:00Z,292.6,1.29,2.95,0.0,2026-09-26T03:00:00Z,nodd,nodd
2026-09-25,atlanta-ga,rtma,23,2026-09-26T03:00:00Z,291.93,1.07,3.26,0.0,2026-09-26T04:00:00Z,nodd,nodd
2026-09-25,atlanta-ga,urma,00,2026-09-25T04:00:00Z,290.67,2.7,6.77,0.0,2026-09-25T05:00:00Z,nodd,nodd
2026-09-25,atlanta-ga,urma,01,2026-09-25T05:00:00Z,290.41,3.33,7.27,0.0,2026-09-25T06:00:00Z,nodd,nodd
2026-09-25,atlanta-ga,urma,02,2026-09-25T06:00:00Z,290.31,5.07,6.94,0.0,2026-09-25T07:00:00Z,nodd,nodd
2026-09-25,atlanta-ga,urma,03,2026-09-25T07:00:00Z,290.16,2.09,5.92,0.0,2026-09-25T08:00:00Z,nodd,nodd
2026-09-25,atlanta-ga,urma,04,2026-09-25T08:00:00Z,289.82,3.93,6.65,0.0,2026-09-25T09:00:00Z,nodd,nodd
2026-09-25,atlanta-ga,urma,05,2026-09-25T09:00:00Z,289.43,2.76,6.83,0.0,2026-09-25T10:00:00Z,nodd,nodd
2026-09-25,atlanta-ga,urma,06,2026-09-25T10:00:00Z,289.45,2.01,6.33,0.0,2026-09-25T11:00:00Z,nodd,nodd
2026-09-25,atlanta-ga,urma,07,2026-09-25T11:00:00Z,289.29,1.11,5.52,0.0,2026-09-25T12:00:00Z,nodd,nodd
2026-09-25,atlanta-ga,urma,08,2026-09-25T12:00:00Z,289.19,2.43,3.85,0.0,2026-09-25T13:00:00Z,nodd,nodd
2026-09-25,atlanta-ga,urma,09,2026-09-25T13:00:00Z,290.0,2.6,4.24,0.0,2026-09-25T14:00:00Z,nodd,nodd
2026-09-25,atlanta-ga,urma,10,2026-09-25T14:00:00Z,290.83,2.36,4.5,0.0,2026-09-25T15:00:00Z,nodd,nodd
2026-09-25,atlanta-ga,urma,11,2026-09-25T15:00:00Z,292.47,1.65,3.83,0.0,2026-09-25T16:00:00Z,nodd,nodd
2026-09-25,atlanta-ga,urma,12,2026-09-25T16:00:00Z,293.5,1.34,3.6,0.0,2026-09-25T17:00:00Z,nodd,nodd
2026-09-25,atlanta-ga,urma,13,2026-09-25T17:00:00Z,294.08,3.9,5.79,0.0,2026-09-25T18:00:00Z,nodd,nodd
2026-09-25,atlanta-ga,urma,14,2026-09-25T18:00:00Z,294.68,3.19,4.94,0.0,2026-09-25T19:00:00Z,nodd,nodd
2026-09-25,atlanta-ga,urma,15,2026-09-25T19:00:00Z,296.03,4.17,8.53,0.0,2026-09-25T20:00:00Z,nodd,nodd
2026-09-25,atlanta-ga,urma,16,2026-09-25T20:00:00Z,296.95,3.97,6.81,0.0,2026-09-25T21:00:00Z,nodd,nodd
2026-09-25,atlanta-ga,urma,17,2026-09-25T21:00:00Z,297.58,3.6,5.57,0.0,2026-09-25T22:00:00Z,nodd,nodd
2026-09-25,atlanta-ga,urma,18,2026-09-25T22:00:00Z,297.54,3.52,7.64,0.0,2026-09-25T23:00:00Z,nodd,nodd
2026-09-25,atlanta-ga,urma,19,2026-09-25T23:00:00Z,296.46,3.98,4.5,0.0,2026-09-26T00:00:00Z,nodd,nodd
2026-09-25,atlanta-ga,urma,20,2026-09-26T00:00:00Z,294.7,1.88,4.18,0.0,2026-09-26T01:00:00Z,nodd,nodd
2026-09-25,atlanta-ga,urma,21,2026-09-26T01:00:00Z,293.38,1.85,3.71,0.0,2026-09-26T02:00:00Z,nodd,nodd
2026-09-25,atlanta-ga,urma,22,2026-09-26T02:00:00Z,292.62,1.23,3.32,0.0,2026-09-26T03:00:00Z,nodd,nodd
2026-09-25,atlanta-ga,urma,23,2026-09-26T03:00:00Z,292.0,1.27,3.3,0.0,2026-09-26T04:00:00Z,nodd,nodd
2026-09-25,philadelphia-pa,rtma,00,2026-09-25T04:00:00Z,288.03,3.15,5.69,0.0,2026-09-25T05:00:00Z,nodd,nodd
2026-09-25,philadelphia-pa,rtma,01,2026-09-25T05:00:00Z,287.87,4.2,10.1,0.0,2026-09-25T06:00:00Z,nodd,nodd
2026-09-25,philadelphia-pa,rtma,02,2026-09-25T06:00:00Z,287.83,4.06,8.52,0.0,2026-09-25T07:00:00Z,nodd,nodd
2026-09-25,philadelphia-pa,rtma,03,2026-09-25T07:00:00Z,287.59,3.49,9.29,0.0,2026-09-25T08:00:00Z,nodd,nodd
2026-09-25,philadelphia-pa,rtma,04,2026-09-25T08:00:00Z,287.44,3.97,9.21,0.0,2026-09-25T09:00:00Z,nodd,nodd
2026-09-25,philadelphia-pa,rtma,05,2026-09-25T09:00:00Z,287.41,3.32,9.32,0.0,2026-09-25T10:00:00Z,nodd,nodd
2026-09-25,philadelphia-pa,rtma,06,2026-09-25T10:00:00Z,287.17,3.79,8.62,0.0,2026-09-25T11:00:00Z,nodd,nodd
2026-09-25,philadelphia-pa,rtma,07,2026-09-25T11:00:00Z,286.74,4.26,8.66,0.0,2026-09-25T12:00:00Z,nodd,nodd
2026-09-25,philadelphia-pa,rtma,08,2026-09-25T12:00:00Z,287.3,4.78,9.46,0.0,2026-09-25T13:00:00Z,nodd,nodd
2026-09-25,philadelphia-pa,rtma,09,2026-09-25T13:00:00Z,287.96,4.93,11.33,0.0,2026-09-25T14:00:00Z,nodd,nodd
2026-09-25,philadelphia-pa,rtma,10,2026-09-25T14:00:00Z,289.66,4.87,10.12,0.0,2026-09-25T15:00:00Z,nodd,nodd
2026-09-25,philadelphia-pa,rtma,11,2026-09-25T15:00:00Z,291.24,5.41,11.74,0.0,2026-09-25T16:00:00Z,nodd,nodd
2026-09-25,philadelphia-pa,rtma,12,2026-09-25T16:00:00Z,292.47,5.23,10.74,0.0,2026-09-25T17:00:00Z,nodd,nodd
2026-09-25,philadelphia-pa,rtma,13,2026-09-25T17:00:00Z,293.32,5.17,11.1,0.0,2026-09-25T18:00:00Z,nodd,nodd
2026-09-25,philadelphia-pa,rtma,14,2026-09-25T18:00:00Z,294.33,6.4,12.38,0.0,2026-09-25T19:00:00Z,nodd,nodd
2026-09-25,philadelphia-pa,rtma,15,2026-09-25T19:00:00Z,294.95,4.65,9.49,0.0,2026-09-25T20:00:00Z,nodd,nodd
2026-09-25,philadelphia-pa,rtma,16,2026-09-25T20:00:00Z,295.29,4.48,9.89,0.0,2026-09-25T21:00:00Z,nodd,nodd
2026-09-25,philadelphia-pa,rtma,17,2026-09-25T21:00:00Z,295.13,5.11,9.33,0.0,2026-09-25T22:00:00Z,nodd,nodd
2026-09-25,philadelphia-pa,rtma,18,2026-09-25T22:00:00Z,294.98,5.85,12.75,0.0,2026-09-25T23:00:00Z,nodd,nodd
2026-09-25,philadelphia-pa,rtma,19,2026-09-25T23:00:00Z,294.54,5.37,11.37,0.0,2026-09-26T00:00:00Z,nodd,nodd
2026-09-25,philadelphia-pa,rtma,20,2026-09-26T00:00:00Z,294.16,6.24,13.77,0.0,2026-09-26T01:00:00Z,nodd,nodd
2026-09-25,philadelphia-pa,rtma,21,2026-09-26T01:00:00Z,294.32,7.22,15.42,0.0,2026-09-26T02:00:00Z,nodd,nodd
2026-09-25,philadelphia-pa,rtma,22,2026-09-26T02:00:00Z,294.02,6.12,13.3,0.0,2026-09-26T03:00:00Z,nodd,nodd
2026-09-25,philadelphia-pa,rtma,23,2026-09-26T03:00:00Z,294.2,6.75,12.91,0.0,2026-09-26T04:00:00Z,nodd,nodd
2026-09-25,philadelphia-pa,urma,00,2026-09-25T04:00:00Z,288.0,3.05,5.33,0.0,2026-09-25T05:00:00Z,nodd,nodd
2026-09-25,philadelphia-pa,urma,01,2026-09-25T05:00:00Z,287.94,4.21,9.22,0.0,2026-09-25T06:00:00Z,nodd,nodd
2026-09-25,philadelphia-pa,urma,02,2026-09-25T06:00:00Z,287.87,4.11,7.93,0.0,2026-09-25T07:00:00Z,nodd,nodd
2026-09-25,philadelphia-pa,urma,03,2026-09-25T07:00:00Z,287.67,3.54,8.93,0.0,2026-09-25T08:00:00Z,nodd,nodd
2026-09-25,philadelphia-pa,urma,04,2026-09-25T08:00:00Z,287.58,4.04,8.79,0.0,2026-09-25T09:00:00Z,nodd,nodd
2026-09-25,philadelphia-pa,urma,05,2026-09-25T09:00:00Z,287.46,3.48,9.43,0.0,2026-09-25T10:00:00Z,nodd,nodd
2026-09-25,philadelphia-pa,urma,06,2026-09-25T10:00:00Z,287.25,3.79,8.25,0.0,2026-09-25T11:00:00Z,nodd,nodd
2026-09-25,philadelphia-pa,urma,07,2026-09-25T11:00:00Z,286.88,4.27,8.02,0.0,2026-09-25T12:00:00Z,nodd,nodd
2026-09-25,philadelphia-pa,urma,08,2026-09-25T12:00:00Z,287.36,4.79,9.17,0.0,2026-09-25T13:00:00Z,nodd,nodd
2026-09-25,philadelphia-pa,urma,09,2026-09-25T13:00:00Z,287.74,4.86,10.92,0.0,2026-09-25T14:00:00Z,nodd,nodd
2026-09-25,philadelphia-pa,urma,10,2026-09-25T14:00:00Z,289.65,4.99,9.93,0.0,2026-09-25T15:00:00Z,nodd,nodd
2026-09-25,philadelphia-pa,urma,11,2026-09-25T15:00:00Z,291.16,5.71,11.1,0.0,2026-09-25T16:00:00Z,nodd,nodd
2026-09-25,philadelphia-pa,urma,12,2026-09-25T16:00:00Z,292.43,5.19,10.63,0.0,2026-09-25T17:00:00Z,nodd,nodd
2026-09-25,philadelphia-pa,urma,13,2026-09-25T17:00:00Z,293.26,5.18,10.61,0.0,2026-09-25T18:00:00Z,nodd,nodd
2026-09-25,philadelphia-pa,urma,14,2026-09-25T18:00:00Z,294.22,6.39,12.22,0.0,2026-09-25T19:00:00Z,nodd,nodd
2026-09-25,philadelphia-pa,urma,15,2026-09-25T19:00:00Z,294.77,4.8,9.65,0.0,2026-09-25T20:00:00Z,nodd,nodd
2026-09-25,philadelphia-pa,urma,16,2026-09-25T20:00:00Z,295.24,4.55,9.18,0.0,2026-09-25T21:00:00Z,nodd,nodd
2026-09-25,philadelphia-pa,urma,17,2026-09-25T21:00:00Z,295.16,5.49,9.54,0.0,2026-09-25T22:00:00Z,nodd,nodd
2026-09-25,philadelphia-pa,urma,18,2026-09-25T22:00:00Z,295.03,6.32,12.13,0.0,2026-09-25T23:00:00Z,nodd,nodd
2026-09-25,philadelphia-pa,urma,19,2026-09-25T23:00:00Z,294.66,5.45,11.09,0.0,2026-09-26T00:00:00Z,nodd,nodd
2026-09-25,philadelphia-pa,urma,20,2026-09-26T00:00:00Z,294.4,5.79,11.03,0.0,2026-09-26T01:00:00Z,nodd,nodd
2026-09-25,philadelphia-pa,urma,21,2026-09-26T01:00:00Z,294.03,7.04,15.53,0.0,2026-09-26T02:00:00Z,nodd,nodd
2026-09-25,philadelphia-pa,urma,22,2026-09-26T02:00:00Z,294.12,6.15,13.28,0.0,2026-09-26T03:00:00Z,nodd,nodd
2026-09-25,philadelphia-pa,urma,23,2026-09-26T03:00:00Z,294.29,7.19,13.62,0.0,2026-09-26T04:00:00Z,nodd,nodd
2026-09-25,phoenix-az,rtma,00,2026-09-25T07:00:00Z,298.24,1.41,5.21,0.0,2026-09-25T08:00:00Z,nodd,nodd
2026-09-25,phoenix-az,rtma,01,2026-09-25T08:00:00Z,297.64,0.41,6.62,0.0,2026-09-25T09:00:00Z,nodd,nodd
2026-09-25,phoenix-az,rtma,02,2026-09-25T09:00:00Z,296.56,1.29,1.29,0.0,2026-09-25T10:00:00Z,nodd,nodd
2026-09-25,phoenix-az,rtma,03,2026-09-25T10:00:00Z,295.9,1.27,1.67,0.0,2026-09-25T11:00:00Z,nodd,nodd
2026-09-25,phoenix-az,rtma,04,2026-09-25T11:00:00Z,295.45,1.02,1.58,0.0,2026-09-25T12:00:00Z,nodd,nodd
2026-09-25,phoenix-az,rtma,05,2026-09-25T12:00:00Z,295.37,0.6,1.1,0.0,2026-09-25T13:00:00Z,nodd,nodd
2026-09-25,phoenix-az,rtma,06,2026-09-25T13:00:00Z,295.34,0.12,0.24,0.0,2026-09-25T14:00:00Z,nodd,nodd
2026-09-25,phoenix-az,rtma,07,2026-09-25T14:00:00Z,296.05,0.98,1.66,0.0,2026-09-25T15:00:00Z,nodd,nodd
2026-09-25,phoenix-az,rtma,08,2026-09-25T15:00:00Z,298.43,1.91,3.99,0.0,2026-09-25T16:00:00Z,nodd,nodd
2026-09-25,phoenix-az,rtma,09,2026-09-25T16:00:00Z,300.26,1.84,2.69,0.0,2026-09-25T17:00:00Z,nodd,nodd
2026-09-25,phoenix-az,rtma,10,2026-09-25T17:00:00Z,302.01,1.27,1.31,0.0,2026-09-25T18:00:00Z,nodd,nodd
2026-09-25,phoenix-az,rtma,11,2026-09-25T18:00:00Z,303.88,0.92,1.88,0.0,2026-09-25T19:00:00Z,nodd,nodd
2026-09-25,phoenix-az,rtma,12,2026-09-25T19:00:00Z,305.07,1.06,2.13,0.0,2026-09-25T20:00:00Z,nodd,nodd
2026-09-25,phoenix-az,rtma,13,2026-09-25T20:00:00Z,305.95,1.86,3.74,0.0,2026-09-25T21:00:00Z,nodd,nodd
2026-09-25,phoenix-az,rtma,14,2026-09-25T21:00:00Z,306.82,1.48,3.45,0.0,2026-09-25T22:00:00Z,nodd,nodd
2026-09-25,phoenix-az,rtma,15,2026-09-25T22:00:00Z,307.33,1.53,2.67,0.0,2026-09-25T23:00:00Z,nodd,nodd
2026-09-25,phoenix-az,rtma,16,2026-09-25T23:00:00Z,307.19,1.81,3.0,0.0,2026-09-26T00:00:00Z,nodd,nodd
2026-09-25,phoenix-az,rtma,17,2026-09-26T00:00:00Z,306.75,2.23,2.23,0.0,2026-09-26T01:00:00Z,nodd,nodd
2026-09-25,phoenix-az,rtma,18,2026-09-26T01:00:00Z,305.87,1.74,2.11,0.0,2026-09-26T02:00:00Z,nodd,nodd
2026-09-25,phoenix-az,rtma,19,2026-09-26T02:00:00Z,304.32,1.72,1.93,0.0,2026-09-26T03:00:00Z,nodd,nodd
2026-09-25,phoenix-az,rtma,20,2026-09-26T03:00:00Z,303.59,1.1,1.7,0.0,2026-09-26T04:00:00Z,nodd,nodd
2026-09-25,phoenix-az,rtma,21,2026-09-26T04:00:00Z,302.72,0.6,1.5,0.0,2026-09-26T05:00:00Z,nodd,nodd
2026-09-25,phoenix-az,rtma,22,2026-09-26T05:00:00Z,301.96,0.51,1.02,0.0,2026-09-26T06:00:00Z,nodd,nodd
2026-09-25,phoenix-az,rtma,23,2026-09-26T06:00:00Z,301.44,0.1,0.88,0.0,2026-09-26T07:00:00Z,nodd,nodd
2026-09-25,phoenix-az,urma,00,2026-09-25T07:00:00Z,298.92,1.52,2.28,0.0,2026-09-25T08:00:00Z,nodd,nodd
2026-09-25,phoenix-az,urma,01,2026-09-25T08:00:00Z,297.66,0.09,4.29,0.0,2026-09-25T09:00:00Z,nodd,nodd
2026-09-25,phoenix-az,urma,02,2026-09-25T09:00:00Z,296.56,1.17,1.17,0.0,2026-09-25T10:00:00Z,nodd,nodd
2026-09-25,phoenix-az,urma,03,2026-09-25T10:00:00Z,295.88,1.35,1.57,0.0,2026-09-25T11:00:00Z,nodd,nodd
2026-09-25,phoenix-az,urma,04,2026-09-25T11:00:00Z,295.41,1.05,1.29,0.0,2026-09-25T12:00:00Z,nodd,nodd
2026-09-25,phoenix-az,urma,05,2026-09-25T12:00:00Z,295.28,0.54,0.65,0.0,2026-09-25T13:00:00Z,nodd,nodd
2026-09-25,phoenix-az,urma,06,2026-09-25T13:00:00Z,295.31,0.1,0.17,0.0,2026-09-25T14:00:00Z,nodd,nodd
2026-09-25,phoenix-az,urma,07,2026-09-25T14:00:00Z,296.11,0.95,1.06,0.0,2026-09-25T15:00:00Z,nodd,nodd
2026-09-25,phoenix-az,urma,08,2026-09-25T15:00:00Z,298.4,1.81,2.83,0.0,2026-09-25T16:00:00Z,nodd,nodd
2026-09-25,phoenix-az,urma,09,2026-09-25T16:00:00Z,300.23,1.9,2.76,0.0,2026-09-25T17:00:00Z,nodd,nodd
2026-09-25,phoenix-az,urma,10,2026-09-25T17:00:00Z,301.97,1.4,2.52,0.0,2026-09-25T18:00:00Z,nodd,nodd
2026-09-25,phoenix-az,urma,11,2026-09-25T18:00:00Z,303.8,0.96,2.58,0.0,2026-09-25T19:00:00Z,nodd,nodd
2026-09-25,phoenix-az,urma,12,2026-09-25T19:00:00Z,305.05,0.98,2.55,0.0,2026-09-25T20:00:00Z,nodd,nodd
2026-09-25,phoenix-az,urma,13,2026-09-25T20:00:00Z,305.96,1.81,3.66,0.0,2026-09-25T21:00:00Z,nodd,nodd
2026-09-25,phoenix-az,urma,14,2026-09-25T21:00:00Z,306.79,1.62,3.26,0.0,2026-09-25T22:00:00Z,nodd,nodd
2026-09-25,phoenix-az,urma,15,2026-09-25T22:00:00Z,307.26,1.69,2.88,0.0,2026-09-25T23:00:00Z,nodd,nodd
2026-09-25,phoenix-az,urma,16,2026-09-25T23:00:00Z,307.18,1.9,2.75,0.0,2026-09-26T00:00:00Z,nodd,nodd
2026-09-25,phoenix-az,urma,17,2026-09-26T00:00:00Z,306.78,2.22,2.66,0.0,2026-09-26T01:00:00Z,nodd,nodd
2026-09-25,phoenix-az,urma,18,2026-09-26T01:00:00Z,305.87,1.73,2.55,0.0,2026-09-26T02:00:00Z,nodd,nodd
2026-09-25,phoenix-az,urma,19,2026-09-26T02:00:00Z,304.42,1.63,1.64,0.0,2026-09-26T03:00:00Z,nodd,nodd
2026-09-25,phoenix-az,urma,20,2026-09-26T03:00:00Z,303.6,1.22,1.63,0.0,2026-09-26T04:00:00Z,nodd,nodd
2026-09-25,phoenix-az,urma,21,2026-09-26T04:00:00Z,302.68,0.58,1.11,0.0,2026-09-26T05:00:00Z,nodd,nodd
2026-09-25,phoenix-az,urma,22,2026-09-26T05:00:00Z,301.89,0.51,0.86,0.0,2026-09-26T06:00:00Z,nodd,nodd
2026-09-25,phoenix-az,urma,23,2026-09-26T06:00:00Z,301.29,0.0,0.5,0.0,2026-09-26T07:00:00Z,nodd,nodd
2026-09-25,boston-ma,rtma,00,2026-09-25T04:00:00Z,283.2,1.56,4.88,0.0,2026-09-25T05:00:00Z,nodd,nodd
2026-09-25,boston-ma,rtma,01,2026-09-25T05:00:00Z,282.68,1.23,4.0,0.0,2026-09-25T06:00:00Z,nodd,nodd
2026-09-25,boston-ma,rtma,02,2026-09-25T06:00:00Z,282.43,1.53,4.41,0.0,2026-09-25T07:00:00Z,nodd,nodd
2026-09-25,boston-ma,rtma,03,2026-09-25T07:00:00Z,282.18,1.67,5.29,0.0,2026-09-25T08:00:00Z,nodd,nodd
2026-09-25,boston-ma,rtma,04,2026-09-25T08:00:00Z,282.08,1.4,5.01,0.0,2026-09-25T09:00:00Z,nodd,nodd
2026-09-25,boston-ma,rtma,05,2026-09-25T09:00:00Z,282.02,1.39,5.58,0.0,2026-09-25T10:00:00Z,nodd,nodd
2026-09-25,boston-ma,rtma,06,2026-09-25T10:00:00Z,282.01,1.82,6.61,0.0,2026-09-25T11:00:00Z,nodd,nodd
2026-09-25,boston-ma,rtma,07,2026-09-25T11:00:00Z,282.48,1.3,5.23,0.0,2026-09-25T12:00:00Z,nodd,nodd
2026-09-25,boston-ma,rtma,08,2026-09-25T12:00:00Z,284.12,2.5,6.46,0.0,2026-09-25T13:00:00Z,nodd,nodd
2026-09-25,boston-ma,rtma,09,2026-09-25T13:00:00Z,286.07,3.44,8.31,0.0,2026-09-25T14:00:00Z,nodd,nodd
2026-09-25,boston-ma,rtma,10,2026-09-25T14:00:00Z,288.03,4.54,8.88,0.0,2026-09-25T15:00:00Z,nodd,nodd
2026-09-25,boston-ma,rtma,11,2026-09-25T15:00:00Z,289.87,6.42,10.8,0.0,2026-09-25T16:00:00Z,nodd,nodd
2026-09-25,boston-ma,rtma,12,2026-09-25T16:00:00Z,290.4,6.63,11.39,0.0,2026-09-25T17:00:00Z,nodd,nodd
2026-09-25,boston-ma,rtma,13,2026-09-25T17:00:00Z,290.75,6.77,11.78,0.0,2026-09-25T18:00:00Z,nodd,nodd
2026-09-25,boston-ma,rtma,14,2026-09-25T18:00:00Z,291.34,6.98,11.87,0.0,2026-09-25T19:00:00Z,nodd,nodd
2026-09-25,boston-ma,rtma,15,2026-09-25T19:00:00Z,291.41,7.59,13.61,0.0,2026-09-25T20:00:00Z,nodd,nodd
2026-09-25,boston-ma,rtma,16,2026-09-25T20:00:00Z,291.1,7.22,13.23,0.0,2026-09-25T21:00:00Z,nodd,nodd
2026-09-25,boston-ma,rtma,17,2026-09-25T21:00:00Z,290.97,6.73,12.43,0.0,2026-09-25T22:00:00Z,nodd,nodd
2026-09-25,boston-ma,rtma,18,2026-09-25T22:00:00Z,291.03,6.71,12.39,0.0,2026-09-25T23:00:00Z,nodd,nodd
2026-09-25,boston-ma,rtma,19,2026-09-25T23:00:00Z,291.29,6.47,12.98,1.625,2026-09-26T00:00:00Z,nodd,nodd
2026-09-25,boston-ma,rtma,20,2026-09-26T00:00:00Z,290.83,4.72,8.54,2.828125,2026-09-26T01:00:00Z,nodd,nodd
2026-09-25,boston-ma,rtma,21,2026-09-26T01:00:00Z,289.46,4.02,8.65,0.390625,2026-09-26T02:00:00Z,nodd,nodd
2026-09-25,boston-ma,rtma,22,2026-09-26T02:00:00Z,289.32,4.6,9.62,0.0,2026-09-26T03:00:00Z,nodd,nodd
2026-09-25,boston-ma,rtma,23,2026-09-26T03:00:00Z,290.12,5.65,10.73,1.109375,2026-09-26T04:00:00Z,nodd,nodd
2026-09-25,boston-ma,urma,00,2026-09-25T04:00:00Z,283.21,1.51,4.52,0.0,2026-09-25T05:00:00Z,nodd,nodd
2026-09-25,boston-ma,urma,01,2026-09-25T05:00:00Z,282.71,1.27,4.2,0.0,2026-09-25T06:00:00Z,nodd,nodd
2026-09-25,boston-ma,urma,02,2026-09-25T06:00:00Z,282.46,1.48,4.11,0.0,2026-09-25T07:00:00Z,nodd,nodd
2026-09-25,boston-ma,urma,03,2026-09-25T07:00:00Z,282.57,1.57,4.98,0.0,2026-09-25T08:00:00Z,nodd,nodd
2026-09-25,boston-ma,urma,04,2026-09-25T08:00:00Z,282.11,1.6,5.05,0.0,2026-09-25T09:00:00Z,nodd,nodd
2026-09-25,boston-ma,urma,05,2026-09-25T09:00:00Z,282.03,1.47,5.38,0.0,2026-09-25T10:00:00Z,nodd,nodd
2026-09-25,boston-ma,urma,06,2026-09-25T10:00:00Z,282.07,1.67,6.19,0.0,2026-09-25T11:00:00Z,nodd,nodd
2026-09-25,boston-ma,urma,07,2026-09-25T11:00:00Z,282.58,1.11,4.43,0.0,2026-09-25T12:00:00Z,nodd,nodd
2026-09-25,boston-ma,urma,08,2026-09-25T12:00:00Z,284.08,2.45,6.21,0.0,2026-09-25T13:00:00Z,nodd,nodd
2026-09-25,boston-ma,urma,09,2026-09-25T13:00:00Z,285.78,3.31,7.6,0.0,2026-09-25T14:00:00Z,nodd,nodd
2026-09-25,boston-ma,urma,10,2026-09-25T14:00:00Z,287.96,4.59,9.07,0.0,2026-09-25T15:00:00Z,nodd,nodd
2026-09-25,boston-ma,urma,11,2026-09-25T15:00:00Z,289.78,6.49,10.92,0.0,2026-09-25T16:00:00Z,nodd,nodd
2026-09-25,boston-ma,urma,12,2026-09-25T16:00:00Z,290.29,6.46,11.19,0.0,2026-09-25T17:00:00Z,nodd,nodd
2026-09-25,boston-ma,urma,13,2026-09-25T17:00:00Z,290.69,6.84,11.77,0.0,2026-09-25T18:00:00Z,nodd,nodd
2026-09-25,boston-ma,urma,14,2026-09-25T18:00:00Z,291.25,7.15,11.82,0.0,2026-09-25T19:00:00Z,nodd,nodd
2026-09-25,boston-ma,urma,15,2026-09-25T19:00:00Z,291.35,7.66,13.44,0.0,2026-09-25T20:00:00Z,nodd,nodd
2026-09-25,boston-ma,urma,16,2026-09-25T20:00:00Z,291.03,6.93,13.07,0.0,2026-09-25T21:00:00Z,nodd,nodd
2026-09-25,boston-ma,urma,17,2026-09-25T21:00:00Z,290.98,6.59,12.6,0.0,2026-09-25T22:00:00Z,nodd,nodd
2026-09-25,boston-ma,urma,18,2026-09-25T22:00:00Z,291.12,6.43,11.85,0.0,2026-09-25T23:00:00Z,nodd,nodd
2026-09-25,boston-ma,urma,19,2026-09-25T23:00:00Z,291.37,6.44,13.07,0.265625,2026-09-26T00:00:00Z,nodd,nodd
2026-09-25,boston-ma,urma,20,2026-09-26T00:00:00Z,290.88,4.65,8.27,0.734375,2026-09-26T01:00:00Z,nodd,nodd
2026-09-25,boston-ma,urma,21,2026-09-26T01:00:00Z,289.52,3.99,8.46,0.0,2026-09-26T02:00:00Z,nodd,nodd
2026-09-25,boston-ma,urma,22,2026-09-26T02:00:00Z,289.29,4.37,9.78,0.0,2026-09-26T03:00:00Z,nodd,nodd
2026-09-25,boston-ma,urma,23,2026-09-26T03:00:00Z,290.16,5.82,11.19,0.0,2026-09-26T04:00:00Z,nodd,nodd
2026-09-25,riverside-ca,rtma,00,2026-09-25T07:00:00Z,294.89,1.02,1.66,0.0,2026-09-25T08:00:00Z,nodd,nodd
2026-09-25,riverside-ca,rtma,01,2026-09-25T08:00:00Z,294.69,0.56,2.04,0.0,2026-09-25T09:00:00Z,nodd,nodd
2026-09-25,riverside-ca,rtma,02,2026-09-25T09:00:00Z,294.5,0.39,1.34,0.0,2026-09-25T10:00:00Z,nodd,nodd
2026-09-25,riverside-ca,rtma,03,2026-09-25T10:00:00Z,293.91,0.0,1.07,0.0,2026-09-25T11:00:00Z,nodd,nodd
2026-09-25,riverside-ca,rtma,04,2026-09-25T11:00:00Z,293.29,1.2,1.3,0.0,2026-09-25T12:00:00Z,nodd,nodd
2026-09-25,riverside-ca,rtma,05,2026-09-25T12:00:00Z,292.74,1.59,2.25,0.0,2026-09-25T13:00:00Z,nodd,nodd
2026-09-25,riverside-ca,rtma,06,2026-09-25T13:00:00Z,292.5,0.48,2.31,0.0,2026-09-25T14:00:00Z,nodd,nodd
2026-09-25,riverside-ca,rtma,07,2026-09-25T14:00:00Z,292.06,0.0,1.21,0.0,2026-09-25T15:00:00Z,nodd,nodd
2026-09-25,riverside-ca,rtma,08,2026-09-25T15:00:00Z,292.75,0.28,1.26,0.0,2026-09-25T16:00:00Z,nodd,nodd
2026-09-25,riverside-ca,rtma,09,2026-09-25T16:00:00Z,294.96,0.26,1.33,0.0,2026-09-25T17:00:00Z,nodd,nodd
2026-09-25,riverside-ca,rtma,10,2026-09-25T17:00:00Z,297.48,0.25,2.18,0.0,2026-09-25T18:00:00Z,nodd,nodd
2026-09-25,riverside-ca,rtma,11,2026-09-25T18:00:00Z,300.17,0.21,3.85,0.0,2026-09-25T19:00:00Z,nodd,nodd
2026-09-25,riverside-ca,rtma,12,2026-09-25T19:00:00Z,302.42,3.78,7.31,0.0,2026-09-25T20:00:00Z,nodd,nodd
2026-09-25,riverside-ca,rtma,13,2026-09-25T20:00:00Z,304.18,3.35,8.93,0.0,2026-09-25T21:00:00Z,nodd,nodd
2026-09-25,riverside-ca,rtma,14,2026-09-25T21:00:00Z,305.44,3.58,7.24,0.0,2026-09-25T22:00:00Z,nodd,nodd
2026-09-25,riverside-ca,rtma,15,2026-09-25T22:00:00Z,306.1,3.61,7.12,0.0,2026-09-25T23:00:00Z,nodd,nodd
2026-09-25,riverside-ca,rtma,16,2026-09-25T23:00:00Z,306.03,4.25,7.97,0.0,2026-09-26T00:00:00Z,nodd,nodd
2026-09-25,riverside-ca,rtma,17,2026-09-26T00:00:00Z,304.93,4.77,8.16,0.0,2026-09-26T01:00:00Z,nodd,nodd
2026-09-25,riverside-ca,rtma,18,2026-09-26T01:00:00Z,303.38,3.84,8.35,0.0,2026-09-26T02:00:00Z,nodd,nodd
2026-09-25,riverside-ca,rtma,19,2026-09-26T02:00:00Z,301.27,2.49,7.13,0.0,2026-09-26T03:00:00Z,nodd,nodd
2026-09-25,riverside-ca,rtma,20,2026-09-26T03:00:00Z,299.72,2.16,5.0,0.0,2026-09-26T04:00:00Z,nodd,nodd
2026-09-25,riverside-ca,rtma,21,2026-09-26T04:00:00Z,298.64,1.36,1.99,0.0,2026-09-26T05:00:00Z,nodd,nodd
2026-09-25,riverside-ca,rtma,22,2026-09-26T05:00:00Z,297.91,1.34,1.98,0.0,2026-09-26T06:00:00Z,nodd,nodd
2026-09-25,riverside-ca,rtma,23,2026-09-26T06:00:00Z,296.97,0.12,1.31,0.0,2026-09-26T07:00:00Z,nodd,nodd
2026-09-25,riverside-ca,urma,00,2026-09-25T07:00:00Z,295.24,1.07,2.06,0.0,2026-09-25T08:00:00Z,nodd,nodd
2026-09-25,riverside-ca,urma,01,2026-09-25T08:00:00Z,294.81,0.69,1.94,0.0,2026-09-25T09:00:00Z,nodd,nodd
2026-09-25,riverside-ca,urma,02,2026-09-25T09:00:00Z,294.43,0.34,1.42,0.0,2026-09-25T10:00:00Z,nodd,nodd
2026-09-25,riverside-ca,urma,03,2026-09-25T10:00:00Z,293.99,0.0,1.38,0.0,2026-09-25T11:00:00Z,nodd,nodd
2026-09-25,riverside-ca,urma,04,2026-09-25T11:00:00Z,293.34,0.83,1.18,0.0,2026-09-25T12:00:00Z,nodd,nodd
2026-09-25,riverside-ca,urma,05,2026-09-25T12:00:00Z,292.79,1.41,2.23,0.0,2026-09-25T13:00:00Z,nodd,nodd
2026-09-25,riverside-ca,urma,06,2026-09-25T13:00:00Z,292.66,0.48,2.5,0.0,2026-09-25T14:00:00Z,nodd,nodd
2026-09-25,riverside-ca,urma,07,2026-09-25T14:00:00Z,292.19,0.0,1.24,0.0,2026-09-25T15:00:00Z,nodd,nodd
2026-09-25,riverside-ca,urma,08,2026-09-25T15:00:00Z,292.79,0.29,1.22,0.0,2026-09-25T16:00:00Z,nodd,nodd
2026-09-25,riverside-ca,urma,09,2026-09-25T16:00:00Z,294.98,0.22,1.64,0.0,2026-09-25T17:00:00Z,nodd,nodd
2026-09-25,riverside-ca,urma,10,2026-09-25T17:00:00Z,297.55,0.36,2.03,0.0,2026-09-25T18:00:00Z,nodd,nodd
2026-09-25,riverside-ca,urma,11,2026-09-25T18:00:00Z,300.16,0.15,3.39,0.0,2026-09-25T19:00:00Z,nodd,nodd
2026-09-25,riverside-ca,urma,12,2026-09-25T19:00:00Z,302.28,2.61,6.5,0.0,2026-09-25T20:00:00Z,nodd,nodd
2026-09-25,riverside-ca,urma,13,2026-09-25T20:00:00Z,304.19,3.12,8.36,0.0,2026-09-25T21:00:00Z,nodd,nodd
2026-09-25,riverside-ca,urma,14,2026-09-25T21:00:00Z,305.35,3.23,7.2,0.0,2026-09-25T22:00:00Z,nodd,nodd
2026-09-25,riverside-ca,urma,15,2026-09-25T22:00:00Z,306.14,3.4,6.91,0.0,2026-09-25T23:00:00Z,nodd,nodd
2026-09-25,riverside-ca,urma,16,2026-09-25T23:00:00Z,306.03,3.93,7.99,0.0,2026-09-26T00:00:00Z,nodd,nodd
2026-09-25,riverside-ca,urma,17,2026-09-26T00:00:00Z,305.01,3.98,8.01,0.0,2026-09-26T01:00:00Z,nodd,nodd
2026-09-25,riverside-ca,urma,18,2026-09-26T01:00:00Z,303.32,3.94,8.27,0.0,2026-09-26T02:00:00Z,nodd,nodd
2026-09-25,riverside-ca,urma,19,2026-09-26T02:00:00Z,301.14,2.5,7.05,0.0,2026-09-26T03:00:00Z,nodd,nodd
2026-09-25,riverside-ca,urma,20,2026-09-26T03:00:00Z,299.61,2.27,5.02,0.0,2026-09-26T04:00:00Z,nodd,nodd
2026-09-25,riverside-ca,urma,21,2026-09-26T04:00:00Z,298.75,1.25,1.92,0.0,2026-09-26T05:00:00Z,nodd,nodd
2026-09-25,riverside-ca,urma,22,2026-09-26T05:00:00Z,297.99,1.35,1.97,0.0,2026-09-26T06:00:00Z,nodd,nodd
2026-09-25,riverside-ca,urma,23,2026-09-26T06:00:00Z,296.96,0.18,1.22,0.0,2026-09-26T07:00:00Z,nodd,nodd
2026-09-25,san-francisco-ca,rtma,00,2026-09-25T07:00:00Z,289.72,4.59,9.17,0.0,2026-09-25T08:00:00Z,nodd,nodd
2026-09-25,san-francisco-ca,rtma,01,2026-09-25T08:00:00Z,289.45,4.22,8.26,0.0,2026-09-25T09:00:00Z,nodd,nodd
2026-09-25,san-francisco-ca,rtma,02,2026-09-25T09:00:00Z,289.09,4.38,9.88,0.0,2026-09-25T10:00:00Z,nodd,nodd
2026-09-25,san-francisco-ca,rtma,03,2026-09-25T10:00:00Z,289.08,3.7,7.96,0.0,2026-09-25T11:00:00Z,nodd,nodd
2026-09-25,san-francisco-ca,rtma,04,2026-09-25T11:00:00Z,289.43,3.31,6.82,0.0,2026-09-25T12:00:00Z,nodd,nodd
2026-09-25,san-francisco-ca,rtma,05,2026-09-25T12:00:00Z,289.5,2.3,6.31,0.0,2026-09-25T13:00:00Z,nodd,nodd
2026-09-25,san-francisco-ca,rtma,06,2026-09-25T13:00:00Z,289.51,1.84,6.43,0.0,2026-09-25T14:00:00Z,nodd,nodd
2026-09-25,san-francisco-ca,rtma,07,2026-09-25T14:00:00Z,289.25,2.65,5.67,0.0,2026-09-25T15:00:00Z,nodd,nodd
2026-09-25,san-francisco-ca,rtma,08,2026-09-25T15:00:00Z,289.52,2.61,5.25,0.0,2026-09-25T16:00:00Z,nodd,nodd
2026-09-25,san-francisco-ca,rtma,09,2026-09-25T16:00:00Z,290.09,2.79,4.99,0.0,2026-09-25T17:00:00Z,nodd,nodd
2026-09-25,san-francisco-ca,rtma,10,2026-09-25T17:00:00Z,290.29,4.23,6.27,0.0,2026-09-25T18:00:00Z,nodd,nodd
2026-09-25,san-francisco-ca,rtma,11,2026-09-25T18:00:00Z,291.53,3.24,4.25,0.0,2026-09-25T19:00:00Z,nodd,nodd
2026-09-25,san-francisco-ca,rtma,12,2026-09-25T19:00:00Z,292.86,3.35,5.07,0.0,2026-09-25T20:00:00Z,nodd,nodd
2026-09-25,san-francisco-ca,rtma,13,2026-09-25T20:00:00Z,294.08,4.74,5.86,0.0,2026-09-25T21:00:00Z,nodd,nodd
2026-09-25,san-francisco-ca,rtma,14,2026-09-25T21:00:00Z,294.1,5.67,7.72,0.0,2026-09-25T22:00:00Z,nodd,nodd
2026-09-25,san-francisco-ca,rtma,15,2026-09-25T22:00:00Z,293.93,6.25,8.65,0.0,2026-09-25T23:00:00Z,nodd,nodd
2026-09-25,san-francisco-ca,rtma,16,2026-09-25T23:00:00Z,293.84,6.34,8.87,0.0,2026-09-26T00:00:00Z,nodd,nodd
2026-09-25,san-francisco-ca,rtma,17,2026-09-26T00:00:00Z,293.07,6.88,9.52,0.0,2026-09-26T01:00:00Z,nodd,nodd
2026-09-25,san-francisco-ca,rtma,18,2026-09-26T01:00:00Z,291.87,6.92,9.71,0.0,2026-09-26T02:00:00Z,nodd,nodd
2026-09-25,san-francisco-ca,rtma,19,2026-09-26T02:00:00Z,290.0,6.2,9.63,0.0,2026-09-26T03:00:00Z,nodd,nodd
2026-09-25,san-francisco-ca,rtma,20,2026-09-26T03:00:00Z,289.26,5.57,9.15,0.0,2026-09-26T04:00:00Z,nodd,nodd
2026-09-25,san-francisco-ca,rtma,21,2026-09-26T04:00:00Z,288.8,3.7,7.14,0.0,2026-09-26T05:00:00Z,nodd,nodd
2026-09-25,san-francisco-ca,rtma,22,2026-09-26T05:00:00Z,288.04,2.99,7.66,0.0,2026-09-26T06:00:00Z,nodd,nodd
2026-09-25,san-francisco-ca,rtma,23,2026-09-26T06:00:00Z,287.81,3.5,7.04,0.0,2026-09-26T07:00:00Z,nodd,nodd
2026-09-25,san-francisco-ca,urma,00,2026-09-25T07:00:00Z,289.64,4.51,9.24,0.0,2026-09-25T08:00:00Z,nodd,nodd
2026-09-25,san-francisco-ca,urma,01,2026-09-25T08:00:00Z,289.48,4.26,8.22,0.0,2026-09-25T09:00:00Z,nodd,nodd
2026-09-25,san-francisco-ca,urma,02,2026-09-25T09:00:00Z,289.15,4.43,9.5,0.0,2026-09-25T10:00:00Z,nodd,nodd
2026-09-25,san-francisco-ca,urma,03,2026-09-25T10:00:00Z,289.11,3.57,7.87,0.0,2026-09-25T11:00:00Z,nodd,nodd
2026-09-25,san-francisco-ca,urma,04,2026-09-25T11:00:00Z,289.55,3.1,6.82,0.0,2026-09-25T12:00:00Z,nodd,nodd
2026-09-25,san-francisco-ca,urma,05,2026-09-25T12:00:00Z,289.57,2.35,7.22,0.0,2026-09-25T13:00:00Z,nodd,nodd
2026-09-25,san-francisco-ca,urma,06,2026-09-25T13:00:00Z,289.57,1.77,5.93,0.0,2026-09-25T14:00:00Z,nodd,nodd
2026-09-25,san-francisco-ca,urma,07,2026-09-25T14:00:00Z,289.32,2.66,5.42,0.0,2026-09-25T15:00:00Z,nodd,nodd
2026-09-25,san-francisco-ca,urma,08,2026-09-25T15:00:00Z,289.66,2.51,5.32,0.0,2026-09-25T16:00:00Z,nodd,nodd
2026-09-25,san-francisco-ca,urma,09,2026-09-25T16:00:00Z,290.11,2.83,5.25,0.0,2026-09-25T17:00:00Z,nodd,nodd
2026-09-25,san-francisco-ca,urma,10,2026-09-25T17:00:00Z,290.37,4.17,6.05,0.0,2026-09-25T18:00:00Z,nodd,nodd
2026-09-25,san-francisco-ca,urma,11,2026-09-25T18:00:00Z,291.61,3.42,4.99,0.0,2026-09-25T19:00:00Z,nodd,nodd
2026-09-25,san-francisco-ca,urma,12,2026-09-25T19:00:00Z,293.43,3.44,4.98,0.0,2026-09-25T20:00:00Z,nodd,nodd
2026-09-25,san-francisco-ca,urma,13,2026-09-25T20:00:00Z,294.09,4.52,5.98,0.0,2026-09-25T21:00:00Z,nodd,nodd
2026-09-25,san-francisco-ca,urma,14,2026-09-25T21:00:00Z,294.26,5.61,7.15,0.0,2026-09-25T22:00:00Z,nodd,nodd
2026-09-25,san-francisco-ca,urma,15,2026-09-25T22:00:00Z,293.94,6.16,8.27,0.0,2026-09-25T23:00:00Z,nodd,nodd
2026-09-25,san-francisco-ca,urma,16,2026-09-25T23:00:00Z,293.93,6.4,9.02,0.0,2026-09-26T00:00:00Z,nodd,nodd
2026-09-25,san-francisco-ca,urma,17,2026-09-26T00:00:00Z,293.29,6.8,10.09,0.0,2026-09-26T01:00:00Z,nodd,nodd
2026-09-25,san-francisco-ca,urma,18,2026-09-26T01:00:00Z,291.75,7.05,10.11,0.0,2026-09-26T02:00:00Z,nodd,nodd
2026-09-25,san-francisco-ca,urma,19,2026-09-26T02:00:00Z,290.08,6.34,9.63,0.0,2026-09-26T03:00:00Z,nodd,nodd
2026-09-25,san-francisco-ca,urma,20,2026-09-26T03:00:00Z,289.34,5.77,9.32,0.0,2026-09-26T04:00:00Z,nodd,nodd
2026-09-25,san-francisco-ca,urma,21,2026-09-26T04:00:00Z,288.87,3.79,7.18,0.0,2026-09-26T05:00:00Z,nodd,nodd
2026-09-25,san-francisco-ca,urma,22,2026-09-26T05:00:00Z,288.18,2.99,7.51,0.0,2026-09-26T06:00:00Z,nodd,nodd
2026-09-25,san-francisco-ca,urma,23,2026-09-26T06:00:00Z,287.81,3.63,7.86,0.0,2026-09-26T07:00:00Z,nodd,nodd
2026-09-25,detroit-mi,rtma,00,2026-09-25T04:00:00Z,284.85,2.49,5.78,0.0,2026-09-25T05:00:00Z,nodd,nodd
2026-09-25,detroit-mi,rtma,01,2026-09-25T05:00:00Z,284.91,2.1,2.1,0.0,2026-09-25T06:00:00Z,nodd,nodd
2026-09-25,detroit-mi,rtma,02,2026-09-25T06:00:00Z,284.72,1.74,5.08,0.0,2026-09-25T07:00:00Z,nodd,nodd
2026-09-25,detroit-mi,rtma,03,2026-09-25T07:00:00Z,283.92,0.91,5.06,0.0,2026-09-25T08:00:00Z,nodd,nodd
2026-09-25,detroit-mi,rtma,04,2026-09-25T08:00:00Z,282.82,1.3,1.3,0.0,2026-09-25T09:00:00Z,nodd,nodd
2026-09-25,detroit-mi,rtma,05,2026-09-25T09:00:00Z,282.07,1.97,6.73,0.0,2026-09-25T10:00:00Z,nodd,nodd
2026-09-25,detroit-mi,rtma,06,2026-09-25T10:00:00Z,281.34,2.13,2.6,0.0,2026-09-25T11:00:00Z,nodd,nodd
2026-09-25,detroit-mi,rtma,07,2026-09-25T11:00:00Z,281.13,1.99,6.09,0.0,2026-09-25T12:00:00Z,nodd,nodd
2026-09-25,detroit-mi,rtma,08,2026-09-25T12:00:00Z,282.35,2.28,6.79,0.0,2026-09-25T13:00:00Z,nodd,nodd
2026-09-25,detroit-mi,rtma,09,2026-09-25T13:00:00Z,284.29,2.24,2.24,0.0,2026-09-25T14:00:00Z,nodd,nodd
2026-09-25,detroit-mi,rtma,10,2026-09-25T14:00:00Z,286.85,2.9,3.33,0.0,2026-09-25T15:00:00Z,nodd,nodd
2026-09-25,detroit-mi,rtma,11,2026-09-25T15:00:00Z,288.8,2.53,5.18,0.0,2026-09-25T16:00:00Z,nodd,nodd
2026-09-25,detroit-mi,rtma,12,2026-09-25T16:00:00Z,291.0,3.54,3.67,0.0,2026-09-25T17:00:00Z,nodd,nodd
2026-09-25,detroit-mi,rtma,13,2026-09-25T17:00:00Z,291.96,3.32,5.84,0.0,2026-09-25T18:00:00Z,nodd,nodd
2026-09-25,detroit-mi,rtma,14,2026-09-25T18:00:00Z,292.33,3.56,3.62,0.0,2026-09-25T19:00:00Z,nodd,nodd
2026-09-25,detroit-mi,rtma,15,2026-09-25T19:00:00Z,292.84,3.62,3.67,0.0,2026-09-25T20:00:00Z,nodd,nodd
2026-09-25,detroit-mi,rtma,16,2026-09-25T20:00:00Z,293.07,3.26,3.81,0.0,2026-09-25T21:00:00Z,nodd,nodd
2026-09-25,detroit-mi,rtma,17,2026-09-25T21:00:00Z,292.23,3.93,4.4,0.0,2026-09-25T22:00:00Z,nodd,nodd
2026-09-25,detroit-mi,rtma,18,2026-09-25T22:00:00Z,291.69,3.68,4.14,0.0,2026-09-25T23:00:00Z,nodd,nodd
2026-09-25,detroit-mi,rtma,19,2026-09-25T23:00:00Z,290.45,2.55,4.06,0.0,2026-09-26T00:00:00Z,nodd,nodd
2026-09-25,detroit-mi,rtma,20,2026-09-26T00:00:00Z,288.56,2.44,7.86,0.0,2026-09-26T01:00:00Z,nodd,nodd
2026-09-25,detroit-mi,rtma,21,2026-09-26T01:00:00Z,287.38,3.03,7.95,0.0,2026-09-26T02:00:00Z,nodd,nodd
2026-09-25,detroit-mi,rtma,22,2026-09-26T02:00:00Z,287.03,2.15,4.24,0.0,2026-09-26T03:00:00Z,nodd,nodd
2026-09-25,detroit-mi,rtma,23,2026-09-26T03:00:00Z,285.92,1.81,5.57,0.0,2026-09-26T04:00:00Z,nodd,nodd
2026-09-25,detroit-mi,urma,00,2026-09-25T04:00:00Z,284.94,2.41,5.73,0.0,2026-09-25T05:00:00Z,nodd,nodd
2026-09-25,detroit-mi,urma,01,2026-09-25T05:00:00Z,285.0,2.2,3.04,0.0,2026-09-25T06:00:00Z,nodd,nodd
2026-09-25,detroit-mi,urma,02,2026-09-25T06:00:00Z,284.76,1.73,5.13,0.0,2026-09-25T07:00:00Z,nodd,nodd
2026-09-25,detroit-mi,urma,03,2026-09-25T07:00:00Z,284.06,0.96,4.63,0.0,2026-09-25T08:00:00Z,nodd,nodd
2026-09-25,detroit-mi,urma,04,2026-09-25T08:00:00Z,282.91,1.36,1.36,0.0,2026-09-25T09:00:00Z,nodd,nodd
2026-09-25,detroit-mi,urma,05,2026-09-25T09:00:00Z,282.1,2.12,6.55,0.0,2026-09-25T10:00:00Z,nodd,nodd
2026-09-25,detroit-mi,urma,06,2026-09-25T10:00:00Z,281.33,2.15,3.11,0.0,2026-09-25T11:00:00Z,nodd,nodd
2026-09-25,detroit-mi,urma,07,2026-09-25T11:00:00Z,281.17,2.03,5.53,0.0,2026-09-25T12:00:00Z,nodd,nodd
2026-09-25,detroit-mi,urma,08,2026-09-25T12:00:00Z,282.46,2.26,6.6,0.0,2026-09-25T13:00:00Z,nodd,nodd
2026-09-25,detroit-mi,urma,09,2026-09-25T13:00:00Z,284.48,2.25,2.56,0.0,2026-09-25T14:00:00Z,nodd,nodd
2026-09-25,detroit-mi,urma,10,2026-09-25T14:00:00Z,286.95,3.01,3.55,0.0,2026-09-25T15:00:00Z,nodd,nodd
2026-09-25,detroit-mi,urma,11,2026-09-25T15:00:00Z,288.84,2.49,5.23,0.0,2026-09-25T16:00:00Z,nodd,nodd
2026-09-25,detroit-mi,urma,12,2026-09-25T16:00:00Z,291.02,3.55,4.17,0.0,2026-09-25T17:00:00Z,nodd,nodd
2026-09-25,detroit-mi,urma,13,2026-09-25T17:00:00Z,292.01,3.34,5.93,0.0,2026-09-25T18:00:00Z,nodd,nodd
2026-09-25,detroit-mi,urma,14,2026-09-25T18:00:00Z,292.37,3.58,4.1,0.0,2026-09-25T19:00:00Z,nodd,nodd
2026-09-25,detroit-mi,urma,15,2026-09-25T19:00:00Z,292.83,3.58,3.94,0.0,2026-09-25T20:00:00Z,nodd,nodd
2026-09-25,detroit-mi,urma,16,2026-09-25T20:00:00Z,293.02,3.36,3.86,0.0,2026-09-25T21:00:00Z,nodd,nodd
2026-09-25,detroit-mi,urma,17,2026-09-25T21:00:00Z,292.15,4.04,4.61,0.0,2026-09-25T22:00:00Z,nodd,nodd
2026-09-25,detroit-mi,urma,18,2026-09-25T22:00:00Z,291.65,3.59,4.0,0.0,2026-09-25T23:00:00Z,nodd,nodd
2026-09-25,detroit-mi,urma,19,2026-09-25T23:00:00Z,290.41,2.59,3.96,0.0,2026-09-26T00:00:00Z,nodd,nodd
2026-09-25,detroit-mi,urma,20,2026-09-26T00:00:00Z,288.64,2.33,6.36,0.0,2026-09-26T01:00:00Z,nodd,nodd
2026-09-25,detroit-mi,urma,21,2026-09-26T01:00:00Z,287.74,3.07,7.15,0.0,2026-09-26T02:00:00Z,nodd,nodd
2026-09-25,detroit-mi,urma,22,2026-09-26T02:00:00Z,287.09,2.11,4.1,0.0,2026-09-26T03:00:00Z,nodd,nodd
2026-09-25,detroit-mi,urma,23,2026-09-26T03:00:00Z,285.99,1.85,5.66,0.0,2026-09-26T04:00:00Z,nodd,nodd
2026-09-25,seattle-wa,rtma,00,2026-09-25T07:00:00Z,286.18,1.8,3.35,1.5,2026-09-25T08:00:00Z,nodd,nodd
2026-09-25,seattle-wa,rtma,01,2026-09-25T08:00:00Z,286.31,1.02,1.66,0.0,2026-09-25T09:00:00Z,nodd,nodd
2026-09-25,seattle-wa,rtma,02,2026-09-25T09:00:00Z,286.69,0.3,0.9,0.0,2026-09-25T10:00:00Z,nodd,nodd
2026-09-25,seattle-wa,rtma,03,2026-09-25T10:00:00Z,286.2,0.88,2.43,0.0,2026-09-25T11:00:00Z,nodd,nodd
2026-09-25,seattle-wa,rtma,04,2026-09-25T11:00:00Z,286.09,1.09,1.09,0.0,2026-09-25T12:00:00Z,nodd,nodd
2026-09-25,seattle-wa,rtma,05,2026-09-25T12:00:00Z,286.47,0.31,1.41,0.0,2026-09-25T13:00:00Z,nodd,nodd
2026-09-25,seattle-wa,rtma,06,2026-09-25T13:00:00Z,286.83,1.23,1.93,0.0,2026-09-25T14:00:00Z,nodd,nodd
2026-09-25,seattle-wa,rtma,07,2026-09-25T14:00:00Z,287.22,2.51,3.0,0.046875,2026-09-25T15:00:00Z,nodd,nodd
2026-09-25,seattle-wa,rtma,08,2026-09-25T15:00:00Z,287.15,1.64,3.39,0.0,2026-09-25T16:00:00Z,nodd,nodd
2026-09-25,seattle-wa,rtma,09,2026-09-25T16:00:00Z,288.29,2.5,7.52,0.25,2026-09-25T17:00:00Z,nodd,nodd
2026-09-25,seattle-wa,rtma,10,2026-09-25T17:00:00Z,289.62,7.15,10.95,0.171875,2026-09-25T18:00:00Z,nodd,nodd
2026-09-25,seattle-wa,rtma,11,2026-09-25T18:00:00Z,288.37,5.52,9.38,0.3125,2026-09-25T19:00:00Z,nodd,nodd
2026-09-25,seattle-wa,rtma,12,2026-09-25T19:00:00Z,285.49,5.34,10.34,0.0,2026-09-25T20:00:00Z,nodd,nodd
2026-09-25,seattle-wa,rtma,13,2026-09-25T20:00:00Z,287.08,3.69,6.53,0.34375,2026-09-25T21:00:00Z,nodd,nodd
2026-09-25,seattle-wa,rtma,14,2026-09-25T21:00:00Z,287.34,2.38,5.82,5.640625,2026-09-25T22:00:00Z,nodd,nodd
2026-09-25,seattle-wa,rtma,15,2026-09-25T22:00:00Z,285.32,1.75,3.84,2.71875,2026-09-25T23:00:00Z,nodd,nodd
2026-09-25,seattle-wa,rtma,16,2026-09-25T23:00:00Z,285.29,2.04,5.9,0.6875,2026-09-26T00:00:00Z,nodd,nodd
2026-09-25,seattle-wa,rtma,17,2026-09-26T00:00:00Z,285.83,3.6,4.66,0.0,2026-09-26T01:00:00Z,nodd,nodd
2026-09-25,seattle-wa,rtma,18,2026-09-26T01:00:00Z,287.06,2.61,5.34,0.0,2026-09-26T02:00:00Z,nodd,nodd
2026-09-25,seattle-wa,rtma,19,2026-09-26T02:00:00Z,286.54,3.94,6.44,0.0,2026-09-26T03:00:00Z,nodd,nodd
2026-09-25,seattle-wa,rtma,20,2026-09-26T03:00:00Z,286.14,4.33,8.23,0.0,2026-09-26T04:00:00Z,nodd,nodd
2026-09-25,seattle-wa,rtma,21,2026-09-26T04:00:00Z,285.69,3.95,6.37,0.0,2026-09-26T05:00:00Z,nodd,nodd
2026-09-25,seattle-wa,rtma,22,2026-09-26T05:00:00Z,284.78,3.16,5.27,0.0,2026-09-26T06:00:00Z,nodd,nodd
2026-09-25,seattle-wa,rtma,23,2026-09-26T06:00:00Z,284.73,4.17,4.17,0.0,2026-09-26T07:00:00Z,nodd,nodd
2026-09-25,seattle-wa,urma,00,2026-09-25T07:00:00Z,286.28,1.71,2.75,1.625,2026-09-25T08:00:00Z,nodd,nodd
2026-09-25,seattle-wa,urma,01,2026-09-25T08:00:00Z,286.38,1.03,1.03,0.0,2026-09-25T09:00:00Z,nodd,nodd
2026-09-25,seattle-wa,urma,02,2026-09-25T09:00:00Z,286.52,0.23,0.92,0.0,2026-09-25T10:00:00Z,nodd,nodd
2026-09-25,seattle-wa,urma,03,2026-09-25T10:00:00Z,286.2,0.88,2.72,0.0,2026-09-25T11:00:00Z,nodd,nodd
2026-09-25,seattle-wa,urma,04,2026-09-25T11:00:00Z,285.95,1.02,1.02,0.0,2026-09-25T12:00:00Z,nodd,nodd
2026-09-25,seattle-wa,urma,05,2026-09-25T12:00:00Z,286.48,0.37,1.77,0.015625,2026-09-25T13:00:00Z,nodd,nodd
2026-09-25,seattle-wa,urma,06,2026-09-25T13:00:00Z,286.87,1.22,2.02,0.015625,2026-09-25T14:00:00Z,nodd,nodd
2026-09-25,seattle-wa,urma,07,2026-09-25T14:00:00Z,287.11,2.34,2.34,0.203125,2026-09-25T15:00:00Z,nodd,nodd
2026-09-25,seattle-wa,urma,08,2026-09-25T15:00:00Z,287.09,1.41,3.09,0.015625,2026-09-25T16:00:00Z,nodd,nodd
2026-09-25,seattle-wa,urma,09,2026-09-25T16:00:00Z,288.26,2.41,4.85,0.007812,2026-09-25T17:00:00Z,nodd,nodd
2026-09-25,seattle-wa,urma,10,2026-09-25T17:00:00Z,290.13,7.18,10.58,0.96875,2026-09-25T18:00:00Z,nodd,nodd
2026-09-25,seattle-wa,urma,11,2026-09-25T18:00:00Z,288.47,5.64,9.02,0.71875,2026-09-25T19:00:00Z,nodd,nodd
2026-09-25,seattle-wa,urma,12,2026-09-25T19:00:00Z,285.53,5.02,9.88,0.0,2026-09-25T20:00:00Z,nodd,nodd
2026-09-25,seattle-wa,urma,13,2026-09-25T20:00:00Z,287.08,3.83,5.82,0.3125,2026-09-25T21:00:00Z,nodd,nodd
2026-09-25,seattle-wa,urma,14,2026-09-25T21:00:00Z,287.35,2.83,6.2,4.6875,2026-09-25T22:00:00Z,nodd,nodd
2026-09-25,seattle-wa,urma,15,2026-09-25T22:00:00Z,285.37,1.76,3.05,2.546875,2026-09-25T23:00:00Z,nodd,nodd
2026-09-25,seattle-wa,urma,16,2026-09-25T23:00:00Z,285.27,1.84,4.46,1.46875,2026-09-26T00:00:00Z,nodd,nodd
2026-09-25,seattle-wa,urma,17,2026-09-26T00:00:00Z,286.08,3.5,4.76,0.0,2026-09-26T01:00:00Z,nodd,nodd
2026-09-25,seattle-wa,urma,18,2026-09-26T01:00:00Z,286.97,2.36,4.97,0.0,2026-09-26T02:00:00Z,nodd,nodd
2026-09-25,seattle-wa,urma,19,2026-09-26T02:00:00Z,286.52,3.81,6.68,0.0,2026-09-26T03:00:00Z,nodd,nodd
2026-09-25,seattle-wa,urma,20,2026-09-26T03:00:00Z,286.29,4.31,11.76,0.0,2026-09-26T04:00:00Z,nodd,nodd
2026-09-25,seattle-wa,urma,21,2026-09-26T04:00:00Z,285.66,3.97,5.98,0.0,2026-09-26T05:00:00Z,nodd,nodd
2026-09-25,seattle-wa,urma,22,2026-09-26T05:00:00Z,284.75,3.34,5.1,0.0,2026-09-26T06:00:00Z,nodd,nodd
2026-09-25,seattle-wa,urma,23,2026-09-26T06:00:00Z,284.77,4.57,4.57,0.0,2026-09-26T07:00:00Z,nodd,nodd
2026-09-25,minneapolis-mn,rtma,00,2026-09-25T05:00:00Z,288.13,1.87,3.14,0.0,2026-09-25T06:00:00Z,nodd,nodd
2026-09-25,minneapolis-mn,rtma,01,2026-09-25T06:00:00Z,288.14,1.91,4.42,0.0,2026-09-25T07:00:00Z,nodd,nodd
2026-09-25,minneapolis-mn,rtma,02,2026-09-25T07:00:00Z,288.21,1.61,3.62,0.0,2026-09-25T08:00:00Z,nodd,nodd
2026-09-25,minneapolis-mn,rtma,03,2026-09-25T08:00:00Z,288.12,0.88,1.75,0.0,2026-09-25T09:00:00Z,nodd,nodd
2026-09-25,minneapolis-mn,rtma,04,2026-09-25T09:00:00Z,288.12,0.92,2.59,0.0,2026-09-25T10:00:00Z,nodd,nodd
2026-09-25,minneapolis-mn,rtma,05,2026-09-25T10:00:00Z,288.03,1.94,2.69,0.0,2026-09-25T11:00:00Z,nodd,nodd
2026-09-25,minneapolis-mn,rtma,06,2026-09-25T11:00:00Z,288.02,2.21,2.86,0.0,2026-09-25T12:00:00Z,nodd,nodd
2026-09-25,minneapolis-mn,rtma,07,2026-09-25T12:00:00Z,288.03,1.68,2.83,0.0,2026-09-25T13:00:00Z,nodd,nodd
2026-09-25,minneapolis-mn,rtma,08,2026-09-25T13:00:00Z,288.15,1.57,3.18,0.0,2026-09-25T14:00:00Z,nodd,nodd
2026-09-25,minneapolis-mn,rtma,09,2026-09-25T14:00:00Z,288.73,2.07,3.55,0.0,2026-09-25T15:00:00Z,nodd,nodd
2026-09-25,minneapolis-mn,rtma,10,2026-09-25T15:00:00Z,290.06,2.18,3.39,0.0,2026-09-25T16:00:00Z,nodd,nodd
2026-09-25,minneapolis-mn,rtma,11,2026-09-25T16:00:00Z,291.19,2.93,4.31,0.0,2026-09-25T17:00:00Z,nodd,nodd
2026-09-25,minneapolis-mn,rtma,12,2026-09-25T17:00:00Z,292.03,2.71,5.03,0.0,2026-09-25T18:00:00Z,nodd,nodd
2026-09-25,minneapolis-mn,rtma,13,2026-09-25T18:00:00Z,292.95,2.57,4.79,0.0,2026-09-25T19:00:00Z,nodd,nodd
2026-09-25,minneapolis-mn,rtma,14,2026-09-25T19:00:00Z,293.44,2.92,4.84,0.0,2026-09-25T20:00:00Z,nodd,nodd
2026-09-25,minneapolis-mn,rtma,15,2026-09-25T20:00:00Z,293.88,3.11,5.06,0.0,2026-09-25T21:00:00Z,nodd,nodd
2026-09-25,minneapolis-mn,rtma,16,2026-09-25T21:00:00Z,294.35,3.23,5.06,0.0,2026-09-25T22:00:00Z,nodd,nodd
2026-09-25,minneapolis-mn,rtma,17,2026-09-25T22:00:00Z,293.97,3.51,5.07,0.0,2026-09-25T23:00:00Z,nodd,nodd
2026-09-25,minneapolis-mn,rtma,18,2026-09-25T23:00:00Z,293.41,3.04,4.64,0.0,2026-09-26T00:00:00Z,nodd,nodd
2026-09-25,minneapolis-mn,rtma,19,2026-09-26T00:00:00Z,292.92,3.21,3.45,0.0,2026-09-26T01:00:00Z,nodd,nodd
2026-09-25,minneapolis-mn,rtma,20,2026-09-26T01:00:00Z,292.4,2.58,4.77,0.0,2026-09-26T02:00:00Z,nodd,nodd
2026-09-25,minneapolis-mn,rtma,21,2026-09-26T02:00:00Z,291.25,2.01,3.19,0.0,2026-09-26T03:00:00Z,nodd,nodd
2026-09-25,minneapolis-mn,rtma,22,2026-09-26T03:00:00Z,290.27,1.7,3.16,0.0,2026-09-26T04:00:00Z,nodd,nodd
2026-09-25,minneapolis-mn,rtma,23,2026-09-26T04:00:00Z,290.4,2.05,2.95,0.0,2026-09-26T05:00:00Z,nodd,nodd
2026-09-25,minneapolis-mn,urma,00,2026-09-25T05:00:00Z,288.13,1.83,3.39,0.0,2026-09-25T06:00:00Z,nodd,nodd
2026-09-25,minneapolis-mn,urma,01,2026-09-25T06:00:00Z,288.13,1.81,4.38,0.0,2026-09-25T07:00:00Z,nodd,nodd
2026-09-25,minneapolis-mn,urma,02,2026-09-25T07:00:00Z,288.13,1.56,3.84,0.0,2026-09-25T08:00:00Z,nodd,nodd
2026-09-25,minneapolis-mn,urma,03,2026-09-25T08:00:00Z,288.11,0.81,1.79,0.0,2026-09-25T09:00:00Z,nodd,nodd
2026-09-25,minneapolis-mn,urma,04,2026-09-25T09:00:00Z,288.12,0.9,2.68,0.0,2026-09-25T10:00:00Z,nodd,nodd
2026-09-25,minneapolis-mn,urma,05,2026-09-25T10:00:00Z,288.02,1.99,2.8,0.0,2026-09-25T11:00:00Z,nodd,nodd
2026-09-25,minneapolis-mn,urma,06,2026-09-25T11:00:00Z,288.01,2.2,2.96,0.0,2026-09-25T12:00:00Z,nodd,nodd
2026-09-25,minneapolis-mn,urma,07,2026-09-25T12:00:00Z,288.03,1.73,2.89,0.0,2026-09-25T13:00:00Z,nodd,nodd
2026-09-25,minneapolis-mn,urma,08,2026-09-25T13:00:00Z,288.02,1.47,3.24,0.0,2026-09-25T14:00:00Z,nodd,nodd
2026-09-25,minneapolis-mn,urma,09,2026-09-25T14:00:00Z,288.71,2.1,3.66,0.0,2026-09-25T15:00:00Z,nodd,nodd
2026-09-25,minneapolis-mn,urma,10,2026-09-25T15:00:00Z,290.05,2.37,3.46,0.0,2026-09-25T16:00:00Z,nodd,nodd
2026-09-25,minneapolis-mn,urma,11,2026-09-25T16:00:00Z,291.18,2.8,4.43,0.0,2026-09-25T17:00:00Z,nodd,nodd
2026-09-25,minneapolis-mn,urma,12,2026-09-25T17:00:00Z,292.02,2.67,5.06,0.0,2026-09-25T18:00:00Z,nodd,nodd
2026-09-25,minneapolis-mn,urma,13,2026-09-25T18:00:00Z,292.92,2.5,4.81,0.0,2026-09-25T19:00:00Z,nodd,nodd
2026-09-25,minneapolis-mn,urma,14,2026-09-25T19:00:00Z,293.43,2.92,4.92,0.0,2026-09-25T20:00:00Z,nodd,nodd
2026-09-25,minneapolis-mn,urma,15,2026-09-25T20:00:00Z,293.87,3.31,5.11,0.0,2026-09-25T21:00:00Z,nodd,nodd
2026-09-25,minneapolis-mn,urma,16,2026-09-25T21:00:00Z,294.35,3.41,5.13,0.0,2026-09-25T22:00:00Z,nodd,nodd
2026-09-25,minneapolis-mn,urma,17,2026-09-25T22:00:00Z,293.96,3.64,5.05,0.0,2026-09-25T23:00:00Z,nodd,nodd
2026-09-25,minneapolis-mn,urma,18,2026-09-25T23:00:00Z,293.39,3.01,4.77,0.0,2026-09-26T00:00:00Z,nodd,nodd
2026-09-25,minneapolis-mn,urma,19,2026-09-26T00:00:00Z,292.91,3.21,3.55,0.0,2026-09-26T01:00:00Z,nodd,nodd
2026-09-25,minneapolis-mn,urma,20,2026-09-26T01:00:00Z,292.55,2.68,4.71,0.0,2026-09-26T02:00:00Z,nodd,nodd
2026-09-25,minneapolis-mn,urma,21,2026-09-26T02:00:00Z,291.26,1.99,3.34,0.0,2026-09-26T03:00:00Z,nodd,nodd
2026-09-25,minneapolis-mn,urma,22,2026-09-26T03:00:00Z,290.28,1.88,3.24,0.0,2026-09-26T04:00:00Z,nodd,nodd
2026-09-25,minneapolis-mn,urma,23,2026-09-26T04:00:00Z,290.37,2.0,3.1,0.0,2026-09-26T05:00:00Z,nodd,nodd
2026-09-25,tampa-fl,rtma,00,2026-09-25T04:00:00Z,296.71,3.39,9.42,0.0,2026-09-25T05:00:00Z,nodd,nodd
2026-09-25,tampa-fl,rtma,01,2026-09-25T05:00:00Z,296.08,3.5,8.79,0.0,2026-09-25T06:00:00Z,nodd,nodd
2026-09-25,tampa-fl,rtma,02,2026-09-25T06:00:00Z,295.69,4.31,9.51,0.0,2026-09-25T07:00:00Z,nodd,nodd
2026-09-25,tampa-fl,rtma,03,2026-09-25T07:00:00Z,295.25,3.43,8.06,0.0,2026-09-25T08:00:00Z,nodd,nodd
2026-09-25,tampa-fl,rtma,04,2026-09-25T08:00:00Z,294.62,3.8,7.52,0.0,2026-09-25T09:00:00Z,nodd,nodd
2026-09-25,tampa-fl,rtma,05,2026-09-25T09:00:00Z,294.32,2.82,8.08,0.0,2026-09-25T10:00:00Z,nodd,nodd
2026-09-25,tampa-fl,rtma,06,2026-09-25T10:00:00Z,294.16,3.27,9.15,0.0,2026-09-25T11:00:00Z,nodd,nodd
2026-09-25,tampa-fl,rtma,07,2026-09-25T11:00:00Z,294.3,3.98,7.92,0.0,2026-09-25T12:00:00Z,nodd,nodd
2026-09-25,tampa-fl,rtma,08,2026-09-25T12:00:00Z,294.19,3.29,7.36,0.0,2026-09-25T13:00:00Z,nodd,nodd
2026-09-25,tampa-fl,rtma,09,2026-09-25T13:00:00Z,294.63,4.22,8.27,0.0,2026-09-25T14:00:00Z,nodd,nodd
2026-09-25,tampa-fl,rtma,10,2026-09-25T14:00:00Z,295.25,3.39,6.83,0.0,2026-09-25T15:00:00Z,nodd,nodd
2026-09-25,tampa-fl,rtma,11,2026-09-25T15:00:00Z,296.74,3.82,6.44,0.0,2026-09-25T16:00:00Z,nodd,nodd
2026-09-25,tampa-fl,rtma,12,2026-09-25T16:00:00Z,297.49,2.81,5.87,0.0,2026-09-25T17:00:00Z,nodd,nodd
2026-09-25,tampa-fl,rtma,13,2026-09-25T17:00:00Z,299.19,2.44,4.36,0.0,2026-09-25T18:00:00Z,nodd,nodd
2026-09-25,tampa-fl,rtma,14,2026-09-25T18:00:00Z,300.49,2.5,4.81,0.0,2026-09-25T19:00:00Z,nodd,nodd
2026-09-25,tampa-fl,rtma,15,2026-09-25T19:00:00Z,301.01,2.3,3.74,0.0,2026-09-25T20:00:00Z,nodd,nodd
2026-09-25,tampa-fl,rtma,16,2026-09-25T20:00:00Z,301.23,2.55,4.14,0.0,2026-09-25T21:00:00Z,nodd,nodd
2026-09-25,tampa-fl,rtma,17,2026-09-25T21:00:00Z,301.35,3.13,4.52,0.0,2026-09-25T22:00:00Z,nodd,nodd
2026-09-25,tampa-fl,rtma,18,2026-09-25T22:00:00Z,300.73,3.6,4.85,0.0,2026-09-25T23:00:00Z,nodd,nodd
2026-09-25,tampa-fl,rtma,19,2026-09-25T23:00:00Z,299.58,3.39,5.79,0.0,2026-09-26T00:00:00Z,nodd,nodd
2026-09-25,tampa-fl,rtma,20,2026-09-26T00:00:00Z,298.03,2.55,5.41,0.0,2026-09-26T01:00:00Z,nodd,nodd
2026-09-25,tampa-fl,rtma,21,2026-09-26T01:00:00Z,297.1,2.88,7.25,0.0,2026-09-26T02:00:00Z,nodd,nodd
2026-09-25,tampa-fl,rtma,22,2026-09-26T02:00:00Z,296.26,2.87,6.91,0.0,2026-09-26T03:00:00Z,nodd,nodd
2026-09-25,tampa-fl,rtma,23,2026-09-26T03:00:00Z,295.24,3.35,7.84,0.0,2026-09-26T04:00:00Z,nodd,nodd
2026-09-25,tampa-fl,urma,00,2026-09-25T04:00:00Z,296.71,3.27,8.45,0.0,2026-09-25T05:00:00Z,nodd,nodd
2026-09-25,tampa-fl,urma,01,2026-09-25T05:00:00Z,296.08,3.47,7.97,0.0,2026-09-25T06:00:00Z,nodd,nodd
2026-09-25,tampa-fl,urma,02,2026-09-25T06:00:00Z,295.69,4.24,9.3,0.0,2026-09-25T07:00:00Z,nodd,nodd
2026-09-25,tampa-fl,urma,03,2026-09-25T07:00:00Z,295.2,3.54,8.14,0.0,2026-09-25T08:00:00Z,nodd,nodd
2026-09-25,tampa-fl,urma,04,2026-09-25T08:00:00Z,294.61,3.73,6.96,0.0,2026-09-25T09:00:00Z,nodd,nodd
2026-09-25,tampa-fl,urma,05,2026-09-25T09:00:00Z,294.35,2.86,8.69,0.0,2026-09-25T10:00:00Z,nodd,nodd
2026-09-25,tampa-fl,urma,06,2026-09-25T10:00:00Z,294.13,3.39,9.02,0.0,2026-09-25T11:00:00Z,nodd,nodd
2026-09-25,tampa-fl,urma,07,2026-09-25T11:00:00Z,294.28,4.23,8.32,0.0,2026-09-25T12:00:00Z,nodd,nodd
2026-09-25,tampa-fl,urma,08,2026-09-25T12:00:00Z,294.19,3.33,6.92,0.0,2026-09-25T13:00:00Z,nodd,nodd
2026-09-25,tampa-fl,urma,09,2026-09-25T13:00:00Z,294.66,4.35,8.38,0.0,2026-09-25T14:00:00Z,nodd,nodd
2026-09-25,tampa-fl,urma,10,2026-09-25T14:00:00Z,295.19,3.46,7.22,0.0,2026-09-25T15:00:00Z,nodd,nodd
2026-09-25,tampa-fl,urma,11,2026-09-25T15:00:00Z,296.62,4.05,7.09,0.0,2026-09-25T16:00:00Z,nodd,nodd
2026-09-25,tampa-fl,urma,12,2026-09-25T16:00:00Z,297.58,2.62,5.28,0.0,2026-09-25T17:00:00Z,nodd,nodd
2026-09-25,tampa-fl,urma,13,2026-09-25T17:00:00Z,299.11,2.5,5.26,0.0,2026-09-25T18:00:00Z,nodd,nodd
2026-09-25,tampa-fl,urma,14,2026-09-25T18:00:00Z,300.45,2.38,3.87,0.0,2026-09-25T19:00:00Z,nodd,nodd
2026-09-25,tampa-fl,urma,15,2026-09-25T19:00:00Z,300.68,2.31,3.62,0.0,2026-09-25T20:00:00Z,nodd,nodd
2026-09-25,tampa-fl,urma,16,2026-09-25T20:00:00Z,301.19,2.39,3.9,0.0,2026-09-25T21:00:00Z,nodd,nodd
2026-09-25,tampa-fl,urma,17,2026-09-25T21:00:00Z,301.52,3.07,4.12,0.0,2026-09-25T22:00:00Z,nodd,nodd
2026-09-25,tampa-fl,urma,18,2026-09-25T22:00:00Z,300.77,3.57,4.97,0.0,2026-09-25T23:00:00Z,nodd,nodd
2026-09-25,tampa-fl,urma,19,2026-09-25T23:00:00Z,299.56,3.58,5.82,0.0,2026-09-26T00:00:00Z,nodd,nodd
2026-09-25,tampa-fl,urma,20,2026-09-26T00:00:00Z,298.13,2.52,5.88,0.0,2026-09-26T01:00:00Z,nodd,nodd
2026-09-25,tampa-fl,urma,21,2026-09-26T01:00:00Z,297.13,2.91,6.97,0.0,2026-09-26T02:00:00Z,nodd,nodd
2026-09-25,tampa-fl,urma,22,2026-09-26T02:00:00Z,296.23,2.95,6.56,0.0,2026-09-26T03:00:00Z,nodd,nodd
2026-09-25,tampa-fl,urma,23,2026-09-26T03:00:00Z,295.26,3.4,7.82,0.0,2026-09-26T04:00:00Z,nodd,nodd
2026-09-25,san-diego-ca,rtma,00,2026-09-25T07:00:00Z,293.67,1.07,2.9,0.0,2026-09-25T08:00:00Z,nodd,nodd
2026-09-25,san-diego-ca,rtma,01,2026-09-25T08:00:00Z,293.11,0.65,2.42,0.0,2026-09-25T09:00:00Z,nodd,nodd
2026-09-25,san-diego-ca,rtma,02,2026-09-25T09:00:00Z,292.7,0.79,2.22,0.0,2026-09-25T10:00:00Z,nodd,nodd
2026-09-25,san-diego-ca,rtma,03,2026-09-25T10:00:00Z,292.79,1.53,1.55,0.0,2026-09-25T11:00:00Z,nodd,nodd
2026-09-25,san-diego-ca,rtma,04,2026-09-25T11:00:00Z,293.12,1.62,2.48,0.0,2026-09-25T12:00:00Z,nodd,nodd
2026-09-25,san-diego-ca,rtma,05,2026-09-25T12:00:00Z,293.43,1.33,2.73,0.0,2026-09-25T13:00:00Z,nodd,nodd
2026-09-25,san-diego-ca,rtma,06,2026-09-25T13:00:00Z,293.39,1.44,3.3,0.0,2026-09-25T14:00:00Z,nodd,nodd
2026-09-25,san-diego-ca,rtma,07,2026-09-25T14:00:00Z,293.12,1.75,3.89,0.0,2026-09-25T15:00:00Z,nodd,nodd
2026-09-25,san-diego-ca,rtma,08,2026-09-25T15:00:00Z,293.33,1.76,3.82,0.0,2026-09-25T16:00:00Z,nodd,nodd
2026-09-25,san-diego-ca,rtma,09,2026-09-25T16:00:00Z,294.96,1.93,3.27,0.0,2026-09-25T17:00:00Z,nodd,nodd
2026-09-25,san-diego-ca,rtma,10,2026-09-25T17:00:00Z,297.76,0.84,2.44,0.0,2026-09-25T18:00:00Z,nodd,nodd
2026-09-25,san-diego-ca,rtma,11,2026-09-25T18:00:00Z,299.87,2.83,4.33,0.0,2026-09-25T19:00:00Z,nodd,nodd
2026-09-25,san-diego-ca,rtma,12,2026-09-25T19:00:00Z,300.31,4.58,6.11,0.0,2026-09-25T20:00:00Z,nodd,nodd
2026-09-25,san-diego-ca,rtma,13,2026-09-25T20:00:00Z,299.74,5.19,7.67,0.0,2026-09-25T21:00:00Z,nodd,nodd
2026-09-25,san-diego-ca,rtma,14,2026-09-25T21:00:00Z,299.54,5.02,7.81,0.0,2026-09-25T22:00:00Z,nodd,nodd
2026-09-25,san-diego-ca,rtma,15,2026-09-25T22:00:00Z,298.78,4.89,7.02,0.0,2026-09-25T23:00:00Z,nodd,nodd
2026-09-25,san-diego-ca,rtma,16,2026-09-25T23:00:00Z,298.79,4.71,7.03,0.0,2026-09-26T00:00:00Z,nodd,nodd
2026-09-25,san-diego-ca,rtma,17,2026-09-26T00:00:00Z,297.59,4.12,6.57,0.0,2026-09-26T01:00:00Z,nodd,nodd
2026-09-25,san-diego-ca,rtma,18,2026-09-26T01:00:00Z,296.43,3.55,5.1,0.0,2026-09-26T02:00:00Z,nodd,nodd
2026-09-25,san-diego-ca,rtma,19,2026-09-26T02:00:00Z,295.02,2.75,4.05,0.0,2026-09-26T03:00:00Z,nodd,nodd
2026-09-25,san-diego-ca,rtma,20,2026-09-26T03:00:00Z,294.91,2.68,4.11,0.0,2026-09-26T04:00:00Z,nodd,nodd
2026-09-25,san-diego-ca,rtma,21,2026-09-26T04:00:00Z,294.69,1.87,3.91,0.0,2026-09-26T05:00:00Z,nodd,nodd
2026-09-25,san-diego-ca,rtma,22,2026-09-26T05:00:00Z,294.75,1.66,2.86,0.0,2026-09-26T06:00:00Z,nodd,nodd
2026-09-25,san-diego-ca,rtma,23,2026-09-26T06:00:00Z,294.09,0.6,1.38,0.0,2026-09-26T07:00:00Z,nodd,nodd
2026-09-25,san-diego-ca,urma,00,2026-09-25T07:00:00Z,293.63,0.95,2.84,0.0,2026-09-25T08:00:00Z,nodd,nodd
2026-09-25,san-diego-ca,urma,01,2026-09-25T08:00:00Z,293.07,0.63,2.3,0.0,2026-09-25T09:00:00Z,nodd,nodd
2026-09-25,san-diego-ca,urma,02,2026-09-25T09:00:00Z,292.74,0.73,2.21,0.0,2026-09-25T10:00:00Z,nodd,nodd
2026-09-25,san-diego-ca,urma,03,2026-09-25T10:00:00Z,292.81,1.5,1.5,0.0,2026-09-25T11:00:00Z,nodd,nodd
2026-09-25,san-diego-ca,urma,04,2026-09-25T11:00:00Z,293.2,1.62,2.35,0.0,2026-09-25T12:00:00Z,nodd,nodd
2026-09-25,san-diego-ca,urma,05,2026-09-25T12:00:00Z,293.42,1.24,2.63,0.0,2026-09-25T13:00:00Z,nodd,nodd
2026-09-25,san-diego-ca,urma,06,2026-09-25T13:00:00Z,293.3,1.31,3.36,0.0,2026-09-25T14:00:00Z,nodd,nodd
2026-09-25,san-diego-ca,urma,07,2026-09-25T14:00:00Z,293.12,1.77,4.1,0.0,2026-09-25T15:00:00Z,nodd,nodd
2026-09-25,san-diego-ca,urma,08,2026-09-25T15:00:00Z,293.3,1.9,3.88,0.0,2026-09-25T16:00:00Z,nodd,nodd
2026-09-25,san-diego-ca,urma,09,2026-09-25T16:00:00Z,295.0,1.86,3.29,0.0,2026-09-25T17:00:00Z,nodd,nodd
2026-09-25,san-diego-ca,urma,10,2026-09-25T17:00:00Z,297.81,0.88,2.45,0.0,2026-09-25T18:00:00Z,nodd,nodd
2026-09-25,san-diego-ca,urma,11,2026-09-25T18:00:00Z,299.81,2.72,4.23,0.0,2026-09-25T19:00:00Z,nodd,nodd
2026-09-25,san-diego-ca,urma,12,2026-09-25T19:00:00Z,300.16,4.52,6.05,0.0,2026-09-25T20:00:00Z,nodd,nodd
2026-09-25,san-diego-ca,urma,13,2026-09-25T20:00:00Z,299.73,5.22,7.67,0.0,2026-09-25T21:00:00Z,nodd,nodd
2026-09-25,san-diego-ca,urma,14,2026-09-25T21:00:00Z,299.4,4.91,7.8,0.0,2026-09-25T22:00:00Z,nodd,nodd
2026-09-25,san-diego-ca,urma,15,2026-09-25T22:00:00Z,298.67,4.86,7.05,0.0,2026-09-25T23:00:00Z,nodd,nodd
2026-09-25,san-diego-ca,urma,16,2026-09-25T23:00:00Z,298.78,4.7,7.08,0.0,2026-09-26T00:00:00Z,nodd,nodd
2026-09-25,san-diego-ca,urma,17,2026-09-26T00:00:00Z,297.62,4.02,6.47,0.0,2026-09-26T01:00:00Z,nodd,nodd
2026-09-25,san-diego-ca,urma,18,2026-09-26T01:00:00Z,296.2,3.57,5.77,0.0,2026-09-26T02:00:00Z,nodd,nodd
2026-09-25,san-diego-ca,urma,19,2026-09-26T02:00:00Z,295.08,2.73,4.16,0.0,2026-09-26T03:00:00Z,nodd,nodd
2026-09-25,san-diego-ca,urma,20,2026-09-26T03:00:00Z,294.92,2.65,4.53,0.0,2026-09-26T04:00:00Z,nodd,nodd
2026-09-25,san-diego-ca,urma,21,2026-09-26T04:00:00Z,294.68,1.88,3.83,0.0,2026-09-26T05:00:00Z,nodd,nodd
2026-09-25,san-diego-ca,urma,22,2026-09-26T05:00:00Z,294.68,1.55,2.9,0.0,2026-09-26T06:00:00Z,nodd,nodd
2026-09-25,san-diego-ca,urma,23,2026-09-26T06:00:00Z,294.06,0.63,1.24,0.0,2026-09-26T07:00:00Z,nodd,nodd
2026-09-25,denver-co,rtma,00,2026-09-25T06:00:00Z,290.67,0.14,0.43,0.0,2026-09-25T07:00:00Z,nodd,nodd
2026-09-25,denver-co,rtma,01,2026-09-25T07:00:00Z,290.19,0.88,2.43,0.0,2026-09-25T08:00:00Z,nodd,nodd
2026-09-25,denver-co,rtma,02,2026-09-25T08:00:00Z,289.63,1.56,1.8,0.0,2026-09-25T09:00:00Z,nodd,nodd
2026-09-25,denver-co,rtma,03,2026-09-25T09:00:00Z,288.52,1.72,2.0,0.0,2026-09-25T10:00:00Z,nodd,nodd
2026-09-25,denver-co,rtma,04,2026-09-25T10:00:00Z,287.82,0.64,3.16,0.0,2026-09-25T11:00:00Z,nodd,nodd
2026-09-25,denver-co,rtma,05,2026-09-25T11:00:00Z,287.18,0.84,1.8,0.0,2026-09-25T12:00:00Z,nodd,nodd
2026-09-25,denver-co,rtma,06,2026-09-25T12:00:00Z,286.93,0.61,1.29,0.0,2026-09-25T13:00:00Z,nodd,nodd
2026-09-25,denver-co,rtma,07,2026-09-25T13:00:00Z,286.43,0.27,0.27,0.0,2026-09-25T14:00:00Z,nodd,nodd
2026-09-25,denver-co,rtma,08,2026-09-25T14:00:00Z,286.8,0.17,2.54,0.0,2026-09-25T15:00:00Z,nodd,nodd
2026-09-25,denver-co,rtma,09,2026-09-25T15:00:00Z,289.58,0.56,0.88,0.0,2026-09-25T16:00:00Z,nodd,nodd
2026-09-25,denver-co,rtma,10,2026-09-25T16:00:00Z,290.97,1.39,2.6,0.0,2026-09-25T17:00:00Z,nodd,nodd
2026-09-25,denver-co,rtma,11,2026-09-25T17:00:00Z,292.58,1.56,4.07,0.0,2026-09-25T18:00:00Z,nodd,nodd
2026-09-25,denver-co,rtma,12,2026-09-25T18:00:00Z,293.59,2.39,4.18,0.0,2026-09-25T19:00:00Z,nodd,nodd
2026-09-25,denver-co,rtma,13,2026-09-25T19:00:00Z,295.31,1.79,5.01,0.0,2026-09-25T20:00:00Z,nodd,nodd
2026-09-25,denver-co,rtma,14,2026-09-25T20:00:00Z,296.83,1.82,5.16,0.0,2026-09-25T21:00:00Z,nodd,nodd
2026-09-25,denver-co,rtma,15,2026-09-25T21:00:00Z,297.28,3.49,6.88,0.0625,2026-09-25T22:00:00Z,nodd,nodd
2026-09-25,denver-co,rtma,16,2026-09-25T22:00:00Z,294.15,7.84,13.18,18.921875,2026-09-25T23:00:00Z,nodd,nodd
2026-09-25,denver-co,rtma,17,2026-09-25T23:00:00Z,287.33,1.75,4.03,0.59375,2026-09-26T00:00:00Z,nodd,nodd
2026-09-25,denver-co,rtma,18,2026-09-26T00:00:00Z,289.16,0.96,5.38,0.0,2026-09-26T01:00:00Z,nodd,nodd
2026-09-25,denver-co,rtma,19,2026-09-26T01:00:00Z,289.06,0.87,1.52,0.0,2026-09-26T02:00:00Z,nodd,nodd
2026-09-25,denver-co,rtma,20,2026-09-26T02:00:00Z,288.55,2.48,3.88,0.0,2026-09-26T03:00:00Z,nodd,nodd
2026-09-25,denver-co,rtma,21,2026-09-26T03:00:00Z,288.33,1.39,1.77,0.0,2026-09-26T04:00:00Z,nodd,nodd
2026-09-25,denver-co,rtma,22,2026-09-26T04:00:00Z,287.43,1.86,4.37,0.0,2026-09-26T05:00:00Z,nodd,nodd
2026-09-25,denver-co,rtma,23,2026-09-26T05:00:00Z,286.84,1.88,3.17,0.0,2026-09-26T06:00:00Z,nodd,nodd
2026-09-25,denver-co,urma,00,2026-09-25T06:00:00Z,290.76,0.01,0.39,0.0,2026-09-25T07:00:00Z,nodd,nodd
2026-09-25,denver-co,urma,01,2026-09-25T07:00:00Z,290.38,0.78,1.91,0.0,2026-09-25T08:00:00Z,nodd,nodd
2026-09-25,denver-co,urma,02,2026-09-25T08:00:00Z,289.75,1.55,1.69,0.0,2026-09-25T09:00:00Z,nodd,nodd
2026-09-25,denver-co,urma,03,2026-09-25T09:00:00Z,288.47,1.55,1.81,0.0,2026-09-25T10:00:00Z,nodd,nodd
2026-09-25,denver-co,urma,04,2026-09-25T10:00:00Z,287.79,0.47,2.94,0.0,2026-09-25T11:00:00Z,nodd,nodd
2026-09-25,denver-co,urma,05,2026-09-25T11:00:00Z,287.17,1.0,1.7,0.0,2026-09-25T12:00:00Z,nodd,nodd
2026-09-25,denver-co,urma,06,2026-09-25T12:00:00Z,286.89,0.55,0.96,0.0,2026-09-25T13:00:00Z,nodd,nodd
2026-09-25,denver-co,urma,07,2026-09-25T13:00:00Z,286.33,0.1,0.1,0.0,2026-09-25T14:00:00Z,nodd,nodd
2026-09-25,denver-co,urma,08,2026-09-25T14:00:00Z,286.77,0.32,2.08,0.0,2026-09-25T15:00:00Z,nodd,nodd
2026-09-25,denver-co,urma,09,2026-09-25T15:00:00Z,289.6,0.56,1.17,0.0,2026-09-25T16:00:00Z,nodd,nodd
2026-09-25,denver-co,urma,10,2026-09-25T16:00:00Z,290.94,1.23,2.53,0.0,2026-09-25T17:00:00Z,nodd,nodd
2026-09-25,denver-co,urma,11,2026-09-25T17:00:00Z,292.52,1.49,3.34,0.0,2026-09-25T18:00:00Z,nodd,nodd
2026-09-25,denver-co,urma,12,2026-09-25T18:00:00Z,293.63,2.33,3.99,0.0,2026-09-25T19:00:00Z,nodd,nodd
2026-09-25,denver-co,urma,13,2026-09-25T19:00:00Z,295.26,1.69,4.3,0.0,2026-09-25T20:00:00Z,nodd,nodd
2026-09-25,denver-co,urma,14,2026-09-25T20:00:00Z,296.88,1.62,4.93,0.0,2026-09-25T21:00:00Z,nodd,nodd
2026-09-25,denver-co,urma,15,2026-09-25T21:00:00Z,297.21,3.52,6.87,0.21875,2026-09-25T22:00:00Z,nodd,nodd
2026-09-25,denver-co,urma,16,2026-09-25T22:00:00Z,293.71,7.9,13.16,14.109375,2026-09-25T23:00:00Z,nodd,nodd
2026-09-25,denver-co,urma,17,2026-09-25T23:00:00Z,287.56,1.91,3.7,0.609375,2026-09-26T00:00:00Z,nodd,nodd
2026-09-25,denver-co,urma,18,2026-09-26T00:00:00Z,289.11,1.5,5.33,0.0,2026-09-26T01:00:00Z,nodd,nodd
2026-09-25,denver-co,urma,19,2026-09-26T01:00:00Z,289.06,0.81,1.62,0.0,2026-09-26T02:00:00Z,nodd,nodd
2026-09-25,denver-co,urma,20,2026-09-26T02:00:00Z,288.52,2.43,3.88,0.0,2026-09-26T03:00:00Z,nodd,nodd
2026-09-25,denver-co,urma,21,2026-09-26T03:00:00Z,288.29,1.38,1.78,0.0,2026-09-26T04:00:00Z,nodd,nodd
2026-09-25,denver-co,urma,22,2026-09-26T04:00:00Z,287.43,2.0,3.98,0.0,2026-09-26T05:00:00Z,nodd,nodd
2026-09-25,denver-co,urma,23,2026-09-26T05:00:00Z,286.8,1.8,2.8,0.0,2026-09-26T06:00:00Z,nodd,nodd
2026-09-25,orlando-fl,rtma,00,2026-09-25T04:00:00Z,296.08,5.39,9.77,0.0,2026-09-25T05:00:00Z,nodd,nodd
2026-09-25,orlando-fl,rtma,01,2026-09-25T05:00:00Z,295.85,4.94,7.8,0.0,2026-09-25T06:00:00Z,nodd,nodd
2026-09-25,orlando-fl,rtma,02,2026-09-25T06:00:00Z,295.43,4.71,9.88,0.0,2026-09-25T07:00:00Z,nodd,nodd
2026-09-25,orlando-fl,rtma,03,2026-09-25T07:00:00Z,295.26,5.11,8.81,0.0,2026-09-25T08:00:00Z,nodd,nodd
2026-09-25,orlando-fl,rtma,04,2026-09-25T08:00:00Z,294.93,5.12,9.45,0.0,2026-09-25T09:00:00Z,nodd,nodd
2026-09-25,orlando-fl,rtma,05,2026-09-25T09:00:00Z,294.8,5.42,10.51,0.0,2026-09-25T10:00:00Z,nodd,nodd
2026-09-25,orlando-fl,rtma,06,2026-09-25T10:00:00Z,294.69,5.6,9.79,0.0,2026-09-25T11:00:00Z,nodd,nodd
2026-09-25,orlando-fl,rtma,07,2026-09-25T11:00:00Z,294.33,4.82,9.39,0.0,2026-09-25T12:00:00Z,nodd,nodd
2026-09-25,orlando-fl,rtma,08,2026-09-25T12:00:00Z,294.29,4.79,9.35,0.0,2026-09-25T13:00:00Z,nodd,nodd
2026-09-25,orlando-fl,rtma,09,2026-09-25T13:00:00Z,294.65,5.4,8.78,0.0,2026-09-25T14:00:00Z,nodd,nodd
2026-09-25,orlando-fl,rtma,10,2026-09-25T14:00:00Z,295.89,4.3,7.56,0.0,2026-09-25T15:00:00Z,nodd,nodd
2026-09-25,orlando-fl,rtma,11,2026-09-25T15:00:00Z,297.74,6.12,8.95,0.0,2026-09-25T16:00:00Z,nodd,nodd
2026-09-25,orlando-fl,rtma,12,2026-09-25T16:00:00Z,299.3,6.29,7.46,0.0,2026-09-25T17:00:00Z,nodd,nodd
2026-09-25,orlando-fl,rtma,13,2026-09-25T17:00:00Z,299.85,5.64,8.44,0.0,2026-09-25T18:00:00Z,nodd,nodd
2026-09-25,orlando-fl,rtma,14,2026-09-25T18:00:00Z,300.34,5.56,8.77,0.0,2026-09-25T19:00:00Z,nodd,nodd
2026-09-25,orlando-fl,rtma,15,2026-09-25T19:00:00Z,300.07,5.28,8.35,0.0,2026-09-25T20:00:00Z,nodd,nodd
2026-09-25,orlando-fl,rtma,16,2026-09-25T20:00:00Z,300.27,4.52,7.04,0.0,2026-09-25T21:00:00Z,nodd,nodd
2026-09-25,orlando-fl,rtma,17,2026-09-25T21:00:00Z,299.93,5.03,8.15,0.0,2026-09-25T22:00:00Z,nodd,nodd
2026-09-25,orlando-fl,rtma,18,2026-09-25T22:00:00Z,299.31,4.84,6.49,0.0,2026-09-25T23:00:00Z,nodd,nodd
2026-09-25,orlando-fl,rtma,19,2026-09-25T23:00:00Z,297.78,4.84,5.96,0.0,2026-09-26T00:00:00Z,nodd,nodd
2026-09-25,orlando-fl,rtma,20,2026-09-26T00:00:00Z,296.79,5.06,6.49,0.0,2026-09-26T01:00:00Z,nodd,nodd
2026-09-25,orlando-fl,rtma,21,2026-09-26T01:00:00Z,295.7,4.58,6.59,0.0,2026-09-26T02:00:00Z,nodd,nodd
2026-09-25,orlando-fl,rtma,22,2026-09-26T02:00:00Z,294.68,3.86,5.68,0.0,2026-09-26T03:00:00Z,nodd,nodd
2026-09-25,orlando-fl,rtma,23,2026-09-26T03:00:00Z,294.14,3.45,5.66,0.0,2026-09-26T04:00:00Z,nodd,nodd
2026-09-25,orlando-fl,urma,00,2026-09-25T04:00:00Z,296.07,5.47,9.72,0.0,2026-09-25T05:00:00Z,nodd,nodd
2026-09-25,orlando-fl,urma,01,2026-09-25T05:00:00Z,295.82,4.88,7.89,0.0,2026-09-25T06:00:00Z,nodd,nodd
2026-09-25,orlando-fl,urma,02,2026-09-25T06:00:00Z,295.43,4.69,9.62,0.0,2026-09-25T07:00:00Z,nodd,nodd
2026-09-25,orlando-fl,urma,03,2026-09-25T07:00:00Z,295.21,5.12,8.82,0.0,2026-09-25T08:00:00Z,nodd,nodd
2026-09-25,orlando-fl,urma,04,2026-09-25T08:00:00Z,294.96,5.06,9.85,0.0,2026-09-25T09:00:00Z,nodd,nodd
2026-09-25,orlando-fl,urma,05,2026-09-25T09:00:00Z,294.84,5.46,10.57,0.0,2026-09-25T10:00:00Z,nodd,nodd
2026-09-25,orlando-fl,urma,06,2026-09-25T10:00:00Z,294.69,5.42,9.79,0.0,2026-09-25T11:00:00Z,nodd,nodd
2026-09-25,orlando-fl,urma,07,2026-09-25T11:00:00Z,294.32,4.72,8.99,0.0,2026-09-25T12:00:00Z,nodd,nodd
2026-09-25,orlando-fl,urma,08,2026-09-25T12:00:00Z,294.29,4.72,9.12,0.0,2026-09-25T13:00:00Z,nodd,nodd
2026-09-25,orlando-fl,urma,09,2026-09-25T13:00:00Z,294.65,5.42,8.84,0.0,2026-09-25T14:00:00Z,nodd,nodd
2026-09-25,orlando-fl,urma,10,2026-09-25T14:00:00Z,295.91,4.34,7.56,0.0,2026-09-25T15:00:00Z,nodd,nodd
2026-09-25,orlando-fl,urma,11,2026-09-25T15:00:00Z,297.77,6.07,8.6,0.0,2026-09-25T16:00:00Z,nodd,nodd
2026-09-25,orlando-fl,urma,12,2026-09-25T16:00:00Z,299.28,6.26,7.47,0.0,2026-09-25T17:00:00Z,nodd,nodd
2026-09-25,orlando-fl,urma,13,2026-09-25T17:00:00Z,299.84,5.62,8.25,0.0,2026-09-25T18:00:00Z,nodd,nodd
2026-09-25,orlando-fl,urma,14,2026-09-25T18:00:00Z,300.38,5.45,8.5,0.0,2026-09-25T19:00:00Z,nodd,nodd
2026-09-25,orlando-fl,urma,15,2026-09-25T19:00:00Z,300.14,5.37,9.44,0.0,2026-09-25T20:00:00Z,nodd,nodd
2026-09-25,orlando-fl,urma,16,2026-09-25T20:00:00Z,300.23,4.55,6.96,0.0,2026-09-25T21:00:00Z,nodd,nodd
2026-09-25,orlando-fl,urma,17,2026-09-25T21:00:00Z,299.92,5.0,8.2,0.0,2026-09-25T22:00:00Z,nodd,nodd
2026-09-25,orlando-fl,urma,18,2026-09-25T22:00:00Z,299.31,4.91,6.52,0.0,2026-09-25T23:00:00Z,nodd,nodd
2026-09-25,orlando-fl,urma,19,2026-09-25T23:00:00Z,297.75,4.78,6.1,0.0,2026-09-26T00:00:00Z,nodd,nodd
2026-09-25,orlando-fl,urma,20,2026-09-26T00:00:00Z,296.78,5.14,6.71,0.0,2026-09-26T01:00:00Z,nodd,nodd
2026-09-25,orlando-fl,urma,21,2026-09-26T01:00:00Z,295.44,4.42,6.36,0.0,2026-09-26T02:00:00Z,nodd,nodd
2026-09-25,orlando-fl,urma,22,2026-09-26T02:00:00Z,294.67,3.69,5.01,0.0,2026-09-26T03:00:00Z,nodd,nodd
2026-09-25,orlando-fl,urma,23,2026-09-26T03:00:00Z,294.13,3.39,5.16,0.0,2026-09-26T04:00:00Z,nodd,nodd
2026-09-25,charlotte-nc,rtma,00,2026-09-25T04:00:00Z,287.99,3.89,9.27,0.0,2026-09-25T05:00:00Z,nodd,nodd
2026-09-25,charlotte-nc,rtma,01,2026-09-25T05:00:00Z,287.03,3.57,9.28,0.0,2026-09-25T06:00:00Z,nodd,nodd
2026-09-25,charlotte-nc,rtma,02,2026-09-25T06:00:00Z,286.14,3.76,8.73,0.0,2026-09-25T07:00:00Z,nodd,nodd
2026-09-25,charlotte-nc,rtma,03,2026-09-25T07:00:00Z,285.43,3.19,7.06,0.0,2026-09-25T08:00:00Z,nodd,nodd
2026-09-25,charlotte-nc,rtma,04,2026-09-25T08:00:00Z,284.83,3.06,4.62,0.0,2026-09-25T09:00:00Z,nodd,nodd
2026-09-25,charlotte-nc,rtma,05,2026-09-25T09:00:00Z,284.49,3.77,5.63,0.0,2026-09-25T10:00:00Z,nodd,nodd
2026-09-25,charlotte-nc,rtma,06,2026-09-25T10:00:00Z,284.05,2.25,5.87,0.0,2026-09-25T11:00:00Z,nodd,nodd
2026-09-25,charlotte-nc,rtma,07,2026-09-25T11:00:00Z,283.89,2.63,5.38,0.0,2026-09-25T12:00:00Z,nodd,nodd
2026-09-25,charlotte-nc,rtma,08,2026-09-25T12:00:00Z,284.38,3.55,5.62,0.0,2026-09-25T13:00:00Z,nodd,nodd
2026-09-25,charlotte-nc,rtma,09,2026-09-25T13:00:00Z,286.55,4.66,8.41,0.0,2026-09-25T14:00:00Z,nodd,nodd
2026-09-25,charlotte-nc,rtma,10,2026-09-25T14:00:00Z,288.63,4.14,9.7,0.0,2026-09-25T15:00:00Z,nodd,nodd
2026-09-25,charlotte-nc,rtma,11,2026-09-25T15:00:00Z,290.32,6.18,9.44,0.0,2026-09-25T16:00:00Z,nodd,nodd
2026-09-25,charlotte-nc,rtma,12,2026-09-25T16:00:00Z,291.93,3.57,8.66,0.0,2026-09-25T17:00:00Z,nodd,nodd
2026-09-25,charlotte-nc,rtma,13,2026-09-25T17:00:00Z,293.6,5.08,8.8,0.0,2026-09-25T18:00:00Z,nodd,nodd
2026-09-25,charlotte-nc,rtma,14,2026-09-25T18:00:00Z,294.71,3.58,8.57,0.0,2026-09-25T19:00:00Z,nodd,nodd
2026-09-25,charlotte-nc,rtma,15,2026-09-25T19:00:00Z,295.73,3.79,7.68,0.0,2026-09-25T20:00:00Z,nodd,nodd
2026-09-25,charlotte-nc,rtma,16,2026-09-25T20:00:00Z,296.33,4.34,8.15,0.0,2026-09-25T21:00:00Z,nodd,nodd
2026-09-25,charlotte-nc,rtma,17,2026-09-25T21:00:00Z,296.15,4.63,8.22,0.0,2026-09-25T22:00:00Z,nodd,nodd
2026-09-25,charlotte-nc,rtma,18,2026-09-25T22:00:00Z,295.69,3.51,8.52,0.0,2026-09-25T23:00:00Z,nodd,nodd
2026-09-25,charlotte-nc,rtma,19,2026-09-25T23:00:00Z,294.0,0.65,4.26,0.0,2026-09-26T00:00:00Z,nodd,nodd
2026-09-25,charlotte-nc,rtma,20,2026-09-26T00:00:00Z,290.84,0.42,1.58,0.0,2026-09-26T01:00:00Z,nodd,nodd
2026-09-25,charlotte-nc,rtma,21,2026-09-26T01:00:00Z,288.56,0.87,1.77,0.0,2026-09-26T02:00:00Z,nodd,nodd
2026-09-25,charlotte-nc,rtma,22,2026-09-26T02:00:00Z,287.54,1.98,2.6,0.0,2026-09-26T03:00:00Z,nodd,nodd
2026-09-25,charlotte-nc,rtma,23,2026-09-26T03:00:00Z,286.51,0.59,4.64,0.0,2026-09-26T04:00:00Z,nodd,nodd
2026-09-25,charlotte-nc,urma,00,2026-09-25T04:00:00Z,287.96,4.03,9.38,0.0,2026-09-25T05:00:00Z,nodd,nodd
2026-09-25,charlotte-nc,urma,01,2026-09-25T05:00:00Z,287.01,3.66,9.34,0.0,2026-09-25T06:00:00Z,nodd,nodd
2026-09-25,charlotte-nc,urma,02,2026-09-25T06:00:00Z,286.09,3.77,8.85,0.0,2026-09-25T07:00:00Z,nodd,nodd
2026-09-25,charlotte-nc,urma,03,2026-09-25T07:00:00Z,285.35,3.06,6.82,0.0,2026-09-25T08:00:00Z,nodd,nodd
2026-09-25,charlotte-nc,urma,04,2026-09-25T08:00:00Z,284.79,3.26,4.41,0.0,2026-09-25T09:00:00Z,nodd,nodd
2026-09-25,charlotte-nc,urma,05,2026-09-25T09:00:00Z,284.47,3.96,5.19,0.0,2026-09-25T10:00:00Z,nodd,nodd
2026-09-25,charlotte-nc,urma,06,2026-09-25T10:00:00Z,284.0,2.33,5.9,0.0,2026-09-25T11:00:00Z,nodd,nodd
2026-09-25,charlotte-nc,urma,07,2026-09-25T11:00:00Z,283.84,2.6,5.29,0.0,2026-09-25T12:00:00Z,nodd,nodd
2026-09-25,charlotte-nc,urma,08,2026-09-25T12:00:00Z,284.38,3.48,5.48,0.0,2026-09-25T13:00:00Z,nodd,nodd
2026-09-25,charlotte-nc,urma,09,2026-09-25T13:00:00Z,286.66,4.6,8.16,0.0,2026-09-25T14:00:00Z,nodd,nodd
2026-09-25,charlotte-nc,urma,10,2026-09-25T14:00:00Z,288.66,4.14,9.7,0.0,2026-09-25T15:00:00Z,nodd,nodd
2026-09-25,charlotte-nc,urma,11,2026-09-25T15:00:00Z,290.31,6.12,9.6,0.0,2026-09-25T16:00:00Z,nodd,nodd
2026-09-25,charlotte-nc,urma,12,2026-09-25T16:00:00Z,291.93,3.45,8.81,0.0,2026-09-25T17:00:00Z,nodd,nodd
2026-09-25,charlotte-nc,urma,13,2026-09-25T17:00:00Z,293.54,5.17,9.09,0.0,2026-09-25T18:00:00Z,nodd,nodd
2026-09-25,charlotte-nc,urma,14,2026-09-25T18:00:00Z,294.73,3.7,8.54,0.0,2026-09-25T19:00:00Z,nodd,nodd
2026-09-25,charlotte-nc,urma,15,2026-09-25T19:00:00Z,295.68,3.64,7.84,0.0,2026-09-25T20:00:00Z,nodd,nodd
2026-09-25,charlotte-nc,urma,16,2026-09-25T20:00:00Z,296.28,4.35,7.96,0.0,2026-09-25T21:00:00Z,nodd,nodd
2026-09-25,charlotte-nc,urma,17,2026-09-25T21:00:00Z,296.11,4.69,8.31,0.0,2026-09-25T22:00:00Z,nodd,nodd
2026-09-25,charlotte-nc,urma,18,2026-09-25T22:00:00Z,295.63,3.5,8.63,0.0,2026-09-25T23:00:00Z,nodd,nodd
2026-09-25,charlotte-nc,urma,19,2026-09-25T23:00:00Z,293.99,0.62,4.38,0.0,2026-09-26T00:00:00Z,nodd,nodd
2026-09-25,charlotte-nc,urma,20,2026-09-26T00:00:00Z,290.56,0.39,1.4,0.0,2026-09-26T01:00:00Z,nodd,nodd
2026-09-25,charlotte-nc,urma,21,2026-09-26T01:00:00Z,288.66,0.96,1.59,0.0,2026-09-26T02:00:00Z,nodd,nodd
2026-09-25,charlotte-nc,urma,22,2026-09-26T02:00:00Z,287.42,2.07,2.51,0.0,2026-09-26T03:00:00Z,nodd,nodd
2026-09-25,charlotte-nc,urma,23,2026-09-26T03:00:00Z,286.44,0.59,4.64,0.0,2026-09-26T04:00:00Z,nodd,nodd
2026-09-25,baltimore-md,rtma,00,2026-09-25T04:00:00Z,286.54,2.8,6.01,0.0,2026-09-25T05:00:00Z,nodd,nodd
2026-09-25,baltimore-md,rtma,01,2026-09-25T05:00:00Z,286.29,3.48,5.82,0.0,2026-09-25T06:00:00Z,nodd,nodd
2026-09-25,baltimore-md,rtma,02,2026-09-25T06:00:00Z,286.05,3.59,6.56,0.0,2026-09-25T07:00:00Z,nodd,nodd
2026-09-25,baltimore-md,rtma,03,2026-09-25T07:00:00Z,286.25,3.79,6.69,0.0,2026-09-25T08:00:00Z,nodd,nodd
2026-09-25,baltimore-md,rtma,04,2026-09-25T08:00:00Z,286.21,3.31,5.81,0.0,2026-09-25T09:00:00Z,nodd,nodd
2026-09-25,baltimore-md,rtma,05,2026-09-25T09:00:00Z,286.18,3.73,5.32,0.0,2026-09-25T10:00:00Z,nodd,nodd
2026-09-25,baltimore-md,rtma,06,2026-09-25T10:00:00Z,285.62,3.56,4.53,0.0,2026-09-25T11:00:00Z,nodd,nodd
2026-09-25,baltimore-md,rtma,07,2026-09-25T11:00:00Z,285.6,3.08,6.31,0.0,2026-09-25T12:00:00Z,nodd,nodd
2026-09-25,baltimore-md,rtma,08,2026-09-25T12:00:00Z,286.61,3.72,8.02,0.0,2026-09-25T13:00:00Z,nodd,nodd
2026-09-25,baltimore-md,rtma,09,2026-09-25T13:00:00Z,288.55,5.35,9.46,0.0,2026-09-25T14:00:00Z,nodd,nodd
2026-09-25,baltimore-md,rtma,10,2026-09-25T14:00:00Z,289.75,3.86,8.59,0.0,2026-09-25T15:00:00Z,nodd,nodd
2026-09-25,baltimore-md,rtma,11,2026-09-25T15:00:00Z,291.95,5.21,9.21,0.0,2026-09-25T16:00:00Z,nodd,nodd
2026-09-25,baltimore-md,rtma,12,2026-09-25T16:00:00Z,293.84,5.27,8.96,0.0,2026-09-25T17:00:00Z,nodd,nodd
2026-09-25,baltimore-md,rtma,13,2026-09-25T17:00:00Z,295.04,5.5,10.02,0.0,2026-09-25T18:00:00Z,nodd,nodd
2026-09-25,baltimore-md,rtma,14,2026-09-25T18:00:00Z,296.13,6.12,9.67,0.0,2026-09-25T19:00:00Z,nodd,nodd
2026-09-25,baltimore-md,rtma,15,2026-09-25T19:00:00Z,296.83,6.26,10.85,0.0,2026-09-25T20:00:00Z,nodd,nodd
2026-09-25,baltimore-md,rtma,16,2026-09-25T20:00:00Z,297.21,5.89,9.5,0.0,2026-09-25T21:00:00Z,nodd,nodd
2026-09-25,baltimore-md,rtma,17,2026-09-25T21:00:00Z,296.96,6.3,11.15,0.0,2026-09-25T22:00:00Z,nodd,nodd
2026-09-25,baltimore-md,rtma,18,2026-09-25T22:00:00Z,295.99,6.17,10.54,0.0,2026-09-25T23:00:00Z,nodd,nodd
2026-09-25,baltimore-md,rtma,19,2026-09-25T23:00:00Z,294.66,4.09,6.51,0.0,2026-09-26T00:00:00Z,nodd,nodd
2026-09-25,baltimore-md,rtma,20,2026-09-26T00:00:00Z,293.53,3.46,6.43,0.0,2026-09-26T01:00:00Z,nodd,nodd
2026-09-25,baltimore-md,rtma,21,2026-09-26T01:00:00Z,293.06,5.42,8.23,0.0,2026-09-26T02:00:00Z,nodd,nodd
2026-09-25,baltimore-md,rtma,22,2026-09-26T02:00:00Z,293.03,5.84,8.56,0.0,2026-09-26T03:00:00Z,nodd,nodd
2026-09-25,baltimore-md,rtma,23,2026-09-26T03:00:00Z,292.73,6.16,9.5,0.0,2026-09-26T04:00:00Z,nodd,nodd
2026-09-25,baltimore-md,urma,00,2026-09-25T04:00:00Z,286.58,2.57,6.84,0.0,2026-09-25T05:00:00Z,nodd,nodd
2026-09-25,baltimore-md,urma,01,2026-09-25T05:00:00Z,286.35,3.29,5.71,0.0,2026-09-25T06:00:00Z,nodd,nodd
2026-09-25,baltimore-md,urma,02,2026-09-25T06:00:00Z,286.09,3.48,6.85,0.0,2026-09-25T07:00:00Z,nodd,nodd
2026-09-25,baltimore-md,urma,03,2026-09-25T07:00:00Z,286.35,3.57,6.32,0.0,2026-09-25T08:00:00Z,nodd,nodd
2026-09-25,baltimore-md,urma,04,2026-09-25T08:00:00Z,286.31,3.0,6.06,0.0,2026-09-25T09:00:00Z,nodd,nodd
2026-09-25,baltimore-md,urma,05,2026-09-25T09:00:00Z,286.21,3.62,5.36,0.0,2026-09-25T10:00:00Z,nodd,nodd
2026-09-25,baltimore-md,urma,06,2026-09-25T10:00:00Z,285.67,3.41,5.22,0.0,2026-09-25T11:00:00Z,nodd,nodd
2026-09-25,baltimore-md,urma,07,2026-09-25T11:00:00Z,285.7,2.97,6.41,0.0,2026-09-25T12:00:00Z,nodd,nodd
2026-09-25,baltimore-md,urma,08,2026-09-25T12:00:00Z,286.75,3.42,7.99,0.0,2026-09-25T13:00:00Z,nodd,nodd
2026-09-25,baltimore-md,urma,09,2026-09-25T13:00:00Z,288.58,5.27,9.65,0.0,2026-09-25T14:00:00Z,nodd,nodd
2026-09-25,baltimore-md,urma,10,2026-09-25T14:00:00Z,289.71,3.77,8.54,0.0,2026-09-25T15:00:00Z,nodd,nodd
2026-09-25,baltimore-md,urma,11,2026-09-25T15:00:00Z,291.95,5.11,9.61,0.0,2026-09-25T16:00:00Z,nodd,nodd
2026-09-25,baltimore-md,urma,12,2026-09-25T16:00:00Z,293.81,5.04,8.71,0.0,2026-09-25T17:00:00Z,nodd,nodd
2026-09-25,baltimore-md,urma,13,2026-09-25T17:00:00Z,295.02,5.31,9.82,0.0,2026-09-25T18:00:00Z,nodd,nodd
2026-09-25,baltimore-md,urma,14,2026-09-25T18:00:00Z,296.13,6.01,9.82,0.0,2026-09-25T19:00:00Z,nodd,nodd
2026-09-25,baltimore-md,urma,15,2026-09-25T19:00:00Z,296.84,6.22,10.74,0.0,2026-09-25T20:00:00Z,nodd,nodd
2026-09-25,baltimore-md,urma,16,2026-09-25T20:00:00Z,297.21,5.42,9.45,0.0,2026-09-25T21:00:00Z,nodd,nodd
2026-09-25,baltimore-md,urma,17,2026-09-25T21:00:00Z,296.95,6.11,11.22,0.0,2026-09-25T22:00:00Z,nodd,nodd
2026-09-25,baltimore-md,urma,18,2026-09-25T22:00:00Z,296.04,5.84,9.98,0.0,2026-09-25T23:00:00Z,nodd,nodd
2026-09-25,baltimore-md,urma,19,2026-09-25T23:00:00Z,294.71,4.11,6.2,0.0,2026-09-26T00:00:00Z,nodd,nodd
2026-09-25,baltimore-md,urma,20,2026-09-26T00:00:00Z,293.61,3.4,7.01,0.0,2026-09-26T01:00:00Z,nodd,nodd
2026-09-25,baltimore-md,urma,21,2026-09-26T01:00:00Z,293.0,5.16,8.63,0.0,2026-09-26T02:00:00Z,nodd,nodd
2026-09-25,baltimore-md,urma,22,2026-09-26T02:00:00Z,293.07,5.72,8.52,0.0,2026-09-26T03:00:00Z,nodd,nodd
2026-09-25,baltimore-md,urma,23,2026-09-26T03:00:00Z,292.79,5.87,9.4,0.0,2026-09-26T04:00:00Z,nodd,nodd
2026-09-25,st-louis-mo,rtma,00,2026-09-25T05:00:00Z,289.12,0.0,3.53,0.0,2026-09-25T06:00:00Z,nodd,nodd
2026-09-25,st-louis-mo,rtma,01,2026-09-25T06:00:00Z,288.51,0.82,2.23,0.0,2026-09-25T07:00:00Z,nodd,nodd
2026-09-25,st-louis-mo,rtma,02,2026-09-25T07:00:00Z,288.69,0.25,2.34,0.0,2026-09-25T08:00:00Z,nodd,nodd
2026-09-25,st-louis-mo,rtma,03,2026-09-25T08:00:00Z,289.0,0.1,2.18,0.0,2026-09-25T09:00:00Z,nodd,nodd
2026-09-25,st-louis-mo,rtma,04,2026-09-25T09:00:00Z,288.78,0.45,2.18,0.0,2026-09-25T10:00:00Z,nodd,nodd
2026-09-25,st-louis-mo,rtma,05,2026-09-25T10:00:00Z,288.82,0.29,2.45,0.0,2026-09-25T11:00:00Z,nodd,nodd
2026-09-25,st-louis-mo,rtma,06,2026-09-25T11:00:00Z,288.99,0.61,1.01,0.0,2026-09-25T12:00:00Z,nodd,nodd
2026-09-25,st-louis-mo,rtma,07,2026-09-25T12:00:00Z,288.4,1.27,1.49,0.0,2026-09-25T13:00:00Z,nodd,nodd
2026-09-25,st-louis-mo,rtma,08,2026-09-25T13:00:00Z,289.4,0.81,3.51,0.0,2026-09-25T14:00:00Z,nodd,nodd
2026-09-25,st-louis-mo,rtma,09,2026-09-25T14:00:00Z,291.21,0.85,2.75,0.0,2026-09-25T15:00:00Z,nodd,nodd
2026-09-25,st-louis-mo,rtma,10,2026-09-25T15:00:00Z,293.06,1.35,3.03,0.0,2026-09-25T16:00:00Z,nodd,nodd
2026-09-25,st-louis-mo,rtma,11,2026-09-25T16:00:00Z,293.83,1.87,1.87,0.0,2026-09-25T17:00:00Z,nodd,nodd
2026-09-25,st-louis-mo,rtma,12,2026-09-25T17:00:00Z,295.22,1.41,2.94,0.0,2026-09-25T18:00:00Z,nodd,nodd
2026-09-25,st-louis-mo,rtma,13,2026-09-25T18:00:00Z,295.46,1.14,3.01,0.0,2026-09-25T19:00:00Z,nodd,nodd
2026-09-25,st-louis-mo,rtma,14,2026-09-25T19:00:00Z,295.3,2.53,2.53,0.0,2026-09-25T20:00:00Z,nodd,nodd
2026-09-25,st-louis-mo,rtma,15,2026-09-25T20:00:00Z,295.6,0.55,2.36,0.0,2026-09-25T21:00:00Z,nodd,nodd
2026-09-25,st-louis-mo,rtma,16,2026-09-25T21:00:00Z,296.21,1.52,2.51,0.0,2026-09-25T22:00:00Z,nodd,nodd
2026-09-25,st-louis-mo,rtma,17,2026-09-25T22:00:00Z,296.06,1.66,2.38,0.0,2026-09-25T23:00:00Z,nodd,nodd
2026-09-25,st-louis-mo,rtma,18,2026-09-25T23:00:00Z,295.27,2.46,2.89,0.0,2026-09-26T00:00:00Z,nodd,nodd
2026-09-25,st-louis-mo,rtma,19,2026-09-26T00:00:00Z,293.97,2.45,4.33,0.0,2026-09-26T01:00:00Z,nodd,nodd
2026-09-25,st-louis-mo,rtma,20,2026-09-26T01:00:00Z,293.43,2.04,4.75,0.0,2026-09-26T02:00:00Z,nodd,nodd
2026-09-25,st-louis-mo,rtma,21,2026-09-26T02:00:00Z,293.39,1.32,3.56,0.0,2026-09-26T03:00:00Z,nodd,nodd
2026-09-25,st-louis-mo,rtma,22,2026-09-26T03:00:00Z,292.88,1.91,2.44,0.0,2026-09-26T04:00:00Z,nodd,nodd
2026-09-25,st-louis-mo,rtma,23,2026-09-26T04:00:00Z,292.49,1.64,2.99,0.0,2026-09-26T05:00:00Z,nodd,nodd
2026-09-25,st-louis-mo,urma,00,2026-09-25T05:00:00Z,289.17,0.0,2.68,0.0,2026-09-25T06:00:00Z,nodd,nodd
2026-09-25,st-louis-mo,urma,01,2026-09-25T06:00:00Z,288.52,0.62,1.56,0.0,2026-09-25T07:00:00Z,nodd,nodd
2026-09-25,st-louis-mo,urma,02,2026-09-25T07:00:00Z,288.86,0.34,2.07,0.0,2026-09-25T08:00:00Z,nodd,nodd
2026-09-25,st-louis-mo,urma,03,2026-09-25T08:00:00Z,289.02,0.14,2.42,0.0,2026-09-25T09:00:00Z,nodd,nodd
2026-09-25,st-louis-mo,urma,04,2026-09-25T09:00:00Z,288.8,0.55,1.72,0.0,2026-09-25T10:00:00Z,nodd,nodd
2026-09-25,st-louis-mo,urma,05,2026-09-25T10:00:00Z,288.82,0.38,1.94,0.0,2026-09-25T11:00:00Z,nodd,nodd
2026-09-25,st-louis-mo,urma,06,2026-09-25T11:00:00Z,289.03,0.53,0.65,0.0,2026-09-25T12:00:00Z,nodd,nodd
2026-09-25,st-louis-mo,urma,07,2026-09-25T12:00:00Z,288.34,1.21,1.3,0.0,2026-09-25T13:00:00Z,nodd,nodd
2026-09-25,st-louis-mo,urma,08,2026-09-25T13:00:00Z,289.47,0.62,3.38,0.0,2026-09-25T14:00:00Z,nodd,nodd
2026-09-25,st-louis-mo,urma,09,2026-09-25T14:00:00Z,291.29,0.74,2.5,0.0,2026-09-25T15:00:00Z,nodd,nodd
2026-09-25,st-louis-mo,urma,10,2026-09-25T15:00:00Z,293.12,1.27,2.78,0.0,2026-09-25T16:00:00Z,nodd,nodd
2026-09-25,st-louis-mo,urma,11,2026-09-25T16:00:00Z,293.86,1.73,1.73,0.0,2026-09-25T17:00:00Z,nodd,nodd
2026-09-25,st-louis-mo,urma,12,2026-09-25T17:00:00Z,295.25,1.33,2.83,0.0,2026-09-25T18:00:00Z,nodd,nodd
2026-09-25,st-louis-mo,urma,13,2026-09-25T18:00:00Z,295.48,0.93,2.7,0.0,2026-09-25T19:00:00Z,nodd,nodd
2026-09-25,st-louis-mo,urma,14,2026-09-25T19:00:00Z,295.41,2.25,2.56,0.0,2026-09-25T20:00:00Z,nodd,nodd
2026-09-25,st-louis-mo,urma,15,2026-09-25T20:00:00Z,295.6,0.82,2.5,0.0,2026-09-25T21:00:00Z,nodd,nodd
2026-09-25,st-louis-mo,urma,16,2026-09-25T21:00:00Z,296.22,1.43,2.35,0.0,2026-09-25T22:00:00Z,nodd,nodd
2026-09-25,st-louis-mo,urma,17,2026-09-25T22:00:00Z,296.08,1.37,2.21,0.0,2026-09-25T23:00:00Z,nodd,nodd
2026-09-25,st-louis-mo,urma,18,2026-09-25T23:00:00Z,295.31,2.43,2.82,0.0,2026-09-26T00:00:00Z,nodd,nodd
2026-09-25,st-louis-mo,urma,19,2026-09-26T00:00:00Z,294.14,1.98,2.72,0.0,2026-09-26T01:00:00Z,nodd,nodd
2026-09-25,st-louis-mo,urma,20,2026-09-26T01:00:00Z,293.99,1.75,4.36,0.0,2026-09-26T02:00:00Z,nodd,nodd
2026-09-25,st-louis-mo,urma,21,2026-09-26T02:00:00Z,293.42,1.2,2.98,0.0,2026-09-26T03:00:00Z,nodd,nodd
2026-09-25,st-louis-mo,urma,22,2026-09-26T03:00:00Z,292.94,1.84,2.37,0.0,2026-09-26T04:00:00Z,nodd,nodd
2026-09-25,st-louis-mo,urma,23,2026-09-26T04:00:00Z,292.58,1.52,2.42,0.0,2026-09-26T05:00:00Z,nodd,nodd
2026-09-25,san-antonio-tx,rtma,00,2026-09-25T05:00:00Z,302.28,2.53,5.5,0.0,2026-09-25T06:00:00Z,nodd,nodd
2026-09-25,san-antonio-tx,rtma,01,2026-09-25T06:00:00Z,301.33,2.5,4.9,0.0,2026-09-25T07:00:00Z,nodd,nodd
2026-09-25,san-antonio-tx,rtma,02,2026-09-25T07:00:00Z,300.42,1.84,4.27,0.0,2026-09-25T08:00:00Z,nodd,nodd
2026-09-25,san-antonio-tx,rtma,03,2026-09-25T08:00:00Z,299.93,1.81,2.06,0.0,2026-09-25T09:00:00Z,nodd,nodd
2026-09-25,san-antonio-tx,rtma,04,2026-09-25T09:00:00Z,299.15,1.34,1.54,0.0,2026-09-25T10:00:00Z,nodd,nodd
2026-09-25,san-antonio-tx,rtma,05,2026-09-25T10:00:00Z,298.43,0.74,1.76,0.0,2026-09-25T11:00:00Z,nodd,nodd
2026-09-25,san-antonio-tx,rtma,06,2026-09-25T11:00:00Z,297.85,0.4,1.81,0.0,2026-09-25T12:00:00Z,nodd,nodd
2026-09-25,san-antonio-tx,rtma,07,2026-09-25T12:00:00Z,297.35,0.26,1.78,0.0,2026-09-25T13:00:00Z,nodd,nodd
2026-09-25,san-antonio-tx,rtma,08,2026-09-25T13:00:00Z,297.62,0.18,1.47,0.0,2026-09-25T14:00:00Z,nodd,nodd
2026-09-25,san-antonio-tx,rtma,09,2026-09-25T14:00:00Z,299.9,2.49,2.49,0.0,2026-09-25T15:00:00Z,nodd,nodd
2026-09-25,san-antonio-tx,rtma,10,2026-09-25T15:00:00Z,302.06,1.83,3.29,0.0,2026-09-25T16:00:00Z,nodd,nodd
2026-09-25,san-antonio-tx,rtma,11,2026-09-25T16:00:00Z,303.61,3.98,4.84,0.0,2026-09-25T17:00:00Z,nodd,nodd
2026-09-25,san-antonio-tx,rtma,12,2026-09-25T17:00:00Z,305.12,1.09,4.06,0.0,2026-09-25T18:00:00Z,nodd,nodd
2026-09-25,san-antonio-tx,rtma,13,2026-09-25T18:00:00Z,306.38,1.14,6.65,0.0,2026-09-25T19:00:00Z,nodd,nodd
2026-09-25,san-antonio-tx,rtma,14,2026-09-25T19:00:00Z,307.54,2.44,3.73,0.0,2026-09-25T20:00:00Z,nodd,nodd
2026-09-25,san-antonio-tx,rtma,15,2026-09-25T20:00:00Z,308.36,2.83,5.72,0.0,2026-09-25T21:00:00Z,nodd,nodd
2026-09-25,san-antonio-tx,rtma,16,2026-09-25T21:00:00Z,308.76,2.58,7.73,0.0,2026-09-25T22:00:00Z,nodd,nodd
2026-09-25,san-antonio-tx,rtma,17,2026-09-25T22:00:00Z,308.47,3.15,4.96,0.0,2026-09-25T23:00:00Z,nodd,nodd
2026-09-25,san-antonio-tx,rtma,18,2026-09-25T23:00:00Z,308.22,2.73,3.66,0.0,2026-09-26T00:00:00Z,nodd,nodd
2026-09-25,san-antonio-tx,rtma,19,2026-09-26T00:00:00Z,307.44,1.96,3.41,0.0,2026-09-26T01:00:00Z,nodd,nodd
2026-09-25,san-antonio-tx,rtma,20,2026-09-26T01:00:00Z,305.1,1.81,2.81,0.0,2026-09-26T02:00:00Z,nodd,nodd
2026-09-25,san-antonio-tx,rtma,21,2026-09-26T02:00:00Z,303.73,2.32,3.08,0.0,2026-09-26T03:00:00Z,nodd,nodd
2026-09-25,san-antonio-tx,rtma,22,2026-09-26T03:00:00Z,302.87,1.92,4.88,0.0,2026-09-26T04:00:00Z,nodd,nodd
2026-09-25,san-antonio-tx,rtma,23,2026-09-26T04:00:00Z,302.31,2.78,5.0,0.0,2026-09-26T05:00:00Z,nodd,nodd
2026-09-25,san-antonio-tx,urma,00,2026-09-25T05:00:00Z,302.34,2.48,5.32,0.0,2026-09-25T06:00:00Z,nodd,nodd
2026-09-25,san-antonio-tx,urma,01,2026-09-25T06:00:00Z,301.3,2.53,4.78,0.0,2026-09-25T07:00:00Z,nodd,nodd
2026-09-25,san-antonio-tx,urma,02,2026-09-25T07:00:00Z,300.47,1.81,4.25,0.0,2026-09-25T08:00:00Z,nodd,nodd
2026-09-25,san-antonio-tx,urma,03,2026-09-25T08:00:00Z,299.9,1.82,2.07,0.0,2026-09-25T09:00:00Z,nodd,nodd
2026-09-25,san-antonio-tx,urma,04,2026-09-25T09:00:00Z,299.12,1.33,1.45,0.0,2026-09-25T10:00:00Z,nodd,nodd
2026-09-25,san-antonio-tx,urma,05,2026-09-25T10:00:00Z,298.47,0.69,1.75,0.0,2026-09-25T11:00:00Z,nodd,nodd
2026-09-25,san-antonio-tx,urma,06,2026-09-25T11:00:00Z,297.85,0.43,1.78,0.0,2026-09-25T12:00:00Z,nodd,nodd
2026-09-25,san-antonio-tx,urma,07,2026-09-25T12:00:00Z,297.39,0.33,1.74,0.0,2026-09-25T13:00:00Z,nodd,nodd
2026-09-25,san-antonio-tx,urma,08,2026-09-25T13:00:00Z,297.78,0.13,1.33,0.0,2026-09-25T14:00:00Z,nodd,nodd
2026-09-25,san-antonio-tx,urma,09,2026-09-25T14:00:00Z,299.89,2.44,2.44,0.0,2026-09-25T15:00:00Z,nodd,nodd
2026-09-25,san-antonio-tx,urma,10,2026-09-25T15:00:00Z,302.06,2.12,3.09,0.0,2026-09-25T16:00:00Z,nodd,nodd
2026-09-25,san-antonio-tx,urma,11,2026-09-25T16:00:00Z,303.6,3.95,4.54,0.0,2026-09-25T17:00:00Z,nodd,nodd
2026-09-25,san-antonio-tx,urma,12,2026-09-25T17:00:00Z,305.09,1.03,3.97,0.0,2026-09-25T18:00:00Z,nodd,nodd
2026-09-25,san-antonio-tx,urma,13,2026-09-25T18:00:00Z,306.44,1.31,6.64,0.0,2026-09-25T19:00:00Z,nodd,nodd
2026-09-25,san-antonio-tx,urma,14,2026-09-25T19:00:00Z,307.54,2.38,3.59,0.0,2026-09-25T20:00:00Z,nodd,nodd
2026-09-25,san-antonio-tx,urma,15,2026-09-25T20:00:00Z,308.35,2.77,5.61,0.0,2026-09-25T21:00:00Z,nodd,nodd
2026-09-25,san-antonio-tx,urma,16,2026-09-25T21:00:00Z,308.77,2.42,7.38,0.0,2026-09-25T22:00:00Z,nodd,nodd
2026-09-25,san-antonio-tx,urma,17,2026-09-25T22:00:00Z,308.43,3.05,4.75,0.0,2026-09-25T23:00:00Z,nodd,nodd
2026-09-25,san-antonio-tx,urma,18,2026-09-25T23:00:00Z,308.24,2.69,3.23,0.0,2026-09-26T00:00:00Z,nodd,nodd
2026-09-25,san-antonio-tx,urma,19,2026-09-26T00:00:00Z,307.45,1.96,2.34,0.0,2026-09-26T01:00:00Z,nodd,nodd
2026-09-25,san-antonio-tx,urma,20,2026-09-26T01:00:00Z,305.34,1.82,2.26,0.0,2026-09-26T02:00:00Z,nodd,nodd
2026-09-25,san-antonio-tx,urma,21,2026-09-26T02:00:00Z,303.7,2.42,3.0,0.0,2026-09-26T03:00:00Z,nodd,nodd
2026-09-25,san-antonio-tx,urma,22,2026-09-26T03:00:00Z,302.92,1.99,4.46,0.0,2026-09-26T04:00:00Z,nodd,nodd
2026-09-25,san-antonio-tx,urma,23,2026-09-26T04:00:00Z,302.27,2.71,4.04,0.0,2026-09-26T05:00:00Z,nodd,nodd
2026-09-25,austin-tx,rtma,00,2026-09-25T05:00:00Z,303.3,2.1,4.43,0.0,2026-09-25T06:00:00Z,nodd,nodd
2026-09-25,austin-tx,rtma,01,2026-09-25T06:00:00Z,302.44,1.31,2.44,0.0,2026-09-25T07:00:00Z,nodd,nodd
2026-09-25,austin-tx,rtma,02,2026-09-25T07:00:00Z,301.48,1.77,3.79,0.0,2026-09-25T08:00:00Z,nodd,nodd
2026-09-25,austin-tx,rtma,03,2026-09-25T08:00:00Z,300.73,1.23,3.89,0.0,2026-09-25T09:00:00Z,nodd,nodd
2026-09-25,austin-tx,rtma,04,2026-09-25T09:00:00Z,299.94,0.75,2.71,0.0,2026-09-25T10:00:00Z,nodd,nodd
2026-09-25,austin-tx,rtma,05,2026-09-25T10:00:00Z,299.14,0.26,2.66,0.0,2026-09-25T11:00:00Z,nodd,nodd
2026-09-25,austin-tx,rtma,06,2026-09-25T11:00:00Z,298.71,0.0,0.22,0.0,2026-09-25T12:00:00Z,nodd,nodd
2026-09-25,austin-tx,rtma,07,2026-09-25T12:00:00Z,298.16,0.0,0.78,0.0,2026-09-25T13:00:00Z,nodd,nodd
2026-09-25,austin-tx,rtma,08,2026-09-25T13:00:00Z,298.01,0.11,1.35,0.0,2026-09-25T14:00:00Z,nodd,nodd
2026-09-25,austin-tx,rtma,09,2026-09-25T14:00:00Z,300.34,0.86,1.86,0.0,2026-09-25T15:00:00Z,nodd,nodd
2026-09-25,austin-tx,rtma,10,2026-09-25T15:00:00Z,302.36,2.16,3.29,0.0,2026-09-25T16:00:00Z,nodd,nodd
2026-09-25,austin-tx,rtma,11,2026-09-25T16:00:00Z,303.83,2.88,3.98,0.0,2026-09-25T17:00:00Z,nodd,nodd
2026-09-25,austin-tx,rtma,12,2026-09-25T17:00:00Z,305.14,1.38,3.89,0.0,2026-09-25T18:00:00Z,nodd,nodd
2026-09-25,austin-tx,rtma,13,2026-09-25T18:00:00Z,306.85,0.8,5.29,0.0,2026-09-25T19:00:00Z,nodd,nodd
2026-09-25,austin-tx,rtma,14,2026-09-25T19:00:00Z,308.36,2.79,4.5,0.0,2026-09-25T20:00:00Z,nodd,nodd
2026-09-25,austin-tx,rtma,15,2026-09-25T20:00:00Z,309.13,2.85,4.64,0.0,2026-09-25T21:00:00Z,nodd,nodd
2026-09-25,austin-tx,rtma,16,2026-09-25T21:00:00Z,309.38,0.81,7.85,0.0,2026-09-25T22:00:00Z,nodd,nodd
2026-09-25,austin-tx,rtma,17,2026-09-25T22:00:00Z,309.47,1.68,6.18,0.0,2026-09-25T23:00:00Z,nodd,nodd
2026-09-25,austin-tx,rtma,18,2026-09-25T23:00:00Z,308.74,1.77,3.82,0.0,2026-09-26T00:00:00Z,nodd,nodd
2026-09-25,austin-tx,rtma,19,2026-09-26T00:00:00Z,307.83,3.06,5.27,0.0,2026-09-26T01:00:00Z,nodd,nodd
2026-09-25,austin-tx,rtma,20,2026-09-26T01:00:00Z,306.2,1.72,5.19,0.0,2026-09-26T02:00:00Z,nodd,nodd
2026-09-25,austin-tx,rtma,21,2026-09-26T02:00:00Z,304.91,2.73,7.03,0.0,2026-09-26T03:00:00Z,nodd,nodd
2026-09-25,austin-tx,rtma,22,2026-09-26T03:00:00Z,303.57,2.09,3.52,0.0,2026-09-26T04:00:00Z,nodd,nodd
2026-09-25,austin-tx,rtma,23,2026-09-26T04:00:00Z,302.18,1.07,2.15,0.0,2026-09-26T05:00:00Z,nodd,nodd
2026-09-25,austin-tx,urma,00,2026-09-25T05:00:00Z,303.32,2.06,3.92,0.0,2026-09-25T06:00:00Z,nodd,nodd
2026-09-25,austin-tx,urma,01,2026-09-25T06:00:00Z,302.42,1.17,2.39,0.0,2026-09-25T07:00:00Z,nodd,nodd
2026-09-25,austin-tx,urma,02,2026-09-25T07:00:00Z,301.51,1.63,3.88,0.0,2026-09-25T08:00:00Z,nodd,nodd
2026-09-25,austin-tx,urma,03,2026-09-25T08:00:00Z,300.7,1.16,3.9,0.0,2026-09-25T09:00:00Z,nodd,nodd
2026-09-25,austin-tx,urma,04,2026-09-25T09:00:00Z,299.88,0.74,2.72,0.0,2026-09-25T10:00:00Z,nodd,nodd
2026-09-25,austin-tx,urma,05,2026-09-25T10:00:00Z,299.17,0.24,2.7,0.0,2026-09-25T11:00:00Z,nodd,nodd
2026-09-25,austin-tx,urma,06,2026-09-25T11:00:00Z,298.63,0.0,0.19,0.0,2026-09-25T12:00:00Z,nodd,nodd
2026-09-25,austin-tx,urma,07,2026-09-25T12:00:00Z,298.13,0.0,0.8,0.0,2026-09-25T13:00:00Z,nodd,nodd
2026-09-25,austin-tx,urma,08,2026-09-25T13:00:00Z,298.12,0.15,1.24,0.0,2026-09-25T14:00:00Z,nodd,nodd
2026-09-25,austin-tx,urma,09,2026-09-25T14:00:00Z,300.5,0.86,1.95,0.0,2026-09-25T15:00:00Z,nodd,nodd
2026-09-25,austin-tx,urma,10,2026-09-25T15:00:00Z,302.43,2.17,3.46,0.0,2026-09-25T16:00:00Z,nodd,nodd
2026-09-25,austin-tx,urma,11,2026-09-25T16:00:00Z,303.89,2.66,4.05,0.0,2026-09-25T17:00:00Z,nodd,nodd
2026-09-25,austin-tx,urma,12,2026-09-25T17:00:00Z,305.22,1.46,3.69,0.0,2026-09-25T18:00:00Z,nodd,nodd
2026-09-25,austin-tx,urma,13,2026-09-25T18:00:00Z,306.87,1.24,4.91,0.0,2026-09-25T19:00:00Z,nodd,nodd
2026-09-25,austin-tx,urma,14,2026-09-25T19:00:00Z,308.18,2.8,4.41,0.0,2026-09-25T20:00:00Z,nodd,nodd
2026-09-25,austin-tx,urma,15,2026-09-25T20:00:00Z,309.14,2.74,4.37,0.0,2026-09-25T21:00:00Z,nodd,nodd
2026-09-25,austin-tx,urma,16,2026-09-25T21:00:00Z,309.48,0.97,7.39,0.0,2026-09-25T22:00:00Z,nodd,nodd
2026-09-25,austin-tx,urma,17,2026-09-25T22:00:00Z,309.49,1.47,6.08,0.0,2026-09-25T23:00:00Z,nodd,nodd
2026-09-25,austin-tx,urma,18,2026-09-25T23:00:00Z,308.83,1.97,4.08,0.0,2026-09-26T00:00:00Z,nodd,nodd
2026-09-25,austin-tx,urma,19,2026-09-26T00:00:00Z,307.79,2.74,4.39,0.0,2026-09-26T01:00:00Z,nodd,nodd
2026-09-25,austin-tx,urma,20,2026-09-26T01:00:00Z,306.31,1.49,5.15,0.0,2026-09-26T02:00:00Z,nodd,nodd
2026-09-25,austin-tx,urma,21,2026-09-26T02:00:00Z,304.89,2.65,6.9,0.0,2026-09-26T03:00:00Z,nodd,nodd
2026-09-25,austin-tx,urma,22,2026-09-26T03:00:00Z,303.59,1.89,3.44,0.0,2026-09-26T04:00:00Z,nodd,nodd
2026-09-25,austin-tx,urma,23,2026-09-26T04:00:00Z,302.17,1.06,1.7,0.0,2026-09-26T05:00:00Z,nodd,nodd
2026-09-25,portland-or,rtma,00,2026-09-25T07:00:00Z,288.22,2.73,12.57,0.0,2026-09-25T08:00:00Z,nodd,nodd
2026-09-25,portland-or,rtma,01,2026-09-25T08:00:00Z,288.05,0.53,0.53,0.0,2026-09-25T09:00:00Z,nodd,nodd
2026-09-25,portland-or,rtma,02,2026-09-25T09:00:00Z,287.91,0.0,0.0,0.0,2026-09-25T10:00:00Z,nodd,nodd
2026-09-25,portland-or,rtma,03,2026-09-25T10:00:00Z,288.27,2.05,7.07,0.0,2026-09-25T11:00:00Z,nodd,nodd
2026-09-25,portland-or,rtma,04,2026-09-25T11:00:00Z,289.21,8.16,14.95,0.0,2026-09-25T12:00:00Z,nodd,nodd
2026-09-25,portland-or,rtma,05,2026-09-25T12:00:00Z,288.87,7.67,15.02,0.0,2026-09-25T13:00:00Z,nodd,nodd
2026-09-25,portland-or,rtma,06,2026-09-25T13:00:00Z,287.91,7.77,12.96,0.09375,2026-09-25T14:00:00Z,nodd,nodd
2026-09-25,portland-or,rtma,07,2026-09-25T14:00:00Z,287.5,5.79,11.27,0.875,2026-09-25T15:00:00Z,nodd,nodd
2026-09-25,portland-or,rtma,08,2026-09-25T15:00:00Z,286.83,5.9,10.72,0.109375,2026-09-25T16:00:00Z,nodd,nodd
2026-09-25,portland-or,rtma,09,2026-09-25T16:00:00Z,287.09,4.24,10.47,0.0,2026-09-25T17:00:00Z,nodd,nodd
2026-09-25,portland-or,rtma,10,2026-09-25T17:00:00Z,287.12,4.57,11.22,0.171875,2026-09-25T18:00:00Z,nodd,nodd
2026-09-25,portland-or,rtma,11,2026-09-25T18:00:00Z,287.52,5.41,10.95,0.0625,2026-09-25T19:00:00Z,nodd,nodd
2026-09-25,portland-or,rtma,12,2026-09-25T19:00:00Z,288.63,3.67,9.51,0.0,2026-09-25T20:00:00Z,nodd,nodd
2026-09-25,portland-or,rtma,13,2026-09-25T20:00:00Z,290.9,4.68,9.48,0.0,2026-09-25T21:00:00Z,nodd,nodd
2026-09-25,portland-or,rtma,14,2026-09-25T21:00:00Z,291.94,4.0,7.72,0.0,2026-09-25T22:00:00Z,nodd,nodd
2026-09-25,portland-or,rtma,15,2026-09-25T22:00:00Z,291.49,4.02,9.7,0.40625,2026-09-25T23:00:00Z,nodd,nodd
2026-09-25,portland-or,rtma,16,2026-09-25T23:00:00Z,290.76,2.64,8.16,0.0,2026-09-26T00:00:00Z,nodd,nodd
2026-09-25,portland-or,rtma,17,2026-09-26T00:00:00Z,291.56,2.66,8.47,0.0,2026-09-26T01:00:00Z,nodd,nodd
2026-09-25,portland-or,rtma,18,2026-09-26T01:00:00Z,290.02,2.51,5.84,0.0,2026-09-26T02:00:00Z,nodd,nodd
2026-09-25,portland-or,rtma,19,2026-09-26T02:00:00Z,288.98,2.4,3.19,0.0,2026-09-26T03:00:00Z,nodd,nodd
2026-09-25,portland-or,rtma,20,2026-09-26T03:00:00Z,288.26,1.34,1.96,0.0,2026-09-26T04:00:00Z,nodd,nodd
2026-09-25,portland-or,rtma,21,2026-09-26T04:00:00Z,286.78,0.6,0.98,0.0,2026-09-26T05:00:00Z,nodd,nodd
2026-09-25,portland-or,rtma,22,2026-09-26T05:00:00Z,285.01,0.4,0.83,0.0,2026-09-26T06:00:00Z,nodd,nodd
2026-09-25,portland-or,rtma,23,2026-09-26T06:00:00Z,284.2,0.29,1.52,0.0,2026-09-26T07:00:00Z,nodd,nodd
2026-09-25,portland-or,urma,00,2026-09-25T07:00:00Z,288.27,1.42,7.17,0.0,2026-09-25T08:00:00Z,nodd,nodd
2026-09-25,portland-or,urma,01,2026-09-25T08:00:00Z,288.18,0.62,0.62,0.0,2026-09-25T09:00:00Z,nodd,nodd
2026-09-25,portland-or,urma,02,2026-09-25T09:00:00Z,287.96,0.1,0.1,0.0,2026-09-25T10:00:00Z,nodd,nodd
2026-09-25,portland-or,urma,03,2026-09-25T10:00:00Z,288.42,1.89,5.44,0.0,2026-09-25T11:00:00Z,nodd,nodd
2026-09-25,portland-or,urma,04,2026-09-25T11:00:00Z,289.11,8.44,15.25,0.0,2026-09-25T12:00:00Z,nodd,nodd
2026-09-25,portland-or,urma,05,2026-09-25T12:00:00Z,288.83,7.7,14.92,0.0,2026-09-25T13:00:00Z,nodd,nodd
2026-09-25,portland-or,urma,06,2026-09-25T13:00:00Z,287.82,7.91,13.24,0.3125,2026-09-25T14:00:00Z,nodd,nodd
2026-09-25,portland-or,urma,07,2026-09-25T14:00:00Z,287.67,6.1,11.38,0.421875,2026-09-25T15:00:00Z,nodd,nodd
2026-09-25,portland-or,urma,08,2026-09-25T15:00:00Z,286.59,5.65,11.01,0.0,2026-09-25T16:00:00Z,nodd,nodd
2026-09-25,portland-or,urma,09,2026-09-25T16:00:00Z,287.27,4.29,10.72,0.0,2026-09-25T17:00:00Z,nodd,nodd
2026-09-25,portland-or,urma,10,2026-09-25T17:00:00Z,287.14,4.59,11.24,0.273438,2026-09-25T18:00:00Z,nodd,nodd
2026-09-25,portland-or,urma,11,2026-09-25T18:00:00Z,287.38,5.01,10.74,0.015625,2026-09-25T19:00:00Z,nodd,nodd
2026-09-25,portland-or,urma,12,2026-09-25T19:00:00Z,288.44,3.79,9.79,0.0,2026-09-25T20:00:00Z,nodd,nodd
2026-09-25,portland-or,urma,13,2026-09-25T20:00:00Z,290.94,4.78,9.83,0.0,2026-09-25T21:00:00Z,nodd,nodd
2026-09-25,portland-or,urma,14,2026-09-25T21:00:00Z,292.02,4.08,7.91,0.0,2026-09-25T22:00:00Z,nodd,nodd
2026-09-25,portland-or,urma,15,2026-09-25T22:00:00Z,291.46,5.3,9.85,0.25,2026-09-25T23:00:00Z,nodd,nodd
2026-09-25,portland-or,urma,16,2026-09-25T23:00:00Z,290.76,2.75,8.11,0.0,2026-09-26T00:00:00Z,nodd,nodd
2026-09-25,portland-or,urma,17,2026-09-26T00:00:00Z,291.44,2.55,7.99,0.0,2026-09-26T01:00:00Z,nodd,nodd
2026-09-25,portland-or,urma,18,2026-09-26T01:00:00Z,290.54,2.57,5.46,0.0,2026-09-26T02:00:00Z,nodd,nodd
2026-09-25,portland-or,urma,19,2026-09-26T02:00:00Z,288.96,2.43,3.45,0.0,2026-09-26T03:00:00Z,nodd,nodd
2026-09-25,portland-or,urma,20,2026-09-26T03:00:00Z,288.38,1.31,2.09,0.0,2026-09-26T04:00:00Z,nodd,nodd
2026-09-25,portland-or,urma,21,2026-09-26T04:00:00Z,286.77,0.57,1.08,0.0,2026-09-26T05:00:00Z,nodd,nodd
2026-09-25,portland-or,urma,22,2026-09-26T05:00:00Z,285.09,0.43,0.87,0.0,2026-09-26T06:00:00Z,nodd,nodd
2026-09-25,portland-or,urma,23,2026-09-26T06:00:00Z,284.04,0.0,0.18,0.0,2026-09-26T07:00:00Z,nodd,nodd
2026-09-25,sacramento-ca,rtma,00,2026-09-25T07:00:00Z,292.31,1.4,3.31,0.0,2026-09-25T08:00:00Z,nodd,nodd
2026-09-25,sacramento-ca,rtma,01,2026-09-25T08:00:00Z,291.35,1.96,2.47,0.0,2026-09-25T09:00:00Z,nodd,nodd
2026-09-25,sacramento-ca,rtma,02,2026-09-25T09:00:00Z,290.39,1.91,3.41,0.0,2026-09-25T10:00:00Z,nodd,nodd
2026-09-25,sacramento-ca,rtma,03,2026-09-25T10:00:00Z,289.86,2.57,3.51,0.0,2026-09-25T11:00:00Z,nodd,nodd
2026-09-25,sacramento-ca,rtma,04,2026-09-25T11:00:00Z,289.4,2.35,4.08,0.0,2026-09-25T12:00:00Z,nodd,nodd
2026-09-25,sacramento-ca,rtma,05,2026-09-25T12:00:00Z,289.1,2.22,4.05,0.0,2026-09-25T13:00:00Z,nodd,nodd
2026-09-25,sacramento-ca,rtma,06,2026-09-25T13:00:00Z,288.95,2.16,4.45,0.0,2026-09-25T14:00:00Z,nodd,nodd
2026-09-25,sacramento-ca,rtma,07,2026-09-25T14:00:00Z,288.88,2.25,4.06,0.0,2026-09-25T15:00:00Z,nodd,nodd
2026-09-25,sacramento-ca,rtma,08,2026-09-25T15:00:00Z,290.11,2.47,4.48,0.0,2026-09-25T16:00:00Z,nodd,nodd
2026-09-25,sacramento-ca,rtma,09,2026-09-25T16:00:00Z,292.57,2.76,6.28,0.0,2026-09-25T17:00:00Z,nodd,nodd
2026-09-25,sacramento-ca,rtma,10,2026-09-25T17:00:00Z,295.12,2.92,4.84,0.0,2026-09-25T18:00:00Z,nodd,nodd
2026-09-25,sacramento-ca,rtma,11,2026-09-25T18:00:00Z,297.51,3.16,5.47,0.0,2026-09-25T19:00:00Z,nodd,nodd
2026-09-25,sacramento-ca,rtma,12,2026-09-25T19:00:00Z,299.68,2.85,5.36,0.0,2026-09-25T20:00:00Z,nodd,nodd
2026-09-25,sacramento-ca,rtma,13,2026-09-25T20:00:00Z,301.15,3.02,5.41,0.0,2026-09-25T21:00:00Z,nodd,nodd
2026-09-25,sacramento-ca,rtma,14,2026-09-25T21:00:00Z,302.29,2.73,5.55,0.0,2026-09-25T22:00:00Z,nodd,nodd
2026-09-25,sacramento-ca,rtma,15,2026-09-25T22:00:00Z,303.04,2.69,5.76,0.0,2026-09-25T23:00:00Z,nodd,nodd
2026-09-25,sacramento-ca,rtma,16,2026-09-25T23:00:00Z,303.36,3.2,5.88,0.0,2026-09-26T00:00:00Z,nodd,nodd
2026-09-25,sacramento-ca,rtma,17,2026-09-26T00:00:00Z,302.6,3.7,6.96,0.0,2026-09-26T01:00:00Z,nodd,nodd
2026-09-25,sacramento-ca,rtma,18,2026-09-26T01:00:00Z,301.02,4.37,7.74,0.0,2026-09-26T02:00:00Z,nodd,nodd
2026-09-25,sacramento-ca,rtma,19,2026-09-26T02:00:00Z,297.93,3.58,6.61,0.0,2026-09-26T03:00:00Z,nodd,nodd
2026-09-25,sacramento-ca,rtma,20,2026-09-26T03:00:00Z,295.65,2.97,5.07,0.0,2026-09-26T04:00:00Z,nodd,nodd
2026-09-25,sacramento-ca,rtma,21,2026-09-26T04:00:00Z,293.44,2.76,5.25,0.0,2026-09-26T05:00:00Z,nodd,nodd
2026-09-25,sacramento-ca,rtma,22,2026-09-26T05:00:00Z,291.74,2.7,5.01,0.0,2026-09-26T06:00:00Z,nodd,nodd
2026-09-25,sacramento-ca,rtma,23,2026-09-26T06:00:00Z,290.08,2.34,5.25,0.0,2026-09-26T07:00:00Z,nodd,nodd
2026-09-25,sacramento-ca,urma,00,2026-09-25T07:00:00Z,292.49,1.34,3.24,0.0,2026-09-25T08:00:00Z,nodd,nodd
2026-09-25,sacramento-ca,urma,01,2026-09-25T08:00:00Z,291.4,1.83,2.5,0.0,2026-09-25T09:00:00Z,nodd,nodd
2026-09-25,sacramento-ca,urma,02,2026-09-25T09:00:00Z,290.4,1.68,3.26,0.0,2026-09-25T10:00:00Z,nodd,nodd
2026-09-25,sacramento-ca,urma,03,2026-09-25T10:00:00Z,289.91,2.31,3.34,0.0,2026-09-25T11:00:00Z,nodd,nodd
2026-09-25,sacramento-ca,urma,04,2026-09-25T11:00:00Z,289.46,2.08,3.97,0.0,2026-09-25T12:00:00Z,nodd,nodd
2026-09-25,sacramento-ca,urma,05,2026-09-25T12:00:00Z,289.18,2.01,4.05,0.0,2026-09-25T13:00:00Z,nodd,nodd
2026-09-25,sacramento-ca,urma,06,2026-09-25T13:00:00Z,289.45,2.08,4.38,0.0,2026-09-25T14:00:00Z,nodd,nodd
2026-09-25,sacramento-ca,urma,07,2026-09-25T14:00:00Z,288.93,2.07,3.92,0.0,2026-09-25T15:00:00Z,nodd,nodd
2026-09-25,sacramento-ca,urma,08,2026-09-25T15:00:00Z,290.08,2.36,4.48,0.0,2026-09-25T16:00:00Z,nodd,nodd
2026-09-25,sacramento-ca,urma,09,2026-09-25T16:00:00Z,292.49,2.49,6.33,0.0,2026-09-25T17:00:00Z,nodd,nodd
2026-09-25,sacramento-ca,urma,10,2026-09-25T17:00:00Z,295.07,2.86,5.0,0.0,2026-09-25T18:00:00Z,nodd,nodd
2026-09-25,sacramento-ca,urma,11,2026-09-25T18:00:00Z,297.43,3.08,5.68,0.0,2026-09-25T19:00:00Z,nodd,nodd
2026-09-25,sacramento-ca,urma,12,2026-09-25T19:00:00Z,299.56,2.82,5.22,0.0,2026-09-25T20:00:00Z,nodd,nodd
2026-09-25,sacramento-ca,urma,13,2026-09-25T20:00:00Z,301.08,2.97,5.29,0.0,2026-09-25T21:00:00Z,nodd,nodd
2026-09-25,sacramento-ca,urma,14,2026-09-25T21:00:00Z,302.2,2.64,5.62,0.0,2026-09-25T22:00:00Z,nodd,nodd
2026-09-25,sacramento-ca,urma,15,2026-09-25T22:00:00Z,302.98,2.7,5.74,0.0,2026-09-25T23:00:00Z,nodd,nodd
2026-09-25,sacramento-ca,urma,16,2026-09-25T23:00:00Z,303.29,3.11,5.9,0.0,2026-09-26T00:00:00Z,nodd,nodd
2026-09-25,sacramento-ca,urma,17,2026-09-26T00:00:00Z,302.55,3.57,6.95,0.0,2026-09-26T01:00:00Z,nodd,nodd
2026-09-25,sacramento-ca,urma,18,2026-09-26T01:00:00Z,301.0,4.38,7.58,0.0,2026-09-26T02:00:00Z,nodd,nodd
2026-09-25,sacramento-ca,urma,19,2026-09-26T02:00:00Z,297.93,3.57,6.66,0.0,2026-09-26T03:00:00Z,nodd,nodd
2026-09-25,sacramento-ca,urma,20,2026-09-26T03:00:00Z,295.7,2.94,5.08,0.0,2026-09-26T04:00:00Z,nodd,nodd
2026-09-25,sacramento-ca,urma,21,2026-09-26T04:00:00Z,293.44,2.62,5.15,0.0,2026-09-26T05:00:00Z,nodd,nodd
2026-09-25,sacramento-ca,urma,22,2026-09-26T05:00:00Z,291.7,2.67,4.98,0.0,2026-09-26T06:00:00Z,nodd,nodd
2026-09-25,sacramento-ca,urma,23,2026-09-26T06:00:00Z,290.11,2.28,5.26,0.0,2026-09-26T07:00:00Z,nodd,nodd
2026-09-25,pittsburgh-pa,rtma,00,2026-09-25T04:00:00Z,282.31,0.15,2.01,0.0,2026-09-25T05:00:00Z,nodd,nodd
2026-09-25,pittsburgh-pa,rtma,01,2026-09-25T05:00:00Z,281.59,0.3,2.33,0.0,2026-09-25T06:00:00Z,nodd,nodd
2026-09-25,pittsburgh-pa,rtma,02,2026-09-25T06:00:00Z,281.14,0.19,1.67,0.0,2026-09-25T07:00:00Z,nodd,nodd
2026-09-25,pittsburgh-pa,rtma,03,2026-09-25T07:00:00Z,280.62,0.24,2.3,0.0,2026-09-25T08:00:00Z,nodd,nodd
2026-09-25,pittsburgh-pa,rtma,04,2026-09-25T08:00:00Z,280.42,0.44,1.55,0.0,2026-09-25T09:00:00Z,nodd,nodd
2026-09-25,pittsburgh-pa,rtma,05,2026-09-25T09:00:00Z,280.05,0.0,1.49,0.0,2026-09-25T10:00:00Z,nodd,nodd
2026-09-25,pittsburgh-pa,rtma,06,2026-09-25T10:00:00Z,279.86,0.0,1.78,0.0,2026-09-25T11:00:00Z,nodd,nodd
2026-09-25,pittsburgh-pa,rtma,07,2026-09-25T11:00:00Z,279.48,0.0,1.41,0.0,2026-09-25T12:00:00Z,nodd,nodd
2026-09-25,pittsburgh-pa,rtma,08,2026-09-25T12:00:00Z,279.58,0.63,1.07,0.0,2026-09-25T13:00:00Z,nodd,nodd
2026-09-25,pittsburgh-pa,rtma,09,2026-09-25T13:00:00Z,282.33,2.2,3.97,0.0,2026-09-25T14:00:00Z,nodd,nodd
2026-09-25,pittsburgh-pa,rtma,10,2026-09-25T14:00:00Z,285.67,1.72,3.92,0.0,2026-09-25T15:00:00Z,nodd,nodd
2026-09-25,pittsburgh-pa,rtma,11,2026-09-25T15:00:00Z,288.56,1.28,5.6,0.0,2026-09-25T16:00:00Z,nodd,nodd
2026-09-25,pittsburgh-pa,rtma,12,2026-09-25T16:00:00Z,290.69,3.58,4.82,0.0,2026-09-25T17:00:00Z,nodd,nodd
2026-09-25,pittsburgh-pa,rtma,13,2026-09-25T17:00:00Z,292.32,2.84,4.68,0.0,2026-09-25T18:00:00Z,nodd,nodd
2026-09-25,pittsburgh-pa,rtma,14,2026-09-25T18:00:00Z,293.61,2.19,5.28,0.0,2026-09-25T19:00:00Z,nodd,nodd
2026-09-25,pittsburgh-pa,rtma,15,2026-09-25T19:00:00Z,294.79,3.15,4.97,0.0,2026-09-25T20:00:00Z,nodd,nodd
2026-09-25,pittsburgh-pa,rtma,16,2026-09-25T20:00:00Z,295.62,3.98,6.04,0.0,2026-09-25T21:00:00Z,nodd,nodd
2026-09-25,pittsburgh-pa,rtma,17,2026-09-25T21:00:00Z,295.59,5.44,5.44,0.0,2026-09-25T22:00:00Z,nodd,nodd
2026-09-25,pittsburgh-pa,rtma,18,2026-09-25T22:00:00Z,294.65,5.75,8.52,0.0,2026-09-25T23:00:00Z,nodd,nodd
2026-09-25,pittsburgh-pa,rtma,19,2026-09-25T23:00:00Z,291.95,2.18,2.95,0.0,2026-09-26T00:00:00Z,nodd,nodd
2026-09-25,pittsburgh-pa,rtma,20,2026-09-26T00:00:00Z,288.89,3.03,3.03,0.0,2026-09-26T01:00:00Z,nodd,nodd
2026-09-25,pittsburgh-pa,rtma,21,2026-09-26T01:00:00Z,287.42,2.32,4.18,0.0,2026-09-26T02:00:00Z,nodd,nodd
2026-09-25,pittsburgh-pa,rtma,22,2026-09-26T02:00:00Z,287.06,0.63,3.55,0.0,2026-09-26T03:00:00Z,nodd,nodd
2026-09-25,pittsburgh-pa,rtma,23,2026-09-26T03:00:00Z,286.75,0.0,4.04,0.0,2026-09-26T04:00:00Z,nodd,nodd
2026-09-25,pittsburgh-pa,urma,00,2026-09-25T04:00:00Z,282.23,0.16,2.05,0.0,2026-09-25T05:00:00Z,nodd,nodd
2026-09-25,pittsburgh-pa,urma,01,2026-09-25T05:00:00Z,281.54,0.49,2.39,0.0,2026-09-25T06:00:00Z,nodd,nodd
2026-09-25,pittsburgh-pa,urma,02,2026-09-25T06:00:00Z,281.19,0.1,1.76,0.0,2026-09-25T07:00:00Z,nodd,nodd
2026-09-25,pittsburgh-pa,urma,03,2026-09-25T07:00:00Z,280.85,0.47,2.49,0.0,2026-09-25T08:00:00Z,nodd,nodd
2026-09-25,pittsburgh-pa,urma,04,2026-09-25T08:00:00Z,280.37,0.44,1.59,0.0,2026-09-25T09:00:00Z,nodd,nodd
2026-09-25,pittsburgh-pa,urma,05,2026-09-25T09:00:00Z,280.06,0.0,1.78,0.0,2026-09-25T10:00:00Z,nodd,nodd
2026-09-25,pittsburgh-pa,urma,06,2026-09-25T10:00:00Z,279.84,0.21,1.58,0.0,2026-09-25T11:00:00Z,nodd,nodd
2026-09-25,pittsburgh-pa,urma,07,2026-09-25T11:00:00Z,279.46,0.0,1.67,0.0,2026-09-25T12:00:00Z,nodd,nodd
2026-09-25,pittsburgh-pa,urma,08,2026-09-25T12:00:00Z,279.68,0.62,1.1,0.0,2026-09-25T13:00:00Z,nodd,nodd
2026-09-25,pittsburgh-pa,urma,09,2026-09-25T13:00:00Z,282.32,2.32,4.02,0.0,2026-09-25T14:00:00Z,nodd,nodd
2026-09-25,pittsburgh-pa,urma,10,2026-09-25T14:00:00Z,285.7,1.71,3.86,0.0,2026-09-25T15:00:00Z,nodd,nodd
2026-09-25,pittsburgh-pa,urma,11,2026-09-25T15:00:00Z,288.6,1.3,5.52,0.0,2026-09-25T16:00:00Z,nodd,nodd
2026-09-25,pittsburgh-pa,urma,12,2026-09-25T16:00:00Z,290.65,3.51,5.12,0.0,2026-09-25T17:00:00Z,nodd,nodd
2026-09-25,pittsburgh-pa,urma,13,2026-09-25T17:00:00Z,292.35,2.97,4.69,0.0,2026-09-25T18:00:00Z,nodd,nodd
2026-09-25,pittsburgh-pa,urma,14,2026-09-25T18:00:00Z,293.69,2.55,5.28,0.0,2026-09-25T19:00:00Z,nodd,nodd
2026-09-25,pittsburgh-pa,urma,15,2026-09-25T19:00:00Z,294.95,3.29,4.99,0.0,2026-09-25T20:00:00Z,nodd,nodd
2026-09-25,pittsburgh-pa,urma,16,2026-09-25T20:00:00Z,295.66,4.1,5.94,0.0,2026-09-25T21:00:00Z,nodd,nodd
2026-09-25,pittsburgh-pa,urma,17,2026-09-25T21:00:00Z,295.61,5.98,5.98,0.0,2026-09-25T22:00:00Z,nodd,nodd
2026-09-25,pittsburgh-pa,urma,18,2026-09-25T22:00:00Z,294.66,5.97,8.36,0.0,2026-09-25T23:00:00Z,nodd,nodd
2026-09-25,pittsburgh-pa,urma,19,2026-09-25T23:00:00Z,291.72,2.16,3.08,0.0,2026-09-26T00:00:00Z,nodd,nodd
2026-09-25,pittsburgh-pa,urma,20,2026-09-26T00:00:00Z,288.72,2.96,2.96,0.0,2026-09-26T01:00:00Z,nodd,nodd
2026-09-25,pittsburgh-pa,urma,21,2026-09-26T01:00:00Z,287.83,2.44,4.22,0.0,2026-09-26T02:00:00Z,nodd,nodd
2026-09-25,pittsburgh-pa,urma,22,2026-09-26T02:00:00Z,287.1,0.65,3.6,0.0,2026-09-26T03:00:00Z,nodd,nodd
2026-09-25,pittsburgh-pa,urma,23,2026-09-26T03:00:00Z,286.72,0.0,4.09,0.0,2026-09-26T04:00:00Z,nodd,nodd
2026-09-25,las-vegas-nv,rtma,00,2026-09-25T07:00:00Z,301.03,2.53,3.4,0.0,2026-09-25T08:00:00Z,nodd,nodd
2026-09-25,las-vegas-nv,rtma,01,2026-09-25T08:00:00Z,300.1,0.47,2.65,0.0,2026-09-25T09:00:00Z,nodd,nodd
2026-09-25,las-vegas-nv,rtma,02,2026-09-25T09:00:00Z,298.76,0.97,2.19,0.0,2026-09-25T10:00:00Z,nodd,nodd
2026-09-25,las-vegas-nv,rtma,03,2026-09-25T10:00:00Z,297.83,1.36,2.51,0.0,2026-09-25T11:00:00Z,nodd,nodd
2026-09-25,las-vegas-nv,rtma,04,2026-09-25T11:00:00Z,297.3,1.17,1.17,0.0,2026-09-25T12:00:00Z,nodd,nodd
2026-09-25,las-vegas-nv,rtma,05,2026-09-25T12:00:00Z,296.67,1.54,2.12,0.0,2026-09-25T13:00:00Z,nodd,nodd
2026-09-25,las-vegas-nv,rtma,06,2026-09-25T13:00:00Z,296.18,1.58,2.55,0.0,2026-09-25T14:00:00Z,nodd,nodd
2026-09-25,las-vegas-nv,rtma,07,2026-09-25T14:00:00Z,296.18,2.32,2.46,0.0,2026-09-25T15:00:00Z,nodd,nodd
2026-09-25,las-vegas-nv,rtma,08,2026-09-25T15:00:00Z,298.06,1.88,3.12,0.0,2026-09-25T16:00:00Z,nodd,nodd
2026-09-25,las-vegas-nv,rtma,09,2026-09-25T16:00:00Z,300.09,1.28,1.87,0.0,2026-09-25T17:00:00Z,nodd,nodd
2026-09-25,las-vegas-nv,rtma,10,2026-09-25T17:00:00Z,301.55,1.08,2.57,0.0,2026-09-25T18:00:00Z,nodd,nodd
2026-09-25,las-vegas-nv,rtma,11,2026-09-25T18:00:00Z,303.31,1.64,6.09,0.0,2026-09-25T19:00:00Z,nodd,nodd
2026-09-25,las-vegas-nv,rtma,12,2026-09-25T19:00:00Z,305.28,3.31,4.36,0.0,2026-09-25T20:00:00Z,nodd,nodd
2026-09-25,las-vegas-nv,rtma,13,2026-09-25T20:00:00Z,306.0,3.81,6.77,0.0,2026-09-25T21:00:00Z,nodd,nodd
2026-09-25,las-vegas-nv,rtma,14,2026-09-25T21:00:00Z,308.21,5.13,9.25,0.0,2026-09-25T22:00:00Z,nodd,nodd
2026-09-25,las-vegas-nv,rtma,15,2026-09-25T22:00:00Z,308.58,6.03,10.59,0.0,2026-09-25T23:00:00Z,nodd,nodd
2026-09-25,las-vegas-nv,rtma,16,2026-09-25T23:00:00Z,308.34,6.78,10.0,0.0,2026-09-26T00:00:00Z,nodd,nodd
2026-09-25,las-vegas-nv,rtma,17,2026-09-26T00:00:00Z,308.03,6.14,9.45,0.0,2026-09-26T01:00:00Z,nodd,nodd
2026-09-25,las-vegas-nv,rtma,18,2026-09-26T01:00:00Z,307.57,6.5,9.48,0.0,2026-09-26T02:00:00Z,nodd,nodd
2026-09-25,las-vegas-nv,rtma,19,2026-09-26T02:00:00Z,306.75,4.23,6.46,0.0,2026-09-26T03:00:00Z,nodd,nodd
2026-09-25,las-vegas-nv,rtma,20,2026-09-26T03:00:00Z,305.7,3.42,6.41,0.0,2026-09-26T04:00:00Z,nodd,nodd
2026-09-25,las-vegas-nv,rtma,21,2026-09-26T04:00:00Z,304.4,2.86,4.25,0.0,2026-09-26T05:00:00Z,nodd,nodd
2026-09-25,las-vegas-nv,rtma,22,2026-09-26T05:00:00Z,303.06,3.43,4.44,0.0,2026-09-26T06:00:00Z,nodd,nodd
2026-09-25,las-vegas-nv,rtma,23,2026-09-26T06:00:00Z,302.14,4.41,4.94,0.0,2026-09-26T07:00:00Z,nodd,nodd
2026-09-25,las-vegas-nv,urma,00,2026-09-25T07:00:00Z,301.65,2.44,2.95,0.0,2026-09-25T08:00:00Z,nodd,nodd
2026-09-25,las-vegas-nv,urma,01,2026-09-25T08:00:00Z,300.05,0.51,1.67,0.0,2026-09-25T09:00:00Z,nodd,nodd
2026-09-25,las-vegas-nv,urma,02,2026-09-25T09:00:00Z,298.81,0.94,1.7,0.0,2026-09-25T10:00:00Z,nodd,nodd
2026-09-25,las-vegas-nv,urma,03,2026-09-25T10:00:00Z,297.85,1.4,1.89,0.0,2026-09-25T11:00:00Z,nodd,nodd
2026-09-25,las-vegas-nv,urma,04,2026-09-25T11:00:00Z,297.29,1.16,1.16,0.0,2026-09-25T12:00:00Z,nodd,nodd
2026-09-25,las-vegas-nv,urma,05,2026-09-25T12:00:00Z,296.67,1.53,1.94,0.0,2026-09-25T13:00:00Z,nodd,nodd
2026-09-25,las-vegas-nv,urma,06,2026-09-25T13:00:00Z,296.33,1.57,2.35,0.0,2026-09-25T14:00:00Z,nodd,nodd
2026-09-25,las-vegas-nv,urma,07,2026-09-25T14:00:00Z,296.15,2.3,2.3,0.0,2026-09-25T15:00:00Z,nodd,nodd
2026-09-25,las-vegas-nv,urma,08,2026-09-25T15:00:00Z,298.05,1.92,2.38,0.0,2026-09-25T16:00:00Z,nodd,nodd
2026-09-25,las-vegas-nv,urma,09,2026-09-25T16:00:00Z,300.12,1.28,1.69,0.0,2026-09-25T17:00:00Z,nodd,nodd
2026-09-25,las-vegas-nv,urma,10,2026-09-25T17:00:00Z,301.62,1.07,2.48,0.0,2026-09-25T18:00:00Z,nodd,nodd
2026-09-25,las-vegas-nv,urma,11,2026-09-25T18:00:00Z,303.35,1.53,6.15,0.0,2026-09-25T19:00:00Z,nodd,nodd
2026-09-25,las-vegas-nv,urma,12,2026-09-25T19:00:00Z,305.04,3.22,4.44,0.0,2026-09-25T20:00:00Z,nodd,nodd
2026-09-25,las-vegas-nv,urma,13,2026-09-25T20:00:00Z,305.99,3.77,6.78,0.0,2026-09-25T21:00:00Z,nodd,nodd
2026-09-25,las-vegas-nv,urma,14,2026-09-25T21:00:00Z,308.22,5.19,8.9,0.0,2026-09-25T22:00:00Z,nodd,nodd
2026-09-25,las-vegas-nv,urma,15,2026-09-25T22:00:00Z,308.59,5.96,10.52,0.0,2026-09-25T23:00:00Z,nodd,nodd
2026-09-25,las-vegas-nv,urma,16,2026-09-25T23:00:00Z,308.32,6.79,9.97,0.0,2026-09-26T00:00:00Z,nodd,nodd
2026-09-25,las-vegas-nv,urma,17,2026-09-26T00:00:00Z,307.95,6.16,9.35,0.0,2026-09-26T01:00:00Z,nodd,nodd
2026-09-25,las-vegas-nv,urma,18,2026-09-26T01:00:00Z,307.67,6.43,9.4,0.0,2026-09-26T02:00:00Z,nodd,nodd
2026-09-25,las-vegas-nv,urma,19,2026-09-26T02:00:00Z,306.79,4.24,6.49,0.0,2026-09-26T03:00:00Z,nodd,nodd
2026-09-25,las-vegas-nv,urma,20,2026-09-26T03:00:00Z,305.75,3.42,6.38,0.0,2026-09-26T04:00:00Z,nodd,nodd
2026-09-25,las-vegas-nv,urma,21,2026-09-26T04:00:00Z,304.37,2.92,3.95,0.0,2026-09-26T05:00:00Z,nodd,nodd
2026-09-25,las-vegas-nv,urma,22,2026-09-26T05:00:00Z,303.08,3.37,4.32,0.0,2026-09-26T06:00:00Z,nodd,nodd
2026-09-25,las-vegas-nv,urma,23,2026-09-26T06:00:00Z,302.15,4.29,4.96,0.0,2026-09-26T07:00:00Z,nodd,nodd
2026-09-25,cincinnati-oh,rtma,00,2026-09-25T04:00:00Z,286.5,0.07,1.8,0.0,2026-09-25T05:00:00Z,nodd,nodd
2026-09-25,cincinnati-oh,rtma,01,2026-09-25T05:00:00Z,286.06,0.35,2.0,0.0,2026-09-25T06:00:00Z,nodd,nodd
2026-09-25,cincinnati-oh,rtma,02,2026-09-25T06:00:00Z,285.53,0.46,2.65,0.0,2026-09-25T07:00:00Z,nodd,nodd
2026-09-25,cincinnati-oh,rtma,03,2026-09-25T07:00:00Z,285.12,0.85,1.79,0.0,2026-09-25T08:00:00Z,nodd,nodd
2026-09-25,cincinnati-oh,rtma,04,2026-09-25T08:00:00Z,284.75,0.99,1.6,0.0,2026-09-25T09:00:00Z,nodd,nodd
2026-09-25,cincinnati-oh,rtma,05,2026-09-25T09:00:00Z,284.12,0.32,1.43,0.0,2026-09-25T10:00:00Z,nodd,nodd
2026-09-25,cincinnati-oh,rtma,06,2026-09-25T10:00:00Z,283.42,0.12,0.89,0.0,2026-09-25T11:00:00Z,nodd,nodd
2026-09-25,cincinnati-oh,rtma,07,2026-09-25T11:00:00Z,282.91,1.1,1.31,0.0,2026-09-25T12:00:00Z,nodd,nodd
2026-09-25,cincinnati-oh,rtma,08,2026-09-25T12:00:00Z,282.51,0.17,1.75,0.0,2026-09-25T13:00:00Z,nodd,nodd
2026-09-25,cincinnati-oh,rtma,09,2026-09-25T13:00:00Z,284.19,1.58,3.68,0.0,2026-09-25T14:00:00Z,nodd,nodd
2026-09-25,cincinnati-oh,rtma,10,2026-09-25T14:00:00Z,287.16,2.04,4.54,0.0,2026-09-25T15:00:00Z,nodd,nodd
2026-09-25,cincinnati-oh,rtma,11,2026-09-25T15:00:00Z,289.59,1.9,4.35,0.0,2026-09-25T16:00:00Z,nodd,nodd
2026-09-25,cincinnati-oh,rtma,12,2026-09-25T16:00:00Z,291.51,2.79,7.33,0.0,2026-09-25T17:00:00Z,nodd,nodd
2026-09-25,cincinnati-oh,rtma,13,2026-09-25T17:00:00Z,293.02,3.55,6.14,0.0,2026-09-25T18:00:00Z,nodd,nodd
2026-09-25,cincinnati-oh,rtma,14,2026-09-25T18:00:00Z,294.49,3.09,5.71,0.0,2026-09-25T19:00:00Z,nodd,nodd
2026-09-25,cincinnati-oh,rtma,15,2026-09-25T19:00:00Z,295.61,2.9,5.43,0.0,2026-09-25T20:00:00Z,nodd,nodd
2026-09-25,cincinnati-oh,rtma,16,2026-09-25T20:00:00Z,296.16,3.23,7.95,0.0,2026-09-25T21:00:00Z,nodd,nodd
2026-09-25,cincinnati-oh,rtma,17,2026-09-25T21:00:00Z,296.04,3.82,4.66,0.0,2026-09-25T22:00:00Z,nodd,nodd
2026-09-25,cincinnati-oh,rtma,18,2026-09-25T22:00:00Z,295.48,1.9,4.59,0.0,2026-09-25T23:00:00Z,nodd,nodd
2026-09-25,cincinnati-oh,rtma,19,2026-09-25T23:00:00Z,293.59,0.77,4.46,0.0,2026-09-26T00:00:00Z,nodd,nodd
2026-09-25,cincinnati-oh,rtma,20,2026-09-26T00:00:00Z,290.54,1.06,2.65,0.0,2026-09-26T01:00:00Z,nodd,nodd
2026-09-25,cincinnati-oh,rtma,21,2026-09-26T01:00:00Z,289.03,1.11,1.81,0.0,2026-09-26T02:00:00Z,nodd,nodd
2026-09-25,cincinnati-oh,rtma,22,2026-09-26T02:00:00Z,289.09,0.09,1.97,0.0,2026-09-26T03:00:00Z,nodd,nodd
2026-09-25,cincinnati-oh,rtma,23,2026-09-26T03:00:00Z,288.22,0.7,1.89,0.0,2026-09-26T04:00:00Z,nodd,nodd
2026-09-25,cincinnati-oh,urma,00,2026-09-25T04:00:00Z,286.48,0.11,1.87,0.0,2026-09-25T05:00:00Z,nodd,nodd
2026-09-25,cincinnati-oh,urma,01,2026-09-25T05:00:00Z,286.05,0.47,2.05,0.0,2026-09-25T06:00:00Z,nodd,nodd
2026-09-25,cincinnati-oh,urma,02,2026-09-25T06:00:00Z,285.53,0.43,2.73,0.0,2026-09-25T07:00:00Z,nodd,nodd
2026-09-25,cincinnati-oh,urma,03,2026-09-25T07:00:00Z,285.41,1.02,1.82,0.0,2026-09-25T08:00:00Z,nodd,nodd
2026-09-25,cincinnati-oh,urma,04,2026-09-25T08:00:00Z,284.76,1.05,1.57,0.0,2026-09-25T09:00:00Z,nodd,nodd
2026-09-25,cincinnati-oh,urma,05,2026-09-25T09:00:00Z,284.17,0.44,1.44,0.0,2026-09-25T10:00:00Z,nodd,nodd
2026-09-25,cincinnati-oh,urma,06,2026-09-25T10:00:00Z,283.42,0.2,0.9,0.0,2026-09-25T11:00:00Z,nodd,nodd
2026-09-25,cincinnati-oh,urma,07,2026-09-25T11:00:00Z,282.92,1.19,1.32,0.0,2026-09-25T12:00:00Z,nodd,nodd
2026-09-25,cincinnati-oh,urma,08,2026-09-25T12:00:00Z,282.49,0.13,1.81,0.0,2026-09-25T13:00:00Z,nodd,nodd
2026-09-25,cincinnati-oh,urma,09,2026-09-25T13:00:00Z,284.56,1.49,3.73,0.0,2026-09-25T14:00:00Z,nodd,nodd
2026-09-25,cincinnati-oh,urma,10,2026-09-25T14:00:00Z,287.2,2.14,4.48,0.0,2026-09-25T15:00:00Z,nodd,nodd
2026-09-25,cincinnati-oh,urma,11,2026-09-25T15:00:00Z,289.57,2.08,4.36,0.0,2026-09-25T16:00:00Z,nodd,nodd
2026-09-25,cincinnati-oh,urma,12,2026-09-25T16:00:00Z,291.54,2.83,7.23,0.0,2026-09-25T17:00:00Z,nodd,nodd
2026-09-25,cincinnati-oh,urma,13,2026-09-25T17:00:00Z,293.01,3.54,6.19,0.0,2026-09-25T18:00:00Z,nodd,nodd
2026-09-25,cincinnati-oh,urma,14,2026-09-25T18:00:00Z,294.5,3.18,5.65,0.0,2026-09-25T19:00:00Z,nodd,nodd
2026-09-25,cincinnati-oh,urma,15,2026-09-25T19:00:00Z,295.78,2.93,5.45,0.0,2026-09-25T20:00:00Z,nodd,nodd
2026-09-25,cincinnati-oh,urma,16,2026-09-25T20:00:00Z,296.18,3.32,7.9,0.0,2026-09-25T21:00:00Z,nodd,nodd
2026-09-25,cincinnati-oh,urma,17,2026-09-25T21:00:00Z,296.05,4.09,4.42,0.0,2026-09-25T22:00:00Z,nodd,nodd
2026-09-25,cincinnati-oh,urma,18,2026-09-25T22:00:00Z,295.49,1.97,4.65,0.0,2026-09-25T23:00:00Z,nodd,nodd
2026-09-25,cincinnati-oh,urma,19,2026-09-25T23:00:00Z,293.55,0.71,4.65,0.0,2026-09-26T00:00:00Z,nodd,nodd
2026-09-25,cincinnati-oh,urma,20,2026-09-26T00:00:00Z,290.41,1.01,2.5,0.0,2026-09-26T01:00:00Z,nodd,nodd
2026-09-25,cincinnati-oh,urma,21,2026-09-26T01:00:00Z,289.53,1.07,1.75,0.0,2026-09-26T02:00:00Z,nodd,nodd
2026-09-25,cincinnati-oh,urma,22,2026-09-26T02:00:00Z,289.03,0.0,1.88,0.0,2026-09-26T03:00:00Z,nodd,nodd
2026-09-25,cincinnati-oh,urma,23,2026-09-26T03:00:00Z,288.26,0.88,1.73,0.0,2026-09-26T04:00:00Z,nodd,nodd
2026-09-25,kansas-city-mo,rtma,00,2026-09-25T05:00:00Z,289.66,2.28,7.0,0.0,2026-09-25T06:00:00Z,nodd,nodd
2026-09-25,kansas-city-mo,rtma,01,2026-09-25T06:00:00Z,289.4,2.51,4.44,0.0,2026-09-25T07:00:00Z,nodd,nodd
2026-09-25,kansas-city-mo,rtma,02,2026-09-25T07:00:00Z,289.47,1.15,5.43,0.65625,2026-09-25T08:00:00Z,nodd,nodd
2026-09-25,kansas-city-mo,rtma,03,2026-09-25T08:00:00Z,289.37,2.78,6.12,0.34375,2026-09-25T09:00:00Z,nodd,nodd
2026-09-25,kansas-city-mo,rtma,04,2026-09-25T09:00:00Z,288.62,2.41,4.26,0.0,2026-09-25T10:00:00Z,nodd,nodd
2026-09-25,kansas-city-mo,rtma,05,2026-09-25T10:00:00Z,288.48,1.93,4.26,0.71875,2026-09-25T11:00:00Z,nodd,nodd
2026-09-25,kansas-city-mo,rtma,06,2026-09-25T11:00:00Z,288.67,2.76,4.02,0.46875,2026-09-25T12:00:00Z,nodd,nodd
2026-09-25,kansas-city-mo,rtma,07,2026-09-25T12:00:00Z,288.49,2.55,3.67,0.28125,2026-09-25T13:00:00Z,nodd,nodd
2026-09-25,kansas-city-mo,rtma,08,2026-09-25T13:00:00Z,288.53,3.09,4.37,2.65625,2026-09-25T14:00:00Z,nodd,nodd
2026-09-25,kansas-city-mo,rtma,09,2026-09-25T14:00:00Z,288.98,1.2,4.81,0.0,2026-09-25T15:00:00Z,nodd,nodd
2026-09-25,kansas-city-mo,rtma,10,2026-09-25T15:00:00Z,288.96,0.33,1.71,0.375,2026-09-25T16:00:00Z,nodd,nodd
2026-09-25,kansas-city-mo,rtma,11,2026-09-25T16:00:00Z,290.11,2.87,3.88,0.3125,2026-09-25T17:00:00Z,nodd,nodd
2026-09-25,kansas-city-mo,rtma,12,2026-09-25T17:00:00Z,290.12,3.58,5.07,3.953125,2026-09-25T18:00:00Z,nodd,nodd
2026-09-25,kansas-city-mo,rtma,13,2026-09-25T18:00:00Z,290.86,3.45,4.88,0.84375,2026-09-25T19:00:00Z,nodd,nodd
2026-09-25,kansas-city-mo,rtma,14,2026-09-25T19:00:00Z,290.64,1.8,3.98,3.59375,2026-09-25T20:00:00Z,nodd,nodd
2026-09-25,kansas-city-mo,rtma,15,2026-09-25T20:00:00Z,290.1,2.74,6.09,2.8125,2026-09-25T21:00:00Z,nodd,nodd
2026-09-25,kansas-city-mo,rtma,16,2026-09-25T21:00:00Z,290.81,2.75,6.01,1.1875,2026-09-25T22:00:00Z,nodd,nodd
2026-09-25,kansas-city-mo,rtma,17,2026-09-25T22:00:00Z,290.78,1.88,4.01,0.015625,2026-09-25T23:00:00Z,nodd,nodd
2026-09-25,kansas-city-mo,rtma,18,2026-09-25T23:00:00Z,290.82,2.64,5.51,1.53125,2026-09-26T00:00:00Z,nodd,nodd
2026-09-25,kansas-city-mo,rtma,19,2026-09-26T00:00:00Z,290.9,2.36,5.65,0.0,2026-09-26T01:00:00Z,nodd,nodd
2026-09-25,kansas-city-mo,rtma,20,2026-09-26T01:00:00Z,290.88,2.62,6.27,0.0,2026-09-26T02:00:00Z,nodd,nodd
2026-09-25,kansas-city-mo,rtma,21,2026-09-26T02:00:00Z,291.2,2.7,5.08,0.0,2026-09-26T03:00:00Z,nodd,nodd
2026-09-25,kansas-city-mo,rtma,22,2026-09-26T03:00:00Z,291.08,2.26,6.84,0.0,2026-09-26T04:00:00Z,nodd,nodd
2026-09-25,kansas-city-mo,rtma,23,2026-09-26T04:00:00Z,291.21,2.73,3.11,0.0,2026-09-26T05:00:00Z,nodd,nodd
2026-09-25,kansas-city-mo,urma,00,2026-09-25T05:00:00Z,289.65,1.95,6.08,0.0,2026-09-25T06:00:00Z,nodd,nodd
2026-09-25,kansas-city-mo,urma,01,2026-09-25T06:00:00Z,289.38,2.67,3.6,0.0,2026-09-25T07:00:00Z,nodd,nodd
2026-09-25,kansas-city-mo,urma,02,2026-09-25T07:00:00Z,289.62,1.19,5.29,0.46875,2026-09-25T08:00:00Z,nodd,nodd
2026-09-25,kansas-city-mo,urma,03,2026-09-25T08:00:00Z,289.36,2.79,5.3,0.421875,2026-09-25T09:00:00Z,nodd,nodd
2026-09-25,kansas-city-mo,urma,04,2026-09-25T09:00:00Z,288.63,2.63,3.52,0.0,2026-09-25T10:00:00Z,nodd,nodd
2026-09-25,kansas-city-mo,urma,05,2026-09-25T10:00:00Z,288.55,2.17,3.24,0.515625,2026-09-25T11:00:00Z,nodd,nodd
2026-09-25,kansas-city-mo,urma,06,2026-09-25T11:00:00Z,288.65,2.7,3.31,0.5,2026-09-25T12:00:00Z,nodd,nodd
2026-09-25,kansas-city-mo,urma,07,2026-09-25T12:00:00Z,288.49,2.74,3.43,0.21875,2026-09-25T13:00:00Z,nodd,nodd
2026-09-25,kansas-city-mo,urma,08,2026-09-25T13:00:00Z,288.72,3.02,3.47,2.359375,2026-09-25T14:00:00Z,nodd,nodd
2026-09-25,kansas-city-mo,urma,09,2026-09-25T14:00:00Z,288.96,1.28,4.62,0.0,2026-09-25T15:00:00Z,nodd,nodd
2026-09-25,kansas-city-mo,urma,10,2026-09-25T15:00:00Z,288.95,0.31,1.28,0.46875,2026-09-25T16:00:00Z,nodd,nodd
2026-09-25,kansas-city-mo,urma,11,2026-09-25T16:00:00Z,290.07,2.81,3.29,0.359375,2026-09-25T17:00:00Z,nodd,nodd
2026-09-25,kansas-city-mo,urma,12,2026-09-25T17:00:00Z,290.1,3.48,4.34,2.523438,2026-09-25T18:00:00Z,nodd,nodd
2026-09-25,kansas-city-mo,urma,13,2026-09-25T18:00:00Z,290.93,3.57,4.21,0.65625,2026-09-25T19:00:00Z,nodd,nodd
2026-09-25,kansas-city-mo,urma,14,2026-09-25T19:00:00Z,290.92,1.79,3.46,2.453125,2026-09-25T20:00:00Z,nodd,nodd
2026-09-25,kansas-city-mo,urma,15,2026-09-25T20:00:00Z,290.07,2.58,5.25,1.65625,2026-09-25T21:00:00Z,nodd,nodd
2026-09-25,kansas-city-mo,urma,16,2026-09-25T21:00:00Z,290.76,2.41,5.04,0.84375,2026-09-25T22:00:00Z,nodd,nodd
2026-09-25,kansas-city-mo,urma,17,2026-09-25T22:00:00Z,290.8,1.9,3.81,0.046875,2026-09-25T23:00:00Z,nodd,nodd
2026-09-25,kansas-city-mo,urma,18,2026-09-25T23:00:00Z,290.8,2.62,4.79,0.875,2026-09-26T00:00:00Z,nodd,nodd
2026-09-25,kansas-city-mo,urma,19,2026-09-26T00:00:00Z,290.98,2.4,4.43,0.0,2026-09-26T01:00:00Z,nodd,nodd
2026-09-25,kansas-city-mo,urma,20,2026-09-26T01:00:00Z,291.26,2.72,4.41,0.0,2026-09-26T02:00:00Z,nodd,nodd
2026-09-25,kansas-city-mo,urma,21,2026-09-26T02:00:00Z,291.2,2.32,4.39,0.0,2026-09-26T03:00:00Z,nodd,nodd
2026-09-25,kansas-city-mo,urma,22,2026-09-26T03:00:00Z,291.1,2.38,5.31,0.0,2026-09-26T04:00:00Z,nodd,nodd
2026-09-25,kansas-city-mo,urma,23,2026-09-26T04:00:00Z,291.22,2.59,2.68,0.0,2026-09-26T05:00:00Z,nodd,nodd
2026-09-25,columbus-oh,rtma,00,2026-09-25T04:00:00Z,285.09,1.67,4.86,0.0,2026-09-25T05:00:00Z,nodd,nodd
2026-09-25,columbus-oh,rtma,01,2026-09-25T05:00:00Z,284.21,1.6,5.29,0.0,2026-09-25T06:00:00Z,nodd,nodd
2026-09-25,columbus-oh,rtma,02,2026-09-25T06:00:00Z,283.44,1.17,4.54,0.0,2026-09-25T07:00:00Z,nodd,nodd
2026-09-25,columbus-oh,rtma,03,2026-09-25T07:00:00Z,282.94,2.37,5.27,0.0,2026-09-25T08:00:00Z,nodd,nodd
2026-09-25,columbus-oh,rtma,04,2026-09-25T08:00:00Z,282.66,1.65,4.03,0.0,2026-09-25T09:00:00Z,nodd,nodd
2026-09-25,columbus-oh,rtma,05,2026-09-25T09:00:00Z,281.98,1.9,4.0,0.0,2026-09-25T10:00:00Z,nodd,nodd
2026-09-25,columbus-oh,rtma,06,2026-09-25T10:00:00Z,281.26,0.96,4.18,0.0,2026-09-25T11:00:00Z,nodd,nodd
2026-09-25,columbus-oh,rtma,07,2026-09-25T11:00:00Z,280.72,1.61,3.08,0.0,2026-09-25T12:00:00Z,nodd,nodd
2026-09-25,columbus-oh,rtma,08,2026-09-25T12:00:00Z,281.16,1.72,2.81,0.0,2026-09-25T13:00:00Z,nodd,nodd
2026-09-25,columbus-oh,rtma,09,2026-09-25T13:00:00Z,284.39,2.23,3.42,0.0,2026-09-25T14:00:00Z,nodd,nodd
2026-09-25,columbus-oh,rtma,10,2026-09-25T14:00:00Z,287.82,2.33,4.43,0.0,2026-09-25T15:00:00Z,nodd,nodd
2026-09-25,columbus-oh,rtma,11,2026-09-25T15:00:00Z,290.82,2.47,4.64,0.0,2026-09-25T16:00:00Z,nodd,nodd
2026-09-25,columbus-oh,rtma,12,2026-09-25T16:00:00Z,292.27,4.75,10.2,0.0,2026-09-25T17:00:00Z,nodd,nodd
2026-09-25,columbus-oh,rtma,13,2026-09-25T17:00:00Z,293.48,3.02,7.18,0.0,2026-09-25T18:00:00Z,nodd,nodd
2026-09-25,columbus-oh,rtma,14,2026-09-25T18:00:00Z,294.41,3.16,5.88,0.0,2026-09-25T19:00:00Z,nodd,nodd
2026-09-25,columbus-oh,rtma,15,2026-09-25T19:00:00Z,295.22,2.41,5.36,0.0,2026-09-25T20:00:00Z,nodd,nodd
2026-09-25,columbus-oh,rtma,16,2026-09-25T20:00:00Z,295.79,3.29,5.44,0.0,2026-09-25T21:00:00Z,nodd,nodd
2026-09-25,columbus-oh,rtma,17,2026-09-25T21:00:00Z,295.75,3.9,6.04,0.0,2026-09-25T22:00:00Z,nodd,nodd
2026-09-25,columbus-oh,rtma,18,2026-09-25T22:00:00Z,294.89,3.75,5.6,0.0,2026-09-25T23:00:00Z,nodd,nodd
2026-09-25,columbus-oh,rtma,19,2026-09-25T23:00:00Z,292.99,2.15,4.87,0.0,2026-09-26T00:00:00Z,nodd,nodd
2026-09-25,columbus-oh,rtma,20,2026-09-26T00:00:00Z,290.3,2.14,3.82,0.0,2026-09-26T01:00:00Z,nodd,nodd
2026-09-25,columbus-oh,rtma,21,2026-09-26T01:00:00Z,289.35,1.86,5.38,0.0,2026-09-26T02:00:00Z,nodd,nodd
2026-09-25,columbus-oh,rtma,22,2026-09-26T02:00:00Z,289.18,2.79,5.07,0.0,2026-09-26T03:00:00Z,nodd,nodd
2026-09-25,columbus-oh,rtma,23,2026-09-26T03:00:00Z,288.56,3.36,5.9,0.0,2026-09-26T04:00:00Z,nodd,nodd
2026-09-25,columbus-oh,urma,00,2026-09-25T04:00:00Z,285.09,1.55,4.8,0.0,2026-09-25T05:00:00Z,nodd,nodd
2026-09-25,columbus-oh,urma,01,2026-09-25T05:00:00Z,284.24,1.68,5.34,0.0,2026-09-25T06:00:00Z,nodd,nodd
2026-09-25,columbus-oh,urma,02,2026-09-25T06:00:00Z,283.47,1.11,4.47,0.0,2026-09-25T07:00:00Z,nodd,nodd
2026-09-25,columbus-oh,urma,03,2026-09-25T07:00:00Z,283.26,2.34,5.26,0.0,2026-09-25T08:00:00Z,nodd,nodd
2026-09-25,columbus-oh,urma,04,2026-09-25T08:00:00Z,282.67,1.53,4.07,0.0,2026-09-25T09:00:00Z,nodd,nodd
2026-09-25,columbus-oh,urma,05,2026-09-25T09:00:00Z,282.04,1.95,3.95,0.0,2026-09-25T10:00:00Z,nodd,nodd
2026-09-25,columbus-oh,urma,06,2026-09-25T10:00:00Z,281.28,0.98,4.19,0.0,2026-09-25T11:00:00Z,nodd,nodd
2026-09-25,columbus-oh,urma,07,2026-09-25T11:00:00Z,280.74,1.62,3.08,0.0,2026-09-25T12:00:00Z,nodd,nodd
2026-09-25,columbus-oh,urma,08,2026-09-25T12:00:00Z,281.17,1.73,2.81,0.0,2026-09-25T13:00:00Z,nodd,nodd
2026-09-25,columbus-oh,urma,09,2026-09-25T13:00:00Z,284.66,2.2,3.39,0.0,2026-09-25T14:00:00Z,nodd,nodd
2026-09-25,columbus-oh,urma,10,2026-09-25T14:00:00Z,287.94,2.2,4.46,0.0,2026-09-25T15:00:00Z,nodd,nodd
2026-09-25,columbus-oh,urma,11,2026-09-25T15:00:00Z,290.84,2.51,4.62,0.0,2026-09-25T16:00:00Z,nodd,nodd
2026-09-25,columbus-oh,urma,12,2026-09-25T16:00:00Z,292.27,4.33,9.97,0.0,2026-09-25T17:00:00Z,nodd,nodd
2026-09-25,columbus-oh,urma,13,2026-09-25T17:00:00Z,293.59,3.17,7.16,0.0,2026-09-25T18:00:00Z,nodd,nodd
2026-09-25,columbus-oh,urma,14,2026-09-25T18:00:00Z,294.39,3.25,5.82,0.0,2026-09-25T19:00:00Z,nodd,nodd
2026-09-25,columbus-oh,urma,15,2026-09-25T19:00:00Z,295.28,2.5,5.36,0.0,2026-09-25T20:00:00Z,nodd,nodd
2026-09-25,columbus-oh,urma,16,2026-09-25T20:00:00Z,295.8,3.41,5.41,0.0,2026-09-25T21:00:00Z,nodd,nodd
2026-09-25,columbus-oh,urma,17,2026-09-25T21:00:00Z,295.78,3.81,5.96,0.0,2026-09-25T22:00:00Z,nodd,nodd
2026-09-25,columbus-oh,urma,18,2026-09-25T22:00:00Z,294.88,3.76,5.6,0.0,2026-09-25T23:00:00Z,nodd,nodd
2026-09-25,columbus-oh,urma,19,2026-09-25T23:00:00Z,293.02,2.15,4.87,0.0,2026-09-26T00:00:00Z,nodd,nodd
2026-09-25,columbus-oh,urma,20,2026-09-26T00:00:00Z,290.36,2.05,3.85,0.0,2026-09-26T01:00:00Z,nodd,nodd
2026-09-25,columbus-oh,urma,21,2026-09-26T01:00:00Z,290.16,1.97,5.36,0.0,2026-09-26T02:00:00Z,nodd,nodd
2026-09-25,columbus-oh,urma,22,2026-09-26T02:00:00Z,289.22,2.8,5.05,0.0,2026-09-26T03:00:00Z,nodd,nodd
2026-09-25,columbus-oh,urma,23,2026-09-26T03:00:00Z,288.59,3.35,5.99,0.0,2026-09-26T04:00:00Z,nodd,nodd
2026-09-25,indianapolis-in,rtma,00,2026-09-25T04:00:00Z,288.63,0.79,2.9,0.0,2026-09-25T05:00:00Z,nodd,nodd
2026-09-25,indianapolis-in,rtma,01,2026-09-25T05:00:00Z,288.2,1.12,5.2,0.0,2026-09-25T06:00:00Z,nodd,nodd
2026-09-25,indianapolis-in,rtma,02,2026-09-25T06:00:00Z,287.53,1.91,3.5,0.0,2026-09-25T07:00:00Z,nodd,nodd
2026-09-25,indianapolis-in,rtma,03,2026-09-25T07:00:00Z,286.9,1.8,4.51,0.0,2026-09-25T08:00:00Z,nodd,nodd
2026-09-25,indianapolis-in,rtma,04,2026-09-25T08:00:00Z,286.48,1.54,3.57,0.0,2026-09-25T09:00:00Z,nodd,nodd
2026-09-25,indianapolis-in,rtma,05,2026-09-25T09:00:00Z,285.62,1.71,3.27,0.0,2026-09-25T10:00:00Z,nodd,nodd
2026-09-25,indianapolis-in,rtma,06,2026-09-25T10:00:00Z,285.1,1.67,3.55,0.0,2026-09-25T11:00:00Z,nodd,nodd
2026-09-25,indianapolis-in,rtma,07,2026-09-25T11:00:00Z,284.66,1.31,2.55,0.0,2026-09-25T12:00:00Z,nodd,nodd
2026-09-25,indianapolis-in,rtma,08,2026-09-25T12:00:00Z,284.93,1.76,2.68,0.0,2026-09-25T13:00:00Z,nodd,nodd
2026-09-25,indianapolis-in,rtma,09,2026-09-25T13:00:00Z,285.59,1.38,3.43,0.0,2026-09-25T14:00:00Z,nodd,nodd
2026-09-25,indianapolis-in,rtma,10,2026-09-25T14:00:00Z,287.05,1.49,3.33,0.0,2026-09-25T15:00:00Z,nodd,nodd
2026-09-25,indianapolis-in,rtma,11,2026-09-25T15:00:00Z,289.02,1.88,2.2,0.0,2026-09-25T16:00:00Z,nodd,nodd
2026-09-25,indianapolis-in,rtma,12,2026-09-25T16:00:00Z,291.13,1.84,3.92,0.0,2026-09-25T17:00:00Z,nodd,nodd
2026-09-25,indianapolis-in,rtma,13,2026-09-25T17:00:00Z,292.78,1.88,5.14,0.0,2026-09-25T18:00:00Z,nodd,nodd
2026-09-25,indianapolis-in,rtma,14,2026-09-25T18:00:00Z,293.61,1.95,4.17,0.0,2026-09-25T19:00:00Z,nodd,nodd
2026-09-25,indianapolis-in,rtma,15,2026-09-25T19:00:00Z,294.37,2.99,3.87,0.0,2026-09-25T20:00:00Z,nodd,nodd
2026-09-25,indianapolis-in,rtma,16,2026-09-25T20:00:00Z,295.15,2.88,4.98,0.0,2026-09-25T21:00:00Z,nodd,nodd
2026-09-25,indianapolis-in,rtma,17,2026-09-25T21:00:00Z,295.26,3.38,5.39,0.0,2026-09-25T22:00:00Z,nodd,nodd
2026-09-25,indianapolis-in,rtma,18,2026-09-25T22:00:00Z,294.26,3.5,7.58,0.0,2026-09-25T23:00:00Z,nodd,nodd
2026-09-25,indianapolis-in,rtma,19,2026-09-25T23:00:00Z,293.18,2.8,6.61,0.0,2026-09-26T00:00:00Z,nodd,nodd
2026-09-25,indianapolis-in,rtma,20,2026-09-26T00:00:00Z,292.08,1.85,5.07,0.0,2026-09-26T01:00:00Z,nodd,nodd
2026-09-25,indianapolis-in,rtma,21,2026-09-26T01:00:00Z,291.58,1.06,2.71,0.0,2026-09-26T02:00:00Z,nodd,nodd
2026-09-25,indianapolis-in,rtma,22,2026-09-26T02:00:00Z,290.51,3.24,5.59,0.0,2026-09-26T03:00:00Z,nodd,nodd
2026-09-25,indianapolis-in,rtma,23,2026-09-26T03:00:00Z,289.92,3.03,8.59,0.0,2026-09-26T04:00:00Z,nodd,nodd
2026-09-25,indianapolis-in,urma,00,2026-09-25T04:00:00Z,288.6,0.72,2.93,0.0,2026-09-25T05:00:00Z,nodd,nodd
2026-09-25,indianapolis-in,urma,01,2026-09-25T05:00:00Z,288.21,1.17,5.2,0.0,2026-09-25T06:00:00Z,nodd,nodd
2026-09-25,indianapolis-in,urma,02,2026-09-25T06:00:00Z,287.58,2.0,3.49,0.0,2026-09-25T07:00:00Z,nodd,nodd
2026-09-25,indianapolis-in,urma,03,2026-09-25T07:00:00Z,287.19,1.82,4.46,0.0,2026-09-25T08:00:00Z,nodd,nodd
2026-09-25,indianapolis-in,urma,04,2026-09-25T08:00:00Z,286.49,1.57,3.55,0.0,2026-09-25T09:00:00Z,nodd,nodd
2026-09-25,indianapolis-in,urma,05,2026-09-25T09:00:00Z,285.63,1.95,3.28,0.0,2026-09-25T10:00:00Z,nodd,nodd
2026-09-25,indianapolis-in,urma,06,2026-09-25T10:00:00Z,285.12,1.55,3.56,0.0,2026-09-25T11:00:00Z,nodd,nodd
2026-09-25,indianapolis-in,urma,07,2026-09-25T11:00:00Z,284.68,1.32,2.52,0.0,2026-09-25T12:00:00Z,nodd,nodd
2026-09-25,indianapolis-in,urma,08,2026-09-25T12:00:00Z,284.89,1.87,2.67,0.0,2026-09-25T13:00:00Z,nodd,nodd
2026-09-25,indianapolis-in,urma,09,2026-09-25T13:00:00Z,285.53,1.44,3.42,0.0,2026-09-25T14:00:00Z,nodd,nodd
2026-09-25,indianapolis-in,urma,10,2026-09-25T14:00:00Z,287.04,1.56,3.31,0.0,2026-09-25T15:00:00Z,nodd,nodd
2026-09-25,indianapolis-in,urma,11,2026-09-25T15:00:00Z,289.0,1.9,2.2,0.0,2026-09-25T16:00:00Z,nodd,nodd
2026-09-25,indianapolis-in,urma,12,2026-09-25T16:00:00Z,291.18,1.8,3.88,0.0,2026-09-25T17:00:00Z,nodd,nodd
2026-09-25,indianapolis-in,urma,13,2026-09-25T17:00:00Z,292.77,1.95,5.15,0.0,2026-09-25T18:00:00Z,nodd,nodd
2026-09-25,indianapolis-in,urma,14,2026-09-25T18:00:00Z,293.66,2.12,4.2,0.0,2026-09-25T19:00:00Z,nodd,nodd
2026-09-25,indianapolis-in,urma,15,2026-09-25T19:00:00Z,294.6,2.98,3.88,0.0,2026-09-25T20:00:00Z,nodd,nodd
2026-09-25,indianapolis-in,urma,16,2026-09-25T20:00:00Z,295.21,2.98,5.04,0.0,2026-09-25T21:00:00Z,nodd,nodd
2026-09-25,indianapolis-in,urma,17,2026-09-25T21:00:00Z,295.25,3.36,5.39,0.0,2026-09-25T22:00:00Z,nodd,nodd
2026-09-25,indianapolis-in,urma,18,2026-09-25T22:00:00Z,294.28,3.41,7.52,0.0,2026-09-25T23:00:00Z,nodd,nodd
2026-09-25,indianapolis-in,urma,19,2026-09-25T23:00:00Z,293.25,2.61,6.61,0.0,2026-09-26T00:00:00Z,nodd,nodd
2026-09-25,indianapolis-in,urma,20,2026-09-26T00:00:00Z,292.24,1.94,5.02,0.0,2026-09-26T01:00:00Z,nodd,nodd
2026-09-25,indianapolis-in,urma,21,2026-09-26T01:00:00Z,291.87,1.3,2.71,0.0,2026-09-26T02:00:00Z,nodd,nodd
2026-09-25,indianapolis-in,urma,22,2026-09-26T02:00:00Z,290.59,3.1,5.59,0.0,2026-09-26T03:00:00Z,nodd,nodd
2026-09-25,indianapolis-in,urma,23,2026-09-26T03:00:00Z,289.94,3.4,8.52,0.0,2026-09-26T04:00:00Z,nodd,nodd
2026-09-25,cleveland-oh,rtma,00,2026-09-25T04:00:00Z,286.05,2.6,4.56,0.0,2026-09-25T05:00:00Z,nodd,nodd
2026-09-25,cleveland-oh,rtma,01,2026-09-25T05:00:00Z,285.43,2.54,3.97,0.0,2026-09-25T06:00:00Z,nodd,nodd
2026-09-25,cleveland-oh,rtma,02,2026-09-25T06:00:00Z,285.19,2.97,2.97,0.0,2026-09-25T07:00:00Z,nodd,nodd
2026-09-25,cleveland-oh,rtma,03,2026-09-25T07:00:00Z,284.43,1.93,3.56,0.0,2026-09-25T08:00:00Z,nodd,nodd
2026-09-25,cleveland-oh,rtma,04,2026-09-25T08:00:00Z,284.53,3.05,3.92,0.0,2026-09-25T09:00:00Z,nodd,nodd
2026-09-25,cleveland-oh,rtma,05,2026-09-25T09:00:00Z,284.08,2.97,3.71,0.0,2026-09-25T10:00:00Z,nodd,nodd
2026-09-25,cleveland-oh,rtma,06,2026-09-25T10:00:00Z,283.06,3.11,5.48,0.0,2026-09-25T11:00:00Z,nodd,nodd
2026-09-25,cleveland-oh,rtma,07,2026-09-25T11:00:00Z,282.45,2.41,4.51,0.0,2026-09-25T12:00:00Z,nodd,nodd
2026-09-25,cleveland-oh,rtma,08,2026-09-25T12:00:00Z,282.54,2.17,3.1,0.0,2026-09-25T13:00:00Z,nodd,nodd
2026-09-25,cleveland-oh,rtma,09,2026-09-25T13:00:00Z,285.73,1.22,1.57,0.0,2026-09-25T14:00:00Z,nodd,nodd
2026-09-25,cleveland-oh,rtma,10,2026-09-25T14:00:00Z,288.0,1.02,2.43,0.0,2026-09-25T15:00:00Z,nodd,nodd
2026-09-25,cleveland-oh,rtma,11,2026-09-25T15:00:00Z,290.36,2.15,3.67,0.0,2026-09-25T16:00:00Z,nodd,nodd
2026-09-25,cleveland-oh,rtma,12,2026-09-25T16:00:00Z,291.1,3.98,5.86,0.0,2026-09-25T17:00:00Z,nodd,nodd
2026-09-25,cleveland-oh,rtma,13,2026-09-25T17:00:00Z,291.82,5.1,7.92,0.0,2026-09-25T18:00:00Z,nodd,nodd
2026-09-25,cleveland-oh,rtma,14,2026-09-25T18:00:00Z,292.21,6.36,9.5,0.0,2026-09-25T19:00:00Z,nodd,nodd
2026-09-25,cleveland-oh,rtma,15,2026-09-25T19:00:00Z,292.11,6.16,10.38,0.0,2026-09-25T20:00:00Z,nodd,nodd
2026-09-25,cleveland-oh,rtma,16,2026-09-25T20:00:00Z,291.92,7.13,9.43,0.0,2026-09-25T21:00:00Z,nodd,nodd
2026-09-25,cleveland-oh,rtma,17,2026-09-25T21:00:00Z,291.79,6.21,8.7,0.0,2026-09-25T22:00:00Z,nodd,nodd
2026-09-25,cleveland-oh,rtma,18,2026-09-25T22:00:00Z,291.52,5.24,7.9,0.0,2026-09-25T23:00:00Z,nodd,nodd
2026-09-25,cleveland-oh,rtma,19,2026-09-25T23:00:00Z,290.27,4.16,6.42,0.0,2026-09-26T00:00:00Z,nodd,nodd
2026-09-25,cleveland-oh,rtma,20,2026-09-26T00:00:00Z,290.14,3.11,5.12,0.0,2026-09-26T01:00:00Z,nodd,nodd
2026-09-25,cleveland-oh,rtma,21,2026-09-26T01:00:00Z,289.99,3.4,5.66,0.0,2026-09-26T02:00:00Z,nodd,nodd
2026-09-25,cleveland-oh,rtma,22,2026-09-26T02:00:00Z,289.79,3.71,7.36,0.0,2026-09-26T03:00:00Z,nodd,nodd
2026-09-25,cleveland-oh,rtma,23,2026-09-26T03:00:00Z,288.99,1.61,8.32,0.0,2026-09-26T04:00:00Z,nodd,nodd
2026-09-25,cleveland-oh,urma,00,2026-09-25T04:00:00Z,286.02,2.33,3.86,0.0,2026-09-25T05:00:00Z,nodd,nodd
2026-09-25,cleveland-oh,urma,01,2026-09-25T05:00:00Z,285.44,2.27,3.4,0.0,2026-09-25T06:00:00Z,nodd,nodd
2026-09-25,cleveland-oh,urma,02,2026-09-25T06:00:00Z,285.19,2.75,2.75,0.0,2026-09-25T07:00:00Z,nodd,nodd
2026-09-25,cleveland-oh,urma,03,2026-09-25T07:00:00Z,284.93,1.83,3.11,0.0,2026-09-25T08:00:00Z,nodd,nodd
2026-09-25,cleveland-oh,urma,04,2026-09-25T08:00:00Z,284.51,2.87,3.34,0.0,2026-09-25T09:00:00Z,nodd,nodd
2026-09-25,cleveland-oh,urma,05,2026-09-25T09:00:00Z,284.05,3.07,3.26,0.0,2026-09-25T10:00:00Z,nodd,nodd
2026-09-25,cleveland-oh,urma,06,2026-09-25T10:00:00Z,283.07,2.99,4.59,0.0,2026-09-25T11:00:00Z,nodd,nodd
2026-09-25,cleveland-oh,urma,07,2026-09-25T11:00:00Z,282.52,2.26,4.07,0.0,2026-09-25T12:00:00Z,nodd,nodd
2026-09-25,cleveland-oh,urma,08,2026-09-25T12:00:00Z,282.64,1.89,2.79,0.0,2026-09-25T13:00:00Z,nodd,nodd
2026-09-25,cleveland-oh,urma,09,2026-09-25T13:00:00Z,285.99,1.17,1.36,0.0,2026-09-25T14:00:00Z,nodd,nodd
2026-09-25,cleveland-oh,urma,10,2026-09-25T14:00:00Z,288.05,0.88,2.49,0.0,2026-09-25T15:00:00Z,nodd,nodd
2026-09-25,cleveland-oh,urma,11,2026-09-25T15:00:00Z,290.34,2.05,3.47,0.0,2026-09-25T16:00:00Z,nodd,nodd
2026-09-25,cleveland-oh,urma,12,2026-09-25T16:00:00Z,291.07,3.94,5.49,0.0,2026-09-25T17:00:00Z,nodd,nodd
2026-09-25,cleveland-oh,urma,13,2026-09-25T17:00:00Z,291.85,5.21,7.87,0.0,2026-09-25T18:00:00Z,nodd,nodd
2026-09-25,cleveland-oh,urma,14,2026-09-25T18:00:00Z,292.25,6.39,9.59,0.0,2026-09-25T19:00:00Z,nodd,nodd
2026-09-25,cleveland-oh,urma,15,2026-09-25T19:00:00Z,292.03,6.14,10.18,0.0,2026-09-25T20:00:00Z,nodd,nodd
2026-09-25,cleveland-oh,urma,16,2026-09-25T20:00:00Z,291.82,6.92,9.51,0.0,2026-09-25T21:00:00Z,nodd,nodd
2026-09-25,cleveland-oh,urma,17,2026-09-25T21:00:00Z,291.77,6.22,8.78,0.0,2026-09-25T22:00:00Z,nodd,nodd
2026-09-25,cleveland-oh,urma,18,2026-09-25T22:00:00Z,291.5,5.29,7.88,0.0,2026-09-25T23:00:00Z,nodd,nodd
2026-09-25,cleveland-oh,urma,19,2026-09-25T23:00:00Z,290.26,4.01,6.63,0.0,2026-09-26T00:00:00Z,nodd,nodd
2026-09-25,cleveland-oh,urma,20,2026-09-26T00:00:00Z,290.22,2.98,5.61,0.0,2026-09-26T01:00:00Z,nodd,nodd
2026-09-25,cleveland-oh,urma,21,2026-09-26T01:00:00Z,290.27,3.49,6.64,0.0,2026-09-26T02:00:00Z,nodd,nodd
2026-09-25,cleveland-oh,urma,22,2026-09-26T02:00:00Z,289.84,3.31,7.48,0.0,2026-09-26T03:00:00Z,nodd,nodd
2026-09-25,cleveland-oh,urma,23,2026-09-26T03:00:00Z,289.05,1.37,7.93,0.0,2026-09-26T04:00:00Z,nodd,nodd
2026-09-25,nashville-tn,rtma,00,2026-09-25T05:00:00Z,292.07,1.04,3.69,0.0,2026-09-25T06:00:00Z,nodd,nodd
2026-09-25,nashville-tn,rtma,01,2026-09-25T06:00:00Z,291.35,0.85,2.67,0.0,2026-09-25T07:00:00Z,nodd,nodd
2026-09-25,nashville-tn,rtma,02,2026-09-25T07:00:00Z,290.58,1.24,1.56,0.0,2026-09-25T08:00:00Z,nodd,nodd
2026-09-25,nashville-tn,rtma,03,2026-09-25T08:00:00Z,290.23,1.07,1.69,0.0,2026-09-25T09:00:00Z,nodd,nodd
2026-09-25,nashville-tn,rtma,04,2026-09-25T09:00:00Z,289.72,0.78,3.05,0.0,2026-09-25T10:00:00Z,nodd,nodd
2026-09-25,nashville-tn,rtma,05,2026-09-25T10:00:00Z,289.31,0.58,2.68,0.0,2026-09-25T11:00:00Z,nodd,nodd
2026-09-25,nashville-tn,rtma,06,2026-09-25T11:00:00Z,289.14,1.36,1.36,0.0,2026-09-25T12:00:00Z,nodd,nodd
2026-09-25,nashville-tn,rtma,07,2026-09-25T12:00:00Z,289.31,2.63,2.63,0.0,2026-09-25T13:00:00Z,nodd,nodd
2026-09-25,nashville-tn,rtma,08,2026-09-25T13:00:00Z,290.38,2.41,2.82,0.0,2026-09-25T14:00:00Z,nodd,nodd
2026-09-25,nashville-tn,rtma,09,2026-09-25T14:00:00Z,291.96,3.3,3.3,0.0,2026-09-25T15:00:00Z,nodd,nodd
2026-09-25,nashville-tn,rtma,10,2026-09-25T15:00:00Z,294.1,2.31,3.62,0.0,2026-09-25T16:00:00Z,nodd,nodd
2026-09-25,nashville-tn,rtma,11,2026-09-25T16:00:00Z,296.29,3.14,6.8,0.0,2026-09-25T17:00:00Z,nodd,nodd
2026-09-25,nashville-tn,rtma,12,2026-09-25T17:00:00Z,297.92,2.51,2.51,0.0,2026-09-25T18:00:00Z,nodd,nodd
2026-09-25,nashville-tn,rtma,13,2026-09-25T18:00:00Z,299.4,1.62,3.7,0.0,2026-09-25T19:00:00Z,nodd,nodd
2026-09-25,nashville-tn,rtma,14,2026-09-25T19:00:00Z,300.24,3.8,3.8,0.0,2026-09-25T20:00:00Z,nodd,nodd
2026-09-25,nashville-tn,rtma,15,2026-09-25T20:00:00Z,300.57,1.64,5.85,0.0,2026-09-25T21:00:00Z,nodd,nodd
2026-09-25,nashville-tn,rtma,16,2026-09-25T21:00:00Z,301.01,4.15,5.2,0.0,2026-09-25T22:00:00Z,nodd,nodd
2026-09-25,nashville-tn,rtma,17,2026-09-25T22:00:00Z,300.65,4.25,5.24,0.0,2026-09-25T23:00:00Z,nodd,nodd
2026-09-25,nashville-tn,rtma,18,2026-09-25T23:00:00Z,299.72,3.92,5.42,0.0,2026-09-26T00:00:00Z,nodd,nodd
2026-09-25,nashville-tn,rtma,19,2026-09-26T00:00:00Z,297.72,4.23,5.96,0.0,2026-09-26T01:00:00Z,nodd,nodd
2026-09-25,nashville-tn,rtma,20,2026-09-26T01:00:00Z,296.05,3.28,5.62,0.0,2026-09-26T02:00:00Z,nodd,nodd
2026-09-25,nashville-tn,rtma,21,2026-09-26T02:00:00Z,295.44,3.96,4.46,0.0,2026-09-26T03:00:00Z,nodd,nodd
2026-09-25,nashville-tn,rtma,22,2026-09-26T03:00:00Z,294.49,3.33,4.64,0.0,2026-09-26T04:00:00Z,nodd,nodd
2026-09-25,nashville-tn,rtma,23,2026-09-26T04:00:00Z,293.43,3.06,3.81,0.0,2026-09-26T05:00:00Z,nodd,nodd
2026-09-25,nashville-tn,urma,00,2026-09-25T05:00:00Z,292.06,1.19,3.84,0.0,2026-09-25T06:00:00Z,nodd,nodd
2026-09-25,nashville-tn,urma,01,2026-09-25T06:00:00Z,291.3,0.76,2.84,0.0,2026-09-25T07:00:00Z,nodd,nodd
2026-09-25,nashville-tn,urma,02,2026-09-25T07:00:00Z,290.87,1.23,1.7,0.0,2026-09-25T08:00:00Z,nodd,nodd
2026-09-25,nashville-tn,urma,03,2026-09-25T08:00:00Z,290.24,1.16,1.74,0.0,2026-09-25T09:00:00Z,nodd,nodd
2026-09-25,nashville-tn,urma,04,2026-09-25T09:00:00Z,289.77,0.89,3.18,0.0,2026-09-25T10:00:00Z,nodd,nodd
2026-09-25,nashville-tn,urma,05,2026-09-25T10:00:00Z,289.3,0.45,2.78,0.0,2026-09-25T11:00:00Z,nodd,nodd
2026-09-25,nashville-tn,urma,06,2026-09-25T11:00:00Z,289.13,1.22,1.38,0.0,2026-09-25T12:00:00Z,nodd,nodd
2026-09-25,nashville-tn,urma,07,2026-09-25T12:00:00Z,289.33,2.62,2.62,0.0,2026-09-25T13:00:00Z,nodd,nodd
2026-09-25,nashville-tn,urma,08,2026-09-25T13:00:00Z,290.44,2.58,2.93,0.0,2026-09-25T14:00:00Z,nodd,nodd
2026-09-25,nashville-tn,urma,09,2026-09-25T14:00:00Z,291.84,3.32,3.32,0.0,2026-09-25T15:00:00Z,nodd,nodd
2026-09-25,nashville-tn,urma,10,2026-09-25T15:00:00Z,294.08,2.32,3.55,0.0,2026-09-25T16:00:00Z,nodd,nodd
2026-09-25,nashville-tn,urma,11,2026-09-25T16:00:00Z,296.27,3.06,6.57,0.0,2026-09-25T17:00:00Z,nodd,nodd
2026-09-25,nashville-tn,urma,12,2026-09-25T17:00:00Z,297.93,2.55,2.55,0.0,2026-09-25T18:00:00Z,nodd,nodd
2026-09-25,nashville-tn,urma,13,2026-09-25T18:00:00Z,299.33,1.61,3.86,0.0,2026-09-25T19:00:00Z,nodd,nodd
2026-09-25,nashville-tn,urma,14,2026-09-25T19:00:00Z,300.42,3.64,3.68,0.0,2026-09-25T20:00:00Z,nodd,nodd
2026-09-25,nashville-tn,urma,15,2026-09-25T20:00:00Z,300.67,1.56,5.68,0.0,2026-09-25T21:00:00Z,nodd,nodd
2026-09-25,nashville-tn,urma,16,2026-09-25T21:00:00Z,300.94,4.16,5.08,0.0,2026-09-25T22:00:00Z,nodd,nodd
2026-09-25,nashville-tn,urma,17,2026-09-25T22:00:00Z,300.68,4.28,5.28,0.0,2026-09-25T23:00:00Z,nodd,nodd
2026-09-25,nashville-tn,urma,18,2026-09-25T23:00:00Z,299.71,3.86,5.49,0.0,2026-09-26T00:00:00Z,nodd,nodd
2026-09-25,nashville-tn,urma,19,2026-09-26T00:00:00Z,297.67,4.24,6.05,0.0,2026-09-26T01:00:00Z,nodd,nodd
2026-09-25,nashville-tn,urma,20,2026-09-26T01:00:00Z,296.49,3.26,5.62,0.0,2026-09-26T02:00:00Z,nodd,nodd
2026-09-25,nashville-tn,urma,21,2026-09-26T02:00:00Z,295.5,4.06,4.81,0.0,2026-09-26T03:00:00Z,nodd,nodd
2026-09-25,nashville-tn,urma,22,2026-09-26T03:00:00Z,294.59,3.25,4.72,0.0,2026-09-26T04:00:00Z,nodd,nodd
2026-09-25,nashville-tn,urma,23,2026-09-26T04:00:00Z,293.49,3.01,3.86,0.0,2026-09-26T05:00:00Z,nodd,nodd
2026-09-25,san-jose-ca,rtma,00,2026-09-25T07:00:00Z,290.1,0.79,4.68,0.0,2026-09-25T08:00:00Z,nodd,nodd
2026-09-25,san-jose-ca,rtma,01,2026-09-25T08:00:00Z,289.2,1.48,2.93,0.0,2026-09-25T09:00:00Z,nodd,nodd
2026-09-25,san-jose-ca,rtma,02,2026-09-25T09:00:00Z,288.56,0.01,2.83,0.0,2026-09-25T10:00:00Z,nodd,nodd
2026-09-25,san-jose-ca,rtma,03,2026-09-25T10:00:00Z,287.83,0.0,2.35,0.0,2026-09-25T11:00:00Z,nodd,nodd
2026-09-25,san-jose-ca,rtma,04,2026-09-25T11:00:00Z,287.5,0.19,3.07,0.0,2026-09-25T12:00:00Z,nodd,nodd
2026-09-25,san-jose-ca,rtma,05,2026-09-25T12:00:00Z,287.09,0.56,2.26,0.0,2026-09-25T13:00:00Z,nodd,nodd
2026-09-25,san-jose-ca,rtma,06,2026-09-25T13:00:00Z,287.3,0.71,1.82,0.0,2026-09-25T14:00:00Z,nodd,nodd
2026-09-25,san-jose-ca,rtma,07,2026-09-25T14:00:00Z,288.34,0.6,1.32,0.0,2026-09-25T15:00:00Z,nodd,nodd
2026-09-25,san-jose-ca,rtma,08,2026-09-25T15:00:00Z,289.46,0.45,1.92,0.0,2026-09-25T16:00:00Z,nodd,nodd
2026-09-25,san-jose-ca,rtma,09,2026-09-25T16:00:00Z,290.85,0.9,2.06,0.0,2026-09-25T17:00:00Z,nodd,nodd
2026-09-25,san-jose-ca,rtma,10,2026-09-25T17:00:00Z,292.7,0.29,2.68,0.0,2026-09-25T18:00:00Z,nodd,nodd
2026-09-25,san-jose-ca,rtma,11,2026-09-25T18:00:00Z,294.53,1.92,3.97,0.0,2026-09-25T19:00:00Z,nodd,nodd
2026-09-25,san-jose-ca,rtma,12,2026-09-25T19:00:00Z,296.49,2.7,4.15,0.0,2026-09-25T20:00:00Z,nodd,nodd
2026-09-25,san-jose-ca,rtma,13,2026-09-25T20:00:00Z,298.41,3.27,5.62,0.0,2026-09-25T21:00:00Z,nodd,nodd
2026-09-25,san-jose-ca,rtma,14,2026-09-25T21:00:00Z,299.27,3.91,6.5,0.0,2026-09-25T22:00:00Z,nodd,nodd
2026-09-25,san-jose-ca,rtma,15,2026-09-25T22:00:00Z,299.19,4.86,7.53,0.0,2026-09-25T23:00:00Z,nodd,nodd
2026-09-25,san-jose-ca,rtma,16,2026-09-25T23:00:00Z,298.86,5.26,8.43,0.0,2026-09-26T00:00:00Z,nodd,nodd
2026-09-25,san-jose-ca,rtma,17,2026-09-26T00:00:00Z,297.63,5.41,8.9,0.0,2026-09-26T01:00:00Z,nodd,nodd
2026-09-25,san-jose-ca,rtma,18,2026-09-26T01:00:00Z,295.04,5.44,10.34,0.0,2026-09-26T02:00:00Z,nodd,nodd
2026-09-25,san-jose-ca,rtma,19,2026-09-26T02:00:00Z,292.99,4.84,8.08,0.0,2026-09-26T03:00:00Z,nodd,nodd
2026-09-25,san-jose-ca,rtma,20,2026-09-26T03:00:00Z,291.65,3.77,7.32,0.0,2026-09-26T04:00:00Z,nodd,nodd
2026-09-25,san-jose-ca,rtma,21,2026-09-26T04:00:00Z,290.68,2.78,4.91,0.0,2026-09-26T05:00:00Z,nodd,nodd
2026-09-25,san-jose-ca,rtma,22,2026-09-26T05:00:00Z,289.68,1.9,2.99,0.0,2026-09-26T06:00:00Z,nodd,nodd
2026-09-25,san-jose-ca,rtma,23,2026-09-26T06:00:00Z,288.59,1.4,2.12,0.0,2026-09-26T07:00:00Z,nodd,nodd
2026-09-25,san-jose-ca,urma,00,2026-09-25T07:00:00Z,289.6,0.85,5.02,0.0,2026-09-25T08:00:00Z,nodd,nodd
2026-09-25,san-jose-ca,urma,01,2026-09-25T08:00:00Z,289.01,1.46,2.55,0.0,2026-09-25T09:00:00Z,nodd,nodd
2026-09-25,san-jose-ca,urma,02,2026-09-25T09:00:00Z,288.32,0.0,3.55,0.0,2026-09-25T10:00:00Z,nodd,nodd
2026-09-25,san-jose-ca,urma,03,2026-09-25T10:00:00Z,287.7,0.0,1.99,0.0,2026-09-25T11:00:00Z,nodd,nodd
2026-09-25,san-jose-ca,urma,04,2026-09-25T11:00:00Z,287.44,0.09,2.58,0.0,2026-09-25T12:00:00Z,nodd,nodd
2026-09-25,san-jose-ca,urma,05,2026-09-25T12:00:00Z,286.98,0.49,2.15,0.0,2026-09-25T13:00:00Z,nodd,nodd
2026-09-25,san-jose-ca,urma,06,2026-09-25T13:00:00Z,287.37,0.59,1.77,0.0,2026-09-25T14:00:00Z,nodd,nodd
2026-09-25,san-jose-ca,urma,07,2026-09-25T14:00:00Z,288.19,0.59,1.24,0.0,2026-09-25T15:00:00Z,nodd,nodd
2026-09-25,san-jose-ca,urma,08,2026-09-25T15:00:00Z,289.44,0.36,1.79,0.0,2026-09-25T16:00:00Z,nodd,nodd
2026-09-25,san-jose-ca,urma,09,2026-09-25T16:00:00Z,290.92,0.94,1.52,0.0,2026-09-25T17:00:00Z,nodd,nodd
2026-09-25,san-jose-ca,urma,10,2026-09-25T17:00:00Z,292.81,0.39,3.01,0.0,2026-09-25T18:00:00Z,nodd,nodd
2026-09-25,san-jose-ca,urma,11,2026-09-25T18:00:00Z,294.67,1.83,3.36,0.0,2026-09-25T19:00:00Z,nodd,nodd
2026-09-25,san-jose-ca,urma,12,2026-09-25T19:00:00Z,296.96,2.67,4.53,0.0,2026-09-25T20:00:00Z,nodd,nodd
2026-09-25,san-jose-ca,urma,13,2026-09-25T20:00:00Z,298.31,3.28,6.41,0.0,2026-09-25T21:00:00Z,nodd,nodd
2026-09-25,san-jose-ca,urma,14,2026-09-25T21:00:00Z,299.2,3.9,6.54,0.0,2026-09-25T22:00:00Z,nodd,nodd
2026-09-25,san-jose-ca,urma,15,2026-09-25T22:00:00Z,299.12,4.84,7.84,0.0,2026-09-25T23:00:00Z,nodd,nodd
2026-09-25,san-jose-ca,urma,16,2026-09-25T23:00:00Z,298.88,5.29,9.0,0.0,2026-09-26T00:00:00Z,nodd,nodd
2026-09-25,san-jose-ca,urma,17,2026-09-26T00:00:00Z,297.5,5.46,9.25,0.0,2026-09-26T01:00:00Z,nodd,nodd
2026-09-25,san-jose-ca,urma,18,2026-09-26T01:00:00Z,295.02,5.38,10.25,0.0,2026-09-26T02:00:00Z,nodd,nodd
2026-09-25,san-jose-ca,urma,19,2026-09-26T02:00:00Z,292.91,4.83,7.83,0.0,2026-09-26T03:00:00Z,nodd,nodd
2026-09-25,san-jose-ca,urma,20,2026-09-26T03:00:00Z,291.65,3.71,7.41,0.0,2026-09-26T04:00:00Z,nodd,nodd
2026-09-25,san-jose-ca,urma,21,2026-09-26T04:00:00Z,290.64,2.66,4.39,0.0,2026-09-26T05:00:00Z,nodd,nodd
2026-09-25,san-jose-ca,urma,22,2026-09-26T05:00:00Z,289.62,1.93,2.9,0.0,2026-09-26T06:00:00Z,nodd,nodd
2026-09-25,san-jose-ca,urma,23,2026-09-26T06:00:00Z,288.57,1.29,1.96,0.0,2026-09-26T07:00:00Z,nodd,nodd
2026-09-25,norfolk-va,rtma,00,2026-09-25T04:00:00Z,290.8,6.54,13.35,0.0,2026-09-25T05:00:00Z,nodd,nodd
2026-09-25,norfolk-va,rtma,01,2026-09-25T05:00:00Z,290.75,6.74,12.96,0.0,2026-09-25T06:00:00Z,nodd,nodd
2026-09-25,norfolk-va,rtma,02,2026-09-25T06:00:00Z,290.84,6.95,13.59,0.0,2026-09-25T07:00:00Z,nodd,nodd
2026-09-25,norfolk-va,rtma,03,2026-09-25T07:00:00Z,290.74,6.4,12.54,0.0,2026-09-25T08:00:00Z,nodd,nodd
2026-09-25,norfolk-va,rtma,04,2026-09-25T08:00:00Z,290.83,5.7,11.73,0.0,2026-09-25T09:00:00Z,nodd,nodd
2026-09-25,norfolk-va,rtma,05,2026-09-25T09:00:00Z,290.8,6.55,12.09,0.0,2026-09-25T10:00:00Z,nodd,nodd
2026-09-25,norfolk-va,rtma,06,2026-09-25T10:00:00Z,290.28,7.24,13.21,0.0,2026-09-25T11:00:00Z,nodd,nodd
2026-09-25,norfolk-va,rtma,07,2026-09-25T11:00:00Z,290.19,6.42,11.92,0.0,2026-09-25T12:00:00Z,nodd,nodd
2026-09-25,norfolk-va,rtma,08,2026-09-25T12:00:00Z,290.26,6.85,11.88,0.0,2026-09-25T13:00:00Z,nodd,nodd
2026-09-25,norfolk-va,rtma,09,2026-09-25T13:00:00Z,289.9,7.69,13.18,0.0,2026-09-25T14:00:00Z,nodd,nodd
2026-09-25,norfolk-va,rtma,10,2026-09-25T14:00:00Z,290.05,6.54,12.36,0.0,2026-09-25T15:00:00Z,nodd,nodd
2026-09-25,norfolk-va,rtma,11,2026-09-25T15:00:00Z,290.72,7.36,12.19,0.0,2026-09-25T16:00:00Z,nodd,nodd
2026-09-25,norfolk-va,rtma,12,2026-09-25T16:00:00Z,291.12,7.41,11.89,0.0,2026-09-25T17:00:00Z,nodd,nodd
2026-09-25,norfolk-va,rtma,13,2026-09-25T17:00:00Z,291.98,7.12,11.31,0.0,2026-09-25T18:00:00Z,nodd,nodd
2026-09-25,norfolk-va,rtma,14,2026-09-25T18:00:00Z,292.53,6.86,10.31,0.0,2026-09-25T19:00:00Z,nodd,nodd
2026-09-25,norfolk-va,rtma,15,2026-09-25T19:00:00Z,292.64,6.59,10.88,0.0,2026-09-25T20:00:00Z,nodd,nodd
2026-09-25,norfolk-va,rtma,16,2026-09-25T20:00:00Z,292.67,6.21,11.19,0.0,2026-09-25T21:00:00Z,nodd,nodd
2026-09-25,norfolk-va,rtma,17,2026-09-25T21:00:00Z,292.87,5.46,9.68,0.0,2026-09-25T22:00:00Z,nodd,nodd
2026-09-25,norfolk-va,rtma,18,2026-09-25T22:00:00Z,292.83,4.94,8.77,0.0,2026-09-25T23:00:00Z,nodd,nodd
2026-09-25,norfolk-va,rtma,19,2026-09-25T23:00:00Z,293.0,5.63,9.47,0.0,2026-09-26T00:00:00Z,nodd,nodd
2026-09-25,norfolk-va,rtma,20,2026-09-26T00:00:00Z,293.38,5.2,9.55,0.0,2026-09-26T01:00:00Z,nodd,nodd
2026-09-25,norfolk-va,rtma,21,2026-09-26T01:00:00Z,293.33,4.46,8.25,0.0,2026-09-26T02:00:00Z,nodd,nodd
2026-09-25,norfolk-va,rtma,22,2026-09-26T02:00:00Z,292.92,5.65,11.1,0.0,2026-09-26T03:00:00Z,nodd,nodd
2026-09-25,norfolk-va,rtma,23,2026-09-26T03:00:00Z,292.58,6.28,10.2,0.0,2026-09-26T04:00:00Z,nodd,nodd
2026-09-25,norfolk-va,urma,00,2026-09-25T04:00:00Z,290.81,6.43,12.61,0.0,2026-09-25T05:00:00Z,nodd,nodd
2026-09-25,norfolk-va,urma,01,2026-09-25T05:00:00Z,290.77,6.83,12.94,0.0,2026-09-25T06:00:00Z,nodd,nodd
2026-09-25,norfolk-va,urma,02,2026-09-25T06:00:00Z,290.85,7.18,13.56,0.0,2026-09-25T07:00:00Z,nodd,nodd
2026-09-25,norfolk-va,urma,03,2026-09-25T07:00:00Z,290.91,6.32,11.87,0.0,2026-09-25T08:00:00Z,nodd,nodd
2026-09-25,norfolk-va,urma,04,2026-09-25T08:00:00Z,290.84,5.79,12.09,0.0,2026-09-25T09:00:00Z,nodd,nodd
2026-09-25,norfolk-va,urma,05,2026-09-25T09:00:00Z,290.79,6.56,12.08,0.0,2026-09-25T10:00:00Z,nodd,nodd
2026-09-25,norfolk-va,urma,06,2026-09-25T10:00:00Z,290.31,7.31,12.86,0.0,2026-09-25T11:00:00Z,nodd,nodd
2026-09-25,norfolk-va,urma,07,2026-09-25T11:00:00Z,290.23,6.55,12.06,0.0,2026-09-25T12:00:00Z,nodd,nodd
2026-09-25,norfolk-va,urma,08,2026-09-25T12:00:00Z,290.21,6.94,11.72,0.0,2026-09-25T13:00:00Z,nodd,nodd
2026-09-25,norfolk-va,urma,09,2026-09-25T13:00:00Z,289.88,7.84,13.25,0.0,2026-09-25T14:00:00Z,nodd,nodd
2026-09-25,norfolk-va,urma,10,2026-09-25T14:00:00Z,290.07,6.46,12.29,0.0,2026-09-25T15:00:00Z,nodd,nodd
2026-09-25,norfolk-va,urma,11,2026-09-25T15:00:00Z,290.65,7.34,12.25,0.0,2026-09-25T16:00:00Z,nodd,nodd
2026-09-25,norfolk-va,urma,12,2026-09-25T16:00:00Z,291.14,7.58,12.35,0.0,2026-09-25T17:00:00Z,nodd,nodd
2026-09-25,norfolk-va,urma,13,2026-09-25T17:00:00Z,291.83,7.14,11.58,0.0,2026-09-25T18:00:00Z,nodd,nodd
2026-09-25,norfolk-va,urma,14,2026-09-25T18:00:00Z,292.48,6.65,10.18,0.0,2026-09-25T19:00:00Z,nodd,nodd
2026-09-25,norfolk-va,urma,15,2026-09-25T19:00:00Z,292.49,6.51,11.05,0.0,2026-09-25T20:00:00Z,nodd,nodd
2026-09-25,norfolk-va,urma,16,2026-09-25T20:00:00Z,292.56,6.35,11.28,0.0,2026-09-25T21:00:00Z,nodd,nodd
2026-09-25,norfolk-va,urma,17,2026-09-25T21:00:00Z,292.8,5.27,9.22,0.0,2026-09-25T22:00:00Z,nodd,nodd
2026-09-25,norfolk-va,urma,18,2026-09-25T22:00:00Z,292.76,4.82,8.0,0.0,2026-09-25T23:00:00Z,nodd,nodd
2026-09-25,norfolk-va,urma,19,2026-09-25T23:00:00Z,293.05,5.67,9.1,0.0,2026-09-26T00:00:00Z,nodd,nodd
2026-09-25,norfolk-va,urma,20,2026-09-26T00:00:00Z,293.38,5.17,9.19,0.0,2026-09-26T01:00:00Z,nodd,nodd
2026-09-25,norfolk-va,urma,21,2026-09-26T01:00:00Z,293.36,4.63,7.51,0.0,2026-09-26T02:00:00Z,nodd,nodd
2026-09-25,norfolk-va,urma,22,2026-09-26T02:00:00Z,292.95,5.59,10.78,0.0,2026-09-26T03:00:00Z,nodd,nodd
2026-09-25,norfolk-va,urma,23,2026-09-26T03:00:00Z,292.61,6.11,10.29,0.0,2026-09-26T04:00:00Z,nodd,nodd
2026-09-25,jacksonville-fl,rtma,00,2026-09-25T04:00:00Z,293.61,5.5,6.7,0.0,2026-09-25T05:00:00Z,nodd,nodd
2026-09-25,jacksonville-fl,rtma,01,2026-09-25T05:00:00Z,293.12,5.81,9.61,0.0,2026-09-25T06:00:00Z,nodd,nodd
2026-09-25,jacksonville-fl,rtma,02,2026-09-25T06:00:00Z,292.9,5.78,6.56,0.0,2026-09-25T07:00:00Z,nodd,nodd
2026-09-25,jacksonville-fl,rtma,03,2026-09-25T07:00:00Z,292.49,6.63,11.01,0.0,2026-09-25T08:00:00Z,nodd,nodd
2026-09-25,jacksonville-fl,rtma,04,2026-09-25T08:00:00Z,292.25,6.53,7.8,0.0,2026-09-25T09:00:00Z,nodd,nodd
2026-09-25,jacksonville-fl,rtma,05,2026-09-25T09:00:00Z,292.01,5.64,7.23,0.0,2026-09-25T10:00:00Z,nodd,nodd
2026-09-25,jacksonville-fl,rtma,06,2026-09-25T10:00:00Z,291.84,6.78,10.03,0.0,2026-09-25T11:00:00Z,nodd,nodd
2026-09-25,jacksonville-fl,rtma,07,2026-09-25T11:00:00Z,291.71,6.26,7.98,0.0,2026-09-25T12:00:00Z,nodd,nodd
2026-09-25,jacksonville-fl,rtma,08,2026-09-25T12:00:00Z,291.35,5.61,5.72,0.0,2026-09-25T13:00:00Z,nodd,nodd
2026-09-25,jacksonville-fl,rtma,09,2026-09-25T13:00:00Z,292.05,6.41,7.3,0.0,2026-09-25T14:00:00Z,nodd,nodd
2026-09-25,jacksonville-fl,rtma,10,2026-09-25T14:00:00Z,292.18,6.56,10.06,0.0,2026-09-25T15:00:00Z,nodd,nodd
2026-09-25,jacksonville-fl,rtma,11,2026-09-25T15:00:00Z,292.52,6.13,7.8,0.0,2026-09-25T16:00:00Z,nodd,nodd
2026-09-25,jacksonville-fl,rtma,12,2026-09-25T16:00:00Z,293.05,5.69,7.85,0.0,2026-09-25T17:00:00Z,nodd,nodd
2026-09-25,jacksonville-fl,rtma,13,2026-09-25T17:00:00Z,294.83,5.01,6.61,0.0,2026-09-25T18:00:00Z,nodd,nodd
2026-09-25,jacksonville-fl,rtma,14,2026-09-25T18:00:00Z,295.87,5.77,7.31,0.0,2026-09-25T19:00:00Z,nodd,nodd
2026-09-25,jacksonville-fl,rtma,15,2026-09-25T19:00:00Z,296.92,3.95,6.94,0.0,2026-09-25T20:00:00Z,nodd,nodd
2026-09-25,jacksonville-fl,rtma,16,2026-09-25T20:00:00Z,297.58,4.61,7.27,0.0,2026-09-25T21:00:00Z,nodd,nodd
2026-09-25,jacksonville-fl,rtma,17,2026-09-25T21:00:00Z,297.55,3.19,4.91,0.0,2026-09-25T22:00:00Z,nodd,nodd
2026-09-25,jacksonville-fl,rtma,18,2026-09-25T22:00:00Z,297.31,2.99,2.99,0.0,2026-09-25T23:00:00Z,nodd,nodd
2026-09-25,jacksonville-fl,rtma,19,2026-09-25T23:00:00Z,296.95,2.07,4.2,0.0,2026-09-26T00:00:00Z,nodd,nodd
2026-09-25,jacksonville-fl,rtma,20,2026-09-26T00:00:00Z,295.05,2.03,3.44,0.0,2026-09-26T01:00:00Z,nodd,nodd
2026-09-25,jacksonville-fl,rtma,21,2026-09-26T01:00:00Z,293.83,0.83,2.44,0.0,2026-09-26T02:00:00Z,nodd,nodd
2026-09-25,jacksonville-fl,rtma,22,2026-09-26T02:00:00Z,293.38,0.22,1.83,0.0,2026-09-26T03:00:00Z,nodd,nodd
2026-09-25,jacksonville-fl,rtma,23,2026-09-26T03:00:00Z,292.53,0.6,0.75,0.0,2026-09-26T04:00:00Z,nodd,nodd
2026-09-25,jacksonville-fl,urma,00,2026-09-25T04:00:00Z,293.59,5.51,5.83,0.0,2026-09-25T05:00:00Z,nodd,nodd
2026-09-25,jacksonville-fl,urma,01,2026-09-25T05:00:00Z,293.08,5.83,8.41,0.0,2026-09-25T06:00:00Z,nodd,nodd
2026-09-25,jacksonville-fl,urma,02,2026-09-25T06:00:00Z,292.91,5.87,6.89,0.0,2026-09-25T07:00:00Z,nodd,nodd
2026-09-25,jacksonville-fl,urma,03,2026-09-25T07:00:00Z,292.43,6.75,10.92,0.0,2026-09-25T08:00:00Z,nodd,nodd
2026-09-25,jacksonville-fl,urma,04,2026-09-25T08:00:00Z,292.24,6.55,8.75,0.0,2026-09-25T09:00:00Z,nodd,nodd
2026-09-25,jacksonville-fl,urma,05,2026-09-25T09:00:00Z,292.0,5.76,6.26,0.0,2026-09-25T10:00:00Z,nodd,nodd
2026-09-25,jacksonville-fl,urma,06,2026-09-25T10:00:00Z,291.82,6.8,9.43,0.0,2026-09-25T11:00:00Z,nodd,nodd
2026-09-25,jacksonville-fl,urma,07,2026-09-25T11:00:00Z,291.66,6.24,7.87,0.0,2026-09-25T12:00:00Z,nodd,nodd
2026-09-25,jacksonville-fl,urma,08,2026-09-25T12:00:00Z,291.39,5.81,5.81,0.0,2026-09-25T13:00:00Z,nodd,nodd
2026-09-25,jacksonville-fl,urma,09,2026-09-25T13:00:00Z,291.9,6.43,6.91,0.0,2026-09-25T14:00:00Z,nodd,nodd
2026-09-25,jacksonville-fl,urma,10,2026-09-25T14:00:00Z,292.16,6.57,9.14,0.0,2026-09-25T15:00:00Z,nodd,nodd
2026-09-25,jacksonville-fl,urma,11,2026-09-25T15:00:00Z,292.48,6.26,9.26,0.0,2026-09-25T16:00:00Z,nodd,nodd
2026-09-25,jacksonville-fl,urma,12,2026-09-25T16:00:00Z,293.01,5.81,7.17,0.0,2026-09-25T17:00:00Z,nodd,nodd
2026-09-25,jacksonville-fl,urma,13,2026-09-25T17:00:00Z,294.73,5.05,6.88,0.0,2026-09-25T18:00:00Z,nodd,nodd
2026-09-25,jacksonville-fl,urma,14,2026-09-25T18:00:00Z,295.8,5.92,7.89,0.0,2026-09-25T19:00:00Z,nodd,nodd
2026-09-25,jacksonville-fl,urma,15,2026-09-25T19:00:00Z,296.83,4.01,7.34,0.0,2026-09-25T20:00:00Z,nodd,nodd
2026-09-25,jacksonville-fl,urma,16,2026-09-25T20:00:00Z,297.47,4.76,7.48,0.0,2026-09-25T21:00:00Z,nodd,nodd
2026-09-25,jacksonville-fl,urma,17,2026-09-25T21:00:00Z,297.47,3.34,4.94,0.0,2026-09-25T22:00:00Z,nodd,nodd
2026-09-25,jacksonville-fl,urma,18,2026-09-25T22:00:00Z,297.31,2.87,2.87,0.0,2026-09-25T23:00:00Z,nodd,nodd
2026-09-25,jacksonville-fl,urma,19,2026-09-25T23:00:00Z,296.95,2.09,4.42,0.0,2026-09-26T00:00:00Z,nodd,nodd
2026-09-25,jacksonville-fl,urma,20,2026-09-26T00:00:00Z,294.98,2.01,3.36,0.0,2026-09-26T01:00:00Z,nodd,nodd
2026-09-25,jacksonville-fl,urma,21,2026-09-26T01:00:00Z,294.03,0.74,2.35,0.0,2026-09-26T02:00:00Z,nodd,nodd
2026-09-25,jacksonville-fl,urma,22,2026-09-26T02:00:00Z,293.36,0.15,1.12,0.0,2026-09-26T03:00:00Z,nodd,nodd
2026-09-25,jacksonville-fl,urma,23,2026-09-26T03:00:00Z,292.55,0.69,0.81,0.0,2026-09-26T04:00:00Z,nodd,nodd
2026-09-25,providence-ri,rtma,00,2026-09-25T04:00:00Z,281.97,2.18,4.62,0.0,2026-09-25T05:00:00Z,nodd,nodd
2026-09-25,providence-ri,rtma,01,2026-09-25T05:00:00Z,282.03,2.51,4.87,0.0,2026-09-25T06:00:00Z,nodd,nodd
2026-09-25,providence-ri,rtma,02,2026-09-25T06:00:00Z,282.3,2.57,7.02,0.0,2026-09-25T07:00:00Z,nodd,nodd
2026-09-25,providence-ri,rtma,03,2026-09-25T07:00:00Z,282.31,2.43,6.93,0.0,2026-09-25T08:00:00Z,nodd,nodd
2026-09-25,providence-ri,rtma,04,2026-09-25T08:00:00Z,282.65,3.75,5.81,0.0,2026-09-25T09:00:00Z,nodd,nodd
2026-09-25,providence-ri,rtma,05,2026-09-25T09:00:00Z,282.68,3.25,7.56,0.0,2026-09-25T10:00:00Z,nodd,nodd
2026-09-25,providence-ri,rtma,06,2026-09-25T10:00:00Z,282.82,3.87,8.15,0.0,2026-09-25T11:00:00Z,nodd,nodd
2026-09-25,providence-ri,rtma,07,2026-09-25T11:00:00Z,283.49,4.71,7.49,0.0,2026-09-25T12:00:00Z,nodd,nodd
2026-09-25,providence-ri,rtma,08,2026-09-25T12:00:00Z,283.95,4.4,10.41,0.0,2026-09-25T13:00:00Z,nodd,nodd
2026-09-25,providence-ri,rtma,09,2026-09-25T13:00:00Z,285.2,4.91,9.48,0.0,2026-09-25T14:00:00Z,nodd,nodd
2026-09-25,providence-ri,rtma,10,2026-09-25T14:00:00Z,286.86,5.79,9.18,0.0,2026-09-25T15:00:00Z,nodd,nodd
2026-09-25,providence-ri,rtma,11,2026-09-25T15:00:00Z,288.3,5.92,11.03,0.0,2026-09-25T16:00:00Z,nodd,nodd
2026-09-25,providence-ri,rtma,12,2026-09-25T16:00:00Z,289.15,6.51,12.22,0.0,2026-09-25T17:00:00Z,nodd,nodd
2026-09-25,providence-ri,rtma,13,2026-09-25T17:00:00Z,289.77,6.43,12.85,0.0,2026-09-25T18:00:00Z,nodd,nodd
2026-09-25,providence-ri,rtma,14,2026-09-25T18:00:00Z,289.89,7.09,13.37,0.0,2026-09-25T19:00:00Z,nodd,nodd
2026-09-25,providence-ri,rtma,15,2026-09-25T19:00:00Z,290.1,6.59,12.64,0.0,2026-09-25T20:00:00Z,nodd,nodd
2026-09-25,providence-ri,rtma,16,2026-09-25T20:00:00Z,289.98,5.82,12.44,0.0,2026-09-25T21:00:00Z,nodd,nodd
2026-09-25,providence-ri,rtma,17,2026-09-25T21:00:00Z,289.58,5.8,12.07,0.6875,2026-09-25T22:00:00Z,nodd,nodd
2026-09-25,providence-ri,rtma,18,2026-09-25T22:00:00Z,288.82,5.66,12.01,1.65625,2026-09-25T23:00:00Z,nodd,nodd
2026-09-25,providence-ri,rtma,19,2026-09-25T23:00:00Z,287.93,4.83,10.75,2.3125,2026-09-26T00:00:00Z,nodd,nodd
2026-09-25,providence-ri,rtma,20,2026-09-26T00:00:00Z,286.34,4.47,9.29,0.859375,2026-09-26T01:00:00Z,nodd,nodd
2026-09-25,providence-ri,rtma,21,2026-09-26T01:00:00Z,286.92,4.32,8.11,0.609375,2026-09-26T02:00:00Z,nodd,nodd
2026-09-25,providence-ri,rtma,22,2026-09-26T02:00:00Z,287.98,4.35,10.59,0.4375,2026-09-26T03:00:00Z,nodd,nodd
2026-09-25,providence-ri,rtma,23,2026-09-26T03:00:00Z,288.25,4.81,11.72,1.015625,2026-09-26T04:00:00Z,nodd,nodd
2026-09-25,providence-ri,urma,00,2026-09-25T04:00:00Z,281.89,2.2,4.2,0.0,2026-09-25T05:00:00Z,nodd,nodd
2026-09-25,providence-ri,urma,01,2026-09-25T05:00:00Z,281.96,2.47,4.09,0.0,2026-09-25T06:00:00Z,nodd,nodd
2026-09-25,providence-ri,urma,02,2026-09-25T06:00:00Z,282.3,2.52,6.59,0.0,2026-09-25T07:00:00Z,nodd,nodd
2026-09-25,providence-ri,urma,03,2026-09-25T07:00:00Z,282.47,2.51,5.75,0.0,2026-09-25T08:00:00Z,nodd,nodd
2026-09-25,providence-ri,urma,04,2026-09-25T08:00:00Z,282.73,3.61,5.28,0.0,2026-09-25T09:00:00Z,nodd,nodd
2026-09-25,providence-ri,urma,05,2026-09-25T09:00:00Z,282.77,3.56,7.23,0.0,2026-09-25T10:00:00Z,nodd,nodd
2026-09-25,providence-ri,urma,06,2026-09-25T10:00:00Z,282.91,3.95,7.93,0.0,2026-09-25T11:00:00Z,nodd,nodd
2026-09-25,providence-ri,urma,07,2026-09-25T11:00:00Z,283.54,4.61,7.23,0.0,2026-09-25T12:00:00Z,nodd,nodd
2026-09-25,providence-ri,urma,08,2026-09-25T12:00:00Z,283.97,4.35,9.71,0.0,2026-09-25T13:00:00Z,nodd,nodd
2026-09-25,providence-ri,urma,09,2026-09-25T13:00:00Z,285.22,4.87,9.11,0.0,2026-09-25T14:00:00Z,nodd,nodd
2026-09-25,providence-ri,urma,10,2026-09-25T14:00:00Z,286.81,5.82,9.17,0.0,2026-09-25T15:00:00Z,nodd,nodd
2026-09-25,providence-ri,urma,11,2026-09-25T15:00:00Z,288.21,6.26,10.99,0.0,2026-09-25T16:00:00Z,nodd,nodd
2026-09-25,providence-ri,urma,12,2026-09-25T16:00:00Z,289.05,6.24,11.88,0.0,2026-09-25T17:00:00Z,nodd,nodd
2026-09-25,providence-ri,urma,13,2026-09-25T17:00:00Z,289.7,6.29,12.55,0.0,2026-09-25T18:00:00Z,nodd,nodd
2026-09-25,providence-ri,urma,14,2026-09-25T18:00:00Z,289.74,7.04,13.09,0.0,2026-09-25T19:00:00Z,nodd,nodd
2026-09-25,providence-ri,urma,15,2026-09-25T19:00:00Z,290.01,6.46,12.25,0.0,2026-09-25T20:00:00Z,nodd,nodd
2026-09-25,providence-ri,urma,16,2026-09-25T20:00:00Z,289.94,5.48,10.59,0.0,2026-09-25T21:00:00Z,nodd,nodd
2026-09-25,providence-ri,urma,17,2026-09-25T21:00:00Z,289.59,6.1,10.54,0.125,2026-09-25T22:00:00Z,nodd,nodd
2026-09-25,providence-ri,urma,18,2026-09-25T22:00:00Z,288.83,5.78,11.6,0.0,2026-09-25T23:00:00Z,nodd,nodd
2026-09-25,providence-ri,urma,19,2026-09-25T23:00:00Z,287.92,4.58,9.29,1.328125,2026-09-26T00:00:00Z,nodd,nodd
2026-09-25,providence-ri,urma,20,2026-09-26T00:00:00Z,286.07,4.06,9.56,0.390625,2026-09-26T01:00:00Z,nodd,nodd
2026-09-25,providence-ri,urma,21,2026-09-26T01:00:00Z,287.01,4.2,7.19,0.25,2026-09-26T02:00:00Z,nodd,nodd
2026-09-25,providence-ri,urma,22,2026-09-26T02:00:00Z,287.96,4.29,10.1,0.0,2026-09-26T03:00:00Z,nodd,nodd
2026-09-25,providence-ri,urma,23,2026-09-26T03:00:00Z,288.29,5.02,12.31,0.109375,2026-09-26T04:00:00Z,nodd,nodd
2026-09-25,milwaukee-wi,rtma,00,2026-09-25T05:00:00Z,287.89,0.46,1.91,0.0,2026-09-25T06:00:00Z,nodd,nodd
2026-09-25,milwaukee-wi,rtma,01,2026-09-25T06:00:00Z,288.04,0.64,1.29,0.0,2026-09-25T07:00:00Z,nodd,nodd
2026-09-25,milwaukee-wi,rtma,02,2026-09-25T07:00:00Z,287.77,0.32,0.78,0.0,2026-09-25T08:00:00Z,nodd,nodd
2026-09-25,milwaukee-wi,rtma,03,2026-09-25T08:00:00Z,287.99,0.19,2.33,0.0,2026-09-25T09:00:00Z,nodd,nodd
2026-09-25,milwaukee-wi,rtma,04,2026-09-25T09:00:00Z,288.34,0.0,0.76,0.0,2026-09-25T10:00:00Z,nodd,nodd
2026-09-25,milwaukee-wi,rtma,05,2026-09-25T10:00:00Z,287.98,0.46,1.62,0.0,2026-09-25T11:00:00Z,nodd,nodd
2026-09-25,milwaukee-wi,rtma,06,2026-09-25T11:00:00Z,288.15,1.09,1.25,0.0,2026-09-25T12:00:00Z,nodd,nodd
2026-09-25,milwaukee-wi,rtma,07,2026-09-25T12:00:00Z,288.09,0.47,2.29,0.0,2026-09-25T13:00:00Z,nodd,nodd
2026-09-25,milwaukee-wi,rtma,08,2026-09-25T13:00:00Z,288.7,0.45,0.45,0.0,2026-09-25T14:00:00Z,nodd,nodd
2026-09-25,milwaukee-wi,rtma,09,2026-09-25T14:00:00Z,289.42,0.63,1.52,0.0,2026-09-25T15:00:00Z,nodd,nodd
2026-09-25,milwaukee-wi,rtma,10,2026-09-25T15:00:00Z,290.17,1.91,1.91,0.0,2026-09-25T16:00:00Z,nodd,nodd
2026-09-25,milwaukee-wi,rtma,11,2026-09-25T16:00:00Z,290.35,2.21,3.29,0.0,2026-09-25T17:00:00Z,nodd,nodd
2026-09-25,milwaukee-wi,rtma,12,2026-09-25T17:00:00Z,290.82,1.69,2.73,0.0,2026-09-25T18:00:00Z,nodd,nodd
2026-09-25,milwaukee-wi,rtma,13,2026-09-25T18:00:00Z,290.42,2.19,2.52,0.0,2026-09-25T19:00:00Z,nodd,nodd
2026-09-25,milwaukee-wi,rtma,14,2026-09-25T19:00:00Z,290.71,2.76,2.9,0.0,2026-09-25T20:00:00Z,nodd,nodd
2026-09-25,milwaukee-wi,rtma,15,2026-09-25T20:00:00Z,290.78,2.44,3.42,0.0,2026-09-25T21:00:00Z,nodd,nodd
2026-09-25,milwaukee-wi,rtma,16,2026-09-25T21:00:00Z,290.47,3.03,3.1,0.0,2026-09-25T22:00:00Z,nodd,nodd
2026-09-25,milwaukee-wi,rtma,17,2026-09-25T22:00:00Z,290.57,3.1,3.1,0.0,2026-09-25T23:00:00Z,nodd,nodd
2026-09-25,milwaukee-wi,rtma,18,2026-09-25T23:00:00Z,289.89,1.93,2.34,0.0,2026-09-26T00:00:00Z,nodd,nodd
2026-09-25,milwaukee-wi,rtma,19,2026-09-26T00:00:00Z,288.48,1.61,2.76,0.0,2026-09-26T01:00:00Z,nodd,nodd
2026-09-25,milwaukee-wi,rtma,20,2026-09-26T01:00:00Z,287.86,1.02,2.42,0.0,2026-09-26T02:00:00Z,nodd,nodd
2026-09-25,milwaukee-wi,rtma,21,2026-09-26T02:00:00Z,287.03,0.42,2.58,0.0,2026-09-26T03:00:00Z,nodd,nodd
2026-09-25,milwaukee-wi,rtma,22,2026-09-26T03:00:00Z,286.7,0.75,2.76,0.0,2026-09-26T04:00:00Z,nodd,nodd
2026-09-25,milwaukee-wi,rtma,23,2026-09-26T04:00:00Z,286.31,0.68,0.73,0.0,2026-09-26T05:00:00Z,nodd,nodd
2026-09-25,milwaukee-wi,urma,00,2026-09-25T05:00:00Z,287.97,0.69,1.76,0.0,2026-09-25T06:00:00Z,nodd,nodd
2026-09-25,milwaukee-wi,urma,01,2026-09-25T06:00:00Z,288.07,1.0,1.35,0.0,2026-09-25T07:00:00Z,nodd,nodd
2026-09-25,milwaukee-wi,urma,02,2026-09-25T07:00:00Z,287.95,0.6,0.68,0.0,2026-09-25T08:00:00Z,nodd,nodd
2026-09-25,milwaukee-wi,urma,03,2026-09-25T08:00:00Z,288.07,0.3,2.32,0.0,2026-09-25T09:00:00Z,nodd,nodd
2026-09-25,milwaukee-wi,urma,04,2026-09-25T09:00:00Z,288.42,0.28,0.84,0.0,2026-09-25T10:00:00Z,nodd,nodd
2026-09-25,milwaukee-wi,urma,05,2026-09-25T10:00:00Z,288.02,0.8,1.71,0.0,2026-09-25T11:00:00Z,nodd,nodd
2026-09-25,milwaukee-wi,urma,06,2026-09-25T11:00:00Z,288.22,1.21,1.21,0.0,2026-09-25T12:00:00Z,nodd,nodd
2026-09-25,milwaukee-wi,urma,07,2026-09-25T12:00:00Z,287.96,0.9,2.05,0.0,2026-09-25T13:00:00Z,nodd,nodd
2026-09-25,milwaukee-wi,urma,08,2026-09-25T13:00:00Z,288.72,0.41,0.41,0.0,2026-09-25T14:00:00Z,nodd,nodd
2026-09-25,milwaukee-wi,urma,09,2026-09-25T14:00:00Z,289.48,0.37,1.38,0.0,2026-09-25T15:00:00Z,nodd,nodd
2026-09-25,milwaukee-wi,urma,10,2026-09-25T15:00:00Z,290.26,2.04,2.04,0.0,2026-09-25T16:00:00Z,nodd,nodd
2026-09-25,milwaukee-wi,urma,11,2026-09-25T16:00:00Z,290.41,2.14,2.98,0.0,2026-09-25T17:00:00Z,nodd,nodd
2026-09-25,milwaukee-wi,urma,12,2026-09-25T17:00:00Z,290.87,1.61,2.65,0.0,2026-09-25T18:00:00Z,nodd,nodd
2026-09-25,milwaukee-wi,urma,13,2026-09-25T18:00:00Z,290.47,2.3,2.36,0.0,2026-09-25T19:00:00Z,nodd,nodd
2026-09-25,milwaukee-wi,urma,14,2026-09-25T19:00:00Z,290.94,2.97,2.97,0.0,2026-09-25T20:00:00Z,nodd,nodd
2026-09-25,milwaukee-wi,urma,15,2026-09-25T20:00:00Z,290.91,2.48,3.38,0.0,2026-09-25T21:00:00Z,nodd,nodd
2026-09-25,milwaukee-wi,urma,16,2026-09-25T21:00:00Z,290.57,3.17,3.17,0.0,2026-09-25T22:00:00Z,nodd,nodd
2026-09-25,milwaukee-wi,urma,17,2026-09-25T22:00:00Z,290.63,3.07,3.07,0.0,2026-09-25T23:00:00Z,nodd,nodd
2026-09-25,milwaukee-wi,urma,18,2026-09-25T23:00:00Z,290.01,2.0,2.38,0.0,2026-09-26T00:00:00Z,nodd,nodd
2026-09-25,milwaukee-wi,urma,19,2026-09-26T00:00:00Z,288.48,1.88,2.8,0.0,2026-09-26T01:00:00Z,nodd,nodd
2026-09-25,milwaukee-wi,urma,20,2026-09-26T01:00:00Z,287.91,1.14,2.28,0.0,2026-09-26T02:00:00Z,nodd,nodd
2026-09-25,milwaukee-wi,urma,21,2026-09-26T02:00:00Z,287.07,0.64,2.55,0.0,2026-09-26T03:00:00Z,nodd,nodd
2026-09-25,milwaukee-wi,urma,22,2026-09-26T03:00:00Z,286.74,0.75,2.75,0.0,2026-09-26T04:00:00Z,nodd,nodd
2026-09-25,milwaukee-wi,urma,23,2026-09-26T04:00:00Z,286.27,0.64,0.81,0.0,2026-09-26T05:00:00Z,nodd,nodd
2026-09-25,raleigh-nc,rtma,00,2026-09-25T04:00:00Z,288.7,4.5,8.83,0.0,2026-09-25T05:00:00Z,nodd,nodd
2026-09-25,raleigh-nc,rtma,01,2026-09-25T05:00:00Z,288.52,4.03,8.58,0.0,2026-09-25T06:00:00Z,nodd,nodd
2026-09-25,raleigh-nc,rtma,02,2026-09-25T06:00:00Z,288.17,4.08,6.56,0.0,2026-09-25T07:00:00Z,nodd,nodd
2026-09-25,raleigh-nc,rtma,03,2026-09-25T07:00:00Z,287.6,3.66,9.93,0.0,2026-09-25T08:00:00Z,nodd,nodd
2026-09-25,raleigh-nc,rtma,04,2026-09-25T08:00:00Z,286.85,3.5,4.81,0.0,2026-09-25T09:00:00Z,nodd,nodd
2026-09-25,raleigh-nc,rtma,05,2026-09-25T09:00:00Z,285.98,3.29,5.04,0.0,2026-09-25T10:00:00Z,nodd,nodd
2026-09-25,raleigh-nc,rtma,06,2026-09-25T10:00:00Z,285.37,3.53,4.9,0.0,2026-09-25T11:00:00Z,nodd,nodd
2026-09-25,raleigh-nc,rtma,07,2026-09-25T11:00:00Z,284.79,3.15,5.78,0.0,2026-09-25T12:00:00Z,nodd,nodd
2026-09-25,raleigh-nc,rtma,08,2026-09-25T12:00:00Z,284.78,3.3,6.88,0.0,2026-09-25T13:00:00Z,nodd,nodd
2026-09-25,raleigh-nc,rtma,09,2026-09-25T13:00:00Z,286.34,3.72,10.24,0.0,2026-09-25T14:00:00Z,nodd,nodd
2026-09-25,raleigh-nc,rtma,10,2026-09-25T14:00:00Z,287.93,5.59,10.11,0.0,2026-09-25T15:00:00Z,nodd,nodd
2026-09-25,raleigh-nc,rtma,11,2026-09-25T15:00:00Z,289.85,4.14,9.2,0.0,2026-09-25T16:00:00Z,nodd,nodd
2026-09-25,raleigh-nc,rtma,12,2026-09-25T16:00:00Z,291.7,5.29,8.62,0.0,2026-09-25T17:00:00Z,nodd,nodd
2026-09-25,raleigh-nc,rtma,13,2026-09-25T17:00:00Z,293.26,4.47,9.1,0.0,2026-09-25T18:00:00Z,nodd,nodd
2026-09-25,raleigh-nc,rtma,14,2026-09-25T18:00:00Z,294.4,4.11,8.19,0.0,2026-09-25T19:00:00Z,nodd,nodd
2026-09-25,raleigh-nc,rtma,15,2026-09-25T19:00:00Z,295.28,3.59,7.13,0.0,2026-09-25T20:00:00Z,nodd,nodd
2026-09-25,raleigh-nc,rtma,16,2026-09-25T20:00:00Z,295.8,4.82,7.83,0.0,2026-09-25T21:00:00Z,nodd,nodd
2026-09-25,raleigh-nc,rtma,17,2026-09-25T21:00:00Z,295.81,3.5,7.52,0.0,2026-09-25T22:00:00Z,nodd,nodd
2026-09-25,raleigh-nc,rtma,18,2026-09-25T22:00:00Z,295.23,3.53,7.12,0.0,2026-09-25T23:00:00Z,nodd,nodd
2026-09-25,raleigh-nc,rtma,19,2026-09-25T23:00:00Z,293.75,1.41,3.77,0.0,2026-09-26T00:00:00Z,nodd,nodd
2026-09-25,raleigh-nc,rtma,20,2026-09-26T00:00:00Z,291.19,1.6,1.94,0.0,2026-09-26T01:00:00Z,nodd,nodd
2026-09-25,raleigh-nc,rtma,21,2026-09-26T01:00:00Z,289.55,1.95,1.99,0.0,2026-09-26T02:00:00Z,nodd,nodd
2026-09-25,raleigh-nc,rtma,22,2026-09-26T02:00:00Z,288.56,0.71,2.18,0.0,2026-09-26T03:00:00Z,nodd,nodd
2026-09-25,raleigh-nc,rtma,23,2026-09-26T03:00:00Z,287.3,1.12,2.22,0.0,2026-09-26T04:00:00Z,nodd,nodd
2026-09-25,raleigh-nc,urma,00,2026-09-25T04:00:00Z,288.7,4.45,8.9,0.0,2026-09-25T05:00:00Z,nodd,nodd
2026-09-25,raleigh-nc,urma,01,2026-09-25T05:00:00Z,288.53,4.13,8.93,0.0,2026-09-25T06:00:00Z,nodd,nodd
2026-09-25,raleigh-nc,urma,02,2026-09-25T06:00:00Z,288.16,4.04,7.16,0.0,2026-09-25T07:00:00Z,nodd,nodd
2026-09-25,raleigh-nc,urma,03,2026-09-25T07:00:00Z,287.66,3.64,9.86,0.0,2026-09-25T08:00:00Z,nodd,nodd
2026-09-25,raleigh-nc,urma,04,2026-09-25T08:00:00Z,286.89,3.56,4.62,0.0,2026-09-25T09:00:00Z,nodd,nodd
2026-09-25,raleigh-nc,urma,05,2026-09-25T09:00:00Z,285.98,3.15,4.99,0.0,2026-09-25T10:00:00Z,nodd,nodd
2026-09-25,raleigh-nc,urma,06,2026-09-25T10:00:00Z,285.37,3.49,4.89,0.0,2026-09-25T11:00:00Z,nodd,nodd
2026-09-25,raleigh-nc,urma,07,2026-09-25T11:00:00Z,284.79,3.18,5.79,0.0,2026-09-25T12:00:00Z,nodd,nodd
2026-09-25,raleigh-nc,urma,08,2026-09-25T12:00:00Z,284.77,3.16,8.0,0.0,2026-09-25T13:00:00Z,nodd,nodd
2026-09-25,raleigh-nc,urma,09,2026-09-25T13:00:00Z,286.34,3.25,9.74,0.0,2026-09-25T14:00:00Z,nodd,nodd
2026-09-25,raleigh-nc,urma,10,2026-09-25T14:00:00Z,287.91,5.57,10.26,0.0,2026-09-25T15:00:00Z,nodd,nodd
2026-09-25,raleigh-nc,urma,11,2026-09-25T15:00:00Z,289.78,4.38,9.76,0.0,2026-09-25T16:00:00Z,nodd,nodd
2026-09-25,raleigh-nc,urma,12,2026-09-25T16:00:00Z,291.67,5.0,8.37,0.0,2026-09-25T17:00:00Z,nodd,nodd
2026-09-25,raleigh-nc,urma,13,2026-09-25T17:00:00Z,293.26,4.52,8.98,0.0,2026-09-25T18:00:00Z,nodd,nodd
2026-09-25,raleigh-nc,urma,14,2026-09-25T18:00:00Z,294.4,4.01,8.11,0.0,2026-09-25T19:00:00Z,nodd,nodd
2026-09-25,raleigh-nc,urma,15,2026-09-25T19:00:00Z,295.3,3.62,7.07,0.0,2026-09-25T20:00:00Z,nodd,nodd
2026-09-25,raleigh-nc,urma,16,2026-09-25T20:00:00Z,295.77,4.43,7.99,0.0,2026-09-25T21:00:00Z,nodd,nodd
2026-09-25,raleigh-nc,urma,17,2026-09-25T21:00:00Z,295.82,3.82,7.54,0.0,2026-09-25T22:00:00Z,nodd,nodd
2026-09-25,raleigh-nc,urma,18,2026-09-25T22:00:00Z,295.21,3.54,6.89,0.0,2026-09-25T23:00:00Z,nodd,nodd
2026-09-25,raleigh-nc,urma,19,2026-09-25T23:00:00Z,293.66,1.42,4.16,0.0,2026-09-26T00:00:00Z,nodd,nodd
2026-09-25,raleigh-nc,urma,20,2026-09-26T00:00:00Z,291.07,1.63,1.77,0.0,2026-09-26T01:00:00Z,nodd,nodd
2026-09-25,raleigh-nc,urma,21,2026-09-26T01:00:00Z,290.03,1.95,2.08,0.0,2026-09-26T02:00:00Z,nodd,nodd
2026-09-25,raleigh-nc,urma,22,2026-09-26T02:00:00Z,288.54,0.61,1.77,0.0,2026-09-26T03:00:00Z,nodd,nodd
2026-09-25,raleigh-nc,urma,23,2026-09-26T03:00:00Z,287.23,1.08,2.03,0.0,2026-09-26T04:00:00Z,nodd,nodd
2026-09-25,oklahoma-city-ok,rtma,00,2026-09-25T05:00:00Z,300.09,2.91,5.91,0.0,2026-09-25T06:00:00Z,nodd,nodd
2026-09-25,oklahoma-city-ok,rtma,01,2026-09-25T06:00:00Z,299.59,3.26,6.78,0.0,2026-09-25T07:00:00Z,nodd,nodd
2026-09-25,oklahoma-city-ok,rtma,02,2026-09-25T07:00:00Z,298.54,3.73,5.46,0.0,2026-09-25T08:00:00Z,nodd,nodd
2026-09-25,oklahoma-city-ok,rtma,03,2026-09-25T08:00:00Z,298.21,4.42,7.16,0.0,2026-09-25T09:00:00Z,nodd,nodd
2026-09-25,oklahoma-city-ok,rtma,04,2026-09-25T09:00:00Z,297.45,4.68,7.85,0.0,2026-09-25T10:00:00Z,nodd,nodd
2026-09-25,oklahoma-city-ok,rtma,05,2026-09-25T10:00:00Z,296.48,4.19,6.92,0.0,2026-09-25T11:00:00Z,nodd,nodd
2026-09-25,oklahoma-city-ok,rtma,06,2026-09-25T11:00:00Z,295.7,4.22,6.24,0.0,2026-09-25T12:00:00Z,nodd,nodd
2026-09-25,oklahoma-city-ok,rtma,07,2026-09-25T12:00:00Z,294.93,4.24,7.59,0.0,2026-09-25T13:00:00Z,nodd,nodd
2026-09-25,oklahoma-city-ok,rtma,08,2026-09-25T13:00:00Z,294.3,4.52,6.98,0.0,2026-09-25T14:00:00Z,nodd,nodd
2026-09-25,oklahoma-city-ok,rtma,09,2026-09-25T14:00:00Z,294.75,5.35,9.54,0.0,2026-09-25T15:00:00Z,nodd,nodd
2026-09-25,oklahoma-city-ok,rtma,10,2026-09-25T15:00:00Z,296.06,2.75,4.33,0.0,2026-09-25T16:00:00Z,nodd,nodd
2026-09-25,oklahoma-city-ok,rtma,11,2026-09-25T16:00:00Z,297.16,2.94,5.01,0.0,2026-09-25T17:00:00Z,nodd,nodd
2026-09-25,oklahoma-city-ok,rtma,12,2026-09-25T17:00:00Z,299.45,3.28,5.6,0.0,2026-09-25T18:00:00Z,nodd,nodd
2026-09-25,oklahoma-city-ok,rtma,13,2026-09-25T18:00:00Z,302.2,3.45,8.23,0.0,2026-09-25T19:00:00Z,nodd,nodd
2026-09-25,oklahoma-city-ok,rtma,14,2026-09-25T19:00:00Z,303.61,3.49,7.86,0.0,2026-09-25T20:00:00Z,nodd,nodd
2026-09-25,oklahoma-city-ok,rtma,15,2026-09-25T20:00:00Z,304.92,3.5,6.32,0.0,2026-09-25T21:00:00Z,nodd,nodd
2026-09-25,oklahoma-city-ok,rtma,16,2026-09-25T21:00:00Z,305.53,3.45,6.44,0.0,2026-09-25T22:00:00Z,nodd,nodd
2026-09-25,oklahoma-city-ok,rtma,17,2026-09-25T22:00:00Z,305.83,4.32,7.16,0.0,2026-09-25T23:00:00Z,nodd,nodd
2026-09-25,oklahoma-city-ok,rtma,18,2026-09-25T23:00:00Z,305.32,4.29,6.76,0.0,2026-09-26T00:00:00Z,nodd,nodd
2026-09-25,oklahoma-city-ok,rtma,19,2026-09-26T00:00:00Z,304.47,4.38,6.93,0.4375,2026-09-26T01:00:00Z,nodd,nodd
2026-09-25,oklahoma-city-ok,rtma,20,2026-09-26T01:00:00Z,301.41,1.65,4.05,0.078125,2026-09-26T02:00:00Z,nodd,nodd
2026-09-25,oklahoma-city-ok,rtma,21,2026-09-26T02:00:00Z,300.81,1.58,2.32,0.59375,2026-09-26T03:00:00Z,nodd,nodd
2026-09-25,oklahoma-city-ok,rtma,22,2026-09-26T03:00:00Z,300.65,3.65,4.83,0.171875,2026-09-26T04:00:00Z,nodd,nodd
2026-09-25,oklahoma-city-ok,rtma,23,2026-09-26T04:00:00Z,299.29,2.94,6.21,0.515625,2026-09-26T05:00:00Z,nodd,nodd
2026-09-25,oklahoma-city-ok,urma,00,2026-09-25T05:00:00Z,300.06,2.87,6.08,0.0,2026-09-25T06:00:00Z,nodd,nodd
2026-09-25,oklahoma-city-ok,urma,01,2026-09-25T06:00:00Z,299.58,3.2,6.87,0.0,2026-09-25T07:00:00Z,nodd,nodd
2026-09-25,oklahoma-city-ok,urma,02,2026-09-25T07:00:00Z,299.1,3.65,5.35,0.0,2026-09-25T08:00:00Z,nodd,nodd
2026-09-25,oklahoma-city-ok,urma,03,2026-09-25T08:00:00Z,298.21,4.49,7.38,0.0,2026-09-25T09:00:00Z,nodd,nodd
2026-09-25,oklahoma-city-ok,urma,04,2026-09-25T09:00:00Z,297.51,4.73,7.83,0.0,2026-09-25T10:00:00Z,nodd,nodd
2026-09-25,oklahoma-city-ok,urma,05,2026-09-25T10:00:00Z,296.5,4.15,7.24,0.0,2026-09-25T11:00:00Z,nodd,nodd
2026-09-25,oklahoma-city-ok,urma,06,2026-09-25T11:00:00Z,295.71,4.33,6.08,0.0,2026-09-25T12:00:00Z,nodd,nodd
2026-09-25,oklahoma-city-ok,urma,07,2026-09-25T12:00:00Z,294.97,4.29,7.51,0.0,2026-09-25T13:00:00Z,nodd,nodd
2026-09-25,oklahoma-city-ok,urma,08,2026-09-25T13:00:00Z,294.29,4.48,7.15,0.0,2026-09-25T14:00:00Z,nodd,nodd
2026-09-25,oklahoma-city-ok,urma,09,2026-09-25T14:00:00Z,294.78,5.36,9.52,0.0,2026-09-25T15:00:00Z,nodd,nodd
2026-09-25,oklahoma-city-ok,urma,10,2026-09-25T15:00:00Z,296.1,2.84,4.36,0.0,2026-09-25T16:00:00Z,nodd,nodd
2026-09-25,oklahoma-city-ok,urma,11,2026-09-25T16:00:00Z,297.18,2.91,4.98,0.0,2026-09-25T17:00:00Z,nodd,nodd
2026-09-25,oklahoma-city-ok,urma,12,2026-09-25T17:00:00Z,299.56,3.32,5.57,0.0,2026-09-25T18:00:00Z,nodd,nodd
2026-09-25,oklahoma-city-ok,urma,13,2026-09-25T18:00:00Z,302.27,3.42,8.1,0.0,2026-09-25T19:00:00Z,nodd,nodd
2026-09-25,oklahoma-city-ok,urma,14,2026-09-25T19:00:00Z,303.6,3.61,7.69,0.0,2026-09-25T20:00:00Z,nodd,nodd
2026-09-25,oklahoma-city-ok,urma,15,2026-09-25T20:00:00Z,304.91,3.6,6.91,0.0,2026-09-25T21:00:00Z,nodd,nodd
2026-09-25,oklahoma-city-ok,urma,16,2026-09-25T21:00:00Z,305.55,3.41,6.37,0.0,2026-09-25T22:00:00Z,nodd,nodd
2026-09-25,oklahoma-city-ok,urma,17,2026-09-25T22:00:00Z,305.78,4.19,7.15,0.0,2026-09-25T23:00:00Z,nodd,nodd
2026-09-25,oklahoma-city-ok,urma,18,2026-09-25T23:00:00Z,305.31,4.28,6.57,0.0,2026-09-26T00:00:00Z,nodd,nodd
2026-09-25,oklahoma-city-ok,urma,19,2026-09-26T00:00:00Z,304.5,4.58,7.15,0.015625,2026-09-26T01:00:00Z,nodd,nodd
2026-09-25,oklahoma-city-ok,urma,20,2026-09-26T01:00:00Z,301.93,1.74,4.05,0.0,2026-09-26T02:00:00Z,nodd,nodd
2026-09-25,oklahoma-city-ok,urma,21,2026-09-26T02:00:00Z,300.89,1.76,3.04,0.21875,2026-09-26T03:00:00Z,nodd,nodd
2026-09-25,oklahoma-city-ok,urma,22,2026-09-26T03:00:00Z,300.61,3.89,4.96,0.078125,2026-09-26T04:00:00Z,nodd,nodd
2026-09-25,oklahoma-city-ok,urma,23,2026-09-26T04:00:00Z,299.3,2.88,6.42,0.1875,2026-09-26T05:00:00Z,nodd,nodd
2026-09-25,louisville-ky,rtma,00,2026-09-25T04:00:00Z,290.21,2.5,6.85,0.0,2026-09-25T05:00:00Z,nodd,nodd
2026-09-25,louisville-ky,rtma,01,2026-09-25T05:00:00Z,289.42,0.75,3.97,0.0,2026-09-25T06:00:00Z,nodd,nodd
2026-09-25,louisville-ky,rtma,02,2026-09-25T06:00:00Z,289.0,1.78,1.78,0.0,2026-09-25T07:00:00Z,nodd,nodd
2026-09-25,louisville-ky,rtma,03,2026-09-25T07:00:00Z,289.04,2.19,2.19,0.0,2026-09-25T08:00:00Z,nodd,nodd
2026-09-25,louisville-ky,rtma,04,2026-09-25T08:00:00Z,288.82,1.92,2.44,0.0,2026-09-25T09:00:00Z,nodd,nodd
2026-09-25,louisville-ky,rtma,05,2026-09-25T09:00:00Z,287.92,2.29,2.43,0.0,2026-09-25T10:00:00Z,nodd,nodd
2026-09-25,louisville-ky,rtma,06,2026-09-25T10:00:00Z,287.63,2.88,2.88,0.0,2026-09-25T11:00:00Z,nodd,nodd
2026-09-25,louisville-ky,rtma,07,2026-09-25T11:00:00Z,287.44,2.85,3.49,0.0,2026-09-25T12:00:00Z,nodd,nodd
2026-09-25,louisville-ky,rtma,08,2026-09-25T12:00:00Z,286.61,1.69,3.37,0.0,2026-09-25T13:00:00Z,nodd,nodd
2026-09-25,louisville-ky,rtma,09,2026-09-25T13:00:00Z,287.37,2.55,4.03,0.0,2026-09-25T14:00:00Z,nodd,nodd
2026-09-25,louisville-ky,rtma,10,2026-09-25T14:00:00Z,289.62,2.2,3.32,0.0,2026-09-25T15:00:00Z,nodd,nodd
2026-09-25,louisville-ky,rtma,11,2026-09-25T15:00:00Z,291.76,1.77,3.57,0.0,2026-09-25T16:00:00Z,nodd,nodd
2026-09-25,louisville-ky,rtma,12,2026-09-25T16:00:00Z,293.8,3.09,4.04,0.0,2026-09-25T17:00:00Z,nodd,nodd
2026-09-25,louisville-ky,rtma,13,2026-09-25T17:00:00Z,295.36,1.72,3.68,0.0,2026-09-25T18:00:00Z,nodd,nodd
2026-09-25,louisville-ky,rtma,14,2026-09-25T18:00:00Z,296.38,2.15,3.77,0.0,2026-09-25T19:00:00Z,nodd,nodd
2026-09-25,louisville-ky,rtma,15,2026-09-25T19:00:00Z,297.38,3.44,4.03,0.0,2026-09-25T20:00:00Z,nodd,nodd
2026-09-25,louisville-ky,rtma,16,2026-09-25T20:00:00Z,297.99,3.13,7.0,0.0,2026-09-25T21:00:00Z,nodd,nodd
2026-09-25,louisville-ky,rtma,17,2026-09-25T21:00:00Z,297.98,3.32,4.29,0.0,2026-09-25T22:00:00Z,nodd,nodd
2026-09-25,louisville-ky,rtma,18,2026-09-25T22:00:00Z,297.64,3.23,4.39,0.0,2026-09-25T23:00:00Z,nodd,nodd
2026-09-25,louisville-ky,rtma,19,2026-09-25T23:00:00Z,296.28,2.44,3.18,0.0,2026-09-26T00:00:00Z,nodd,nodd
2026-09-25,louisville-ky,rtma,20,2026-09-26T00:00:00Z,293.29,3.01,3.01,0.0,2026-09-26T01:00:00Z,nodd,nodd
2026-09-25,louisville-ky,rtma,21,2026-09-26T01:00:00Z,291.24,2.47,2.62,0.0,2026-09-26T02:00:00Z,nodd,nodd
2026-09-25,louisville-ky,rtma,22,2026-09-26T02:00:00Z,290.53,2.39,3.56,0.0,2026-09-26T03:00:00Z,nodd,nodd
2026-09-25,louisville-ky,rtma,23,2026-09-26T03:00:00Z,289.65,1.72,2.31,0.0,2026-09-26T04:00:00Z,nodd,nodd
2026-09-25,louisville-ky,urma,00,2026-09-25T04:00:00Z,290.24,2.48,7.03,0.0,2026-09-25T05:00:00Z,nodd,nodd
2026-09-25,louisville-ky,urma,01,2026-09-25T05:00:00Z,289.4,0.79,4.21,0.0,2026-09-25T06:00:00Z,nodd,nodd
2026-09-25,louisville-ky,urma,02,2026-09-25T06:00:00Z,289.06,1.88,1.88,0.0,2026-09-25T07:00:00Z,nodd,nodd
2026-09-25,louisville-ky,urma,03,2026-09-25T07:00:00Z,289.32,2.09,2.09,0.0,2026-09-25T08:00:00Z,nodd,nodd
2026-09-25,louisville-ky,urma,04,2026-09-25T08:00:00Z,288.81,1.85,2.59,0.0,2026-09-25T09:00:00Z,nodd,nodd
2026-09-25,louisville-ky,urma,05,2026-09-25T09:00:00Z,287.94,2.51,2.58,0.0,2026-09-25T10:00:00Z,nodd,nodd
2026-09-25,louisville-ky,urma,06,2026-09-25T10:00:00Z,287.63,2.7,2.7,0.0,2026-09-25T11:00:00Z,nodd,nodd
2026-09-25,louisville-ky,urma,07,2026-09-25T11:00:00Z,287.41,2.94,3.5,0.0,2026-09-25T12:00:00Z,nodd,nodd
2026-09-25,louisville-ky,urma,08,2026-09-25T12:00:00Z,286.62,1.64,3.41,0.0,2026-09-25T13:00:00Z,nodd,nodd
2026-09-25,louisville-ky,urma,09,2026-09-25T13:00:00Z,287.54,2.27,4.12,0.0,2026-09-25T14:00:00Z,nodd,nodd
2026-09-25,louisville-ky,urma,10,2026-09-25T14:00:00Z,289.63,2.32,3.39,0.0,2026-09-25T15:00:00Z,nodd,nodd
2026-09-25,louisville-ky,urma,11,2026-09-25T15:00:00Z,291.81,1.81,3.58,0.0,2026-09-25T16:00:00Z,nodd,nodd
2026-09-25,louisville-ky,urma,12,2026-09-25T16:00:00Z,293.88,3.16,4.07,0.0,2026-09-25T17:00:00Z,nodd,nodd
2026-09-25,louisville-ky,urma,13,2026-09-25T17:00:00Z,295.43,1.95,3.68,0.0,2026-09-25T18:00:00Z,nodd,nodd
2026-09-25,louisville-ky,urma,14,2026-09-25T18:00:00Z,296.4,2.28,4.15,0.0,2026-09-25T19:00:00Z,nodd,nodd
2026-09-25,louisville-ky,urma,15,2026-09-25T19:00:00Z,297.66,3.5,4.02,0.0,2026-09-25T20:00:00Z,nodd,nodd
2026-09-25,louisville-ky,urma,16,2026-09-25T20:00:00Z,297.99,3.14,6.73,0.0,2026-09-25T21:00:00Z,nodd,nodd
2026-09-25,louisville-ky,urma,17,2026-09-25T21:00:00Z,298.03,3.34,4.46,0.0,2026-09-25T22:00:00Z,nodd,nodd
2026-09-25,louisville-ky,urma,18,2026-09-25T22:00:00Z,297.68,3.18,4.43,0.0,2026-09-25T23:00:00Z,nodd,nodd
2026-09-25,louisville-ky,urma,19,2026-09-25T23:00:00Z,296.31,2.41,3.28,0.0,2026-09-26T00:00:00Z,nodd,nodd
2026-09-25,louisville-ky,urma,20,2026-09-26T00:00:00Z,293.16,3.13,3.13,0.0,2026-09-26T01:00:00Z,nodd,nodd
2026-09-25,louisville-ky,urma,21,2026-09-26T01:00:00Z,291.92,2.2,2.73,0.0,2026-09-26T02:00:00Z,nodd,nodd
2026-09-25,louisville-ky,urma,22,2026-09-26T02:00:00Z,290.54,2.23,3.65,0.0,2026-09-26T03:00:00Z,nodd,nodd
2026-09-25,louisville-ky,urma,23,2026-09-26T03:00:00Z,289.76,1.9,2.39,0.0,2026-09-26T04:00:00Z,nodd,nodd
2026-09-25,richmond-va,rtma,00,2026-09-25T04:00:00Z,285.75,3.39,3.39,0.0,2026-09-25T05:00:00Z,nodd,nodd
2026-09-25,richmond-va,rtma,01,2026-09-25T05:00:00Z,285.71,3.4,5.81,0.0,2026-09-25T06:00:00Z,nodd,nodd
2026-09-25,richmond-va,rtma,02,2026-09-25T06:00:00Z,285.39,2.59,5.49,0.0,2026-09-25T07:00:00Z,nodd,nodd
2026-09-25,richmond-va,rtma,03,2026-09-25T07:00:00Z,285.5,3.24,4.44,0.0,2026-09-25T08:00:00Z,nodd,nodd
2026-09-25,richmond-va,rtma,04,2026-09-25T08:00:00Z,285.12,3.02,5.54,0.0,2026-09-25T09:00:00Z,nodd,nodd
2026-09-25,richmond-va,rtma,05,2026-09-25T09:00:00Z,284.69,3.85,4.93,0.0,2026-09-25T10:00:00Z,nodd,nodd
2026-09-25,richmond-va,rtma,06,2026-09-25T10:00:00Z,284.63,4.81,5.92,0.0,2026-09-25T11:00:00Z,nodd,nodd
2026-09-25,richmond-va,rtma,07,2026-09-25T11:00:00Z,284.6,4.84,6.63,0.0,2026-09-25T12:00:00Z,nodd,nodd
2026-09-25,richmond-va,rtma,08,2026-09-25T12:00:00Z,284.47,5.09,11.68,0.0,2026-09-25T13:00:00Z,nodd,nodd
2026-09-25,richmond-va,rtma,09,2026-09-25T13:00:00Z,285.81,3.83,9.74,0.0,2026-09-25T14:00:00Z,nodd,nodd
2026-09-25,richmond-va,rtma,10,2026-09-25T14:00:00Z,287.84,5.44,9.97,0.0,2026-09-25T15:00:00Z,nodd,nodd
2026-09-25,richmond-va,rtma,11,2026-09-25T15:00:00Z,289.74,4.82,10.39,0.0,2026-09-25T16:00:00Z,nodd,nodd
2026-09-25,richmond-va,rtma,12,2026-09-25T16:00:00Z,291.2,5.49,8.43,0.0,2026-09-25T17:00:00Z,nodd,nodd
2026-09-25,richmond-va,rtma,13,2026-09-25T17:00:00Z,292.54,5.59,9.75,0.0,2026-09-25T18:00:00Z,nodd,nodd
2026-09-25,richmond-va,rtma,14,2026-09-25T18:00:00Z,294.11,5.35,10.27,0.0,2026-09-25T19:00:00Z,nodd,nodd
2026-09-25,richmond-va,rtma,15,2026-09-25T19:00:00Z,294.78,5.28,8.52,0.0,2026-09-25T20:00:00Z,nodd,nodd
2026-09-25,richmond-va,rtma,16,2026-09-25T20:00:00Z,295.7,5.26,11.87,0.0,2026-09-25T21:00:00Z,nodd,nodd
2026-09-25,richmond-va,rtma,17,2026-09-25T21:00:00Z,296.01,5.03,9.93,0.0,2026-09-25T22:00:00Z,nodd,nodd
2026-09-25,richmond-va,rtma,18,2026-09-25T22:00:00Z,295.15,4.28,7.29,0.0,2026-09-25T23:00:00Z,nodd,nodd
2026-09-25,richmond-va,rtma,19,2026-09-25T23:00:00Z,292.76,3.99,6.36,0.0,2026-09-26T00:00:00Z,nodd,nodd
2026-09-25,richmond-va,rtma,20,2026-09-26T00:00:00Z,291.15,4.22,6.91,0.0,2026-09-26T01:00:00Z,nodd,nodd
2026-09-25,richmond-va,rtma,21,2026-09-26T01:00:00Z,290.6,4.9,6.61,0.0,2026-09-26T02:00:00Z,nodd,nodd
2026-09-25,richmond-va,rtma,22,2026-09-26T02:00:00Z,290.57,4.67,9.21,0.0,2026-09-26T03:00:00Z,nodd,nodd
2026-09-25,richmond-va,rtma,23,2026-09-26T03:00:00Z,290.05,5.64,10.21,0.0,2026-09-26T04:00:00Z,nodd,nodd
2026-09-25,richmond-va,urma,00,2026-09-25T04:00:00Z,285.75,3.41,3.45,0.0,2026-09-25T05:00:00Z,nodd,nodd
2026-09-25,richmond-va,urma,01,2026-09-25T05:00:00Z,285.75,3.5,4.93,0.0,2026-09-25T06:00:00Z,nodd,nodd
2026-09-25,richmond-va,urma,02,2026-09-25T06:00:00Z,285.42,2.6,5.52,0.0,2026-09-25T07:00:00Z,nodd,nodd
2026-09-25,richmond-va,urma,03,2026-09-25T07:00:00Z,285.78,3.46,4.65,0.0,2026-09-25T08:00:00Z,nodd,nodd
2026-09-25,richmond-va,urma,04,2026-09-25T08:00:00Z,285.11,2.96,5.45,0.0,2026-09-25T09:00:00Z,nodd,nodd
2026-09-25,richmond-va,urma,05,2026-09-25T09:00:00Z,284.75,4.58,5.3,0.0,2026-09-25T10:00:00Z,nodd,nodd
2026-09-25,richmond-va,urma,06,2026-09-25T10:00:00Z,284.69,4.91,5.91,0.0,2026-09-25T11:00:00Z,nodd,nodd
2026-09-25,richmond-va,urma,07,2026-09-25T11:00:00Z,284.6,4.98,6.7,0.0,2026-09-25T12:00:00Z,nodd,nodd
2026-09-25,richmond-va,urma,08,2026-09-25T12:00:00Z,284.42,5.2,11.7,0.0,2026-09-25T13:00:00Z,nodd,nodd
2026-09-25,richmond-va,urma,09,2026-09-25T13:00:00Z,285.98,3.92,9.46,0.0,2026-09-25T14:00:00Z,nodd,nodd
2026-09-25,richmond-va,urma,10,2026-09-25T14:00:00Z,287.86,5.6,10.21,0.0,2026-09-25T15:00:00Z,nodd,nodd
2026-09-25,richmond-va,urma,11,2026-09-25T15:00:00Z,289.82,5.32,10.81,0.0,2026-09-25T16:00:00Z,nodd,nodd
2026-09-25,richmond-va,urma,12,2026-09-25T16:00:00Z,291.27,5.74,8.37,0.0,2026-09-25T17:00:00Z,nodd,nodd
2026-09-25,richmond-va,urma,13,2026-09-25T17:00:00Z,292.6,5.56,9.64,0.0,2026-09-25T18:00:00Z,nodd,nodd
2026-09-25,richmond-va,urma,14,2026-09-25T18:00:00Z,294.16,5.51,10.3,0.0,2026-09-25T19:00:00Z,nodd,nodd
2026-09-25,richmond-va,urma,15,2026-09-25T19:00:00Z,294.89,5.29,8.58,0.0,2026-09-25T20:00:00Z,nodd,nodd
2026-09-25,richmond-va,urma,16,2026-09-25T20:00:00Z,295.65,5.22,11.94,0.0,2026-09-25T21:00:00Z,nodd,nodd
2026-09-25,richmond-va,urma,17,2026-09-25T21:00:00Z,296.04,5.37,9.7,0.0,2026-09-25T22:00:00Z,nodd,nodd
2026-09-25,richmond-va,urma,18,2026-09-25T22:00:00Z,295.12,4.53,8.97,0.0,2026-09-25T23:00:00Z,nodd,nodd
2026-09-25,richmond-va,urma,19,2026-09-25T23:00:00Z,292.71,3.9,6.35,0.0,2026-09-26T00:00:00Z,nodd,nodd
2026-09-25,richmond-va,urma,20,2026-09-26T00:00:00Z,291.16,4.23,7.46,0.0,2026-09-26T01:00:00Z,nodd,nodd
2026-09-25,richmond-va,urma,21,2026-09-26T01:00:00Z,290.48,4.94,7.05,0.0,2026-09-26T02:00:00Z,nodd,nodd
2026-09-25,richmond-va,urma,22,2026-09-26T02:00:00Z,290.55,4.69,9.89,0.0,2026-09-26T03:00:00Z,nodd,nodd
2026-09-25,richmond-va,urma,23,2026-09-26T03:00:00Z,290.07,6.03,10.22,0.0,2026-09-26T04:00:00Z,nodd,nodd
2026-09-25,memphis-tn,rtma,00,2026-09-25T05:00:00Z,291.96,0.94,4.13,0.0,2026-09-25T06:00:00Z,nodd,nodd
2026-09-25,memphis-tn,rtma,01,2026-09-25T06:00:00Z,291.41,2.37,4.54,0.0,2026-09-25T07:00:00Z,nodd,nodd
2026-09-25,memphis-tn,rtma,02,2026-09-25T07:00:00Z,291.07,1.97,4.72,0.0,2026-09-25T08:00:00Z,nodd,nodd
2026-09-25,memphis-tn,rtma,03,2026-09-25T08:00:00Z,291.58,1.96,4.56,0.0,2026-09-25T09:00:00Z,nodd,nodd
2026-09-25,memphis-tn,rtma,04,2026-09-25T09:00:00Z,291.0,1.09,3.26,0.0,2026-09-25T10:00:00Z,nodd,nodd
2026-09-25,memphis-tn,rtma,05,2026-09-25T10:00:00Z,290.5,1.2,2.85,0.0,2026-09-25T11:00:00Z,nodd,nodd
2026-09-25,memphis-tn,rtma,06,2026-09-25T11:00:00Z,290.23,1.35,4.14,0.0,2026-09-25T12:00:00Z,nodd,nodd
2026-09-25,memphis-tn,rtma,07,2026-09-25T12:00:00Z,290.08,1.3,3.37,0.0,2026-09-25T13:00:00Z,nodd,nodd
2026-09-25,memphis-tn,rtma,08,2026-09-25T13:00:00Z,290.96,2.28,4.13,0.0,2026-09-25T14:00:00Z,nodd,nodd
2026-09-25,memphis-tn,rtma,09,2026-09-25T14:00:00Z,293.19,2.91,4.66,0.0,2026-09-25T15:00:00Z,nodd,nodd
2026-09-25,memphis-tn,rtma,10,2026-09-25T15:00:00Z,295.29,2.9,4.86,0.0,2026-09-25T16:00:00Z,nodd,nodd
2026-09-25,memphis-tn,rtma,11,2026-09-25T16:00:00Z,297.69,3.05,5.02,0.0,2026-09-25T17:00:00Z,nodd,nodd
2026-09-25,memphis-tn,rtma,12,2026-09-25T17:00:00Z,299.02,2.3,5.68,0.0,2026-09-25T18:00:00Z,nodd,nodd
2026-09-25,memphis-tn,rtma,13,2026-09-25T18:00:00Z,299.92,2.89,6.35,0.0,2026-09-25T19:00:00Z,nodd,nodd
2026-09-25,memphis-tn,rtma,14,2026-09-25T19:00:00Z,300.88,2.95,4.32,0.0,2026-09-25T20:00:00Z,nodd,nodd
2026-09-25,memphis-tn,rtma,15,2026-09-25T20:00:00Z,301.71,3.2,5.93,0.0,2026-09-25T21:00:00Z,nodd,nodd
2026-09-25,memphis-tn,rtma,16,2026-09-25T21:00:00Z,301.6,3.88,5.52,0.0,2026-09-25T22:00:00Z,nodd,nodd
2026-09-25,memphis-tn,rtma,17,2026-09-25T22:00:00Z,301.04,4.79,9.08,0.0,2026-09-25T23:00:00Z,nodd,nodd
2026-09-25,memphis-tn,rtma,18,2026-09-25T23:00:00Z,300.11,3.01,6.0,0.0,2026-09-26T00:00:00Z,nodd,nodd
2026-09-25,memphis-tn,rtma,19,2026-09-26T00:00:00Z,298.28,2.36,5.93,0.0,2026-09-26T01:00:00Z,nodd,nodd
2026-09-25,memphis-tn,rtma,20,2026-09-26T01:00:00Z,296.66,1.78,5.46,0.0,2026-09-26T02:00:00Z,nodd,nodd
2026-09-25,memphis-tn,rtma,21,2026-09-26T02:00:00Z,295.98,2.88,5.37,0.0,2026-09-26T03:00:00Z,nodd,nodd
2026-09-25,memphis-tn,rtma,22,2026-09-26T03:00:00Z,295.18,1.9,6.05,0.0,2026-09-26T04:00:00Z,nodd,nodd
2026-09-25,memphis-tn,rtma,23,2026-09-26T04:00:00Z,294.05,2.68,5.02,0.0,2026-09-26T05:00:00Z,nodd,nodd
2026-09-25,memphis-tn,urma,00,2026-09-25T05:00:00Z,292.0,0.85,3.67,0.0,2026-09-25T06:00:00Z,nodd,nodd
2026-09-25,memphis-tn,urma,01,2026-09-25T06:00:00Z,291.57,2.34,4.14,0.0,2026-09-25T07:00:00Z,nodd,nodd
2026-09-25,memphis-tn,urma,02,2026-09-25T07:00:00Z,292.08,1.98,4.39,0.0,2026-09-25T08:00:00Z,nodd,nodd
2026-09-25,memphis-tn,urma,03,2026-09-25T08:00:00Z,291.57,1.93,4.28,0.0,2026-09-25T09:00:00Z,nodd,nodd
2026-09-25,memphis-tn,urma,04,2026-09-25T09:00:00Z,291.09,1.33,3.09,0.0,2026-09-25T10:00:00Z,nodd,nodd
2026-09-25,memphis-tn,urma,05,2026-09-25T10:00:00Z,290.55,1.17,2.87,0.0,2026-09-25T11:00:00Z,nodd,nodd
2026-09-25,memphis-tn,urma,06,2026-09-25T11:00:00Z,290.24,1.27,4.11,0.0,2026-09-25T12:00:00Z,nodd,nodd
2026-09-25,memphis-tn,urma,07,2026-09-25T12:00:00Z,289.94,1.22,3.37,0.0,2026-09-25T13:00:00Z,nodd,nodd
2026-09-25,memphis-tn,urma,08,2026-09-25T13:00:00Z,291.52,2.41,3.96,0.0,2026-09-25T14:00:00Z,nodd,nodd
2026-09-25,memphis-tn,urma,09,2026-09-25T14:00:00Z,293.17,2.62,4.72,0.0,2026-09-25T15:00:00Z,nodd,nodd
2026-09-25,memphis-tn,urma,10,2026-09-25T15:00:00Z,295.4,3.13,4.86,0.0,2026-09-25T16:00:00Z,nodd,nodd
2026-09-25,memphis-tn,urma,11,2026-09-25T16:00:00Z,297.68,2.89,5.06,0.0,2026-09-25T17:00:00Z,nodd,nodd
2026-09-25,memphis-tn,urma,12,2026-09-25T17:00:00Z,298.94,2.48,5.71,0.0,2026-09-25T18:00:00Z,nodd,nodd
2026-09-25,memphis-tn,urma,13,2026-09-25T18:00:00Z,299.93,3.08,6.45,0.0,2026-09-25T19:00:00Z,nodd,nodd
2026-09-25,memphis-tn,urma,14,2026-09-25T19:00:00Z,301.13,2.86,4.4,0.0,2026-09-25T20:00:00Z,nodd,nodd
2026-09-25,memphis-tn,urma,15,2026-09-25T20:00:00Z,301.68,3.09,6.0,0.0,2026-09-25T21:00:00Z,nodd,nodd
2026-09-25,memphis-tn,urma,16,2026-09-25T21:00:00Z,301.67,3.59,5.47,0.0,2026-09-25T22:00:00Z,nodd,nodd
2026-09-25,memphis-tn,urma,17,2026-09-25T22:00:00Z,300.87,4.68,9.0,0.0,2026-09-25T23:00:00Z,nodd,nodd
2026-09-25,memphis-tn,urma,18,2026-09-25T23:00:00Z,300.08,2.91,5.96,0.0,2026-09-26T00:00:00Z,nodd,nodd
2026-09-25,memphis-tn,urma,19,2026-09-26T00:00:00Z,298.17,2.1,5.34,0.0,2026-09-26T01:00:00Z,nodd,nodd
2026-09-25,memphis-tn,urma,20,2026-09-26T01:00:00Z,297.6,1.97,5.34,0.0,2026-09-26T02:00:00Z,nodd,nodd
2026-09-25,memphis-tn,urma,21,2026-09-26T02:00:00Z,296.15,2.77,4.99,0.0,2026-09-26T03:00:00Z,nodd,nodd
2026-09-25,memphis-tn,urma,22,2026-09-26T03:00:00Z,295.24,2.23,5.7,0.0,2026-09-26T04:00:00Z,nodd,nodd
2026-09-25,memphis-tn,urma,23,2026-09-26T04:00:00Z,294.06,2.61,4.93,0.0,2026-09-26T05:00:00Z,nodd,nodd
2026-09-25,salt-lake-city-ut,rtma,00,2026-09-25T06:00:00Z,289.13,1.93,4.47,0.0,2026-09-25T07:00:00Z,nodd,nodd
2026-09-25,salt-lake-city-ut,rtma,01,2026-09-25T07:00:00Z,289.63,2.07,5.41,0.0,2026-09-25T08:00:00Z,nodd,nodd
2026-09-25,salt-lake-city-ut,rtma,02,2026-09-25T08:00:00Z,289.26,1.66,4.88,0.0,2026-09-25T09:00:00Z,nodd,nodd
2026-09-25,salt-lake-city-ut,rtma,03,2026-09-25T09:00:00Z,289.15,2.49,5.61,0.0,2026-09-25T10:00:00Z,nodd,nodd
2026-09-25,salt-lake-city-ut,rtma,04,2026-09-25T10:00:00Z,288.63,2.56,5.96,0.0,2026-09-25T11:00:00Z,nodd,nodd
2026-09-25,salt-lake-city-ut,rtma,05,2026-09-25T11:00:00Z,287.89,1.42,3.32,0.0,2026-09-25T12:00:00Z,nodd,nodd
2026-09-25,salt-lake-city-ut,rtma,06,2026-09-25T12:00:00Z,287.37,2.17,3.42,0.0,2026-09-25T13:00:00Z,nodd,nodd
2026-09-25,salt-lake-city-ut,rtma,07,2026-09-25T13:00:00Z,286.77,1.83,2.99,0.0,2026-09-25T14:00:00Z,nodd,nodd
2026-09-25,salt-lake-city-ut,rtma,08,2026-09-25T14:00:00Z,287.07,1.61,2.41,0.0,2026-09-25T15:00:00Z,nodd,nodd
2026-09-25,salt-lake-city-ut,rtma,09,2026-09-25T15:00:00Z,291.02,1.87,1.87,0.0,2026-09-25T16:00:00Z,nodd,nodd
2026-09-25,salt-lake-city-ut,rtma,10,2026-09-25T16:00:00Z,293.38,0.71,0.97,0.0,2026-09-25T17:00:00Z,nodd,nodd
2026-09-25,salt-lake-city-ut,rtma,11,2026-09-25T17:00:00Z,295.97,0.75,3.78,0.0,2026-09-25T18:00:00Z,nodd,nodd
2026-09-25,salt-lake-city-ut,rtma,12,2026-09-25T18:00:00Z,298.59,2.74,6.71,0.0,2026-09-25T19:00:00Z,nodd,nodd
2026-09-25,salt-lake-city-ut,rtma,13,2026-09-25T19:00:00Z,300.27,3.49,7.59,0.0,2026-09-25T20:00:00Z,nodd,nodd
2026-09-25,salt-lake-city-ut,rtma,14,2026-09-25T20:00:00Z,301.3,3.72,6.68,0.0,2026-09-25T21:00:00Z,nodd,nodd
2026-09-25,salt-lake-city-ut,rtma,15,2026-09-25T21:00:00Z,301.62,2.01,6.26,0.0,2026-09-25T22:00:00Z,nodd,nodd
2026-09-25,salt-lake-city-ut,rtma,16,2026-09-25T22:00:00Z,301.73,1.1,5.15,0.0,2026-09-25T23:00:00Z,nodd,nodd
2026-09-25,salt-lake-city-ut,rtma,17,2026-09-25T23:00:00Z,301.29,2.33,4.92,0.0,2026-09-26T00:00:00Z,nodd,nodd
2026-09-25,salt-lake-city-ut,rtma,18,2026-09-26T00:00:00Z,301.53,2.16,3.96,0.0,2026-09-26T01:00:00Z,nodd,nodd
2026-09-25,salt-lake-city-ut,rtma,19,2026-09-26T01:00:00Z,299.74,1.75,3.04,0.0,2026-09-26T02:00:00Z,nodd,nodd
2026-09-25,salt-lake-city-ut,rtma,20,2026-09-26T02:00:00Z,296.38,2.29,3.81,0.0,2026-09-26T03:00:00Z,nodd,nodd
2026-09-25,salt-lake-city-ut,rtma,21,2026-09-26T03:00:00Z,294.69,2.11,4.4,0.0,2026-09-26T04:00:00Z,nodd,nodd
2026-09-25,salt-lake-city-ut,rtma,22,2026-09-26T04:00:00Z,293.86,1.7,3.75,0.0,2026-09-26T05:00:00Z,nodd,nodd
2026-09-25,salt-lake-city-ut,rtma,23,2026-09-26T05:00:00Z,293.9,1.72,2.65,0.0,2026-09-26T06:00:00Z,nodd,nodd
2026-09-25,salt-lake-city-ut,urma,00,2026-09-25T06:00:00Z,289.52,1.76,4.07,0.0,2026-09-25T07:00:00Z,nodd,nodd
2026-09-25,salt-lake-city-ut,urma,01,2026-09-25T07:00:00Z,290.24,1.98,4.83,0.0,2026-09-25T08:00:00Z,nodd,nodd
2026-09-25,salt-lake-city-ut,urma,02,2026-09-25T08:00:00Z,289.56,1.65,4.53,0.0,2026-09-25T09:00:00Z,nodd,nodd
2026-09-25,salt-lake-city-ut,urma,03,2026-09-25T09:00:00Z,289.76,2.62,5.27,0.0,2026-09-25T10:00:00Z,nodd,nodd
2026-09-25,salt-lake-city-ut,urma,04,2026-09-25T10:00:00Z,289.11,2.41,5.61,0.0,2026-09-25T11:00:00Z,nodd,nodd
2026-09-25,salt-lake-city-ut,urma,05,2026-09-25T11:00:00Z,288.25,1.54,3.1,0.0,2026-09-25T12:00:00Z,nodd,nodd
2026-09-25,salt-lake-city-ut,urma,06,2026-09-25T12:00:00Z,287.67,1.96,3.17,0.0,2026-09-25T13:00:00Z,nodd,nodd
2026-09-25,salt-lake-city-ut,urma,07,2026-09-25T13:00:00Z,287.33,1.81,2.99,0.0,2026-09-25T14:00:00Z,nodd,nodd
2026-09-25,salt-lake-city-ut,urma,08,2026-09-25T14:00:00Z,287.35,1.59,3.03,0.0,2026-09-25T15:00:00Z,nodd,nodd
2026-09-25,salt-lake-city-ut,urma,09,2026-09-25T15:00:00Z,291.18,1.84,2.28,0.0,2026-09-25T16:00:00Z,nodd,nodd
2026-09-25,salt-lake-city-ut,urma,10,2026-09-25T16:00:00Z,293.13,0.41,0.77,0.0,2026-09-25T17:00:00Z,nodd,nodd
2026-09-25,salt-lake-city-ut,urma,11,2026-09-25T17:00:00Z,295.73,0.45,4.13,0.0,2026-09-25T18:00:00Z,nodd,nodd
2026-09-25,salt-lake-city-ut,urma,12,2026-09-25T18:00:00Z,298.39,2.38,6.45,0.0,2026-09-25T19:00:00Z,nodd,nodd
2026-09-25,salt-lake-city-ut,urma,13,2026-09-25T19:00:00Z,300.08,3.23,7.46,0.0,2026-09-25T20:00:00Z,nodd,nodd
2026-09-25,salt-lake-city-ut,urma,14,2026-09-25T20:00:00Z,301.13,3.52,6.71,0.0,2026-09-25T21:00:00Z,nodd,nodd
2026-09-25,salt-lake-city-ut,urma,15,2026-09-25T21:00:00Z,301.48,2.13,6.08,0.0,2026-09-25T22:00:00Z,nodd,nodd
2026-09-25,salt-lake-city-ut,urma,16,2026-09-25T22:00:00Z,301.59,1.25,4.77,0.0,2026-09-25T23:00:00Z,nodd,nodd
2026-09-25,salt-lake-city-ut,urma,17,2026-09-25T23:00:00Z,301.43,2.42,5.41,0.0,2026-09-26T00:00:00Z,nodd,nodd
2026-09-25,salt-lake-city-ut,urma,18,2026-09-26T00:00:00Z,301.53,1.98,3.72,0.0,2026-09-26T01:00:00Z,nodd,nodd
2026-09-25,salt-lake-city-ut,urma,19,2026-09-26T01:00:00Z,299.62,1.7,2.81,0.0,2026-09-26T02:00:00Z,nodd,nodd
2026-09-25,salt-lake-city-ut,urma,20,2026-09-26T02:00:00Z,296.69,2.27,3.55,0.0,2026-09-26T03:00:00Z,nodd,nodd
2026-09-25,salt-lake-city-ut,urma,21,2026-09-26T03:00:00Z,295.2,2.15,4.05,0.0,2026-09-26T04:00:00Z,nodd,nodd
2026-09-25,salt-lake-city-ut,urma,22,2026-09-26T04:00:00Z,294.28,1.57,3.0,0.0,2026-09-26T05:00:00Z,nodd,nodd
2026-09-25,salt-lake-city-ut,urma,23,2026-09-26T05:00:00Z,293.99,1.58,2.2,0.0,2026-09-26T06:00:00Z,nodd,nodd
2026-09-25,birmingham-al,rtma,00,2026-09-25T05:00:00Z,292.15,0.0,1.43,0.0,2026-09-25T06:00:00Z,nodd,nodd
2026-09-25,birmingham-al,rtma,01,2026-09-25T06:00:00Z,291.9,0.24,2.32,0.0,2026-09-25T07:00:00Z,nodd,nodd
2026-09-25,birmingham-al,rtma,02,2026-09-25T07:00:00Z,292.02,0.98,2.11,0.0,2026-09-25T08:00:00Z,nodd,nodd
2026-09-25,birmingham-al,rtma,03,2026-09-25T08:00:00Z,291.74,1.27,1.47,0.0,2026-09-25T09:00:00Z,nodd,nodd
2026-09-25,birmingham-al,rtma,04,2026-09-25T09:00:00Z,291.4,1.43,1.71,0.0,2026-09-25T10:00:00Z,nodd,nodd
2026-09-25,birmingham-al,rtma,05,2026-09-25T10:00:00Z,290.81,1.56,2.29,0.0,2026-09-25T11:00:00Z,nodd,nodd
2026-09-25,birmingham-al,rtma,06,2026-09-25T11:00:00Z,289.87,1.6,3.03,0.0,2026-09-25T12:00:00Z,nodd,nodd
2026-09-25,birmingham-al,rtma,07,2026-09-25T12:00:00Z,289.84,2.06,2.8,0.0,2026-09-25T13:00:00Z,nodd,nodd
2026-09-25,birmingham-al,rtma,08,2026-09-25T13:00:00Z,290.44,1.77,3.72,0.0,2026-09-25T14:00:00Z,nodd,nodd
2026-09-25,birmingham-al,rtma,09,2026-09-25T14:00:00Z,291.71,0.89,3.73,0.0,2026-09-25T15:00:00Z,nodd,nodd
2026-09-25,birmingham-al,rtma,10,2026-09-25T15:00:00Z,293.36,2.42,2.48,0.0,2026-09-25T16:00:00Z,nodd,nodd
2026-09-25,birmingham-al,rtma,11,2026-09-25T16:00:00Z,295.36,0.27,2.16,0.0,2026-09-25T17:00:00Z,nodd,nodd
2026-09-25,birmingham-al,rtma,12,2026-09-25T17:00:00Z,296.27,2.81,3.65,0.0,2026-09-25T18:00:00Z,nodd,nodd
2026-09-25,birmingham-al,rtma,13,2026-09-25T18:00:00Z,296.96,0.48,4.71,0.0,2026-09-25T19:00:00Z,nodd,nodd
2026-09-25,birmingham-al,rtma,14,2026-09-25T19:00:00Z,297.75,2.6,5.01,0.0,2026-09-25T20:00:00Z,nodd,nodd
2026-09-25,birmingham-al,rtma,15,2026-09-25T20:00:00Z,298.49,1.66,4.54,0.0,2026-09-25T21:00:00Z,nodd,nodd
2026-09-25,birmingham-al,rtma,16,2026-09-25T21:00:00Z,298.83,1.45,4.58,0.0,2026-09-25T22:00:00Z,nodd,nodd
2026-09-25,birmingham-al,rtma,17,2026-09-25T22:00:00Z,299.02,2.05,4.87,0.0,2026-09-25T23:00:00Z,nodd,nodd
2026-09-25,birmingham-al,rtma,18,2026-09-25T23:00:00Z,297.48,0.65,4.51,0.0,2026-09-26T00:00:00Z,nodd,nodd
2026-09-25,birmingham-al,rtma,19,2026-09-26T00:00:00Z,295.88,0.57,2.22,0.0,2026-09-26T01:00:00Z,nodd,nodd
2026-09-25,birmingham-al,rtma,20,2026-09-26T01:00:00Z,294.1,0.52,1.79,0.0,2026-09-26T02:00:00Z,nodd,nodd
2026-09-25,birmingham-al,rtma,21,2026-09-26T02:00:00Z,293.51,0.27,2.18,0.0,2026-09-26T03:00:00Z,nodd,nodd
2026-09-25,birmingham-al,rtma,22,2026-09-26T03:00:00Z,292.73,0.0,0.93,0.0,2026-09-26T04:00:00Z,nodd,nodd
2026-09-25,birmingham-al,rtma,23,2026-09-26T04:00:00Z,292.06,0.0,0.38,0.0,2026-09-26T05:00:00Z,nodd,nodd
2026-09-25,birmingham-al,urma,00,2026-09-25T05:00:00Z,292.17,0.0,1.42,0.0,2026-09-25T06:00:00Z,nodd,nodd
2026-09-25,birmingham-al,urma,01,2026-09-25T06:00:00Z,291.88,0.2,2.29,0.0,2026-09-25T07:00:00Z,nodd,nodd
2026-09-25,birmingham-al,urma,02,2026-09-25T07:00:00Z,292.29,0.99,2.09,0.0,2026-09-25T08:00:00Z,nodd,nodd
2026-09-25,birmingham-al,urma,03,2026-09-25T08:00:00Z,291.69,1.24,1.46,0.0,2026-09-25T09:00:00Z,nodd,nodd
2026-09-25,birmingham-al,urma,04,2026-09-25T09:00:00Z,291.43,1.58,1.65,0.0,2026-09-25T10:00:00Z,nodd,nodd
2026-09-25,birmingham-al,urma,05,2026-09-25T10:00:00Z,290.81,1.61,2.29,0.0,2026-09-25T11:00:00Z,nodd,nodd
2026-09-25,birmingham-al,urma,06,2026-09-25T11:00:00Z,289.89,1.72,2.96,0.0,2026-09-25T12:00:00Z,nodd,nodd
2026-09-25,birmingham-al,urma,07,2026-09-25T12:00:00Z,289.88,2.23,2.77,0.0,2026-09-25T13:00:00Z,nodd,nodd
2026-09-25,birmingham-al,urma,08,2026-09-25T13:00:00Z,290.51,2.02,3.69,0.0,2026-09-25T14:00:00Z,nodd,nodd
2026-09-25,birmingham-al,urma,09,2026-09-25T14:00:00Z,291.61,0.65,3.64,0.0,2026-09-25T15:00:00Z,nodd,nodd
2026-09-25,birmingham-al,urma,10,2026-09-25T15:00:00Z,293.42,2.55,2.55,0.0,2026-09-25T16:00:00Z,nodd,nodd
2026-09-25,birmingham-al,urma,11,2026-09-25T16:00:00Z,295.39,0.16,2.21,0.0,2026-09-25T17:00:00Z,nodd,nodd
2026-09-25,birmingham-al,urma,12,2026-09-25T17:00:00Z,296.28,2.93,3.69,0.0,2026-09-25T18:00:00Z,nodd,nodd
2026-09-25,birmingham-al,urma,13,2026-09-25T18:00:00Z,296.91,0.39,4.71,0.0,2026-09-25T19:00:00Z,nodd,nodd
2026-09-25,birmingham-al,urma,14,2026-09-25T19:00:00Z,298.13,2.77,5.01,0.0,2026-09-25T20:00:00Z,nodd,nodd
2026-09-25,birmingham-al,urma,15,2026-09-25T20:00:00Z,298.56,1.62,4.58,0.0,2026-09-25T21:00:00Z,nodd,nodd
2026-09-25,birmingham-al,urma,16,2026-09-25T21:00:00Z,298.89,1.64,4.58,0.0,2026-09-25T22:00:00Z,nodd,nodd
2026-09-25,birmingham-al,urma,17,2026-09-25T22:00:00Z,299.01,2.26,4.72,0.0,2026-09-25T23:00:00Z,nodd,nodd
2026-09-25,birmingham-al,urma,18,2026-09-25T23:00:00Z,297.45,0.64,4.41,0.0,2026-09-26T00:00:00Z,nodd,nodd
2026-09-25,birmingham-al,urma,19,2026-09-26T00:00:00Z,295.69,0.69,2.23,0.0,2026-09-26T01:00:00Z,nodd,nodd
2026-09-25,birmingham-al,urma,20,2026-09-26T01:00:00Z,294.54,0.33,1.77,0.0,2026-09-26T02:00:00Z,nodd,nodd
2026-09-25,birmingham-al,urma,21,2026-09-26T02:00:00Z,293.54,0.16,2.21,0.0,2026-09-26T03:00:00Z,nodd,nodd
2026-09-25,birmingham-al,urma,22,2026-09-26T03:00:00Z,292.77,0.0,0.95,0.0,2026-09-26T04:00:00Z,nodd,nodd
2026-09-25,birmingham-al,urma,23,2026-09-26T04:00:00Z,292.09,0.0,0.37,0.0,2026-09-26T05:00:00Z,nodd,nodd
2026-09-25,fresno-ca,rtma,00,2026-09-25T07:00:00Z,298.37,3.15,4.96,0.0,2026-09-25T08:00:00Z,nodd,nodd
2026-09-25,fresno-ca,rtma,01,2026-09-25T08:00:00Z,297.07,2.96,4.76,0.0,2026-09-25T09:00:00Z,nodd,nodd
2026-09-25,fresno-ca,rtma,02,2026-09-25T09:00:00Z,295.99,3.23,6.4,0.0,2026-09-25T10:00:00Z,nodd,nodd
2026-09-25,fresno-ca,rtma,03,2026-09-25T10:00:00Z,295.61,3.55,5.09,0.0,2026-09-25T11:00:00Z,nodd,nodd
2026-09-25,fresno-ca,rtma,04,2026-09-25T11:00:00Z,294.5,2.81,4.87,0.0,2026-09-25T12:00:00Z,nodd,nodd
2026-09-25,fresno-ca,rtma,05,2026-09-25T12:00:00Z,293.54,3.35,4.41,0.0,2026-09-25T13:00:00Z,nodd,nodd
2026-09-25,fresno-ca,rtma,06,2026-09-25T13:00:00Z,292.46,2.79,5.96,0.0,2026-09-25T14:00:00Z,nodd,nodd
2026-09-25,fresno-ca,rtma,07,2026-09-25T14:00:00Z,291.99,2.45,3.75,0.0,2026-09-25T15:00:00Z,nodd,nodd
2026-09-25,fresno-ca,rtma,08,2026-09-25T15:00:00Z,292.12,2.9,6.17,0.0,2026-09-25T16:00:00Z,nodd,nodd
2026-09-25,fresno-ca,rtma,09,2026-09-25T16:00:00Z,294.08,3.23,6.48,0.0,2026-09-25T17:00:00Z,nodd,nodd
2026-09-25,fresno-ca,rtma,10,2026-09-25T17:00:00Z,297.17,4.01,7.63,0.0,2026-09-25T18:00:00Z,nodd,nodd
2026-09-25,fresno-ca,rtma,11,2026-09-25T18:00:00Z,299.9,3.69,7.13,0.0,2026-09-25T19:00:00Z,nodd,nodd
2026-09-25,fresno-ca,rtma,12,2026-09-25T19:00:00Z,301.52,3.2,6.88,0.0,2026-09-25T20:00:00Z,nodd,nodd
2026-09-25,fresno-ca,rtma,13,2026-09-25T20:00:00Z,302.82,3.0,6.15,0.0,2026-09-25T21:00:00Z,nodd,nodd
2026-09-25,fresno-ca,rtma,14,2026-09-25T21:00:00Z,304.44,2.34,5.28,0.0,2026-09-25T22:00:00Z,nodd,nodd
2026-09-25,fresno-ca,rtma,15,2026-09-25T22:00:00Z,305.28,2.97,5.49,0.0,2026-09-25T23:00:00Z,nodd,nodd
2026-09-25,fresno-ca,rtma,16,2026-09-25T23:00:00Z,305.77,3.36,6.46,0.0,2026-09-26T00:00:00Z,nodd,nodd
2026-09-25,fresno-ca,rtma,17,2026-09-26T00:00:00Z,305.95,3.37,5.39,0.0,2026-09-26T01:00:00Z,nodd,nodd
2026-09-25,fresno-ca,rtma,18,2026-09-26T01:00:00Z,305.16,2.8,4.63,0.0,2026-09-26T02:00:00Z,nodd,nodd
2026-09-25,fresno-ca,rtma,19,2026-09-26T02:00:00Z,303.33,2.61,2.76,0.0,2026-09-26T03:00:00Z,nodd,nodd
2026-09-25,fresno-ca,rtma,20,2026-09-26T03:00:00Z,301.35,2.51,4.42,0.0,2026-09-26T04:00:00Z,nodd,nodd
2026-09-25,fresno-ca,rtma,21,2026-09-26T04:00:00Z,300.11,2.85,3.79,0.0,2026-09-26T05:00:00Z,nodd,nodd
2026-09-25,fresno-ca,rtma,22,2026-09-26T05:00:00Z,298.85,3.08,4.73,0.0,2026-09-26T06:00:00Z,nodd,nodd
2026-09-25,fresno-ca,rtma,23,2026-09-26T06:00:00Z,297.33,2.58,4.05,0.0,2026-09-26T07:00:00Z,nodd,nodd
2026-09-25,fresno-ca,urma,00,2026-09-25T07:00:00Z,298.86,2.88,5.13,0.0,2026-09-25T08:00:00Z,nodd,nodd
2026-09-25,fresno-ca,urma,01,2026-09-25T08:00:00Z,297.32,2.71,4.8,0.0,2026-09-25T09:00:00Z,nodd,nodd
2026-09-25,fresno-ca,urma,02,2026-09-25T09:00:00Z,296.11,2.96,6.52,0.0,2026-09-25T10:00:00Z,nodd,nodd
2026-09-25,fresno-ca,urma,03,2026-09-25T10:00:00Z,295.72,3.2,5.21,0.0,2026-09-25T11:00:00Z,nodd,nodd
2026-09-25,fresno-ca,urma,04,2026-09-25T11:00:00Z,294.85,2.61,4.93,0.0,2026-09-25T12:00:00Z,nodd,nodd
2026-09-25,fresno-ca,urma,05,2026-09-25T12:00:00Z,293.68,2.96,4.56,0.0,2026-09-25T13:00:00Z,nodd,nodd
2026-09-25,fresno-ca,urma,06,2026-09-25T13:00:00Z,293.08,2.71,5.97,0.0,2026-09-25T14:00:00Z,nodd,nodd
2026-09-25,fresno-ca,urma,07,2026-09-25T14:00:00Z,292.08,2.4,3.76,0.0,2026-09-25T15:00:00Z,nodd,nodd
2026-09-25,fresno-ca,urma,08,2026-09-25T15:00:00Z,292.22,2.77,6.3,0.0,2026-09-25T16:00:00Z,nodd,nodd
2026-09-25,fresno-ca,urma,09,2026-09-25T16:00:00Z,293.94,2.87,6.51,0.0,2026-09-25T17:00:00Z,nodd,nodd
2026-09-25,fresno-ca,urma,10,2026-09-25T17:00:00Z,296.91,3.7,7.61,0.0,2026-09-25T18:00:00Z,nodd,nodd
2026-09-25,fresno-ca,urma,11,2026-09-25T18:00:00Z,299.52,3.36,7.09,0.0,2026-09-25T19:00:00Z,nodd,nodd
2026-09-25,fresno-ca,urma,12,2026-09-25T19:00:00Z,301.13,3.03,6.7,0.0,2026-09-25T20:00:00Z,nodd,nodd
2026-09-25,fresno-ca,urma,13,2026-09-25T20:00:00Z,302.65,2.62,6.09,0.0,2026-09-25T21:00:00Z,nodd,nodd
2026-09-25,fresno-ca,urma,14,2026-09-25T21:00:00Z,304.27,2.22,5.18,0.0,2026-09-25T22:00:00Z,nodd,nodd
2026-09-25,fresno-ca,urma,15,2026-09-25T22:00:00Z,305.17,2.64,5.41,0.0,2026-09-25T23:00:00Z,nodd,nodd
2026-09-25,fresno-ca,urma,16,2026-09-25T23:00:00Z,305.71,3.01,6.42,0.0,2026-09-26T00:00:00Z,nodd,nodd
2026-09-25,fresno-ca,urma,17,2026-09-26T00:00:00Z,305.94,3.09,5.39,0.0,2026-09-26T01:00:00Z,nodd,nodd
2026-09-25,fresno-ca,urma,18,2026-09-26T01:00:00Z,305.32,2.79,4.61,0.0,2026-09-26T02:00:00Z,nodd,nodd
2026-09-25,fresno-ca,urma,19,2026-09-26T02:00:00Z,303.33,2.58,2.74,0.0,2026-09-26T03:00:00Z,nodd,nodd
2026-09-25,fresno-ca,urma,20,2026-09-26T03:00:00Z,301.38,2.68,4.38,0.0,2026-09-26T04:00:00Z,nodd,nodd
2026-09-25,fresno-ca,urma,21,2026-09-26T04:00:00Z,300.13,2.83,3.83,0.0,2026-09-26T05:00:00Z,nodd,nodd
2026-09-25,fresno-ca,urma,22,2026-09-26T05:00:00Z,298.91,3.06,4.77,0.0,2026-09-26T06:00:00Z,nodd,nodd
2026-09-25,fresno-ca,urma,23,2026-09-26T06:00:00Z,297.39,2.51,4.07,0.0,2026-09-26T07:00:00Z,nodd,nodd
2026-09-25,grand-rapids-mi,rtma,00,2026-09-25T04:00:00Z,286.21,1.06,3.57,0.0,2026-09-25T05:00:00Z,nodd,nodd
2026-09-25,grand-rapids-mi,rtma,01,2026-09-25T05:00:00Z,285.64,2.25,4.18,0.0,2026-09-25T06:00:00Z,nodd,nodd
2026-09-25,grand-rapids-mi,rtma,02,2026-09-25T06:00:00Z,284.86,0.65,1.81,0.0,2026-09-25T07:00:00Z,nodd,nodd
2026-09-25,grand-rapids-mi,rtma,03,2026-09-25T07:00:00Z,283.99,2.13,2.59,0.0,2026-09-25T08:00:00Z,nodd,nodd
2026-09-25,grand-rapids-mi,rtma,04,2026-09-25T08:00:00Z,283.67,0.07,2.37,0.0,2026-09-25T09:00:00Z,nodd,nodd
2026-09-25,grand-rapids-mi,rtma,05,2026-09-25T09:00:00Z,283.21,1.34,2.66,0.0,2026-09-25T10:00:00Z,nodd,nodd
2026-09-25,grand-rapids-mi,rtma,06,2026-09-25T10:00:00Z,282.81,0.99,2.31,0.0,2026-09-25T11:00:00Z,nodd,nodd
2026-09-25,grand-rapids-mi,rtma,07,2026-09-25T11:00:00Z,283.0,0.7,2.45,0.0,2026-09-25T12:00:00Z,nodd,nodd
2026-09-25,grand-rapids-mi,rtma,08,2026-09-25T12:00:00Z,283.03,1.86,3.01,0.0,2026-09-25T13:00:00Z,nodd,nodd
2026-09-25,grand-rapids-mi,rtma,09,2026-09-25T13:00:00Z,283.95,0.62,3.5,0.0,2026-09-25T14:00:00Z,nodd,nodd
2026-09-25,grand-rapids-mi,rtma,10,2026-09-25T14:00:00Z,285.96,1.52,4.32,0.0,2026-09-25T15:00:00Z,nodd,nodd
2026-09-25,grand-rapids-mi,rtma,11,2026-09-25T15:00:00Z,287.73,1.84,4.12,0.0,2026-09-25T16:00:00Z,nodd,nodd
2026-09-25,grand-rapids-mi,rtma,12,2026-09-25T16:00:00Z,289.33,1.6,4.64,0.0,2026-09-25T17:00:00Z,nodd,nodd
2026-09-25,grand-rapids-mi,rtma,13,2026-09-25T17:00:00Z,290.81,1.7,4.07,0.0,2026-09-25T18:00:00Z,nodd,nodd
2026-09-25,grand-rapids-mi,rtma,14,2026-09-25T18:00:00Z,291.59,2.29,4.57,0.0,2026-09-25T19:00:00Z,nodd,nodd
2026-09-25,grand-rapids-mi,rtma,15,2026-09-25T19:00:00Z,292.49,2.95,5.17,0.0,2026-09-25T20:00:00Z,nodd,nodd
2026-09-25,grand-rapids-mi,rtma,16,2026-09-25T20:00:00Z,293.18,1.82,3.87,0.0,2026-09-25T21:00:00Z,nodd,nodd
2026-09-25,grand-rapids-mi,rtma,17,2026-09-25T21:00:00Z,292.99,2.54,4.89,0.0,2026-09-25T22:00:00Z,nodd,nodd
2026-09-25,grand-rapids-mi,rtma,18,2026-09-25T22:00:00Z,292.48,2.26,4.0,0.0,2026-09-25T23:00:00Z,nodd,nodd
2026-09-25,grand-rapids-mi,rtma,19,2026-09-25T23:00:00Z,291.44,1.52,3.69,0.0,2026-09-26T00:00:00Z,nodd,nodd
2026-09-25,grand-rapids-mi,rtma,20,2026-09-26T00:00:00Z,289.29,0.76,1.25,0.0,2026-09-26T01:00:00Z,nodd,nodd
2026-09-25,grand-rapids-mi,rtma,21,2026-09-26T01:00:00Z,286.51,0.47,1.53,0.0,2026-09-26T02:00:00Z,nodd,nodd
2026-09-25,grand-rapids-mi,rtma,22,2026-09-26T02:00:00Z,285.01,0.67,1.91,0.0,2026-09-26T03:00:00Z,nodd,nodd
2026-09-25,grand-rapids-mi,rtma,23,2026-09-26T03:00:00Z,283.75,0.31,3.66,0.0,2026-09-26T04:00:00Z,nodd,nodd
2026-09-25,grand-rapids-mi,urma,00,2026-09-25T04:00:00Z,286.22,0.97,2.84,0.0,2026-09-25T05:00:00Z,nodd,nodd
2026-09-25,grand-rapids-mi,urma,01,2026-09-25T05:00:00Z,285.64,1.47,2.93,0.0,2026-09-25T06:00:00Z,nodd,nodd
2026-09-25,grand-rapids-mi,urma,02,2026-09-25T06:00:00Z,284.85,0.69,1.83,0.0,2026-09-25T07:00:00Z,nodd,nodd
2026-09-25,grand-rapids-mi,urma,03,2026-09-25T07:00:00Z,284.24,1.75,2.42,0.0,2026-09-25T08:00:00Z,nodd,nodd
2026-09-25,grand-rapids-mi,urma,04,2026-09-25T08:00:00Z,283.64,0.02,2.21,0.0,2026-09-25T09:00:00Z,nodd,nodd
2026-09-25,grand-rapids-mi,urma,05,2026-09-25T09:00:00Z,283.22,1.24,2.33,0.0,2026-09-25T10:00:00Z,nodd,nodd
2026-09-25,grand-rapids-mi,urma,06,2026-09-25T10:00:00Z,282.77,0.82,2.21,0.0,2026-09-25T11:00:00Z,nodd,nodd
2026-09-25,grand-rapids-mi,urma,07,2026-09-25T11:00:00Z,283.02,0.61,2.17,0.0,2026-09-25T12:00:00Z,nodd,nodd
2026-09-25,grand-rapids-mi,urma,08,2026-09-25T12:00:00Z,283.02,1.68,2.76,0.0,2026-09-25T13:00:00Z,nodd,nodd
2026-09-25,grand-rapids-mi,urma,09,2026-09-25T13:00:00Z,284.12,0.65,3.09,0.0,2026-09-25T14:00:00Z,nodd,nodd
2026-09-25,grand-rapids-mi,urma,10,2026-09-25T14:00:00Z,286.05,1.21,3.62,0.0,2026-09-25T15:00:00Z,nodd,nodd
2026-09-25,grand-rapids-mi,urma,11,2026-09-25T15:00:00Z,287.72,1.79,3.73,0.0,2026-09-25T16:00:00Z,nodd,nodd
2026-09-25,grand-rapids-mi,urma,12,2026-09-25T16:00:00Z,289.36,1.63,4.7,0.0,2026-09-25T17:00:00Z,nodd,nodd
2026-09-25,grand-rapids-mi,urma,13,2026-09-25T17:00:00Z,290.82,1.79,4.21,0.0,2026-09-25T18:00:00Z,nodd,nodd
2026-09-25,grand-rapids-mi,urma,14,2026-09-25T18:00:00Z,291.53,2.35,5.09,0.0,2026-09-25T19:00:00Z,nodd,nodd
2026-09-25,grand-rapids-mi,urma,15,2026-09-25T19:00:00Z,292.56,2.37,5.73,0.0,2026-09-25T20:00:00Z,nodd,nodd
2026-09-25,grand-rapids-mi,urma,16,2026-09-25T20:00:00Z,293.06,1.66,5.6,0.0,2026-09-25T21:00:00Z,nodd,nodd
2026-09-25,grand-rapids-mi,urma,17,2026-09-25T21:00:00Z,292.94,2.68,5.25,0.0,2026-09-25T22:00:00Z,nodd,nodd
2026-09-25,grand-rapids-mi,urma,18,2026-09-25T22:00:00Z,292.49,2.48,4.68,0.0,2026-09-25T23:00:00Z,nodd,nodd
2026-09-25,grand-rapids-mi,urma,19,2026-09-25T23:00:00Z,291.43,1.09,3.59,0.0,2026-09-26T00:00:00Z,nodd,nodd
2026-09-25,grand-rapids-mi,urma,20,2026-09-26T00:00:00Z,288.9,0.73,1.24,0.0,2026-09-26T01:00:00Z,nodd,nodd
2026-09-25,grand-rapids-mi,urma,21,2026-09-26T01:00:00Z,286.69,0.57,1.48,0.0,2026-09-26T02:00:00Z,nodd,nodd
2026-09-25,grand-rapids-mi,urma,22,2026-09-26T02:00:00Z,284.9,0.41,1.43,0.0,2026-09-26T03:00:00Z,nodd,nodd
2026-09-25,grand-rapids-mi,urma,23,2026-09-26T03:00:00Z,283.71,0.17,3.23,0.0,2026-09-26T04:00:00Z,nodd,nodd
2026-09-25,hartford-ct,rtma,00,2026-09-25T04:00:00Z,283.12,3.15,6.53,0.0,2026-09-25T05:00:00Z,nodd,nodd
2026-09-25,hartford-ct,rtma,01,2026-09-25T05:00:00Z,282.29,2.78,4.9,0.0,2026-09-25T06:00:00Z,nodd,nodd
2026-09-25,hartford-ct,rtma,02,2026-09-25T06:00:00Z,281.78,2.37,7.4,0.0,2026-09-25T07:00:00Z,nodd,nodd
2026-09-25,hartford-ct,rtma,03,2026-09-25T07:00:00Z,281.46,2.18,6.75,0.0,2026-09-25T08:00:00Z,nodd,nodd
2026-09-25,hartford-ct,rtma,04,2026-09-25T08:00:00Z,281.57,2.86,7.83,0.0,2026-09-25T09:00:00Z,nodd,nodd
2026-09-25,hartford-ct,rtma,05,2026-09-25T09:00:00Z,281.72,2.34,7.17,0.0,2026-09-25T10:00:00Z,nodd,nodd
2026-09-25,hartford-ct,rtma,06,2026-09-25T10:00:00Z,281.64,2.36,8.39,0.0,2026-09-25T11:00:00Z,nodd,nodd
2026-09-25,hartford-ct,rtma,07,2026-09-25T11:00:00Z,282.38,3.89,8.37,0.0,2026-09-25T12:00:00Z,nodd,nodd
2026-09-25,hartford-ct,rtma,08,2026-09-25T12:00:00Z,283.79,3.45,7.84,0.0,2026-09-25T13:00:00Z,nodd,nodd
2026-09-25,hartford-ct,rtma,09,2026-09-25T13:00:00Z,285.72,4.16,7.61,0.0,2026-09-25T14:00:00Z,nodd,nodd
2026-09-25,hartford-ct,rtma,10,2026-09-25T14:00:00Z,287.61,6.57,9.42,0.0,2026-09-25T15:00:00Z,nodd,nodd
2026-09-25,hartford-ct,rtma,11,2026-09-25T15:00:00Z,289.29,5.73,10.8,0.0,2026-09-25T16:00:00Z,nodd,nodd
2026-09-25,hartford-ct,rtma,12,2026-09-25T16:00:00Z,291.28,6.5,11.08,0.0,2026-09-25T17:00:00Z,nodd,nodd
2026-09-25,hartford-ct,rtma,13,2026-09-25T17:00:00Z,292.84,8.23,12.52,0.0,2026-09-25T18:00:00Z,nodd,nodd
2026-09-25,hartford-ct,rtma,14,2026-09-25T18:00:00Z,293.51,8.18,13.61,0.0,2026-09-25T19:00:00Z,nodd,nodd
2026-09-25,hartford-ct,rtma,15,2026-09-25T19:00:00Z,293.67,8.24,13.17,0.0,2026-09-25T20:00:00Z,nodd,nodd
2026-09-25,hartford-ct,rtma,16,2026-09-25T20:00:00Z,293.52,7.95,13.69,0.0,2026-09-25T21:00:00Z,nodd,nodd
2026-09-25,hartford-ct,rtma,17,2026-09-25T21:00:00Z,293.1,8.51,13.29,0.0,2026-09-25T22:00:00Z,nodd,nodd
2026-09-25,hartford-ct,rtma,18,2026-09-25T22:00:00Z,292.56,7.66,10.85,0.0,2026-09-25T23:00:00Z,nodd,nodd
2026-09-25,hartford-ct,rtma,19,2026-09-25T23:00:00Z,292.15,8.4,11.5,0.0,2026-09-26T00:00:00Z,nodd,nodd
2026-09-25,hartford-ct,rtma,20,2026-09-26T00:00:00Z,292.06,7.5,11.53,0.0,2026-09-26T01:00:00Z,nodd,nodd
2026-09-25,hartford-ct,rtma,21,2026-09-26T01:00:00Z,291.76,7.09,10.84,1.5,2026-09-26T02:00:00Z,nodd,nodd
2026-09-25,hartford-ct,rtma,22,2026-09-26T02:00:00Z,288.66,3.78,5.26,1.4375,2026-09-26T03:00:00Z,nodd,nodd
2026-09-25,hartford-ct,rtma,23,2026-09-26T03:00:00Z,287.31,5.51,9.91,0.5,2026-09-26T04:00:00Z,nodd,nodd
2026-09-25,hartford-ct,urma,00,2026-09-25T04:00:00Z,283.12,3.08,4.22,0.0,2026-09-25T05:00:00Z,nodd,nodd
2026-09-25,hartford-ct,urma,01,2026-09-25T05:00:00Z,282.32,2.85,4.18,0.0,2026-09-25T06:00:00Z,nodd,nodd
2026-09-25,hartford-ct,urma,02,2026-09-25T06:00:00Z,281.8,2.35,7.07,0.0,2026-09-25T07:00:00Z,nodd,nodd
2026-09-25,hartford-ct,urma,03,2026-09-25T07:00:00Z,281.63,2.13,6.74,0.0,2026-09-25T08:00:00Z,nodd,nodd
2026-09-25,hartford-ct,urma,04,2026-09-25T08:00:00Z,281.64,2.87,7.76,0.0,2026-09-25T09:00:00Z,nodd,nodd
2026-09-25,hartford-ct,urma,05,2026-09-25T09:00:00Z,281.71,2.23,7.46,0.0,2026-09-25T10:00:00Z,nodd,nodd
2026-09-25,hartford-ct,urma,06,2026-09-25T10:00:00Z,281.67,2.57,8.25,0.0,2026-09-25T11:00:00Z,nodd,nodd
2026-09-25,hartford-ct,urma,07,2026-09-25T11:00:00Z,282.48,3.82,8.27,0.0,2026-09-25T12:00:00Z,nodd,nodd
2026-09-25,hartford-ct,urma,08,2026-09-25T12:00:00Z,283.83,3.71,7.67,0.0,2026-09-25T13:00:00Z,nodd,nodd
2026-09-25,hartford-ct,urma,09,2026-09-25T13:00:00Z,285.75,4.2,7.58,0.0,2026-09-25T14:00:00Z,nodd,nodd
2026-09-25,hartford-ct,urma,10,2026-09-25T14:00:00Z,287.55,6.57,9.2,0.0,2026-09-25T15:00:00Z,nodd,nodd
2026-09-25,hartford-ct,urma,11,2026-09-25T15:00:00Z,289.28,5.87,10.93,0.0,2026-09-25T16:00:00Z,nodd,nodd
2026-09-25,hartford-ct,urma,12,2026-09-25T16:00:00Z,291.24,6.24,11.04,0.0,2026-09-25T17:00:00Z,nodd,nodd
2026-09-25,hartford-ct,urma,13,2026-09-25T17:00:00Z,292.75,8.41,12.74,0.0,2026-09-25T18:00:00Z,nodd,nodd
2026-09-25,hartford-ct,urma,14,2026-09-25T18:00:00Z,293.46,8.1,13.62,0.0,2026-09-25T19:00:00Z,nodd,nodd
2026-09-25,hartford-ct,urma,15,2026-09-25T19:00:00Z,293.6,8.17,13.15,0.0,2026-09-25T20:00:00Z,nodd,nodd
2026-09-25,hartford-ct,urma,16,2026-09-25T20:00:00Z,293.48,7.78,13.8,0.0,2026-09-25T21:00:00Z,nodd,nodd
2026-09-25,hartford-ct,urma,17,2026-09-25T21:00:00Z,293.11,8.47,13.43,0.0,2026-09-25T22:00:00Z,nodd,nodd
2026-09-25,hartford-ct,urma,18,2026-09-25T22:00:00Z,292.56,7.93,11.08,0.0,2026-09-25T23:00:00Z,nodd,nodd
2026-09-25,hartford-ct,urma,19,2026-09-25T23:00:00Z,292.17,8.32,13.23,0.0,2026-09-26T00:00:00Z,nodd,nodd
2026-09-25,hartford-ct,urma,20,2026-09-26T00:00:00Z,292.24,7.61,11.97,0.0,2026-09-26T01:00:00Z,nodd,nodd
2026-09-25,hartford-ct,urma,21,2026-09-26T01:00:00Z,291.69,6.93,10.7,0.796875,2026-09-26T02:00:00Z,nodd,nodd
2026-09-25,hartford-ct,urma,22,2026-09-26T02:00:00Z,288.68,3.9,5.5,0.59375,2026-09-26T03:00:00Z,nodd,nodd
2026-09-25,hartford-ct,urma,23,2026-09-26T03:00:00Z,287.29,5.64,9.85,0.0,2026-09-26T04:00:00Z,nodd,nodd
2026-09-25,omaha-ne,rtma,00,2026-09-25T05:00:00Z,289.47,2.31,6.24,0.75,2026-09-25T06:00:00Z,nodd,nodd
2026-09-25,omaha-ne,rtma,01,2026-09-25T06:00:00Z,289.09,2.69,6.66,2.28125,2026-09-25T07:00:00Z,nodd,nodd
2026-09-25,omaha-ne,rtma,02,2026-09-25T07:00:00Z,288.71,2.86,5.91,1.65625,2026-09-25T08:00:00Z,nodd,nodd
2026-09-25,omaha-ne,rtma,03,2026-09-25T08:00:00Z,288.46,2.52,5.55,0.390625,2026-09-25T09:00:00Z,nodd,nodd
2026-09-25,omaha-ne,rtma,04,2026-09-25T09:00:00Z,288.29,2.15,5.23,0.921875,2026-09-25T10:00:00Z,nodd,nodd
2026-09-25,omaha-ne,rtma,05,2026-09-25T10:00:00Z,288.31,2.14,5.25,2.0,2026-09-25T11:00:00Z,nodd,nodd
2026-09-25,omaha-ne,rtma,06,2026-09-25T11:00:00Z,288.16,3.47,8.31,2.8125,2026-09-25T12:00:00Z,nodd,nodd
2026-09-25,omaha-ne,rtma,07,2026-09-25T12:00:00Z,288.06,3.93,7.61,7.28125,2026-09-25T13:00:00Z,nodd,nodd
2026-09-25,omaha-ne,rtma,08,2026-09-25T13:00:00Z,287.91,3.98,7.69,10.5,2026-09-25T14:00:00Z,nodd,nodd
2026-09-25,omaha-ne,rtma,09,2026-09-25T14:00:00Z,288.2,4.07,7.1,0.453125,2026-09-25T15:00:00Z,nodd,nodd
2026-09-25,omaha-ne,rtma,10,2026-09-25T15:00:00Z,288.43,4.24,6.86,0.140625,2026-09-25T16:00:00Z,nodd,nodd
2026-09-25,omaha-ne,rtma,11,2026-09-25T16:00:00Z,288.28,4.13,6.25,0.0,2026-09-25T17:00:00Z,nodd,nodd
2026-09-25,omaha-ne,rtma,12,2026-09-25T17:00:00Z,288.78,4.15,8.96,0.0,2026-09-25T18:00:00Z,nodd,nodd
2026-09-25,omaha-ne,rtma,13,2026-09-25T18:00:00Z,289.49,4.67,7.16,0.0,2026-09-25T19:00:00Z,nodd,nodd
2026-09-25,omaha-ne,rtma,14,2026-09-25T19:00:00Z,290.1,4.37,8.25,0.0,2026-09-25T20:00:00Z,nodd,nodd
2026-09-25,omaha-ne,rtma,15,2026-09-25T20:00:00Z,290.33,3.91,8.15,0.0,2026-09-25T21:00:00Z,nodd,nodd
2026-09-25,omaha-ne,rtma,16,2026-09-25T21:00:00Z,290.37,3.51,8.3,0.359375,2026-09-25T22:00:00Z,nodd,nodd
2026-09-25,omaha-ne,rtma,17,2026-09-25T22:00:00Z,290.1,3.91,6.96,0.328125,2026-09-25T23:00:00Z,nodd,nodd
2026-09-25,omaha-ne,rtma,18,2026-09-25T23:00:00Z,289.71,3.65,6.85,0.03125,2026-09-26T00:00:00Z,nodd,nodd
2026-09-25,omaha-ne,rtma,19,2026-09-26T00:00:00Z,289.48,3.64,7.36,0.0,2026-09-26T01:00:00Z,nodd,nodd
2026-09-25,omaha-ne,rtma,20,2026-09-26T01:00:00Z,289.39,4.42,8.17,0.0,2026-09-26T02:00:00Z,nodd,nodd
2026-09-25,omaha-ne,rtma,21,2026-09-26T02:00:00Z,289.43,3.45,7.47,0.28125,2026-09-26T03:00:00Z,nodd,nodd
2026-09-25,omaha-ne,rtma,22,2026-09-26T03:00:00Z,289.61,3.11,6.38,0.0,2026-09-26T04:00:00Z,nodd,nodd
2026-09-25,omaha-ne,rtma,23,2026-09-26T04:00:00Z,289.64,2.68,6.12,0.109375,2026-09-26T05:00:00Z,nodd,nodd
2026-09-25,omaha-ne,urma,00,2026-09-25T05:00:00Z,289.44,2.28,5.6,0.796875,2026-09-25T06:00:00Z,nodd,nodd
2026-09-25,omaha-ne,urma,01,2026-09-25T06:00:00Z,289.08,2.69,6.54,2.796875,2026-09-25T07:00:00Z,nodd,nodd
2026-09-25,omaha-ne,urma,02,2026-09-25T07:00:00Z,288.62,2.84,5.84,2.03125,2026-09-25T08:00:00Z,nodd,nodd
2026-09-25,omaha-ne,urma,03,2026-09-25T08:00:00Z,288.44,2.57,5.07,0.4375,2026-09-25T09:00:00Z,nodd,nodd
2026-09-25,omaha-ne,urma,04,2026-09-25T09:00:00Z,288.32,2.3,4.63,0.71875,2026-09-25T10:00:00Z,nodd,nodd
2026-09-25,omaha-ne,urma,05,2026-09-25T10:00:00Z,288.32,2.49,4.77,1.65625,2026-09-25T11:00:00Z,nodd,nodd
2026-09-25,omaha-ne,urma,06,2026-09-25T11:00:00Z,288.16,3.23,6.26,2.609375,2026-09-25T12:00:00Z,nodd,nodd
2026-09-25,omaha-ne,urma,07,2026-09-25T12:00:00Z,288.07,3.91,6.86,9.609375,2026-09-25T13:00:00Z,nodd,nodd
2026-09-25,omaha-ne,urma,08,2026-09-25T13:00:00Z,287.83,3.73,7.55,11.296875,2026-09-25T14:00:00Z,nodd,nodd
2026-09-25,omaha-ne,urma,09,2026-09-25T14:00:00Z,288.21,4.07,7.01,0.5,2026-09-25T15:00:00Z,nodd,nodd
2026-09-25,omaha-ne,urma,10,2026-09-25T15:00:00Z,288.42,4.48,6.35,0.15625,2026-09-25T16:00:00Z,nodd,nodd
2026-09-25,omaha-ne,urma,11,2026-09-25T16:00:00Z,288.28,4.02,5.79,0.03125,2026-09-25T17:00:00Z,nodd,nodd
2026-09-25,omaha-ne,urma,12,2026-09-25T17:00:00Z,288.79,4.24,8.99,0.0,2026-09-25T18:00:00Z,nodd,nodd
2026-09-25,omaha-ne,urma,13,2026-09-25T18:00:00Z,289.5,4.6,7.29,0.0,2026-09-25T19:00:00Z,nodd,nodd
2026-09-25,omaha-ne,urma,14,2026-09-25T19:00:00Z,289.97,4.31,8.05,0.0,2026-09-25T20:00:00Z,nodd,nodd
2026-09-25,omaha-ne,urma,15,2026-09-25T20:00:00Z,290.32,4.03,7.79,0.0,2026-09-25T21:00:00Z,nodd,nodd
2026-09-25,omaha-ne,urma,16,2026-09-25T21:00:00Z,290.4,3.7,8.06,0.21875,2026-09-25T22:00:00Z,nodd,nodd
2026-09-25,omaha-ne,urma,17,2026-09-25T22:00:00Z,290.09,3.83,7.51,0.65625,2026-09-25T23:00:00Z,nodd,nodd
2026-09-25,omaha-ne,urma,18,2026-09-25T23:00:00Z,289.69,3.79,6.46,0.078125,2026-09-26T00:00:00Z,nodd,nodd
2026-09-25,omaha-ne,urma,19,2026-09-26T00:00:00Z,289.46,3.71,6.98,0.0,2026-09-26T01:00:00Z,nodd,nodd
2026-09-25,omaha-ne,urma,20,2026-09-26T01:00:00Z,289.39,4.48,7.53,0.0,2026-09-26T02:00:00Z,nodd,nodd
2026-09-25,omaha-ne,urma,21,2026-09-26T02:00:00Z,289.46,3.51,7.94,0.328125,2026-09-26T03:00:00Z,nodd,nodd
2026-09-25,omaha-ne,urma,22,2026-09-26T03:00:00Z,289.62,3.29,6.34,0.0,2026-09-26T04:00:00Z,nodd,nodd
2026-09-25,omaha-ne,urma,23,2026-09-26T04:00:00Z,289.63,2.79,5.96,0.125,2026-09-26T05:00:00Z,nodd,nodd
2026-09-25,new-orleans-la,rtma,00,2026-09-25T05:00:00Z,300.0,4.06,9.26,0.0,2026-09-25T06:00:00Z,nodd,nodd
2026-09-25,new-orleans-la,rtma,01,2026-09-25T06:00:00Z,299.27,4.3,8.67,0.0,2026-09-25T07:00:00Z,nodd,nodd
2026-09-25,new-orleans-la,rtma,02,2026-09-25T07:00:00Z,298.87,3.06,8.83,0.0,2026-09-25T08:00:00Z,nodd,nodd
2026-09-25,new-orleans-la,rtma,03,2026-09-25T08:00:00Z,299.07,3.42,8.68,0.0,2026-09-25T09:00:00Z,nodd,nodd
2026-09-25,new-orleans-la,rtma,04,2026-09-25T09:00:00Z,298.89,2.54,6.94,0.0,2026-09-25T10:00:00Z,nodd,nodd
2026-09-25,new-orleans-la,rtma,05,2026-09-25T10:00:00Z,298.5,2.97,6.53,0.0,2026-09-25T11:00:00Z,nodd,nodd
2026-09-25,new-orleans-la,rtma,06,2026-09-25T11:00:00Z,298.25,2.15,6.72,0.0,2026-09-25T12:00:00Z,nodd,nodd
2026-09-25,new-orleans-la,rtma,07,2026-09-25T12:00:00Z,297.76,3.07,6.73,0.0,2026-09-25T13:00:00Z,nodd,nodd
2026-09-25,new-orleans-la,rtma,08,2026-09-25T13:00:00Z,297.68,3.78,8.16,0.0,2026-09-25T14:00:00Z,nodd,nodd
2026-09-25,new-orleans-la,rtma,09,2026-09-25T14:00:00Z,298.65,3.68,8.04,0.0,2026-09-25T15:00:00Z,nodd,nodd
2026-09-25,new-orleans-la,rtma,10,2026-09-25T15:00:00Z,299.74,3.96,7.85,0.0,2026-09-25T16:00:00Z,nodd,nodd
2026-09-25,new-orleans-la,rtma,11,2026-09-25T16:00:00Z,300.85,4.72,7.15,0.0,2026-09-25T17:00:00Z,nodd,nodd
2026-09-25,new-orleans-la,rtma,12,2026-09-25T17:00:00Z,301.4,4.42,6.92,0.0,2026-09-25T18:00:00Z,nodd,nodd
2026-09-25,new-orleans-la,rtma,13,2026-09-25T18:00:00Z,301.78,3.94,6.14,0.0,2026-09-25T19:00:00Z,nodd,nodd
2026-09-25,new-orleans-la,rtma,14,2026-09-25T19:00:00Z,301.91,3.69,5.31,0.0,2026-09-25T20:00:00Z,nodd,nodd
2026-09-25,new-orleans-la,rtma,15,2026-09-25T20:00:00Z,302.21,3.86,5.82,0.0,2026-09-25T21:00:00Z,nodd,nodd
2026-09-25,new-orleans-la,rtma,16,2026-09-25T21:00:00Z,302.02,3.76,5.5,0.0,2026-09-25T22:00:00Z,nodd,nodd
2026-09-25,new-orleans-la,rtma,17,2026-09-25T22:00:00Z,301.64,3.12,5.34,0.0,2026-09-25T23:00:00Z,nodd,nodd
2026-09-25,new-orleans-la,rtma,18,2026-09-25T23:00:00Z,300.89,3.01,3.66,0.0,2026-09-26T00:00:00Z,nodd,nodd
2026-09-25,new-orleans-la,rtma,19,2026-09-26T00:00:00Z,299.62,2.19,3.24,0.0,2026-09-26T01:00:00Z,nodd,nodd
2026-09-25,new-orleans-la,rtma,20,2026-09-26T01:00:00Z,298.76,1.24,2.3,0.0,2026-09-26T02:00:00Z,nodd,nodd
2026-09-25,new-orleans-la,rtma,21,2026-09-26T02:00:00Z,298.18,2.22,3.51,0.0,2026-09-26T03:00:00Z,nodd,nodd
2026-09-25,new-orleans-la,rtma,22,2026-09-26T03:00:00Z,297.68,1.46,3.27,0.0,2026-09-26T04:00:00Z,nodd,nodd
2026-09-25,new-orleans-la,rtma,23,2026-09-26T04:00:00Z,297.36,1.33,3.41,0.0,2026-09-26T05:00:00Z,nodd,nodd
2026-09-25,new-orleans-la,urma,00,2026-09-25T05:00:00Z,300.03,4.15,9.51,0.0,2026-09-25T06:00:00Z,nodd,nodd
2026-09-25,new-orleans-la,urma,01,2026-09-25T06:00:00Z,299.3,4.33,8.41,0.0,2026-09-25T07:00:00Z,nodd,nodd
2026-09-25,new-orleans-la,urma,02,2026-09-25T07:00:00Z,299.03,3.16,9.32,0.03125,2026-09-25T08:00:00Z,nodd,nodd
2026-09-25,new-orleans-la,urma,03,2026-09-25T08:00:00Z,299.1,3.5,8.79,0.0,2026-09-25T09:00:00Z,nodd,nodd
2026-09-25,new-orleans-la,urma,04,2026-09-25T09:00:00Z,298.98,2.84,7.37,0.0,2026-09-25T10:00:00Z,nodd,nodd
2026-09-25,new-orleans-la,urma,05,2026-09-25T10:00:00Z,298.55,3.12,6.31,0.0,2026-09-25T11:00:00Z,nodd,nodd
2026-09-25,new-orleans-la,urma,06,2026-09-25T11:00:00Z,298.3,2.22,6.59,0.0,2026-09-25T12:00:00Z,nodd,nodd
2026-09-25,new-orleans-la,urma,07,2026-09-25T12:00:00Z,297.74,3.27,6.96,0.0,2026-09-25T13:00:00Z,nodd,nodd
2026-09-25,new-orleans-la,urma,08,2026-09-25T13:00:00Z,297.69,3.87,7.97,0.0,2026-09-25T14:00:00Z,nodd,nodd
2026-09-25,new-orleans-la,urma,09,2026-09-25T14:00:00Z,298.64,3.67,7.97,0.0,2026-09-25T15:00:00Z,nodd,nodd
2026-09-25,new-orleans-la,urma,10,2026-09-25T15:00:00Z,299.71,4.01,7.56,0.0,2026-09-25T16:00:00Z,nodd,nodd
2026-09-25,new-orleans-la,urma,11,2026-09-25T16:00:00Z,300.79,4.66,7.14,0.0,2026-09-25T17:00:00Z,nodd,nodd
2026-09-25,new-orleans-la,urma,12,2026-09-25T17:00:00Z,301.36,4.35,7.29,0.0,2026-09-25T18:00:00Z,nodd,nodd
2026-09-25,new-orleans-la,urma,13,2026-09-25T18:00:00Z,301.74,4.01,6.83,0.0,2026-09-25T19:00:00Z,nodd,nodd
2026-09-25,new-orleans-la,urma,14,2026-09-25T19:00:00Z,302.08,3.68,5.44,0.0,2026-09-25T20:00:00Z,nodd,nodd
2026-09-25,new-orleans-la,urma,15,2026-09-25T20:00:00Z,302.18,3.92,7.56,0.0,2026-09-25T21:00:00Z,nodd,nodd
2026-09-25,new-orleans-la,urma,16,2026-09-25T21:00:00Z,302.02,4.1,6.16,0.0,2026-09-25T22:00:00Z,nodd,nodd
2026-09-25,new-orleans-la,urma,17,2026-09-25T22:00:00Z,301.63,3.5,4.39,0.0,2026-09-25T23:00:00Z,nodd,nodd
2026-09-25,new-orleans-la,urma,18,2026-09-25T23:00:00Z,300.9,3.04,4.36,0.0,2026-09-26T00:00:00Z,nodd,nodd
2026-09-25,new-orleans-la,urma,19,2026-09-26T00:00:00Z,299.58,2.53,3.35,0.0,2026-09-26T01:00:00Z,nodd,nodd
2026-09-25,new-orleans-la,urma,20,2026-09-26T01:00:00Z,298.79,1.43,2.82,0.0,2026-09-26T02:00:00Z,nodd,nodd
2026-09-25,new-orleans-la,urma,21,2026-09-26T02:00:00Z,298.22,2.07,3.2,0.0,2026-09-26T03:00:00Z,nodd,nodd
2026-09-25,new-orleans-la,urma,22,2026-09-26T03:00:00Z,297.68,1.86,3.03,0.0,2026-09-26T04:00:00Z,nodd,nodd
2026-09-25,new-orleans-la,urma,23,2026-09-26T04:00:00Z,297.42,1.48,3.5,0.0,2026-09-26T05:00:00Z,nodd,nodd
2026-09-25,albuquerque-nm,rtma,00,2026-09-25T06:00:00Z,290.09,0.44,1.11,0.140625,2026-09-25T07:00:00Z,nodd,nodd
2026-09-25,albuquerque-nm,rtma,01,2026-09-25T07:00:00Z,290.2,3.8,3.8,0.0,2026-09-25T08:00:00Z,nodd,nodd
2026-09-25,albuquerque-nm,rtma,02,2026-09-25T08:00:00Z,290.48,1.06,2.04,0.0,2026-09-25T09:00:00Z,nodd,nodd
2026-09-25,albuquerque-nm,rtma,03,2026-09-25T09:00:00Z,289.74,1.29,8.37,0.0,2026-09-25T10:00:00Z,nodd,nodd
2026-09-25,albuquerque-nm,rtma,04,2026-09-25T10:00:00Z,290.08,2.23,6.57,0.0,2026-09-25T11:00:00Z,nodd,nodd
2026-09-25,albuquerque-nm,rtma,05,2026-09-25T11:00:00Z,289.45,2.68,4.81,0.0,2026-09-25T12:00:00Z,nodd,nodd
2026-09-25,albuquerque-nm,rtma,06,2026-09-25T12:00:00Z,289.02,0.0,4.31,0.0,2026-09-25T13:00:00Z,nodd,nodd
2026-09-25,albuquerque-nm,rtma,07,2026-09-25T13:00:00Z,288.04,0.91,2.34,0.0,2026-09-25T14:00:00Z,nodd,nodd
2026-09-25,albuquerque-nm,rtma,08,2026-09-25T14:00:00Z,287.34,0.92,2.91,0.0,2026-09-25T15:00:00Z,nodd,nodd
2026-09-25,albuquerque-nm,rtma,09,2026-09-25T15:00:00Z,290.84,0.8,3.52,0.0,2026-09-25T16:00:00Z,nodd,nodd
2026-09-25,albuquerque-nm,rtma,10,2026-09-25T16:00:00Z,293.24,0.0,1.37,0.0,2026-09-25T17:00:00Z,nodd,nodd
2026-09-25,albuquerque-nm,rtma,11,2026-09-25T17:00:00Z,295.76,0.84,4.3,0.0,2026-09-25T18:00:00Z,nodd,nodd
2026-09-25,albuquerque-nm,rtma,12,2026-09-25T18:00:00Z,296.71,0.67,5.27,0.0,2026-09-25T19:00:00Z,nodd,nodd
2026-09-25,albuquerque-nm,rtma,13,2026-09-25T19:00:00Z,298.06,3.48,6.03,0.0,2026-09-25T20:00:00Z,nodd,nodd
2026-09-25,albuquerque-nm,rtma,14,2026-09-25T20:00:00Z,298.44,3.15,5.19,0.0,2026-09-25T21:00:00Z,nodd,nodd
2026-09-25,albuquerque-nm,rtma,15,2026-09-25T21:00:00Z,295.69,6.23,6.23,0.0,2026-09-25T22:00:00Z,nodd,nodd
2026-09-25,albuquerque-nm,rtma,16,2026-09-25T22:00:00Z,293.66,2.91,5.67,0.28125,2026-09-25T23:00:00Z,nodd,nodd
2026-09-25,albuquerque-nm,rtma,17,2026-09-25T23:00:00Z,291.81,1.23,2.56,1.65625,2026-09-26T00:00:00Z,nodd,nodd
2026-09-25,albuquerque-nm,rtma,18,2026-09-26T00:00:00Z,290.87,1.17,3.39,0.0,2026-09-26T01:00:00Z,nodd,nodd
2026-09-25,albuquerque-nm,rtma,19,2026-09-26T01:00:00Z,290.45,1.75,3.4,0.0,2026-09-26T02:00:00Z,nodd,nodd
2026-09-25,albuquerque-nm,rtma,20,2026-09-26T02:00:00Z,290.16,1.15,1.71,0.0,2026-09-26T03:00:00Z,nodd,nodd
2026-09-25,albuquerque-nm,rtma,21,2026-09-26T03:00:00Z,290.31,0.68,2.63,0.015625,2026-09-26T04:00:00Z,nodd,nodd
2026-09-25,albuquerque-nm,rtma,22,2026-09-26T04:00:00Z,290.36,1.92,2.07,0.03125,2026-09-26T05:00:00Z,nodd,nodd
2026-09-25,albuquerque-nm,rtma,23,2026-09-26T05:00:00Z,289.78,1.74,1.74,0.0,2026-09-26T06:00:00Z,nodd,nodd
2026-09-25,albuquerque-nm,urma,00,2026-09-25T06:00:00Z,290.25,0.46,1.3,0.0,2026-09-25T07:00:00Z,nodd,nodd
2026-09-25,albuquerque-nm,urma,01,2026-09-25T07:00:00Z,290.56,2.8,2.8,0.0,2026-09-25T08:00:00Z,nodd,nodd
2026-09-25,albuquerque-nm,urma,02,2026-09-25T08:00:00Z,290.48,1.04,1.96,0.0,2026-09-25T09:00:00Z,nodd,nodd
2026-09-25,albuquerque-nm,urma,03,2026-09-25T09:00:00Z,289.98,1.43,8.36,0.0,2026-09-25T10:00:00Z,nodd,nodd
2026-09-25,albuquerque-nm,urma,04,2026-09-25T10:00:00Z,290.11,2.1,6.64,0.0,2026-09-25T11:00:00Z,nodd,nodd
2026-09-25,albuquerque-nm,urma,05,2026-09-25T11:00:00Z,289.53,2.94,4.83,0.0,2026-09-25T12:00:00Z,nodd,nodd
2026-09-25,albuquerque-nm,urma,06,2026-09-25T12:00:00Z,289.08,0.0,4.25,0.0,2026-09-25T13:00:00Z,nodd,nodd
2026-09-25,albuquerque-nm,urma,07,2026-09-25T13:00:00Z,287.81,0.87,2.44,0.0,2026-09-25T14:00:00Z,nodd,nodd
2026-09-25,albuquerque-nm,urma,08,2026-09-25T14:00:00Z,287.29,0.61,3.07,0.0,2026-09-25T15:00:00Z,nodd,nodd
2026-09-25,albuquerque-nm,urma,09,2026-09-25T15:00:00Z,290.99,0.81,3.65,0.0,2026-09-25T16:00:00Z,nodd,nodd
2026-09-25,albuquerque-nm,urma,10,2026-09-25T16:00:00Z,293.38,0.0,1.44,0.0,2026-09-25T17:00:00Z,nodd,nodd
2026-09-25,albuquerque-nm,urma,11,2026-09-25T17:00:00Z,295.75,0.83,4.36,0.0,2026-09-25T18:00:00Z,nodd,nodd
2026-09-25,albuquerque-nm,urma,12,2026-09-25T18:00:00Z,296.92,0.64,5.3,0.0,2026-09-25T19:00:00Z,nodd,nodd
2026-09-25,albuquerque-nm,urma,13,2026-09-25T19:00:00Z,298.14,3.53,5.98,0.0,2026-09-25T20:00:00Z,nodd,nodd
2026-09-25,albuquerque-nm,urma,14,2026-09-25T20:00:00Z,298.35,2.85,5.07,0.0,2026-09-25T21:00:00Z,nodd,nodd
2026-09-25,albuquerque-nm,urma,15,2026-09-25T21:00:00Z,294.81,6.52,6.52,0.0,2026-09-25T22:00:00Z,nodd,nodd
2026-09-25,albuquerque-nm,urma,16,2026-09-25T22:00:00Z,293.63,3.0,6.69,1.15625,2026-09-25T23:00:00Z,nodd,nodd
2026-09-25,albuquerque-nm,urma,17,2026-09-25T23:00:00Z,291.73,1.28,3.05,0.8125,2026-09-26T00:00:00Z,nodd,nodd
2026-09-25,albuquerque-nm,urma,18,2026-09-26T00:00:00Z,290.66,1.16,3.21,0.0,2026-09-26T01:00:00Z,nodd,nodd
2026-09-25,albuquerque-nm,urma,19,2026-09-26T01:00:00Z,290.63,1.75,3.33,0.0,2026-09-26T02:00:00Z,nodd,nodd
2026-09-25,albuquerque-nm,urma,20,2026-09-26T02:00:00Z,290.12,1.18,1.74,0.0,2026-09-26T03:00:00Z,nodd,nodd
2026-09-25,albuquerque-nm,urma,21,2026-09-26T03:00:00Z,290.55,0.69,2.64,0.03125,2026-09-26T04:00:00Z,nodd,nodd
2026-09-25,albuquerque-nm,urma,22,2026-09-26T04:00:00Z,290.46,1.8,2.01,0.0,2026-09-26T05:00:00Z,nodd,nodd
2026-09-25,albuquerque-nm,urma,23,2026-09-26T05:00:00Z,289.87,1.75,1.75,0.0,2026-09-26T06:00:00Z,nodd,nodd
2026-09-25,charleston-sc,rtma,00,2026-09-25T04:00:00Z,290.49,6.27,10.79,0.0,2026-09-25T05:00:00Z,nodd,nodd
2026-09-25,charleston-sc,rtma,01,2026-09-25T05:00:00Z,290.35,5.54,10.93,0.0,2026-09-25T06:00:00Z,nodd,nodd
2026-09-25,charleston-sc,rtma,02,2026-09-25T06:00:00Z,290.11,5.9,10.3,0.0,2026-09-25T07:00:00Z,nodd,nodd
2026-09-25,charleston-sc,rtma,03,2026-09-25T07:00:00Z,289.89,5.58,10.37,0.0,2026-09-25T08:00:00Z,nodd,nodd
2026-09-25,charleston-sc,rtma,04,2026-09-25T08:00:00Z,289.64,4.91,9.47,0.0,2026-09-25T09:00:00Z,nodd,nodd
2026-09-25,charleston-sc,rtma,05,2026-09-25T09:00:00Z,289.34,4.48,8.95,0.0,2026-09-25T10:00:00Z,nodd,nodd
2026-09-25,charleston-sc,rtma,06,2026-09-25T10:00:00Z,289.07,5.22,10.34,0.0,2026-09-25T11:00:00Z,nodd,nodd
2026-09-25,charleston-sc,rtma,07,2026-09-25T11:00:00Z,288.87,4.9,9.77,0.0,2026-09-25T12:00:00Z,nodd,nodd
2026-09-25,charleston-sc,rtma,08,2026-09-25T12:00:00Z,288.88,6.07,9.45,0.0,2026-09-25T13:00:00Z,nodd,nodd
2026-09-25,charleston-sc,rtma,09,2026-09-25T13:00:00Z,289.66,5.93,9.41,0.0,2026-09-25T14:00:00Z,nodd,nodd
2026-09-25,charleston-sc,rtma,10,2026-09-25T14:00:00Z,290.75,5.46,8.65,0.0,2026-09-25T15:00:00Z,nodd,nodd
2026-09-25,charleston-sc,rtma,11,2026-09-25T15:00:00Z,292.2,6.09,9.17,0.0,2026-09-25T16:00:00Z,nodd,nodd
2026-09-25,charleston-sc,rtma,12,2026-09-25T16:00:00Z,293.45,5.0,8.23,0.0,2026-09-25T17:00:00Z,nodd,nodd
2026-09-25,charleston-sc,rtma,13,2026-09-25T17:00:00Z,294.54,4.91,7.52,0.0,2026-09-25T18:00:00Z,nodd,nodd
2026-09-25,charleston-sc,rtma,14,2026-09-25T18:00:00Z,295.39,4.58,7.79,0.0,2026-09-25T19:00:00Z,nodd,nodd
2026-09-25,charleston-sc,rtma,15,2026-09-25T19:00:00Z,296.04,4.88,8.16,0.0,2026-09-25T20:00:00Z,nodd,nodd
2026-09-25,charleston-sc,rtma,16,2026-09-25T20:00:00Z,296.32,5.53,8.14,0.0,2026-09-25T21:00:00Z,nodd,nodd
2026-09-25,charleston-sc,rtma,17,2026-09-25T21:00:00Z,296.5,4.89,7.9,0.0,2026-09-25T22:00:00Z,nodd,nodd
2026-09-25,charleston-sc,rtma,18,2026-09-25T22:00:00Z,296.23,4.63,7.55,0.0,2026-09-25T23:00:00Z,nodd,nodd
2026-09-25,charleston-sc,rtma,19,2026-09-25T23:00:00Z,295.09,2.27,6.84,0.0,2026-09-26T00:00:00Z,nodd,nodd
2026-09-25,charleston-sc,rtma,20,2026-09-26T00:00:00Z,293.09,1.3,4.76,0.0,2026-09-26T01:00:00Z,nodd,nodd
2026-09-25,charleston-sc,rtma,21,2026-09-26T01:00:00Z,291.84,1.74,5.02,0.0,2026-09-26T02:00:00Z,nodd,nodd
2026-09-25,charleston-sc,rtma,22,2026-09-26T02:00:00Z,290.94,1.69,6.29,0.0,2026-09-26T03:00:00Z,nodd,nodd
2026-09-25,charleston-sc,rtma,23,2026-09-26T03:00:00Z,289.95,0.99,3.05,0.0,2026-09-26T04:00:00Z,nodd,nodd
2026-09-25,charleston-sc,urma,00,2026-09-25T04:00:00Z,290.47,6.38,10.92,0.0,2026-09-25T05:00:00Z,nodd,nodd
2026-09-25,charleston-sc,urma,01,2026-09-25T05:00:00Z,290.34,5.46,10.91,0.0,2026-09-25T06:00:00Z,nodd,nodd
2026-09-25,charleston-sc,urma,02,2026-09-25T06:00:00Z,290.08,5.8,11.35,0.0,2026-09-25T07:00:00Z,nodd,nodd
2026-09-25,charleston-sc,urma,03,2026-09-25T07:00:00Z,289.99,5.65,11.35,0.0,2026-09-25T08:00:00Z,nodd,nodd
2026-09-25,charleston-sc,urma,04,2026-09-25T08:00:00Z,289.64,4.67,9.8,0.0,2026-09-25T09:00:00Z,nodd,nodd
2026-09-25,charleston-sc,urma,05,2026-09-25T09:00:00Z,289.35,4.48,9.4,0.0,2026-09-25T10:00:00Z,nodd,nodd
2026-09-25,charleston-sc,urma,06,2026-09-25T10:00:00Z,289.1,5.25,10.7,0.0,2026-09-25T11:00:00Z,nodd,nodd
2026-09-25,charleston-sc,urma,07,2026-09-25T11:00:00Z,288.83,4.8,10.05,0.0,2026-09-25T12:00:00Z,nodd,nodd
2026-09-25,charleston-sc,urma,08,2026-09-25T12:00:00Z,288.88,6.18,10.39,0.0,2026-09-25T13:00:00Z,nodd,nodd
2026-09-25,charleston-sc,urma,09,2026-09-25T13:00:00Z,289.77,5.98,10.13,0.0,2026-09-25T14:00:00Z,nodd,nodd
2026-09-25,charleston-sc,urma,10,2026-09-25T14:00:00Z,290.82,5.6,9.0,0.0,2026-09-25T15:00:00Z,nodd,nodd
2026-09-25,charleston-sc,urma,11,2026-09-25T15:00:00Z,292.31,5.95,9.26,0.0,2026-09-25T16:00:00Z,nodd,nodd
2026-09-25,charleston-sc,urma,12,2026-09-25T16:00:00Z,293.54,5.03,8.55,0.0,2026-09-25T17:00:00Z,nodd,nodd
2026-09-25,charleston-sc,urma,13,2026-09-25T17:00:00Z,294.63,4.99,7.74,0.0,2026-09-25T18:00:00Z,nodd,nodd
2026-09-25,charleston-sc,urma,14,2026-09-25T18:00:00Z,295.49,4.58,7.41,0.0,2026-09-25T19:00:00Z,nodd,nodd
2026-09-25,charleston-sc,urma,15,2026-09-25T19:00:00Z,295.9,5.01,8.57,0.0,2026-09-25T20:00:00Z,nodd,nodd
2026-09-25,charleston-sc,urma,16,2026-09-25T20:00:00Z,296.38,5.21,8.41,0.0,2026-09-25T21:00:00Z,nodd,nodd
2026-09-25,charleston-sc,urma,17,2026-09-25T21:00:00Z,296.57,4.79,8.59,0.0,2026-09-25T22:00:00Z,nodd,nodd
2026-09-25,charleston-sc,urma,18,2026-09-25T22:00:00Z,296.21,4.56,7.79,0.0,2026-09-25T23:00:00Z,nodd,nodd
2026-09-25,charleston-sc,urma,19,2026-09-25T23:00:00Z,295.03,2.25,6.41,0.0,2026-09-26T00:00:00Z,nodd,nodd
2026-09-25,charleston-sc,urma,20,2026-09-26T00:00:00Z,292.95,1.26,6.09,0.0,2026-09-26T01:00:00Z,nodd,nodd
2026-09-25,charleston-sc,urma,21,2026-09-26T01:00:00Z,291.88,1.76,5.87,0.0,2026-09-26T02:00:00Z,nodd,nodd
2026-09-25,charleston-sc,urma,22,2026-09-26T02:00:00Z,290.9,1.8,6.65,0.0,2026-09-26T03:00:00Z,nodd,nodd
2026-09-25,charleston-sc,urma,23,2026-09-26T03:00:00Z,289.88,1.16,3.95,0.0,2026-09-26T04:00:00Z,nodd,nodd
2026-09-25,boise-id,rtma,00,2026-09-25T06:00:00Z,296.88,1.92,4.24,0.0,2026-09-25T07:00:00Z,nodd,nodd
2026-09-25,boise-id,rtma,01,2026-09-25T07:00:00Z,299.05,3.93,9.11,0.0,2026-09-25T08:00:00Z,nodd,nodd
2026-09-25,boise-id,rtma,02,2026-09-25T08:00:00Z,300.31,4.27,8.82,0.0,2026-09-25T09:00:00Z,nodd,nodd
2026-09-25,boise-id,rtma,03,2026-09-25T09:00:00Z,297.91,3.15,6.73,0.0,2026-09-25T10:00:00Z,nodd,nodd
2026-09-25,boise-id,rtma,04,2026-09-25T10:00:00Z,294.88,0.61,3.53,0.0,2026-09-25T11:00:00Z,nodd,nodd
2026-09-25,boise-id,rtma,05,2026-09-25T11:00:00Z,294.53,1.11,1.32,0.0,2026-09-25T12:00:00Z,nodd,nodd
2026-09-25,boise-id,rtma,06,2026-09-25T12:00:00Z,294.91,2.75,4.0,0.0,2026-09-25T13:00:00Z,nodd,nodd
2026-09-25,boise-id,rtma,07,2026-09-25T13:00:00Z,294.21,2.17,2.45,0.0,2026-09-25T14:00:00Z,nodd,nodd
2026-09-25,boise-id,rtma,08,2026-09-25T14:00:00Z,294.29,1.37,2.94,0.0,2026-09-25T15:00:00Z,nodd,nodd
2026-09-25,boise-id,rtma,09,2026-09-25T15:00:00Z,294.34,1.25,6.05,0.0,2026-09-25T16:00:00Z,nodd,nodd
2026-09-25,boise-id,rtma,10,2026-09-25T16:00:00Z,296.19,2.64,6.93,0.0,2026-09-25T17:00:00Z,nodd,nodd
2026-09-25,boise-id,rtma,11,2026-09-25T17:00:00Z,297.3,2.85,6.72,0.0,2026-09-25T18:00:00Z,nodd,nodd
2026-09-25,boise-id,rtma,12,2026-09-25T18:00:00Z,299.42,2.33,6.06,0.0,2026-09-25T19:00:00Z,nodd,nodd
2026-09-25,boise-id,rtma,13,2026-09-25T19:00:00Z,300.71,4.9,9.6,0.0,2026-09-25T20:00:00Z,nodd,nodd
2026-09-25,boise-id,rtma,14,2026-09-25T20:00:00Z,295.13,9.89,11.84,0.0,2026-09-25T21:00:00Z,nodd,nodd
2026-09-25,boise-id,rtma,15,2026-09-25T21:00:00Z,293.22,7.99,16.2,0.0,2026-09-25T22:00:00Z,nodd,nodd
2026-09-25,boise-id,rtma,16,2026-09-25T22:00:00Z,292.68,6.25,11.75,0.0,2026-09-25T23:00:00Z,nodd,nodd
2026-09-25,boise-id,rtma,17,2026-09-25T23:00:00Z,293.03,5.3,12.2,0.0,2026-09-26T00:00:00Z,nodd,nodd
2026-09-25,boise-id,rtma,18,2026-09-26T00:00:00Z,293.21,4.69,9.99,0.0,2026-09-26T01:00:00Z,nodd,nodd
2026-09-25,boise-id,rtma,19,2026-09-26T01:00:00Z,293.01,2.5,8.17,0.0,2026-09-26T02:00:00Z,nodd,nodd
2026-09-25,boise-id,rtma,20,2026-09-26T02:00:00Z,291.22,1.85,4.58,0.0,2026-09-26T03:00:00Z,nodd,nodd
2026-09-25,boise-id,rtma,21,2026-09-26T03:00:00Z,289.49,1.52,1.76,0.0,2026-09-26T04:00:00Z,nodd,nodd
2026-09-25,boise-id,rtma,22,2026-09-26T04:00:00Z,288.44,1.1,3.01,0.0,2026-09-26T05:00:00Z,nodd,nodd
2026-09-25,boise-id,rtma,23,2026-09-26T05:00:00Z,287.5,1.77,2.07,0.0,2026-09-26T06:00:00Z,nodd,nodd
2026-09-25,boise-id,urma,00,2026-09-25T06:00:00Z,296.95,2.01,3.08,0.0,2026-09-25T07:00:00Z,nodd,nodd
2026-09-25,boise-id,urma,01,2026-09-25T07:00:00Z,299.99,3.82,8.36,0.0,2026-09-25T08:00:00Z,nodd,nodd
2026-09-25,boise-id,urma,02,2026-09-25T08:00:00Z,300.24,3.79,8.23,0.0,2026-09-25T09:00:00Z,nodd,nodd
2026-09-25,boise-id,urma,03,2026-09-25T09:00:00Z,297.71,2.67,5.93,0.0,2026-09-25T10:00:00Z,nodd,nodd
2026-09-25,boise-id,urma,04,2026-09-25T10:00:00Z,294.85,0.48,2.91,0.0,2026-09-25T11:00:00Z,nodd,nodd
2026-09-25,boise-id,urma,05,2026-09-25T11:00:00Z,294.57,1.13,1.77,0.0,2026-09-25T12:00:00Z,nodd,nodd
2026-09-25,boise-id,urma,06,2026-09-25T12:00:00Z,294.68,2.34,3.56,0.0,2026-09-25T13:00:00Z,nodd,nodd
2026-09-25,boise-id,urma,07,2026-09-25T13:00:00Z,295.19,1.89,2.19,0.0,2026-09-25T14:00:00Z,nodd,nodd
2026-09-25,boise-id,urma,08,2026-09-25T14:00:00Z,294.31,1.25,2.84,0.0,2026-09-25T15:00:00Z,nodd,nodd
2026-09-25,boise-id,urma,09,2026-09-25T15:00:00Z,294.17,1.22,3.94,0.0,2026-09-25T16:00:00Z,nodd,nodd
2026-09-25,boise-id,urma,10,2026-09-25T16:00:00Z,296.12,2.52,6.12,0.0,2026-09-25T17:00:00Z,nodd,nodd
2026-09-25,boise-id,urma,11,2026-09-25T17:00:00Z,297.17,2.63,6.45,0.0,2026-09-25T18:00:00Z,nodd,nodd
2026-09-25,boise-id,urma,12,2026-09-25T18:00:00Z,299.36,2.16,4.72,0.0,2026-09-25T19:00:00Z,nodd,nodd
2026-09-25,boise-id,urma,13,2026-09-25T19:00:00Z,300.38,4.49,7.94,0.0,2026-09-25T20:00:00Z,nodd,nodd
2026-09-25,boise-id,urma,14,2026-09-25T20:00:00Z,294.6,8.84,16.14,0.0,2026-09-25T21:00:00Z,nodd,nodd
2026-09-25,boise-id,urma,15,2026-09-25T21:00:00Z,293.06,8.36,15.57,0.0,2026-09-25T22:00:00Z,nodd,nodd
2026-09-25,boise-id,urma,16,2026-09-25T22:00:00Z,292.55,5.61,11.32,0.0,2026-09-25T23:00:00Z,nodd,nodd
2026-09-25,boise-id,urma,17,2026-09-25T23:00:00Z,293.15,5.08,11.29,0.0,2026-09-26T00:00:00Z,nodd,nodd
2026-09-25,boise-id,urma,18,2026-09-26T00:00:00Z,293.12,4.26,7.97,0.0,2026-09-26T01:00:00Z,nodd,nodd
2026-09-25,boise-id,urma,19,2026-09-26T01:00:00Z,292.95,2.25,6.97,0.0,2026-09-26T02:00:00Z,nodd,nodd
2026-09-25,boise-id,urma,20,2026-09-26T02:00:00Z,291.1,1.82,4.17,0.0,2026-09-26T03:00:00Z,nodd,nodd
2026-09-25,boise-id,urma,21,2026-09-26T03:00:00Z,289.27,1.61,1.72,0.0,2026-09-26T04:00:00Z,nodd,nodd
2026-09-25,boise-id,urma,22,2026-09-26T04:00:00Z,288.39,1.48,1.58,0.0,2026-09-26T05:00:00Z,nodd,nodd
2026-09-25,boise-id,urma,23,2026-09-26T05:00:00Z,287.41,1.51,1.57,0.0,2026-09-26T06:00:00Z,nodd,nodd
2026-09-25,little-rock-ar,rtma,00,2026-09-25T05:00:00Z,291.22,1.59,2.34,0.0,2026-09-25T06:00:00Z,nodd,nodd
2026-09-25,little-rock-ar,rtma,01,2026-09-25T06:00:00Z,290.74,0.71,0.77,0.0,2026-09-25T07:00:00Z,nodd,nodd
2026-09-25,little-rock-ar,rtma,02,2026-09-25T07:00:00Z,290.17,1.42,1.69,0.0,2026-09-25T08:00:00Z,nodd,nodd
2026-09-25,little-rock-ar,rtma,03,2026-09-25T08:00:00Z,290.18,1.42,1.42,0.0,2026-09-25T09:00:00Z,nodd,nodd
2026-09-25,little-rock-ar,rtma,04,2026-09-25T09:00:00Z,289.68,0.84,1.09,0.0,2026-09-25T10:00:00Z,nodd,nodd
2026-09-25,little-rock-ar,rtma,05,2026-09-25T10:00:00Z,289.41,0.97,1.0,0.0,2026-09-25T11:00:00Z,nodd,nodd
2026-09-25,little-rock-ar,rtma,06,2026-09-25T11:00:00Z,289.23,1.32,1.33,0.0,2026-09-25T12:00:00Z,nodd,nodd
2026-09-25,little-rock-ar,rtma,07,2026-09-25T12:00:00Z,289.09,1.1,1.44,0.0,2026-09-25T13:00:00Z,nodd,nodd
2026-09-25,little-rock-ar,rtma,08,2026-09-25T13:00:00Z,290.02,1.67,2.41,0.0,2026-09-25T14:00:00Z,nodd,nodd
2026-09-25,little-rock-ar,rtma,09,2026-09-25T14:00:00Z,292.23,2.62,4.13,0.0,2026-09-25T15:00:00Z,nodd,nodd
2026-09-25,little-rock-ar,rtma,10,2026-09-25T15:00:00Z,294.48,1.67,3.64,0.0,2026-09-25T16:00:00Z,nodd,nodd
2026-09-25,little-rock-ar,rtma,11,2026-09-25T16:00:00Z,297.05,1.85,2.37,0.0,2026-09-25T17:00:00Z,nodd,nodd
2026-09-25,little-rock-ar,rtma,12,2026-09-25T17:00:00Z,299.38,1.59,3.93,0.0,2026-09-25T18:00:00Z,nodd,nodd
2026-09-25,little-rock-ar,rtma,13,2026-09-25T18:00:00Z,300.62,2.66,2.66,0.0,2026-09-25T19:00:00Z,nodd,nodd
2026-09-25,little-rock-ar,rtma,14,2026-09-25T19:00:00Z,301.5,2.25,2.85,0.0,2026-09-25T20:00:00Z,nodd,nodd
2026-09-25,little-rock-ar,rtma,15,2026-09-25T20:00:00Z,302.12,2.1,2.9,0.0,2026-09-25T21:00:00Z,nodd,nodd
2026-09-25,little-rock-ar,rtma,16,2026-09-25T21:00:00Z,302.58,2.52,3.34,0.0,2026-09-25T22:00:00Z,nodd,nodd
2026-09-25,little-rock-ar,rtma,17,2026-09-25T22:00:00Z,302.6,2.1,2.21,0.0,2026-09-25T23:00:00Z,nodd,nodd
2026-09-25,little-rock-ar,rtma,18,2026-09-25T23:00:00Z,302.06,2.81,3.09,0.0,2026-09-26T00:00:00Z,nodd,nodd
2026-09-25,little-rock-ar,rtma,19,2026-09-26T00:00:00Z,300.38,2.09,3.48,0.0,2026-09-26T01:00:00Z,nodd,nodd
2026-09-25,little-rock-ar,rtma,20,2026-09-26T01:00:00Z,297.95,2.0,2.89,0.0,2026-09-26T02:00:00Z,nodd,nodd
2026-09-25,little-rock-ar,rtma,21,2026-09-26T02:00:00Z,297.44,2.6,3.17,0.0,2026-09-26T03:00:00Z,nodd,nodd
2026-09-25,little-rock-ar,rtma,22,2026-09-26T03:00:00Z,297.1,3.76,6.33,0.0,2026-09-26T04:00:00Z,nodd,nodd
2026-09-25,little-rock-ar,rtma,23,2026-09-26T04:00:00Z,296.13,3.14,6.29,0.0,2026-09-26T05:00:00Z,nodd,nodd
2026-09-25,little-rock-ar,urma,00,2026-09-25T05:00:00Z,291.17,1.41,2.42,0.0,2026-09-25T06:00:00Z,nodd,nodd
2026-09-25,little-rock-ar,urma,01,2026-09-25T06:00:00Z,290.72,0.82,0.83,0.0,2026-09-25T07:00:00Z,nodd,nodd
2026-09-25,little-rock-ar,urma,02,2026-09-25T07:00:00Z,290.67,1.46,1.46,0.0,2026-09-25T08:00:00Z,nodd,nodd
2026-09-25,little-rock-ar,urma,03,2026-09-25T08:00:00Z,290.19,1.25,1.25,0.0,2026-09-25T09:00:00Z,nodd,nodd
2026-09-25,little-rock-ar,urma,04,2026-09-25T09:00:00Z,289.69,0.86,1.13,0.0,2026-09-25T10:00:00Z,nodd,nodd
2026-09-25,little-rock-ar,urma,05,2026-09-25T10:00:00Z,289.44,0.96,1.12,0.0,2026-09-25T11:00:00Z,nodd,nodd
2026-09-25,little-rock-ar,urma,06,2026-09-25T11:00:00Z,289.3,1.31,1.35,0.0,2026-09-25T12:00:00Z,nodd,nodd
2026-09-25,little-rock-ar,urma,07,2026-09-25T12:00:00Z,288.98,1.17,1.19,0.0,2026-09-25T13:00:00Z,nodd,nodd
2026-09-25,little-rock-ar,urma,08,2026-09-25T13:00:00Z,290.1,1.72,1.82,0.0,2026-09-25T14:00:00Z,nodd,nodd
2026-09-25,little-rock-ar,urma,09,2026-09-25T14:00:00Z,292.24,2.8,3.56,0.0,2026-09-25T15:00:00Z,nodd,nodd
2026-09-25,little-rock-ar,urma,10,2026-09-25T15:00:00Z,294.52,1.59,3.38,0.0,2026-09-25T16:00:00Z,nodd,nodd
2026-09-25,little-rock-ar,urma,11,2026-09-25T16:00:00Z,297.12,1.81,2.47,0.0,2026-09-25T17:00:00Z,nodd,nodd
2026-09-25,little-rock-ar,urma,12,2026-09-25T17:00:00Z,299.41,1.58,3.44,0.0,2026-09-25T18:00:00Z,nodd,nodd
2026-09-25,little-rock-ar,urma,13,2026-09-25T18:00:00Z,300.61,2.47,2.57,0.0,2026-09-25T19:00:00Z,nodd,nodd
2026-09-25,little-rock-ar,urma,14,2026-09-25T19:00:00Z,301.85,1.58,2.82,0.0,2026-09-25T20:00:00Z,nodd,nodd
2026-09-25,little-rock-ar,urma,15,2026-09-25T20:00:00Z,302.16,1.91,2.7,0.0,2026-09-25T21:00:00Z,nodd,nodd
2026-09-25,little-rock-ar,urma,16,2026-09-25T21:00:00Z,302.56,2.84,3.11,0.0,2026-09-25T22:00:00Z,nodd,nodd
2026-09-25,little-rock-ar,urma,17,2026-09-25T22:00:00Z,302.6,2.34,2.34,0.0,2026-09-25T23:00:00Z,nodd,nodd
2026-09-25,little-rock-ar,urma,18,2026-09-25T23:00:00Z,302.14,2.74,2.74,0.0,2026-09-26T00:00:00Z,nodd,nodd
2026-09-25,little-rock-ar,urma,19,2026-09-26T00:00:00Z,300.29,2.04,2.18,0.0,2026-09-26T01:00:00Z,nodd,nodd
2026-09-25,little-rock-ar,urma,20,2026-09-26T01:00:00Z,298.41,1.8,1.92,0.0,2026-09-26T02:00:00Z,nodd,nodd
2026-09-25,little-rock-ar,urma,21,2026-09-26T02:00:00Z,297.46,2.8,3.27,0.0,2026-09-26T03:00:00Z,nodd,nodd
2026-09-25,little-rock-ar,urma,22,2026-09-26T03:00:00Z,297.11,4.09,6.18,0.0,2026-09-26T04:00:00Z,nodd,nodd
2026-09-25,little-rock-ar,urma,23,2026-09-26T04:00:00Z,296.04,2.9,6.19,0.0,2026-09-26T05:00:00Z,nodd,nodd
2026-09-25,des-moines-ia,rtma,00,2026-09-25T05:00:00Z,288.77,0.66,0.7,1.0625,2026-09-25T06:00:00Z,nodd,nodd
2026-09-25,des-moines-ia,rtma,01,2026-09-25T06:00:00Z,288.65,0.97,0.97,1.25,2026-09-25T07:00:00Z,nodd,nodd
2026-09-25,des-moines-ia,rtma,02,2026-09-25T07:00:00Z,288.42,1.16,1.32,1.125,2026-09-25T08:00:00Z,nodd,nodd
2026-09-25,des-moines-ia,rtma,03,2026-09-25T08:00:00Z,288.35,0.34,1.65,1.140625,2026-09-25T09:00:00Z,nodd,nodd
2026-09-25,des-moines-ia,rtma,04,2026-09-25T09:00:00Z,288.39,1.32,2.31,0.265625,2026-09-25T10:00:00Z,nodd,nodd
2026-09-25,des-moines-ia,rtma,05,2026-09-25T10:00:00Z,288.37,1.14,3.28,1.84375,2026-09-25T11:00:00Z,nodd,nodd
2026-09-25,des-moines-ia,rtma,06,2026-09-25T11:00:00Z,288.39,2.48,3.85,0.9375,2026-09-25T12:00:00Z,nodd,nodd
2026-09-25,des-moines-ia,rtma,07,2026-09-25T12:00:00Z,288.34,2.66,4.48,0.0,2026-09-25T13:00:00Z,nodd,nodd
2026-09-25,des-moines-ia,rtma,08,2026-09-25T13:00:00Z,288.19,2.66,4.53,0.0,2026-09-25T14:00:00Z,nodd,nodd
2026-09-25,des-moines-ia,rtma,09,2026-09-25T14:00:00Z,288.46,2.34,5.65,0.375,2026-09-25T15:00:00Z,nodd,nodd
2026-09-25,des-moines-ia,rtma,10,2026-09-25T15:00:00Z,288.95,2.39,5.62,1.390625,2026-09-25T16:00:00Z,nodd,nodd
2026-09-25,des-moines-ia,rtma,11,2026-09-25T16:00:00Z,289.29,2.3,5.56,2.484375,2026-09-25T17:00:00Z,nodd,nodd
2026-09-25,des-moines-ia,rtma,12,2026-09-25T17:00:00Z,289.4,2.9,5.17,3.734375,2026-09-25T18:00:00Z,nodd,nodd
2026-09-25,des-moines-ia,rtma,13,2026-09-25T18:00:00Z,289.7,3.73,7.05,0.15625,2026-09-25T19:00:00Z,nodd,nodd
2026-09-25,des-moines-ia,rtma,14,2026-09-25T19:00:00Z,290.19,4.35,7.46,0.0625,2026-09-25T20:00:00Z,nodd,nodd
2026-09-25,des-moines-ia,rtma,15,2026-09-25T20:00:00Z,290.24,3.19,7.64,0.34375,2026-09-25T21:00:00Z,nodd,nodd
2026-09-25,des-moines-ia,rtma,16,2026-09-25T21:00:00Z,290.6,2.8,5.97,0.0,2026-09-25T22:00:00Z,nodd,nodd
2026-09-25,des-moines-ia,rtma,17,2026-09-25T22:00:00Z,290.98,3.11,4.69,0.0,2026-09-25T23:00:00Z,nodd,nodd
2026-09-25,des-moines-ia,rtma,18,2026-09-25T23:00:00Z,291.0,3.15,5.7,0.0,2026-09-26T00:00:00Z,nodd,nodd
2026-09-25,des-moines-ia,rtma,19,2026-09-26T00:00:00Z,290.82,2.98,6.62,0.0,2026-09-26T01:00:00Z,nodd,nodd
2026-09-25,des-moines-ia,rtma,20,2026-09-26T01:00:00Z,290.64,2.96,6.07,0.0,2026-09-26T02:00:00Z,nodd,nodd
2026-09-25,des-moines-ia,rtma,21,2026-09-26T02:00:00Z,290.56,3.13,6.47,0.0,2026-09-26T03:00:00Z,nodd,nodd
2026-09-25,des-moines-ia,rtma,22,2026-09-26T03:00:00Z,290.59,3.53,6.97,0.0,2026-09-26T04:00:00Z,nodd,nodd
2026-09-25,des-moines-ia,rtma,23,2026-09-26T04:00:00Z,290.48,3.6,6.08,1.515625,2026-09-26T05:00:00Z,nodd,nodd
2026-09-25,des-moines-ia,urma,00,2026-09-25T05:00:00Z,288.74,0.8,0.8,0.953125,2026-09-25T06:00:00Z,nodd,nodd
2026-09-25,des-moines-ia,urma,01,2026-09-25T06:00:00Z,288.58,0.87,0.87,1.390625,2026-09-25T07:00:00Z,nodd,nodd
2026-09-25,des-moines-ia,urma,02,2026-09-25T07:00:00Z,288.56,1.04,1.04,2.75,2026-09-25T08:00:00Z,nodd,nodd
2026-09-25,des-moines-ia,urma,03,2026-09-25T08:00:00Z,288.31,0.29,1.46,1.703125,2026-09-25T09:00:00Z,nodd,nodd
2026-09-25,des-moines-ia,urma,04,2026-09-25T09:00:00Z,288.32,1.48,2.2,0.671875,2026-09-25T10:00:00Z,nodd,nodd
2026-09-25,des-moines-ia,urma,05,2026-09-25T10:00:00Z,288.34,1.04,2.94,2.75,2026-09-25T11:00:00Z,nodd,nodd
2026-09-25,des-moines-ia,urma,06,2026-09-25T11:00:00Z,288.35,2.41,3.7,1.140625,2026-09-25T12:00:00Z,nodd,nodd
2026-09-25,des-moines-ia,urma,07,2026-09-25T12:00:00Z,288.26,2.43,4.27,0.0,2026-09-25T13:00:00Z,nodd,nodd
2026-09-25,des-moines-ia,urma,08,2026-09-25T13:00:00Z,288.22,2.75,4.12,0.0,2026-09-25T14:00:00Z,nodd,nodd
2026-09-25,des-moines-ia,urma,09,2026-09-25T14:00:00Z,288.43,2.48,5.21,0.375,2026-09-25T15:00:00Z,nodd,nodd
2026-09-25,des-moines-ia,urma,10,2026-09-25T15:00:00Z,288.96,2.51,4.89,2.25,2026-09-25T16:00:00Z,nodd,nodd
2026-09-25,des-moines-ia,urma,11,2026-09-25T16:00:00Z,289.32,2.31,5.62,1.953125,2026-09-25T17:00:00Z,nodd,nodd
2026-09-25,des-moines-ia,urma,12,2026-09-25T17:00:00Z,289.41,2.85,4.98,2.4375,2026-09-25T18:00:00Z,nodd,nodd
2026-09-25,des-moines-ia,urma,13,2026-09-25T18:00:00Z,289.72,3.84,6.95,0.0,2026-09-25T19:00:00Z,nodd,nodd
2026-09-25,des-moines-ia,urma,14,2026-09-25T19:00:00Z,290.43,4.55,8.72,0.0,2026-09-25T20:00:00Z,nodd,nodd
2026-09-25,des-moines-ia,urma,15,2026-09-25T20:00:00Z,290.21,3.23,7.62,0.015625,2026-09-25T21:00:00Z,nodd,nodd
2026-09-25,des-moines-ia,urma,16,2026-09-25T21:00:00Z,290.53,2.82,5.75,0.0,2026-09-25T22:00:00Z,nodd,nodd
2026-09-25,des-moines-ia,urma,17,2026-09-25T22:00:00Z,290.9,3.1,5.13,0.0,2026-09-25T23:00:00Z,nodd,nodd
2026-09-25,des-moines-ia,urma,18,2026-09-25T23:00:00Z,290.94,3.11,5.64,0.0,2026-09-26T00:00:00Z,nodd,nodd
2026-09-25,des-moines-ia,urma,19,2026-09-26T00:00:00Z,290.76,2.9,4.65,0.0,2026-09-26T01:00:00Z,nodd,nodd
2026-09-25,des-moines-ia,urma,20,2026-09-26T01:00:00Z,290.62,2.88,6.24,0.0,2026-09-26T02:00:00Z,nodd,nodd
2026-09-25,des-moines-ia,urma,21,2026-09-26T02:00:00Z,290.56,2.96,5.89,0.0,2026-09-26T03:00:00Z,nodd,nodd
2026-09-25,des-moines-ia,urma,22,2026-09-26T03:00:00Z,290.54,3.78,6.77,0.0,2026-09-26T04:00:00Z,nodd,nodd
2026-09-25,des-moines-ia,urma,23,2026-09-26T04:00:00Z,290.45,3.51,5.97,1.015625,2026-09-26T05:00:00Z,nodd,nodd
2026-09-25,wichita-ks,rtma,00,2026-09-25T05:00:00Z,294.12,3.51,5.29,0.0,2026-09-25T06:00:00Z,nodd,nodd
2026-09-25,wichita-ks,rtma,01,2026-09-25T06:00:00Z,293.95,3.09,5.99,0.0,2026-09-25T07:00:00Z,nodd,nodd
2026-09-25,wichita-ks,rtma,02,2026-09-25T07:00:00Z,293.65,2.99,5.5,0.0,2026-09-25T08:00:00Z,nodd,nodd
2026-09-25,wichita-ks,rtma,03,2026-09-25T08:00:00Z,293.54,3.39,4.1,0.0,2026-09-25T09:00:00Z,nodd,nodd
2026-09-25,wichita-ks,rtma,04,2026-09-25T09:00:00Z,293.57,2.77,2.77,0.0,2026-09-25T10:00:00Z,nodd,nodd
2026-09-25,wichita-ks,rtma,05,2026-09-25T10:00:00Z,293.53,3.19,5.52,0.71875,2026-09-25T11:00:00Z,nodd,nodd
2026-09-25,wichita-ks,rtma,06,2026-09-25T11:00:00Z,293.68,2.31,8.07,1.65625,2026-09-25T12:00:00Z,nodd,nodd
2026-09-25,wichita-ks,rtma,07,2026-09-25T12:00:00Z,293.01,1.27,5.69,0.03125,2026-09-25T13:00:00Z,nodd,nodd
2026-09-25,wichita-ks,rtma,08,2026-09-25T13:00:00Z,292.32,2.29,5.12,0.21875,2026-09-25T14:00:00Z,nodd,nodd
2026-09-25,wichita-ks,rtma,09,2026-09-25T14:00:00Z,292.46,2.79,5.2,0.0,2026-09-25T15:00:00Z,nodd,nodd
2026-09-25,wichita-ks,rtma,10,2026-09-25T15:00:00Z,292.06,3.35,3.91,0.0,2026-09-25T16:00:00Z,nodd,nodd
2026-09-25,wichita-ks,rtma,11,2026-09-25T16:00:00Z,293.57,3.65,6.35,0.0,2026-09-25T17:00:00Z,nodd,nodd
2026-09-25,wichita-ks,rtma,12,2026-09-25T17:00:00Z,294.49,3.88,6.3,0.0,2026-09-25T18:00:00Z,nodd,nodd
2026-09-25,wichita-ks,rtma,13,2026-09-25T18:00:00Z,295.9,3.87,5.62,0.0,2026-09-25T19:00:00Z,nodd,nodd
2026-09-25,wichita-ks,rtma,14,2026-09-25T19:00:00Z,296.45,4.49,7.0,0.0,2026-09-25T20:00:00Z,nodd,nodd
2026-09-25,wichita-ks,rtma,15,2026-09-25T20:00:00Z,296.68,4.03,6.03,0.0,2026-09-25T21:00:00Z,nodd,nodd
2026-09-25,wichita-ks,rtma,16,2026-09-25T21:00:00Z,296.34,4.11,6.47,0.0,2026-09-25T22:00:00Z,nodd,nodd
2026-09-25,wichita-ks,rtma,17,2026-09-25T22:00:00Z,296.06,3.84,5.11,0.0,2026-09-25T23:00:00Z,nodd,nodd
2026-09-25,wichita-ks,rtma,18,2026-09-25T23:00:00Z,295.83,3.83,5.92,0.0,2026-09-26T00:00:00Z,nodd,nodd
2026-09-25,wichita-ks,rtma,19,2026-09-26T00:00:00Z,294.85,3.87,8.35,0.0,2026-09-26T01:00:00Z,nodd,nodd
2026-09-25,wichita-ks,rtma,20,2026-09-26T01:00:00Z,294.37,3.63,7.02,0.234375,2026-09-26T02:00:00Z,nodd,nodd
2026-09-25,wichita-ks,rtma,21,2026-09-26T02:00:00Z,294.16,4.26,5.33,0.21875,2026-09-26T03:00:00Z,nodd,nodd
2026-09-25,wichita-ks,rtma,22,2026-09-26T03:00:00Z,293.55,2.37,4.15,0.0,2026-09-26T04:00:00Z,nodd,nodd
2026-09-25,wichita-ks,rtma,23,2026-09-26T04:00:00Z,292.84,4.0,5.83,0.0,2026-09-26T05:00:00Z,nodd,nodd
2026-09-25,wichita-ks,urma,00,2026-09-25T05:00:00Z,294.14,3.61,5.0,0.1875,2026-09-25T06:00:00Z,nodd,nodd
2026-09-25,wichita-ks,urma,01,2026-09-25T06:00:00Z,293.97,2.95,5.34,0.0,2026-09-25T07:00:00Z,nodd,nodd
2026-09-25,wichita-ks,urma,02,2026-09-25T07:00:00Z,294.18,3.06,5.38,0.0,2026-09-25T08:00:00Z,nodd,nodd
2026-09-25,wichita-ks,urma,03,2026-09-25T08:00:00Z,293.53,3.39,3.59,0.078125,2026-09-25T09:00:00Z,nodd,nodd
2026-09-25,wichita-ks,urma,04,2026-09-25T09:00:00Z,293.52,3.04,3.04,0.0,2026-09-25T10:00:00Z,nodd,nodd
2026-09-25,wichita-ks,urma,05,2026-09-25T10:00:00Z,293.5,3.19,5.07,0.0,2026-09-25T11:00:00Z,nodd,nodd
2026-09-25,wichita-ks,urma,06,2026-09-25T11:00:00Z,293.68,2.46,8.29,0.0,2026-09-25T12:00:00Z,nodd,nodd
2026-09-25,wichita-ks,urma,07,2026-09-25T12:00:00Z,292.95,1.18,5.45,2.34375,2026-09-25T13:00:00Z,nodd,nodd
2026-09-25,wichita-ks,urma,08,2026-09-25T13:00:00Z,292.61,2.3,4.99,0.015625,2026-09-25T14:00:00Z,nodd,nodd
2026-09-25,wichita-ks,urma,09,2026-09-25T14:00:00Z,292.5,2.74,4.25,0.0,2026-09-25T15:00:00Z,nodd,nodd
2026-09-25,wichita-ks,urma,10,2026-09-25T15:00:00Z,292.07,3.37,3.72,0.0,2026-09-25T16:00:00Z,nodd,nodd
2026-09-25,wichita-ks,urma,11,2026-09-25T16:00:00Z,293.58,3.56,6.1,0.0,2026-09-25T17:00:00Z,nodd,nodd
2026-09-25,wichita-ks,urma,12,2026-09-25T17:00:00Z,294.5,3.75,5.95,0.0,2026-09-25T18:00:00Z,nodd,nodd
2026-09-25,wichita-ks,urma,13,2026-09-25T18:00:00Z,295.92,3.85,5.36,0.0,2026-09-25T19:00:00Z,nodd,nodd
2026-09-25,wichita-ks,urma,14,2026-09-25T19:00:00Z,296.45,4.7,6.88,0.0,2026-09-25T20:00:00Z,nodd,nodd
2026-09-25,wichita-ks,urma,15,2026-09-25T20:00:00Z,296.7,3.96,5.63,0.0,2026-09-25T21:00:00Z,nodd,nodd
2026-09-25,wichita-ks,urma,16,2026-09-25T21:00:00Z,296.24,4.2,6.4,0.0,2026-09-25T22:00:00Z,nodd,nodd
2026-09-25,wichita-ks,urma,17,2026-09-25T22:00:00Z,296.04,3.87,5.02,0.0,2026-09-25T23:00:00Z,nodd,nodd
2026-09-25,wichita-ks,urma,18,2026-09-25T23:00:00Z,295.85,3.68,6.09,0.0,2026-09-26T00:00:00Z,nodd,nodd
2026-09-25,wichita-ks,urma,19,2026-09-26T00:00:00Z,294.77,3.57,7.13,0.0,2026-09-26T01:00:00Z,nodd,nodd
2026-09-25,wichita-ks,urma,20,2026-09-26T01:00:00Z,294.49,3.76,6.74,0.0,2026-09-26T02:00:00Z,nodd,nodd
2026-09-25,wichita-ks,urma,21,2026-09-26T02:00:00Z,294.09,4.18,5.25,0.140625,2026-09-26T03:00:00Z,nodd,nodd
2026-09-25,wichita-ks,urma,22,2026-09-26T03:00:00Z,293.58,2.9,4.05,0.0,2026-09-26T04:00:00Z,nodd,nodd
2026-09-25,wichita-ks,urma,23,2026-09-26T04:00:00Z,292.79,3.91,6.0,0.0,2026-09-26T05:00:00Z,nodd,nodd
2026-09-25,jackson-ms,rtma,00,2026-09-25T05:00:00Z,294.75,0.98,2.84,0.0,2026-09-25T06:00:00Z,nodd,nodd
2026-09-25,jackson-ms,rtma,01,2026-09-25T06:00:00Z,294.62,1.59,3.06,0.0,2026-09-25T07:00:00Z,nodd,nodd
2026-09-25,jackson-ms,rtma,02,2026-09-25T07:00:00Z,293.75,1.05,4.21,0.0,2026-09-25T08:00:00Z,nodd,nodd
2026-09-25,jackson-ms,rtma,03,2026-09-25T08:00:00Z,293.15,0.94,3.2,0.0,2026-09-25T09:00:00Z,nodd,nodd
2026-09-25,jackson-ms,rtma,04,2026-09-25T09:00:00Z,292.75,0.71,3.02,0.0,2026-09-25T10:00:00Z,nodd,nodd
2026-09-25,jackson-ms,rtma,05,2026-09-25T10:00:00Z,292.09,0.23,2.93,0.0,2026-09-25T11:00:00Z,nodd,nodd
2026-09-25,jackson-ms,rtma,06,2026-09-25T11:00:00Z,291.6,0.6,2.7,0.0,2026-09-25T12:00:00Z,nodd,nodd
2026-09-25,jackson-ms,rtma,07,2026-09-25T12:00:00Z,291.13,0.81,3.7,0.0,2026-09-25T13:00:00Z,nodd,nodd
2026-09-25,jackson-ms,rtma,08,2026-09-25T13:00:00Z,292.6,1.79,4.42,0.0,2026-09-25T14:00:00Z,nodd,nodd
2026-09-25,jackson-ms,rtma,09,2026-09-25T14:00:00Z,295.08,2.54,5.23,0.0,2026-09-25T15:00:00Z,nodd,nodd
2026-09-25,jackson-ms,rtma,10,2026-09-25T15:00:00Z,297.81,3.36,5.31,0.0,2026-09-25T16:00:00Z,nodd,nodd
2026-09-25,jackson-ms,rtma,11,2026-09-25T16:00:00Z,299.82,4.5,4.78,0.0,2026-09-25T17:00:00Z,nodd,nodd
2026-09-25,jackson-ms,rtma,12,2026-09-25T17:00:00Z,301.7,3.78,7.76,0.0,2026-09-25T18:00:00Z,nodd,nodd
2026-09-25,jackson-ms,rtma,13,2026-09-25T18:00:00Z,302.97,3.37,6.2,0.0,2026-09-25T19:00:00Z,nodd,nodd
2026-09-25,jackson-ms,rtma,14,2026-09-25T19:00:00Z,303.71,3.46,5.66,0.0,2026-09-25T20:00:00Z,nodd,nodd
2026-09-25,jackson-ms,rtma,15,2026-09-25T20:00:00Z,304.34,2.04,5.68,0.0,2026-09-25T21:00:00Z,nodd,nodd
2026-09-25,jackson-ms,rtma,16,2026-09-25T21:00:00Z,303.81,1.86,5.31,0.0,2026-09-25T22:00:00Z,nodd,nodd
2026-09-25,jackson-ms,rtma,17,2026-09-25T22:00:00Z,304.06,2.72,4.95,0.0,2026-09-25T23:00:00Z,nodd,nodd
2026-09-25,jackson-ms,rtma,18,2026-09-25T23:00:00Z,303.23,1.87,3.73,0.0,2026-09-26T00:00:00Z,nodd,nodd
2026-09-25,jackson-ms,rtma,19,2026-09-26T00:00:00Z,300.9,0.0,3.44,0.0,2026-09-26T01:00:00Z,nodd,nodd
2026-09-25,jackson-ms,rtma,20,2026-09-26T01:00:00Z,298.04,0.02,1.45,0.0,2026-09-26T02:00:00Z,nodd,nodd
2026-09-25,jackson-ms,rtma,21,2026-09-26T02:00:00Z,296.84,0.0,0.55,0.0,2026-09-26T03:00:00Z,nodd,nodd
2026-09-25,jackson-ms,rtma,22,2026-09-26T03:00:00Z,295.6,0.0,1.37,0.0,2026-09-26T04:00:00Z,nodd,nodd
2026-09-25,jackson-ms,rtma,23,2026-09-26T04:00:00Z,294.75,0.0,0.91,0.0,2026-09-26T05:00:00Z,nodd,nodd
2026-09-25,jackson-ms,urma,00,2026-09-25T05:00:00Z,294.75,0.92,2.85,0.0,2026-09-25T06:00:00Z,nodd,nodd
2026-09-25,jackson-ms,urma,01,2026-09-25T06:00:00Z,294.58,1.47,3.07,0.0,2026-09-25T07:00:00Z,nodd,nodd
2026-09-25,jackson-ms,urma,02,2026-09-25T07:00:00Z,294.42,0.98,3.69,0.0,2026-09-25T08:00:00Z,nodd,nodd
2026-09-25,jackson-ms,urma,03,2026-09-25T08:00:00Z,293.12,1.06,3.27,0.0,2026-09-25T09:00:00Z,nodd,nodd
2026-09-25,jackson-ms,urma,04,2026-09-25T09:00:00Z,292.63,0.87,3.02,0.0,2026-09-25T10:00:00Z,nodd,nodd
2026-09-25,jackson-ms,urma,05,2026-09-25T10:00:00Z,292.17,0.23,2.93,0.0,2026-09-25T11:00:00Z,nodd,nodd
2026-09-25,jackson-ms,urma,06,2026-09-25T11:00:00Z,291.55,0.64,2.69,0.0,2026-09-25T12:00:00Z,nodd,nodd
2026-09-25,jackson-ms,urma,07,2026-09-25T12:00:00Z,291.2,0.96,3.71,0.0,2026-09-25T13:00:00Z,nodd,nodd
2026-09-25,jackson-ms,urma,08,2026-09-25T13:00:00Z,292.66,1.7,4.36,0.0,2026-09-25T14:00:00Z,nodd,nodd
2026-09-25,jackson-ms,urma,09,2026-09-25T14:00:00Z,295.14,2.56,5.24,0.0,2026-09-25T15:00:00Z,nodd,nodd
2026-09-25,jackson-ms,urma,10,2026-09-25T15:00:00Z,297.69,3.27,5.46,0.0,2026-09-25T16:00:00Z,nodd,nodd
2026-09-25,jackson-ms,urma,11,2026-09-25T16:00:00Z,299.85,4.46,5.19,0.0,2026-09-25T17:00:00Z,nodd,nodd
2026-09-25,jackson-ms,urma,12,2026-09-25T17:00:00Z,301.6,3.87,7.67,0.0,2026-09-25T18:00:00Z,nodd,nodd
2026-09-25,jackson-ms,urma,13,2026-09-25T18:00:00Z,303.07,3.26,6.26,0.0,2026-09-25T19:00:00Z,nodd,nodd
2026-09-25,jackson-ms,urma,14,2026-09-25T19:00:00Z,303.58,3.43,5.87,0.0,2026-09-25T20:00:00Z,nodd,nodd
2026-09-25,jackson-ms,urma,15,2026-09-25T20:00:00Z,304.17,1.93,5.61,0.0,2026-09-25T21:00:00Z,nodd,nodd
2026-09-25,jackson-ms,urma,16,2026-09-25T21:00:00Z,303.8,1.04,5.32,0.0,2026-09-25T22:00:00Z,nodd,nodd
2026-09-25,jackson-ms,urma,17,2026-09-25T22:00:00Z,304.11,3.01,5.15,0.0,2026-09-25T23:00:00Z,nodd,nodd
2026-09-25,jackson-ms,urma,18,2026-09-25T23:00:00Z,303.21,1.9,4.15,0.0,2026-09-26T00:00:00Z,nodd,nodd
2026-09-25,jackson-ms,urma,19,2026-09-26T00:00:00Z,300.92,0.0,3.49,0.0,2026-09-26T01:00:00Z,nodd,nodd
2026-09-25,jackson-ms,urma,20,2026-09-26T01:00:00Z,298.54,0.0,1.46,0.0,2026-09-26T02:00:00Z,nodd,nodd
2026-09-25,jackson-ms,urma,21,2026-09-26T02:00:00Z,296.86,0.0,0.56,0.0,2026-09-26T03:00:00Z,nodd,nodd
2026-09-25,jackson-ms,urma,22,2026-09-26T03:00:00Z,295.39,0.12,1.4,0.0,2026-09-26T04:00:00Z,nodd,nodd
2026-09-25,jackson-ms,urma,23,2026-09-26T04:00:00Z,294.77,0.0,0.88,0.0,2026-09-26T05:00:00Z,nodd,nodd
2026-09-25,portland-me,rtma,00,2026-09-25T04:00:00Z,284.45,1.6,2.92,0.0,2026-09-25T05:00:00Z,nodd,nodd
2026-09-25,portland-me,rtma,01,2026-09-25T05:00:00Z,284.19,1.39,3.48,0.0,2026-09-25T06:00:00Z,nodd,nodd
2026-09-25,portland-me,rtma,02,2026-09-25T06:00:00Z,283.76,1.1,2.4,0.0,2026-09-25T07:00:00Z,nodd,nodd
2026-09-25,portland-me,rtma,03,2026-09-25T07:00:00Z,284.19,2.55,3.89,0.0,2026-09-25T08:00:00Z,nodd,nodd
2026-09-25,portland-me,rtma,04,2026-09-25T08:00:00Z,283.93,1.86,4.72,0.0,2026-09-25T09:00:00Z,nodd,nodd
2026-09-25,portland-me,rtma,05,2026-09-25T09:00:00Z,283.83,2.41,3.81,0.0,2026-09-25T10:00:00Z,nodd,nodd
2026-09-25,portland-me,rtma,06,2026-09-25T10:00:00Z,283.93,3.13,6.5,0.0,2026-09-25T11:00:00Z,nodd,nodd
2026-09-25,portland-me,rtma,07,2026-09-25T11:00:00Z,284.0,3.07,5.09,0.0,2026-09-25T12:00:00Z,nodd,nodd
2026-09-25,portland-me,rtma,08,2026-09-25T12:00:00Z,285.46,4.25,6.7,0.0,2026-09-25T13:00:00Z,nodd,nodd
2026-09-25,portland-me,rtma,09,2026-09-25T13:00:00Z,287.5,3.85,6.5,0.0,2026-09-25T14:00:00Z,nodd,nodd
2026-09-25,portland-me,rtma,10,2026-09-25T14:00:00Z,289.09,4.48,7.23,0.0,2026-09-25T15:00:00Z,nodd,nodd
2026-09-25,portland-me,rtma,11,2026-09-25T15:00:00Z,289.93,4.12,6.05,0.0,2026-09-25T16:00:00Z,nodd,nodd
2026-09-25,portland-me,rtma,12,2026-09-25T16:00:00Z,290.65,5.2,8.12,0.0,2026-09-25T17:00:00Z,nodd,nodd
2026-09-25,portland-me,rtma,13,2026-09-25T17:00:00Z,291.08,4.76,5.7,0.0,2026-09-25T18:00:00Z,nodd,nodd
2026-09-25,portland-me,rtma,14,2026-09-25T18:00:00Z,291.17,3.63,5.6,0.0,2026-09-25T19:00:00Z,nodd,nodd
2026-09-25,portland-me,rtma,15,2026-09-25T19:00:00Z,290.62,1.48,2.59,0.0,2026-09-25T20:00:00Z,nodd,nodd
2026-09-25,portland-me,rtma,16,2026-09-25T20:00:00Z,291.27,2.84,4.85,0.0,2026-09-25T21:00:00Z,nodd,nodd
2026-09-25,portland-me,rtma,17,2026-09-25T21:00:00Z,291.07,4.12,6.43,0.0,2026-09-25T22:00:00Z,nodd,nodd
2026-09-25,portland-me,rtma,18,2026-09-25T22:00:00Z,291.85,3.0,4.32,0.0,2026-09-25T23:00:00Z,nodd,nodd
2026-09-25,portland-me,rtma,19,2026-09-25T23:00:00Z,291.33,1.94,3.15,0.0,2026-09-26T00:00:00Z,nodd,nodd
2026-09-25,portland-me,rtma,20,2026-09-26T00:00:00Z,290.28,2.2,3.36,0.0,2026-09-26T01:00:00Z,nodd,nodd
2026-09-25,portland-me,rtma,21,2026-09-26T01:00:00Z,290.85,2.93,4.9,0.0,2026-09-26T02:00:00Z,nodd,nodd
2026-09-25,portland-me,rtma,22,2026-09-26T02:00:00Z,290.65,2.34,3.72,0.0,2026-09-26T03:00:00Z,nodd,nodd
2026-09-25,portland-me,rtma,23,2026-09-26T03:00:00Z,290.32,3.41,5.6,0.0,2026-09-26T04:00:00Z,nodd,nodd
2026-09-25,portland-me,urma,00,2026-09-25T04:00:00Z,284.37,1.51,2.61,0.0,2026-09-25T05:00:00Z,nodd,nodd
2026-09-25,portland-me,urma,01,2026-09-25T05:00:00Z,284.01,1.37,3.23,0.0,2026-09-25T06:00:00Z,nodd,nodd
2026-09-25,portland-me,urma,02,2026-09-25T06:00:00Z,283.9,1.0,1.8,0.0,2026-09-25T07:00:00Z,nodd,nodd
2026-09-25,portland-me,urma,03,2026-09-25T07:00:00Z,284.03,2.48,4.66,0.0,2026-09-25T08:00:00Z,nodd,nodd
2026-09-25,portland-me,urma,04,2026-09-25T08:00:00Z,283.83,1.62,3.96,0.0,2026-09-25T09:00:00Z,nodd,nodd
2026-09-25,portland-me,urma,05,2026-09-25T09:00:00Z,283.72,2.2,4.53,0.0,2026-09-25T10:00:00Z,nodd,nodd
2026-09-25,portland-me,urma,06,2026-09-25T10:00:00Z,283.82,3.12,6.58,0.0,2026-09-25T11:00:00Z,nodd,nodd
2026-09-25,portland-me,urma,07,2026-09-25T11:00:00Z,283.96,3.2,4.88,0.0,2026-09-25T12:00:00Z,nodd,nodd
2026-09-25,portland-me,urma,08,2026-09-25T12:00:00Z,285.48,4.21,6.72,0.0,2026-09-25T13:00:00Z,nodd,nodd
2026-09-25,portland-me,urma,09,2026-09-25T13:00:00Z,287.63,3.8,6.66,0.0,2026-09-25T14:00:00Z,nodd,nodd
2026-09-25,portland-me,urma,10,2026-09-25T14:00:00Z,289.11,4.45,7.12,0.0,2026-09-25T15:00:00Z,nodd,nodd
2026-09-25,portland-me,urma,11,2026-09-25T15:00:00Z,290.13,4.03,5.87,0.0,2026-09-25T16:00:00Z,nodd,nodd
2026-09-25,portland-me,urma,12,2026-09-25T16:00:00Z,290.63,5.27,7.34,0.0,2026-09-25T17:00:00Z,nodd,nodd
2026-09-25,portland-me,urma,13,2026-09-25T17:00:00Z,291.08,4.62,5.28,0.0,2026-09-25T18:00:00Z,nodd,nodd
2026-09-25,portland-me,urma,14,2026-09-25T18:00:00Z,290.99,3.48,5.05,0.0,2026-09-25T19:00:00Z,nodd,nodd
2026-09-25,portland-me,urma,15,2026-09-25T19:00:00Z,291.09,1.72,2.85,0.0,2026-09-25T20:00:00Z,nodd,nodd
2026-09-25,portland-me,urma,16,2026-09-25T20:00:00Z,291.44,2.64,3.93,0.0,2026-09-25T21:00:00Z,nodd,nodd
2026-09-25,portland-me,urma,17,2026-09-25T21:00:00Z,291.17,4.35,5.78,0.0,2026-09-25T22:00:00Z,nodd,nodd
2026-09-25,portland-me,urma,18,2026-09-25T22:00:00Z,291.68,2.86,4.06,0.0,2026-09-25T23:00:00Z,nodd,nodd
2026-09-25,portland-me,urma,19,2026-09-25T23:00:00Z,291.22,1.53,3.0,0.0,2026-09-26T00:00:00Z,nodd,nodd
2026-09-25,portland-me,urma,20,2026-09-26T00:00:00Z,290.55,2.2,3.23,0.0,2026-09-26T01:00:00Z,nodd,nodd
2026-09-25,portland-me,urma,21,2026-09-26T01:00:00Z,291.19,2.69,4.32,0.0,2026-09-26T02:00:00Z,nodd,nodd
2026-09-25,portland-me,urma,22,2026-09-26T02:00:00Z,290.54,2.22,3.87,0.0,2026-09-26T03:00:00Z,nodd,nodd
2026-09-25,portland-me,urma,23,2026-09-26T03:00:00Z,290.57,3.24,5.11,0.0,2026-09-26T04:00:00Z,nodd,nodd
2026-09-25,manchester-nh,rtma,00,2026-09-25T04:00:00Z,280.67,0.49,1.45,0.0,2026-09-25T05:00:00Z,nodd,nodd
2026-09-25,manchester-nh,rtma,01,2026-09-25T05:00:00Z,280.22,1.16,2.11,0.0,2026-09-25T06:00:00Z,nodd,nodd
2026-09-25,manchester-nh,rtma,02,2026-09-25T06:00:00Z,279.94,1.25,1.66,0.0,2026-09-25T07:00:00Z,nodd,nodd
2026-09-25,manchester-nh,rtma,03,2026-09-25T07:00:00Z,279.65,1.54,1.54,0.0,2026-09-25T08:00:00Z,nodd,nodd
2026-09-25,manchester-nh,rtma,04,2026-09-25T08:00:00Z,279.73,1.41,1.81,0.0,2026-09-25T09:00:00Z,nodd,nodd
2026-09-25,manchester-nh,rtma,05,2026-09-25T09:00:00Z,279.4,0.83,1.62,0.0,2026-09-25T10:00:00Z,nodd,nodd
2026-09-25,manchester-nh,rtma,06,2026-09-25T10:00:00Z,279.81,1.95,2.06,0.0,2026-09-25T11:00:00Z,nodd,nodd
2026-09-25,manchester-nh,rtma,07,2026-09-25T11:00:00Z,279.61,1.68,2.83,0.0,2026-09-25T12:00:00Z,nodd,nodd
2026-09-25,manchester-nh,rtma,08,2026-09-25T12:00:00Z,280.99,1.91,3.49,0.0,2026-09-25T13:00:00Z,nodd,nodd
2026-09-25,manchester-nh,rtma,09,2026-09-25T13:00:00Z,284.33,2.54,6.88,0.0,2026-09-25T14:00:00Z,nodd,nodd
2026-09-25,manchester-nh,rtma,10,2026-09-25T14:00:00Z,287.75,2.72,8.04,0.0,2026-09-25T15:00:00Z,nodd,nodd
2026-09-25,manchester-nh,rtma,11,2026-09-25T15:00:00Z,290.7,3.13,6.99,0.0,2026-09-25T16:00:00Z,nodd,nodd
2026-09-25,manchester-nh,rtma,12,2026-09-25T16:00:00Z,292.67,4.44,10.12,0.0,2026-09-25T17:00:00Z,nodd,nodd
2026-09-25,manchester-nh,rtma,13,2026-09-25T17:00:00Z,293.55,4.33,9.35,0.0,2026-09-25T18:00:00Z,nodd,nodd
2026-09-25,manchester-nh,rtma,14,2026-09-25T18:00:00Z,293.97,3.16,10.12,0.0,2026-09-25T19:00:00Z,nodd,nodd
2026-09-25,manchester-nh,rtma,15,2026-09-25T19:00:00Z,293.91,3.32,7.92,0.0,2026-09-25T20:00:00Z,nodd,nodd
2026-09-25,manchester-nh,rtma,16,2026-09-25T20:00:00Z,293.68,2.91,6.72,0.0,2026-09-25T21:00:00Z,nodd,nodd
2026-09-25,manchester-nh,rtma,17,2026-09-25T21:00:00Z,293.19,3.06,4.37,0.0,2026-09-25T22:00:00Z,nodd,nodd
2026-09-25,manchester-nh,rtma,18,2026-09-25T22:00:00Z,291.41,1.54,4.39,0.0,2026-09-25T23:00:00Z,nodd,nodd
2026-09-25,manchester-nh,rtma,19,2026-09-25T23:00:00Z,290.2,1.15,4.31,0.0,2026-09-26T00:00:00Z,nodd,nodd
2026-09-25,manchester-nh,rtma,20,2026-09-26T00:00:00Z,290.08,0.31,6.53,0.0,2026-09-26T01:00:00Z,nodd,nodd
2026-09-25,manchester-nh,rtma,21,2026-09-26T01:00:00Z,289.46,1.66,6.42,0.0,2026-09-26T02:00:00Z,nodd,nodd
2026-09-25,manchester-nh,rtma,22,2026-09-26T02:00:00Z,289.24,1.54,4.88,0.0,2026-09-26T03:00:00Z,nodd,nodd
2026-09-25,manchester-nh,rtma,23,2026-09-26T03:00:00Z,289.02,0.88,2.63,1.125,2026-09-26T04:00:00Z,nodd,nodd
2026-09-25,manchester-nh,urma,00,2026-09-25T04:00:00Z,280.67,0.49,1.37,0.0,2026-09-25T05:00:00Z,nodd,nodd
2026-09-25,manchester-nh,urma,01,2026-09-25T05:00:00Z,280.11,1.35,2.49,0.0,2026-09-25T06:00:00Z,nodd,nodd
2026-09-25,manchester-nh,urma,02,2026-09-25T06:00:00Z,279.96,1.13,1.84,0.0,2026-09-25T07:00:00Z,nodd,nodd
2026-09-25,manchester-nh,urma,03,2026-09-25T07:00:00Z,279.99,1.69,1.69,0.0,2026-09-25T08:00:00Z,nodd,nodd
2026-09-25,manchester-nh,urma,04,2026-09-25T08:00:00Z,279.67,1.4,2.01,0.0,2026-09-25T09:00:00Z,nodd,nodd
2026-09-25,manchester-nh,urma,05,2026-09-25T09:00:00Z,279.31,0.74,1.75,0.0,2026-09-25T10:00:00Z,nodd,nodd
2026-09-25,manchester-nh,urma,06,2026-09-25T10:00:00Z,279.61,2.06,2.06,0.0,2026-09-25T11:00:00Z,nodd,nodd
2026-09-25,manchester-nh,urma,07,2026-09-25T11:00:00Z,279.41,1.3,2.6,0.0,2026-09-25T12:00:00Z,nodd,nodd
2026-09-25,manchester-nh,urma,08,2026-09-25T12:00:00Z,281.26,2.04,3.07,0.0,2026-09-25T13:00:00Z,nodd,nodd
2026-09-25,manchester-nh,urma,09,2026-09-25T13:00:00Z,284.2,2.29,6.86,0.0,2026-09-25T14:00:00Z,nodd,nodd
2026-09-25,manchester-nh,urma,10,2026-09-25T14:00:00Z,287.62,2.17,8.06,0.0,2026-09-25T15:00:00Z,nodd,nodd
2026-09-25,manchester-nh,urma,11,2026-09-25T15:00:00Z,290.65,2.74,5.67,0.0,2026-09-25T16:00:00Z,nodd,nodd
2026-09-25,manchester-nh,urma,12,2026-09-25T16:00:00Z,292.68,4.26,10.11,0.0,2026-09-25T17:00:00Z,nodd,nodd
2026-09-25,manchester-nh,urma,13,2026-09-25T17:00:00Z,293.58,4.03,9.71,0.0,2026-09-25T18:00:00Z,nodd,nodd
2026-09-25,manchester-nh,urma,14,2026-09-25T18:00:00Z,293.91,3.28,9.72,0.0,2026-09-25T19:00:00Z,nodd,nodd
2026-09-25,manchester-nh,urma,15,2026-09-25T19:00:00Z,293.97,2.46,7.59,0.0,2026-09-25T20:00:00Z,nodd,nodd
2026-09-25,manchester-nh,urma,16,2026-09-25T20:00:00Z,293.62,2.56,5.5,0.0,2026-09-25T21:00:00Z,nodd,nodd
2026-09-25,manchester-nh,urma,17,2026-09-25T21:00:00Z,293.16,2.92,4.02,0.0,2026-09-25T22:00:00Z,nodd,nodd
2026-09-25,manchester-nh,urma,18,2026-09-25T22:00:00Z,291.39,1.53,4.32,0.0,2026-09-25T23:00:00Z,nodd,nodd
2026-09-25,manchester-nh,urma,19,2026-09-25T23:00:00Z,290.28,1.26,4.26,0.0,2026-09-26T00:00:00Z,nodd,nodd
2026-09-25,manchester-nh,urma,20,2026-09-26T00:00:00Z,290.1,0.09,6.62,0.0,2026-09-26T01:00:00Z,nodd,nodd
2026-09-25,manchester-nh,urma,21,2026-09-26T01:00:00Z,289.38,1.41,6.75,0.0,2026-09-26T02:00:00Z,nodd,nodd
2026-09-25,manchester-nh,urma,22,2026-09-26T02:00:00Z,289.21,1.45,5.01,0.0,2026-09-26T03:00:00Z,nodd,nodd
2026-09-25,manchester-nh,urma,23,2026-09-26T03:00:00Z,288.86,0.66,2.92,0.078125,2026-09-26T04:00:00Z,nodd,nodd
2026-09-25,huntington-wv,rtma,00,2026-09-25T04:00:00Z,285.6,0.48,5.02,0.0,2026-09-25T05:00:00Z,nodd,nodd
2026-09-25,huntington-wv,rtma,01,2026-09-25T05:00:00Z,285.05,0.67,3.86,0.0,2026-09-25T06:00:00Z,nodd,nodd
2026-09-25,huntington-wv,rtma,02,2026-09-25T06:00:00Z,284.67,0.77,3.04,0.0,2026-09-25T07:00:00Z,nodd,nodd
2026-09-25,huntington-wv,rtma,03,2026-09-25T07:00:00Z,283.99,1.02,3.36,0.0,2026-09-25T08:00:00Z,nodd,nodd
2026-09-25,huntington-wv,rtma,04,2026-09-25T08:00:00Z,283.39,1.37,4.13,0.0,2026-09-25T09:00:00Z,nodd,nodd
2026-09-25,huntington-wv,rtma,05,2026-09-25T09:00:00Z,282.8,1.79,2.09,0.0,2026-09-25T10:00:00Z,nodd,nodd
2026-09-25,huntington-wv,rtma,06,2026-09-25T10:00:00Z,282.33,1.78,2.78,0.0,2026-09-25T11:00:00Z,nodd,nodd
2026-09-25,huntington-wv,rtma,07,2026-09-25T11:00:00Z,281.69,1.29,2.23,0.0,2026-09-25T12:00:00Z,nodd,nodd
2026-09-25,huntington-wv,rtma,08,2026-09-25T12:00:00Z,281.74,0.1,2.31,0.0,2026-09-25T13:00:00Z,nodd,nodd
2026-09-25,huntington-wv,rtma,09,2026-09-25T13:00:00Z,283.43,1.26,2.14,0.0,2026-09-25T14:00:00Z,nodd,nodd
2026-09-25,huntington-wv,rtma,10,2026-09-25T14:00:00Z,284.59,1.14,1.95,0.0,2026-09-25T15:00:00Z,nodd,nodd
2026-09-25,huntington-wv,rtma,11,2026-09-25T15:00:00Z,286.32,1.62,3.06,0.0,2026-09-25T16:00:00Z,nodd,nodd
2026-09-25,huntington-wv,rtma,12,2026-09-25T16:00:00Z,288.38,2.57,3.29,0.0,2026-09-25T17:00:00Z,nodd,nodd
2026-09-25,huntington-wv,rtma,13,2026-09-25T17:00:00Z,290.04,2.5,4.05,0.0,2026-09-25T18:00:00Z,nodd,nodd
2026-09-25,huntington-wv,rtma,14,2026-09-25T18:00:00Z,292.87,2.68,4.23,0.0,2026-09-25T19:00:00Z,nodd,nodd
2026-09-25,huntington-wv,rtma,15,2026-09-25T19:00:00Z,294.83,2.19,4.74,0.0,2026-09-25T20:00:00Z,nodd,nodd
2026-09-25,huntington-wv,rtma,16,2026-09-25T20:00:00Z,295.43,3.88,5.37,0.0,2026-09-25T21:00:00Z,nodd,nodd
2026-09-25,huntington-wv,rtma,17,2026-09-25T21:00:00Z,295.6,3.86,5.71,0.0,2026-09-25T22:00:00Z,nodd,nodd
2026-09-25,huntington-wv,rtma,18,2026-09-25T22:00:00Z,295.0,3.33,5.28,0.0,2026-09-25T23:00:00Z,nodd,nodd
2026-09-25,huntington-wv,rtma,19,2026-09-25T23:00:00Z,292.29,2.87,4.89,0.0,2026-09-26T00:00:00Z,nodd,nodd
2026-09-25,huntington-wv,rtma,20,2026-09-26T00:00:00Z,289.17,1.14,2.21,0.0,2026-09-26T01:00:00Z,nodd,nodd
2026-09-25,huntington-wv,rtma,21,2026-09-26T01:00:00Z,286.43,1.22,1.58,0.0,2026-09-26T02:00:00Z,nodd,nodd
2026-09-25,huntington-wv,rtma,22,2026-09-26T02:00:00Z,285.55,1.45,2.98,0.0,2026-09-26T03:00:00Z,nodd,nodd
2026-09-25,huntington-wv,rtma,23,2026-09-26T03:00:00Z,284.61,0.0,3.41,0.0,2026-09-26T04:00:00Z,nodd,nodd
2026-09-25,huntington-wv,urma,00,2026-09-25T04:00:00Z,285.63,0.14,4.81,0.0,2026-09-25T05:00:00Z,nodd,nodd
2026-09-25,huntington-wv,urma,01,2026-09-25T05:00:00Z,285.05,0.4,3.57,0.0,2026-09-25T06:00:00Z,nodd,nodd
2026-09-25,huntington-wv,urma,02,2026-09-25T06:00:00Z,284.69,0.58,2.96,0.0,2026-09-25T07:00:00Z,nodd,nodd
2026-09-25,huntington-wv,urma,03,2026-09-25T07:00:00Z,284.31,0.86,3.32,0.0,2026-09-25T08:00:00Z,nodd,nodd
2026-09-25,huntington-wv,urma,04,2026-09-25T08:00:00Z,283.42,1.11,4.04,0.0,2026-09-25T09:00:00Z,nodd,nodd
2026-09-25,huntington-wv,urma,05,2026-09-25T09:00:00Z,282.93,1.75,2.0,0.0,2026-09-25T10:00:00Z,nodd,nodd
2026-09-25,huntington-wv,urma,06,2026-09-25T10:00:00Z,282.31,1.37,2.73,0.0,2026-09-25T11:00:00Z,nodd,nodd
2026-09-25,huntington-wv,urma,07,2026-09-25T11:00:00Z,281.67,1.08,2.17,0.0,2026-09-25T12:00:00Z,nodd,nodd
2026-09-25,huntington-wv,urma,08,2026-09-25T12:00:00Z,281.71,0.21,2.26,0.0,2026-09-25T13:00:00Z,nodd,nodd
2026-09-25,huntington-wv,urma,09,2026-09-25T13:00:00Z,283.32,1.04,2.06,0.0,2026-09-25T14:00:00Z,nodd,nodd
2026-09-25,huntington-wv,urma,10,2026-09-25T14:00:00Z,284.52,0.72,1.96,0.0,2026-09-25T15:00:00Z,nodd,nodd
2026-09-25,huntington-wv,urma,11,2026-09-25T15:00:00Z,286.49,1.32,3.0,0.0,2026-09-25T16:00:00Z,nodd,nodd
2026-09-25,huntington-wv,urma,12,2026-09-25T16:00:00Z,288.42,2.18,3.33,0.0,2026-09-25T17:00:00Z,nodd,nodd
2026-09-25,huntington-wv,urma,13,2026-09-25T17:00:00Z,290.21,1.84,3.97,0.0,2026-09-25T18:00:00Z,nodd,nodd
2026-09-25,huntington-wv,urma,14,2026-09-25T18:00:00Z,292.96,2.12,4.19,0.0,2026-09-25T19:00:00Z,nodd,nodd
2026-09-25,huntington-wv,urma,15,2026-09-25T19:00:00Z,294.86,1.81,4.68,0.0,2026-09-25T20:00:00Z,nodd,nodd
2026-09-25,huntington-wv,urma,16,2026-09-25T20:00:00Z,295.52,3.04,5.35,0.0,2026-09-25T21:00:00Z,nodd,nodd
2026-09-25,huntington-wv,urma,17,2026-09-25T21:00:00Z,295.42,3.79,5.95,0.0,2026-09-25T22:00:00Z,nodd,nodd
2026-09-25,huntington-wv,urma,18,2026-09-25T22:00:00Z,294.91,2.85,5.12,0.0,2026-09-25T23:00:00Z,nodd,nodd
2026-09-25,huntington-wv,urma,19,2026-09-25T23:00:00Z,291.95,2.09,4.78,0.0,2026-09-26T00:00:00Z,nodd,nodd
2026-09-25,huntington-wv,urma,20,2026-09-26T00:00:00Z,288.7,0.94,1.67,0.0,2026-09-26T01:00:00Z,nodd,nodd
2026-09-25,huntington-wv,urma,21,2026-09-26T01:00:00Z,287.13,1.11,1.48,0.0,2026-09-26T02:00:00Z,nodd,nodd
2026-09-25,huntington-wv,urma,22,2026-09-26T02:00:00Z,285.5,1.17,2.92,0.0,2026-09-26T03:00:00Z,nodd,nodd
2026-09-25,huntington-wv,urma,23,2026-09-26T03:00:00Z,284.85,0.03,3.27,0.0,2026-09-26T04:00:00Z,nodd,nodd
2026-09-25,sioux-falls-sd,rtma,00,2026-09-25T05:00:00Z,288.54,4.58,6.91,0.0,2026-09-25T06:00:00Z,nodd,nodd
2026-09-25,sioux-falls-sd,rtma,01,2026-09-25T06:00:00Z,288.5,3.78,7.85,0.0,2026-09-25T07:00:00Z,nodd,nodd
2026-09-25,sioux-falls-sd,rtma,02,2026-09-25T07:00:00Z,288.36,3.37,5.0,0.0,2026-09-25T08:00:00Z,nodd,nodd
2026-09-25,sioux-falls-sd,rtma,03,2026-09-25T08:00:00Z,288.38,2.84,5.54,0.0,2026-09-25T09:00:00Z,nodd,nodd
2026-09-25,sioux-falls-sd,rtma,04,2026-09-25T09:00:00Z,288.32,3.01,6.01,0.0,2026-09-25T10:00:00Z,nodd,nodd
2026-09-25,sioux-falls-sd,rtma,05,2026-09-25T10:00:00Z,288.25,2.97,5.02,0.0,2026-09-25T11:00:00Z,nodd,nodd
2026-09-25,sioux-falls-sd,rtma,06,2026-09-25T11:00:00Z,288.07,3.18,4.69,0.0,2026-09-25T12:00:00Z,nodd,nodd
2026-09-25,sioux-falls-sd,rtma,07,2026-09-25T12:00:00Z,287.95,3.46,7.24,0.0,2026-09-25T13:00:00Z,nodd,nodd
2026-09-25,sioux-falls-sd,rtma,08,2026-09-25T13:00:00Z,287.81,3.63,5.85,0.0,2026-09-25T14:00:00Z,nodd,nodd
2026-09-25,sioux-falls-sd,rtma,09,2026-09-25T14:00:00Z,287.8,3.54,5.79,0.0,2026-09-25T15:00:00Z,nodd,nodd
2026-09-25,sioux-falls-sd,rtma,10,2026-09-25T15:00:00Z,288.09,3.48,7.31,0.0,2026-09-25T16:00:00Z,nodd,nodd
2026-09-25,sioux-falls-sd,rtma,11,2026-09-25T16:00:00Z,288.61,4.36,5.8,0.0,2026-09-25T17:00:00Z,nodd,nodd
2026-09-25,sioux-falls-sd,rtma,12,2026-09-25T17:00:00Z,289.29,4.18,7.83,0.0,2026-09-25T18:00:00Z,nodd,nodd
2026-09-25,sioux-falls-sd,rtma,13,2026-09-25T18:00:00Z,289.43,4.37,8.4,0.0,2026-09-25T19:00:00Z,nodd,nodd
2026-09-25,sioux-falls-sd,rtma,14,2026-09-25T19:00:00Z,289.71,5.35,8.89,0.0,2026-09-25T20:00:00Z,nodd,nodd
2026-09-25,sioux-falls-sd,rtma,15,2026-09-25T20:00:00Z,289.6,5.38,9.12,0.0,2026-09-25T21:00:00Z,nodd,nodd
2026-09-25,sioux-falls-sd,rtma,16,2026-09-25T21:00:00Z,289.17,4.98,9.16,0.0,2026-09-25T22:00:00Z,nodd,nodd
2026-09-25,sioux-falls-sd,rtma,17,2026-09-25T22:00:00Z,289.11,4.56,8.28,0.0,2026-09-25T23:00:00Z,nodd,nodd
2026-09-25,sioux-falls-sd,rtma,18,2026-09-25T23:00:00Z,288.81,4.29,5.73,0.1875,2026-09-26T00:00:00Z,nodd,nodd
2026-09-25,sioux-falls-sd,rtma,19,2026-09-26T00:00:00Z,288.58,4.63,7.52,0.0,2026-09-26T01:00:00Z,nodd,nodd
2026-09-25,sioux-falls-sd,rtma,20,2026-09-26T01:00:00Z,288.75,5.29,9.03,0.0,2026-09-26T02:00:00Z,nodd,nodd
2026-09-25,sioux-falls-sd,rtma,21,2026-09-26T02:00:00Z,288.8,5.02,8.38,0.0,2026-09-26T03:00:00Z,nodd,nodd
2026-09-25,sioux-falls-sd,rtma,22,2026-09-26T03:00:00Z,288.93,4.98,9.89,0.0,2026-09-26T04:00:00Z,nodd,nodd
2026-09-25,sioux-falls-sd,rtma,23,2026-09-26T04:00:00Z,288.96,5.1,8.69,0.328125,2026-09-26T05:00:00Z,nodd,nodd
2026-09-25,sioux-falls-sd,urma,00,2026-09-25T05:00:00Z,288.51,4.54,7.05,0.0,2026-09-25T06:00:00Z,nodd,nodd
2026-09-25,sioux-falls-sd,urma,01,2026-09-25T06:00:00Z,288.48,3.77,7.92,0.0,2026-09-25T07:00:00Z,nodd,nodd
2026-09-25,sioux-falls-sd,urma,02,2026-09-25T07:00:00Z,288.29,3.28,5.1,0.0,2026-09-25T08:00:00Z,nodd,nodd
2026-09-25,sioux-falls-sd,urma,03,2026-09-25T08:00:00Z,288.34,2.83,5.59,0.0,2026-09-25T09:00:00Z,nodd,nodd
2026-09-25,sioux-falls-sd,urma,04,2026-09-25T09:00:00Z,288.27,3.1,6.02,0.0,2026-09-25T10:00:00Z,nodd,nodd
2026-09-25,sioux-falls-sd,urma,05,2026-09-25T10:00:00Z,288.23,3.02,5.08,0.0,2026-09-25T11:00:00Z,nodd,nodd
2026-09-25,sioux-falls-sd,urma,06,2026-09-25T11:00:00Z,288.04,3.15,4.73,0.0,2026-09-25T12:00:00Z,nodd,nodd
2026-09-25,sioux-falls-sd,urma,07,2026-09-25T12:00:00Z,287.93,3.51,7.08,0.0,2026-09-25T13:00:00Z,nodd,nodd
2026-09-25,sioux-falls-sd,urma,08,2026-09-25T13:00:00Z,287.74,3.61,6.01,0.0,2026-09-25T14:00:00Z,nodd,nodd
2026-09-25,sioux-falls-sd,urma,09,2026-09-25T14:00:00Z,287.82,3.65,5.91,0.0,2026-09-25T15:00:00Z,nodd,nodd
2026-09-25,sioux-falls-sd,urma,10,2026-09-25T15:00:00Z,288.11,3.46,7.4,0.0,2026-09-25T16:00:00Z,nodd,nodd
2026-09-25,sioux-falls-sd,urma,11,2026-09-25T16:00:00Z,288.62,4.5,6.02,0.0,2026-09-25T17:00:00Z,nodd,nodd
2026-09-25,sioux-falls-sd,urma,12,2026-09-25T17:00:00Z,289.36,4.35,7.81,0.0,2026-09-25T18:00:00Z,nodd,nodd
2026-09-25,sioux-falls-sd,urma,13,2026-09-25T18:00:00Z,289.49,4.45,8.47,0.0,2026-09-25T19:00:00Z,nodd,nodd
2026-09-25,sioux-falls-sd,urma,14,2026-09-25T19:00:00Z,289.58,5.29,9.07,0.0,2026-09-25T20:00:00Z,nodd,nodd
2026-09-25,sioux-falls-sd,urma,15,2026-09-25T20:00:00Z,289.57,5.36,9.13,0.0,2026-09-25T21:00:00Z,nodd,nodd
2026-09-25,sioux-falls-sd,urma,16,2026-09-25T21:00:00Z,289.15,4.87,9.41,0.0,2026-09-25T22:00:00Z,nodd,nodd
2026-09-25,sioux-falls-sd,urma,17,2026-09-25T22:00:00Z,289.1,4.75,8.22,0.171875,2026-09-25T23:00:00Z,nodd,nodd
2026-09-25,sioux-falls-sd,urma,18,2026-09-25T23:00:00Z,288.78,4.29,5.86,0.21875,2026-09-26T00:00:00Z,nodd,nodd
2026-09-25,sioux-falls-sd,urma,19,2026-09-26T00:00:00Z,288.55,4.68,7.41,0.0,2026-09-26T01:00:00Z,nodd,nodd
2026-09-25,sioux-falls-sd,urma,20,2026-09-26T01:00:00Z,288.71,5.19,9.24,0.0,2026-09-26T02:00:00Z,nodd,nodd
2026-09-25,sioux-falls-sd,urma,21,2026-09-26T02:00:00Z,288.8,5.21,8.56,0.0,2026-09-26T03:00:00Z,nodd,nodd
2026-09-25,sioux-falls-sd,urma,22,2026-09-26T03:00:00Z,288.92,5.04,9.87,0.0,2026-09-26T04:00:00Z,nodd,nodd
2026-09-25,sioux-falls-sd,urma,23,2026-09-26T04:00:00Z,288.95,5.04,8.84,0.34375,2026-09-26T05:00:00Z,nodd,nodd
2026-09-25,fargo-nd,rtma,00,2026-09-25T05:00:00Z,289.37,4.37,8.13,0.0,2026-09-25T06:00:00Z,nodd,nodd
2026-09-25,fargo-nd,rtma,01,2026-09-25T06:00:00Z,289.44,4.14,7.52,0.0,2026-09-25T07:00:00Z,nodd,nodd
2026-09-25,fargo-nd,rtma,02,2026-09-25T07:00:00Z,289.26,3.7,7.22,0.0,2026-09-25T08:00:00Z,nodd,nodd
2026-09-25,fargo-nd,rtma,03,2026-09-25T08:00:00Z,289.12,3.45,7.35,0.0,2026-09-25T09:00:00Z,nodd,nodd
2026-09-25,fargo-nd,rtma,04,2026-09-25T09:00:00Z,288.94,3.27,6.32,0.0,2026-09-25T10:00:00Z,nodd,nodd
2026-09-25,fargo-nd,rtma,05,2026-09-25T10:00:00Z,288.87,3.41,6.05,0.0,2026-09-25T11:00:00Z,nodd,nodd
2026-09-25,fargo-nd,rtma,06,2026-09-25T11:00:00Z,288.88,3.08,6.2,0.0,2026-09-25T12:00:00Z,nodd,nodd
2026-09-25,fargo-nd,rtma,07,2026-09-25T12:00:00Z,288.92,3.02,6.93,0.0,2026-09-25T13:00:00Z,nodd,nodd
2026-09-25,fargo-nd,rtma,08,2026-09-25T13:00:00Z,288.9,3.68,7.01,0.0,2026-09-25T14:00:00Z,nodd,nodd
2026-09-25,fargo-nd,rtma,09,2026-09-25T14:00:00Z,289.15,4.13,8.09,0.0,2026-09-25T15:00:00Z,nodd,nodd
2026-09-25,fargo-nd,rtma,10,2026-09-25T15:00:00Z,289.46,3.77,8.19,0.0,2026-09-25T16:00:00Z,nodd,nodd
2026-09-25,fargo-nd,rtma,11,2026-09-25T16:00:00Z,289.5,5.21,8.61,0.0,2026-09-25T17:00:00Z,nodd,nodd
2026-09-25,fargo-nd,rtma,12,2026-09-25T17:00:00Z,290.31,4.02,8.09,0.0,2026-09-25T18:00:00Z,nodd,nodd
2026-09-25,fargo-nd,rtma,13,2026-09-25T18:00:00Z,291.15,4.72,8.25,0.0,2026-09-25T19:00:00Z,nodd,nodd
2026-09-25,fargo-nd,rtma,14,2026-09-25T19:00:00Z,291.56,5.37,9.96,0.0,2026-09-25T20:00:00Z,nodd,nodd
2026-09-25,fargo-nd,rtma,15,2026-09-25T20:00:00Z,291.75,5.12,8.41,0.0,2026-09-25T21:00:00Z,nodd,nodd
2026-09-25,fargo-nd,rtma,16,2026-09-25T21:00:00Z,291.86,4.76,9.94,0.0,2026-09-25T22:00:00Z,nodd,nodd
2026-09-25,fargo-nd,rtma,17,2026-09-25T22:00:00Z,291.51,4.4,8.33,0.0,2026-09-25T23:00:00Z,nodd,nodd
2026-09-25,fargo-nd,rtma,18,2026-09-25T23:00:00Z,291.17,4.1,9.46,0.0,2026-09-26T00:00:00Z,nodd,nodd
2026-09-25,fargo-nd,rtma,19,2026-09-26T00:00:00Z,291.02,4.17,9.64,0.0,2026-09-26T01:00:00Z,nodd,nodd
2026-09-25,fargo-nd,rtma,20,2026-09-26T01:00:00Z,290.82,5.53,8.03,0.0,2026-09-26T02:00:00Z,nodd,nodd
2026-09-25,fargo-nd,rtma,21,2026-09-26T02:00:00Z,290.65,4.69,7.29,0.0,2026-09-26T03:00:00Z,nodd,nodd
2026-09-25,fargo-nd,rtma,22,2026-09-26T03:00:00Z,290.64,4.72,6.71,0.0,2026-09-26T04:00:00Z,nodd,nodd
2026-09-25,fargo-nd,rtma,23,2026-09-26T04:00:00Z,290.81,4.74,7.71,0.0,2026-09-26T05:00:00Z,nodd,nodd
2026-09-25,fargo-nd,urma,00,2026-09-25T05:00:00Z,289.36,4.34,8.19,0.0,2026-09-25T06:00:00Z,nodd,nodd
2026-09-25,fargo-nd,urma,01,2026-09-25T06:00:00Z,289.44,4.13,7.55,0.0,2026-09-25T07:00:00Z,nodd,nodd
2026-09-25,fargo-nd,urma,02,2026-09-25T07:00:00Z,289.17,3.72,7.3,0.0,2026-09-25T08:00:00Z,nodd,nodd
2026-09-25,fargo-nd,urma,03,2026-09-25T08:00:00Z,289.11,3.52,7.46,0.0,2026-09-25T09:00:00Z,nodd,nodd
2026-09-25,fargo-nd,urma,04,2026-09-25T09:00:00Z,288.93,3.24,6.37,0.0,2026-09-25T10:00:00Z,nodd,nodd
2026-09-25,fargo-nd,urma,05,2026-09-25T10:00:00Z,288.86,3.48,6.03,0.0,2026-09-25T11:00:00Z,nodd,nodd
2026-09-25,fargo-nd,urma,06,2026-09-25T11:00:00Z,288.89,3.13,6.15,0.0,2026-09-25T12:00:00Z,nodd,nodd
2026-09-25,fargo-nd,urma,07,2026-09-25T12:00:00Z,288.93,2.88,7.01,0.0,2026-09-25T13:00:00Z,nodd,nodd
2026-09-25,fargo-nd,urma,08,2026-09-25T13:00:00Z,288.81,3.7,7.07,0.0,2026-09-25T14:00:00Z,nodd,nodd
2026-09-25,fargo-nd,urma,09,2026-09-25T14:00:00Z,289.14,4.12,8.09,0.0,2026-09-25T15:00:00Z,nodd,nodd
2026-09-25,fargo-nd,urma,10,2026-09-25T15:00:00Z,289.49,3.6,8.14,0.0,2026-09-25T16:00:00Z,nodd,nodd
2026-09-25,fargo-nd,urma,11,2026-09-25T16:00:00Z,289.51,5.29,8.56,0.0,2026-09-25T17:00:00Z,nodd,nodd
2026-09-25,fargo-nd,urma,12,2026-09-25T17:00:00Z,290.32,4.06,8.14,0.0,2026-09-25T18:00:00Z,nodd,nodd
2026-09-25,fargo-nd,urma,13,2026-09-25T18:00:00Z,291.13,4.64,8.18,0.0,2026-09-25T19:00:00Z,nodd,nodd
2026-09-25,fargo-nd,urma,14,2026-09-25T19:00:00Z,291.45,5.36,9.8,0.0,2026-09-25T20:00:00Z,nodd,nodd
2026-09-25,fargo-nd,urma,15,2026-09-25T20:00:00Z,291.75,5.11,8.53,0.0,2026-09-25T21:00:00Z,nodd,nodd
2026-09-25,fargo-nd,urma,16,2026-09-25T21:00:00Z,291.9,4.63,9.89,0.0,2026-09-25T22:00:00Z,nodd,nodd
2026-09-25,fargo-nd,urma,17,2026-09-25T22:00:00Z,291.51,4.4,8.29,0.0,2026-09-25T23:00:00Z,nodd,nodd
2026-09-25,fargo-nd,urma,18,2026-09-25T23:00:00Z,291.17,4.04,9.59,0.0,2026-09-26T00:00:00Z,nodd,nodd
2026-09-25,fargo-nd,urma,19,2026-09-26T00:00:00Z,291.01,4.21,9.63,0.0,2026-09-26T01:00:00Z,nodd,nodd
2026-09-25,fargo-nd,urma,20,2026-09-26T01:00:00Z,290.92,5.47,8.0,0.0,2026-09-26T02:00:00Z,nodd,nodd
2026-09-25,fargo-nd,urma,21,2026-09-26T02:00:00Z,290.66,4.65,7.3,0.0,2026-09-26T03:00:00Z,nodd,nodd
2026-09-25,fargo-nd,urma,22,2026-09-26T03:00:00Z,290.65,4.79,6.68,0.0,2026-09-26T04:00:00Z,nodd,nodd
2026-09-25,fargo-nd,urma,23,2026-09-26T04:00:00Z,290.8,4.71,7.82,0.0,2026-09-26T05:00:00Z,nodd,nodd
2026-09-25,burlington-vt,rtma,00,2026-09-25T04:00:00Z,282.82,2.15,2.94,0.0,2026-09-25T05:00:00Z,nodd,nodd
2026-09-25,burlington-vt,rtma,01,2026-09-25T05:00:00Z,282.14,1.26,2.35,0.0,2026-09-25T06:00:00Z,nodd,nodd
2026-09-25,burlington-vt,rtma,02,2026-09-25T06:00:00Z,281.75,1.2,2.91,0.0,2026-09-25T07:00:00Z,nodd,nodd
2026-09-25,burlington-vt,rtma,03,2026-09-25T07:00:00Z,281.24,0.84,2.56,0.0,2026-09-25T08:00:00Z,nodd,nodd
2026-09-25,burlington-vt,rtma,04,2026-09-25T08:00:00Z,280.96,0.88,2.23,0.0,2026-09-25T09:00:00Z,nodd,nodd
2026-09-25,burlington-vt,rtma,05,2026-09-25T09:00:00Z,280.83,1.39,3.08,0.0,2026-09-25T10:00:00Z,nodd,nodd
2026-09-25,burlington-vt,rtma,06,2026-09-25T10:00:00Z,280.31,1.32,3.99,0.0,2026-09-25T11:00:00Z,nodd,nodd
2026-09-25,burlington-vt,rtma,07,2026-09-25T11:00:00Z,279.88,0.68,2.07,0.0,2026-09-25T12:00:00Z,nodd,nodd
2026-09-25,burlington-vt,rtma,08,2026-09-25T12:00:00Z,281.14,0.33,2.82,0.0,2026-09-25T13:00:00Z,nodd,nodd
2026-09-25,burlington-vt,rtma,09,2026-09-25T13:00:00Z,283.85,1.81,2.79,0.0,2026-09-25T14:00:00Z,nodd,nodd
2026-09-25,burlington-vt,rtma,10,2026-09-25T14:00:00Z,285.94,1.71,1.97,0.0,2026-09-25T15:00:00Z,nodd,nodd
2026-09-25,burlington-vt,rtma,11,2026-09-25T15:00:00Z,288.5,2.09,2.58,0.0,2026-09-25T16:00:00Z,nodd,nodd
2026-09-25,burlington-vt,rtma,12,2026-09-25T16:00:00Z,290.6,2.25,3.38,0.0,2026-09-25T17:00:00Z,nodd,nodd
2026-09-25,burlington-vt,rtma,13,2026-09-25T17:00:00Z,292.15,3.46,4.34,0.0,2026-09-25T18:00:00Z,nodd,nodd
2026-09-25,burlington-vt,rtma,14,2026-09-25T18:00:00Z,293.61,4.07,4.66,0.0,2026-09-25T19:00:00Z,nodd,nodd
2026-09-25,burlington-vt,rtma,15,2026-09-25T19:00:00Z,294.98,4.09,5.57,0.0,2026-09-25T20:00:00Z,nodd,nodd
2026-09-25,burlington-vt,rtma,16,2026-09-25T20:00:00Z,295.83,5.24,6.99,0.0,2026-09-25T21:00:00Z,nodd,nodd
2026-09-25,burlington-vt,rtma,17,2026-09-25T21:00:00Z,295.79,5.3,6.57,0.0,2026-09-25T22:00:00Z,nodd,nodd
2026-09-25,burlington-vt,rtma,18,2026-09-25T22:00:00Z,294.9,4.15,4.99,0.0,2026-09-25T23:00:00Z,nodd,nodd
2026-09-25,burlington-vt,rtma,19,2026-09-25T23:00:00Z,292.23,3.4,4.25,0.0,2026-09-26T00:00:00Z,nodd,nodd
2026-09-25,burlington-vt,rtma,20,2026-09-26T00:00:00Z,290.39,2.77,4.32,0.0,2026-09-26T01:00:00Z,nodd,nodd
2026-09-25,burlington-vt,rtma,21,2026-09-26T01:00:00Z,289.54,2.93,5.53,0.0,2026-09-26T02:00:00Z,nodd,nodd
2026-09-25,burlington-vt,rtma,22,2026-09-26T02:00:00Z,288.46,2.49,4.0,0.0,2026-09-26T03:00:00Z,nodd,nodd
2026-09-25,burlington-vt,rtma,23,2026-09-26T03:00:00Z,287.33,2.39,4.08,0.0,2026-09-26T04:00:00Z,nodd,nodd
2026-09-25,burlington-vt,urma,00,2026-09-25T04:00:00Z,282.79,2.1,2.81,0.0,2026-09-25T05:00:00Z,nodd,nodd
2026-09-25,burlington-vt,urma,01,2026-09-25T05:00:00Z,282.08,1.37,2.16,0.0,2026-09-25T06:00:00Z,nodd,nodd
2026-09-25,burlington-vt,urma,02,2026-09-25T06:00:00Z,281.76,1.1,2.75,0.0,2026-09-25T07:00:00Z,nodd,nodd
2026-09-25,burlington-vt,urma,03,2026-09-25T07:00:00Z,281.64,0.55,2.38,0.0,2026-09-25T08:00:00Z,nodd,nodd
2026-09-25,burlington-vt,urma,04,2026-09-25T08:00:00Z,280.88,0.74,2.14,0.0,2026-09-25T09:00:00Z,nodd,nodd
2026-09-25,burlington-vt,urma,05,2026-09-25T09:00:00Z,280.95,1.41,2.91,0.0,2026-09-25T10:00:00Z,nodd,nodd
2026-09-25,burlington-vt,urma,06,2026-09-25T10:00:00Z,280.25,1.27,3.52,0.0,2026-09-25T11:00:00Z,nodd,nodd
2026-09-25,burlington-vt,urma,07,2026-09-25T11:00:00Z,279.69,0.6,2.0,0.0,2026-09-25T12:00:00Z,nodd,nodd
2026-09-25,burlington-vt,urma,08,2026-09-25T12:00:00Z,281.12,0.32,2.71,0.0,2026-09-25T13:00:00Z,nodd,nodd
2026-09-25,burlington-vt,urma,09,2026-09-25T13:00:00Z,283.57,1.93,2.87,0.0,2026-09-25T14:00:00Z,nodd,nodd
2026-09-25,burlington-vt,urma,10,2026-09-25T14:00:00Z,286.09,1.79,2.07,0.0,2026-09-25T15:00:00Z,nodd,nodd
2026-09-25,burlington-vt,urma,11,2026-09-25T15:00:00Z,288.61,2.26,2.49,0.0,2026-09-25T16:00:00Z,nodd,nodd
2026-09-25,burlington-vt,urma,12,2026-09-25T16:00:00Z,290.76,2.68,3.65,0.0,2026-09-25T17:00:00Z,nodd,nodd
2026-09-25,burlington-vt,urma,13,2026-09-25T17:00:00Z,292.22,3.43,4.44,0.0,2026-09-25T18:00:00Z,nodd,nodd
2026-09-25,burlington-vt,urma,14,2026-09-25T18:00:00Z,293.65,4.24,4.65,0.0,2026-09-25T19:00:00Z,nodd,nodd
2026-09-25,burlington-vt,urma,15,2026-09-25T19:00:00Z,295.26,4.14,6.15,0.0,2026-09-25T20:00:00Z,nodd,nodd
2026-09-25,burlington-vt,urma,16,2026-09-25T20:00:00Z,295.86,5.1,6.8,0.0,2026-09-25T21:00:00Z,nodd,nodd
2026-09-25,burlington-vt,urma,17,2026-09-25T21:00:00Z,295.81,5.53,6.51,0.0,2026-09-25T22:00:00Z,nodd,nodd
2026-09-25,burlington-vt,urma,18,2026-09-25T22:00:00Z,294.88,3.87,4.78,0.0,2026-09-25T23:00:00Z,nodd,nodd
2026-09-25,burlington-vt,urma,19,2026-09-25T23:00:00Z,292.16,3.46,3.96,0.0,2026-09-26T00:00:00Z,nodd,nodd
2026-09-25,burlington-vt,urma,20,2026-09-26T00:00:00Z,290.55,2.87,4.38,0.0,2026-09-26T01:00:00Z,nodd,nodd
2026-09-25,burlington-vt,urma,21,2026-09-26T01:00:00Z,289.67,2.97,5.5,0.0,2026-09-26T02:00:00Z,nodd,nodd
2026-09-25,burlington-vt,urma,22,2026-09-26T02:00:00Z,288.46,2.42,4.03,0.0,2026-09-26T03:00:00Z,nodd,nodd
2026-09-25,burlington-vt,urma,23,2026-09-26T03:00:00Z,287.46,2.57,3.87,0.0,2026-09-26T04:00:00Z,nodd,nodd
2026-09-25,billings-mt,rtma,00,2026-09-25T06:00:00Z,289.16,3.14,3.31,0.0,2026-09-25T07:00:00Z,nodd,nodd
2026-09-25,billings-mt,rtma,01,2026-09-25T07:00:00Z,287.87,2.69,2.95,0.0,2026-09-25T08:00:00Z,nodd,nodd
2026-09-25,billings-mt,rtma,02,2026-09-25T08:00:00Z,286.76,2.93,2.93,0.0,2026-09-25T09:00:00Z,nodd,nodd
2026-09-25,billings-mt,rtma,03,2026-09-25T09:00:00Z,285.37,1.81,3.32,0.0,2026-09-25T10:00:00Z,nodd,nodd
2026-09-25,billings-mt,rtma,04,2026-09-25T10:00:00Z,285.02,2.46,2.61,0.0,2026-09-25T11:00:00Z,nodd,nodd
2026-09-25,billings-mt,rtma,05,2026-09-25T11:00:00Z,284.53,1.36,2.57,0.0,2026-09-25T12:00:00Z,nodd,nodd
2026-09-25,billings-mt,rtma,06,2026-09-25T12:00:00Z,284.19,0.19,0.74,0.0,2026-09-25T13:00:00Z,nodd,nodd
2026-09-25,billings-mt,rtma,07,2026-09-25T13:00:00Z,283.71,0.87,0.87,0.0,2026-09-25T14:00:00Z,nodd,nodd
2026-09-25,billings-mt,rtma,08,2026-09-25T14:00:00Z,284.12,1.1,1.46,0.0,2026-09-25T15:00:00Z,nodd,nodd
2026-09-25,billings-mt,rtma,09,2026-09-25T15:00:00Z,286.49,0.13,0.87,0.0,2026-09-25T16:00:00Z,nodd,nodd
2026-09-25,billings-mt,rtma,10,2026-09-25T16:00:00Z,290.11,0.74,0.74,0.0,2026-09-25T17:00:00Z,nodd,nodd
2026-09-25,billings-mt,rtma,11,2026-09-25T17:00:00Z,293.23,1.06,1.06,0.0,2026-09-25T18:00:00Z,nodd,nodd
2026-09-25,billings-mt,rtma,12,2026-09-25T18:00:00Z,295.12,0.85,0.85,0.0,2026-09-25T19:00:00Z,nodd,nodd
2026-09-25,billings-mt,rtma,13,2026-09-25T19:00:00Z,296.91,1.39,2.02,0.0,2026-09-25T20:00:00Z,nodd,nodd
2026-09-25,billings-mt,rtma,14,2026-09-25T20:00:00Z,298.53,1.33,2.86,0.0,2026-09-25T21:00:00Z,nodd,nodd
2026-09-25,billings-mt,rtma,15,2026-09-25T21:00:00Z,300.32,2.08,6.15,0.0,2026-09-25T22:00:00Z,nodd,nodd
2026-09-25,billings-mt,rtma,16,2026-09-25T22:00:00Z,301.1,1.39,5.12,0.0,2026-09-25T23:00:00Z,nodd,nodd
2026-09-25,billings-mt,rtma,17,2026-09-25T23:00:00Z,301.7,1.52,5.59,0.0,2026-09-26T00:00:00Z,nodd,nodd
2026-09-25,billings-mt,rtma,18,2026-09-26T00:00:00Z,301.18,2.0,2.81,0.0,2026-09-26T01:00:00Z,nodd,nodd
2026-09-25,billings-mt,rtma,19,2026-09-26T01:00:00Z,298.42,2.09,2.49,0.0,2026-09-26T02:00:00Z,nodd,nodd
2026-09-25,billings-mt,rtma,20,2026-09-26T02:00:00Z,295.29,1.3,2.45,0.0,2026-09-26T03:00:00Z,nodd,nodd
2026-09-25,billings-mt,rtma,21,2026-09-26T03:00:00Z,294.0,2.49,3.11,0.0,2026-09-26T04:00:00Z,nodd,nodd
2026-09-25,billings-mt,rtma,22,2026-09-26T04:00:00Z,292.09,3.2,3.2,0.0,2026-09-26T05:00:00Z,nodd,nodd
2026-09-25,billings-mt,rtma,23,2026-09-26T05:00:00Z,290.83,3.65,3.65,0.0,2026-09-26T06:00:00Z,nodd,nodd
2026-09-25,billings-mt,urma,00,2026-09-25T06:00:00Z,289.06,3.11,3.29,0.0,2026-09-25T07:00:00Z,nodd,nodd
2026-09-25,billings-mt,urma,01,2026-09-25T07:00:00Z,287.86,2.93,2.95,0.0,2026-09-25T08:00:00Z,nodd,nodd
2026-09-25,billings-mt,urma,02,2026-09-25T08:00:00Z,286.95,2.98,2.98,0.0,2026-09-25T09:00:00Z,nodd,nodd
2026-09-25,billings-mt,urma,03,2026-09-25T09:00:00Z,285.67,1.84,3.24,0.0,2026-09-25T10:00:00Z,nodd,nodd
2026-09-25,billings-mt,urma,04,2026-09-25T10:00:00Z,285.22,2.32,2.55,0.0,2026-09-25T11:00:00Z,nodd,nodd
2026-09-25,billings-mt,urma,05,2026-09-25T11:00:00Z,284.67,1.42,2.57,0.0,2026-09-25T12:00:00Z,nodd,nodd
2026-09-25,billings-mt,urma,06,2026-09-25T12:00:00Z,284.37,0.3,0.57,0.0,2026-09-25T13:00:00Z,nodd,nodd
2026-09-25,billings-mt,urma,07,2026-09-25T13:00:00Z,283.99,0.86,0.86,0.0,2026-09-25T14:00:00Z,nodd,nodd
2026-09-25,billings-mt,urma,08,2026-09-25T14:00:00Z,284.49,1.23,1.31,0.0,2026-09-25T15:00:00Z,nodd,nodd
2026-09-25,billings-mt,urma,09,2026-09-25T15:00:00Z,286.87,0.03,0.75,0.0,2026-09-25T16:00:00Z,nodd,nodd
2026-09-25,billings-mt,urma,10,2026-09-25T16:00:00Z,290.14,0.87,0.87,0.0,2026-09-25T17:00:00Z,nodd,nodd
2026-09-25,billings-mt,urma,11,2026-09-25T17:00:00Z,293.25,1.37,1.37,0.0,2026-09-25T18:00:00Z,nodd,nodd
2026-09-25,billings-mt,urma,12,2026-09-25T18:00:00Z,295.19,0.63,0.67,0.0,2026-09-25T19:00:00Z,nodd,nodd
2026-09-25,billings-mt,urma,13,2026-09-25T19:00:00Z,296.91,2.1,2.1,0.0,2026-09-25T20:00:00Z,nodd,nodd
2026-09-25,billings-mt,urma,14,2026-09-25T20:00:00Z,298.77,1.53,2.59,0.0,2026-09-25T21:00:00Z,nodd,nodd
2026-09-25,billings-mt,urma,15,2026-09-25T21:00:00Z,300.2,2.54,6.01,0.0,2026-09-25T22:00:00Z,nodd,nodd
2026-09-25,billings-mt,urma,16,2026-09-25T22:00:00Z,301.28,1.5,5.02,0.0,2026-09-25T23:00:00Z,nodd,nodd
2026-09-25,billings-mt,urma,17,2026-09-25T23:00:00Z,301.68,1.12,5.58,0.0,2026-09-26T00:00:00Z,nodd,nodd
2026-09-25,billings-mt,urma,18,2026-09-26T00:00:00Z,301.15,2.22,2.83,0.0,2026-09-26T01:00:00Z,nodd,nodd
2026-09-25,billings-mt,urma,19,2026-09-26T01:00:00Z,298.38,2.19,2.4,0.0,2026-09-26T02:00:00Z,nodd,nodd
2026-09-25,billings-mt,urma,20,2026-09-26T02:00:00Z,295.08,1.34,2.57,0.0,2026-09-26T03:00:00Z,nodd,nodd
2026-09-25,billings-mt,urma,21,2026-09-26T03:00:00Z,294.21,2.56,3.32,0.0,2026-09-26T04:00:00Z,nodd,nodd
2026-09-25,billings-mt,urma,22,2026-09-26T04:00:00Z,292.18,3.12,3.18,0.0,2026-09-26T05:00:00Z,nodd,nodd
2026-09-25,billings-mt,urma,23,2026-09-26T05:00:00Z,291.03,3.7,3.7,0.0,2026-09-26T06:00:00Z,nodd,nodd
2026-09-25,cheyenne-wy,rtma,00,2026-09-25T06:00:00Z,286.43,1.41,2.65,0.0,2026-09-25T07:00:00Z,nodd,nodd
2026-09-25,cheyenne-wy,rtma,01,2026-09-25T07:00:00Z,285.94,1.2,2.71,0.0,2026-09-25T08:00:00Z,nodd,nodd
2026-09-25,cheyenne-wy,rtma,02,2026-09-25T08:00:00Z,285.7,2.12,2.17,0.0,2026-09-25T09:00:00Z,nodd,nodd
2026-09-25,cheyenne-wy,rtma,03,2026-09-25T09:00:00Z,285.82,1.27,2.65,0.0,2026-09-25T10:00:00Z,nodd,nodd
2026-09-25,cheyenne-wy,rtma,04,2026-09-25T10:00:00Z,285.25,1.82,2.9,0.0,2026-09-25T11:00:00Z,nodd,nodd
2026-09-25,cheyenne-wy,rtma,05,2026-09-25T11:00:00Z,284.8,1.02,2.12,0.0,2026-09-25T12:00:00Z,nodd,nodd
2026-09-25,cheyenne-wy,rtma,06,2026-09-25T12:00:00Z,284.6,1.7,2.21,0.0,2026-09-25T13:00:00Z,nodd,nodd
2026-09-25,cheyenne-wy,rtma,07,2026-09-25T13:00:00Z,284.46,1.27,2.92,0.0,2026-09-25T14:00:00Z,nodd,nodd
2026-09-25,cheyenne-wy,rtma,08,2026-09-25T14:00:00Z,285.99,2.57,4.31,0.0,2026-09-25T15:00:00Z,nodd,nodd
2026-09-25,cheyenne-wy,rtma,09,2026-09-25T15:00:00Z,286.63,4.64,6.36,0.0,2026-09-25T16:00:00Z,nodd,nodd
2026-09-25,cheyenne-wy,rtma,10,2026-09-25T16:00:00Z,286.08,4.59,5.67,0.0,2026-09-25T17:00:00Z,nodd,nodd
2026-09-25,cheyenne-wy,rtma,11,2026-09-25T17:00:00Z,287.01,4.68,7.72,0.0,2026-09-25T18:00:00Z,nodd,nodd
2026-09-25,cheyenne-wy,rtma,12,2026-09-25T18:00:00Z,288.38,3.9,6.28,0.0,2026-09-25T19:00:00Z,nodd,nodd
2026-09-25,cheyenne-wy,rtma,13,2026-09-25T19:00:00Z,289.66,4.45,5.87,0.0,2026-09-25T20:00:00Z,nodd,nodd
2026-09-25,cheyenne-wy,rtma,14,2026-09-25T20:00:00Z,291.3,4.92,8.83,0.0,2026-09-25T21:00:00Z,nodd,nodd
2026-09-25,cheyenne-wy,rtma,15,2026-09-25T21:00:00Z,291.81,5.03,7.25,0.0,2026-09-25T22:00:00Z,nodd,nodd
2026-09-25,cheyenne-wy,rtma,16,2026-09-25T22:00:00Z,292.0,5.17,9.01,0.0,2026-09-25T23:00:00Z,nodd,nodd
2026-09-25,cheyenne-wy,rtma,17,2026-09-25T23:00:00Z,291.15,5.42,9.38,0.0,2026-09-26T00:00:00Z,nodd,nodd
2026-09-25,cheyenne-wy,rtma,18,2026-09-26T00:00:00Z,291.1,5.63,6.88,0.0,2026-09-26T01:00:00Z,nodd,nodd
2026-09-25,cheyenne-wy,rtma,19,2026-09-26T01:00:00Z,289.32,3.17,3.94,0.0,2026-09-26T02:00:00Z,nodd,nodd
2026-09-25,cheyenne-wy,rtma,20,2026-09-26T02:00:00Z,287.46,3.06,3.99,0.0,2026-09-26T03:00:00Z,nodd,nodd
2026-09-25,cheyenne-wy,rtma,21,2026-09-26T03:00:00Z,286.12,1.65,2.31,0.0,2026-09-26T04:00:00Z,nodd,nodd
2026-09-25,cheyenne-wy,rtma,22,2026-09-26T04:00:00Z,285.02,2.01,2.01,0.0,2026-09-26T05:00:00Z,nodd,nodd
2026-09-25,cheyenne-wy,rtma,23,2026-09-26T05:00:00Z,284.56,2.59,3.39,0.0,2026-09-26T06:00:00Z,nodd,nodd
2026-09-25,cheyenne-wy,urma,00,2026-09-25T06:00:00Z,286.44,1.48,2.13,0.0,2026-09-25T07:00:00Z,nodd,nodd
2026-09-25,cheyenne-wy,urma,01,2026-09-25T07:00:00Z,286.39,1.21,2.61,0.0,2026-09-25T08:00:00Z,nodd,nodd
2026-09-25,cheyenne-wy,urma,02,2026-09-25T08:00:00Z,285.65,2.03,2.16,0.0,2026-09-25T09:00:00Z,nodd,nodd
2026-09-25,cheyenne-wy,urma,03,2026-09-25T09:00:00Z,285.87,1.48,2.6,0.0,2026-09-25T10:00:00Z,nodd,nodd
2026-09-25,cheyenne-wy,urma,04,2026-09-25T10:00:00Z,285.24,1.82,2.82,0.0,2026-09-25T11:00:00Z,nodd,nodd
2026-09-25,cheyenne-wy,urma,05,2026-09-25T11:00:00Z,284.84,1.05,2.08,0.0,2026-09-25T12:00:00Z,nodd,nodd
2026-09-25,cheyenne-wy,urma,06,2026-09-25T12:00:00Z,284.47,1.71,1.71,0.0,2026-09-25T13:00:00Z,nodd,nodd
2026-09-25,cheyenne-wy,urma,07,2026-09-25T13:00:00Z,284.49,1.24,2.47,0.0,2026-09-25T14:00:00Z,nodd,nodd
2026-09-25,cheyenne-wy,urma,08,2026-09-25T14:00:00Z,285.94,2.39,3.74,0.0,2026-09-25T15:00:00Z,nodd,nodd
2026-09-25,cheyenne-wy,urma,09,2026-09-25T15:00:00Z,286.59,4.52,6.39,0.0,2026-09-25T16:00:00Z,nodd,nodd
2026-09-25,cheyenne-wy,urma,10,2026-09-25T16:00:00Z,286.0,4.4,5.49,0.0,2026-09-25T17:00:00Z,nodd,nodd
2026-09-25,cheyenne-wy,urma,11,2026-09-25T17:00:00Z,286.92,4.27,7.5,0.0,2026-09-25T18:00:00Z,nodd,nodd
2026-09-25,cheyenne-wy,urma,12,2026-09-25T18:00:00Z,288.19,3.65,5.41,0.0,2026-09-25T19:00:00Z,nodd,nodd
2026-09-25,cheyenne-wy,urma,13,2026-09-25T19:00:00Z,289.94,4.81,5.99,0.0,2026-09-25T20:00:00Z,nodd,nodd
2026-09-25,cheyenne-wy,urma,14,2026-09-25T20:00:00Z,291.21,4.84,8.43,0.0,2026-09-25T21:00:00Z,nodd,nodd
2026-09-25,cheyenne-wy,urma,15,2026-09-25T21:00:00Z,291.88,5.43,7.17,0.0,2026-09-25T22:00:00Z,nodd,nodd
2026-09-25,cheyenne-wy,urma,16,2026-09-25T22:00:00Z,291.95,5.11,9.05,0.0,2026-09-25T23:00:00Z,nodd,nodd
2026-09-25,cheyenne-wy,urma,17,2026-09-25T23:00:00Z,291.1,5.5,9.32,0.0,2026-09-26T00:00:00Z,nodd,nodd
2026-09-25,cheyenne-wy,urma,18,2026-09-26T00:00:00Z,291.06,5.49,6.51,0.0,2026-09-26T01:00:00Z,nodd,nodd
2026-09-25,cheyenne-wy,urma,19,2026-09-26T01:00:00Z,289.75,2.79,3.57,0.0,2026-09-26T02:00:00Z,nodd,nodd
2026-09-25,cheyenne-wy,urma,20,2026-09-26T02:00:00Z,287.44,2.87,3.86,0.0,2026-09-26T03:00:00Z,nodd,nodd
2026-09-25,cheyenne-wy,urma,21,2026-09-26T03:00:00Z,286.12,1.76,2.02,0.0,2026-09-26T04:00:00Z,nodd,nodd
2026-09-25,cheyenne-wy,urma,22,2026-09-26T04:00:00Z,285.09,2.16,2.16,0.0,2026-09-26T05:00:00Z,nodd,nodd
2026-09-25,cheyenne-wy,urma,23,2026-09-26T05:00:00Z,284.51,2.41,2.95,0.0,2026-09-26T06:00:00Z,nodd,nodd
