date,location,local_hour,valid_utc,temp_k,wind_ms,gust_ms,precip_mm,precip_file_utc,analysis_source,precip_source
2026-09-28,new-york-ny,00,2026-09-28T04:00:00Z,289.58,7.3,10.19,0.546875,2026-09-28T05:00:00Z,nodd,nodd
2026-09-28,new-york-ny,01,2026-09-28T05:00:00Z,289.53,7.84,9.97,0.390625,2026-09-28T06:00:00Z,nodd,nodd
2026-09-28,new-york-ny,02,2026-09-28T06:00:00Z,289.28,7.51,9.81,0.78125,2026-09-28T07:00:00Z,nodd,nodd
2026-09-28,new-york-ny,03,2026-09-28T07:00:00Z,289.04,6.66,9.24,0.5625,2026-09-28T08:00:00Z,nodd,nodd
2026-09-28,new-york-ny,04,2026-09-28T08:00:00Z,289.08,6.32,9.65,0.140625,2026-09-28T09:00:00Z,nodd,nodd
2026-09-28,new-york-ny,05,2026-09-28T09:00:00Z,288.91,6.51,9.11,0.640625,2026-09-28T10:00:00Z,nodd,nodd
2026-09-28,new-york-ny,06,2026-09-28T10:00:00Z,288.59,6.0,8.57,0.3125,2026-09-28T11:00:00Z,nodd,nodd
2026-09-28,new-york-ny,07,2026-09-28T11:00:00Z,288.57,5.74,9.05,0.03125,2026-09-28T12:00:00Z,nodd,nodd
2026-09-28,new-york-ny,08,2026-09-28T12:00:00Z,288.33,7.4,9.96,0.0,2026-09-28T13:00:00Z,nodd,nodd
2026-09-28,new-york-ny,09,2026-09-28T13:00:00Z,288.46,6.43,9.17,0.234375,2026-09-28T14:00:00Z,nodd,nodd
2026-09-28,new-york-ny,10,2026-09-28T14:00:00Z,288.41,5.59,7.95,0.59375,2026-09-28T15:00:00Z,nodd,nodd
2026-09-28,new-york-ny,11,2026-09-28T15:00:00Z,288.51,5.56,7.64,0.28125,2026-09-28T16:00:00Z,nodd,nodd
2026-09-28,new-york-ny,12,2026-09-28T16:00:00Z,288.91,5.03,8.48,0.0625,2026-09-28T17:00:00Z,nodd,nodd
2026-09-28,new-york-ny,13,2026-09-28T17:00:00Z,289.33,4.95,6.68,0.0,2026-09-28T18:00:00Z,nodd,nodd
2026-09-28,new-york-ny,14,2026-09-28T18:00:00Z,289.63,4.28,5.05,0.0,2026-09-28T19:00:00Z,nodd,nodd
2026-09-28,new-york-ny,15,2026-09-28T19:00:00Z,289.97,5.03,7.96,0.0,2026-09-28T20:00:00Z,nodd,nodd
2026-09-28,new-york-ny,16,2026-09-28T20:00:00Z,290.3,3.64,6.56,0.0,2026-09-28T21:00:00Z,nodd,nodd
2026-09-28,new-york-ny,17,2026-09-28T21:00:00Z,290.6,4.35,6.26,0.0,2026-09-28T22:00:00Z,nodd,nodd
2026-09-28,new-york-ny,18,2026-09-28T22:00:00Z,290.92,3.49,5.78,0.0,2026-09-28T23:00:00Z,nodd,nodd
2026-09-28,new-york-ny,19,2026-09-28T23:00:00Z,290.87,4.26,6.1,0.0,2026-09-29T00:00:00Z,nodd,nodd
2026-09-28,new-york-ny,20,2026-09-29T00:00:00Z,290.62,3.0,3.93,0.0,2026-09-29T01:00:00Z,nodd,nodd
2026-09-28,new-york-ny,21,2026-09-29T01:00:00Z,290.63,2.59,3.15,0.0,2026-09-29T02:00:00Z,nodd,nodd
2026-09-28,new-york-ny,22,2026-09-29T02:00:00Z,290.56,2.48,3.46,0.0,2026-09-29T03:00:00Z,nodd,nodd
2026-09-28,new-york-ny,23,2026-09-29T03:00:00Z,290.69,1.96,3.56,0.0,2026-09-29T04:00:00Z,nodd,nodd
2026-09-28,los-angeles-ca,00,2026-09-28T07:00:00Z,294.63,0.56,2.68,0.0,2026-09-28T08:00:00Z,nodd,nodd
2026-09-28,los-angeles-ca,01,2026-09-28T08:00:00Z,294.83,0.79,2.16,0.0,2026-09-28T09:00:00Z,nodd,nodd
2026-09-28,los-angeles-ca,02,2026-09-28T09:00:00Z,294.53,1.05,2.18,0.0,2026-09-28T10:00:00Z,nodd,nodd
2026-09-28,los-angeles-ca,03,2026-09-28T10:00:00Z,294.07,1.38,4.72,0.0,2026-09-28T11:00:00Z,nodd,nodd
2026-09-28,los-angeles-ca,04,2026-09-28T11:00:00Z,293.29,1.59,3.28,0.0,2026-09-28T12:00:00Z,nodd,nodd
2026-09-28,los-angeles-ca,05,2026-09-28T12:00:00Z,292.64,2.11,2.63,0.0,2026-09-28T13:00:00Z,nodd,nodd
2026-09-28,los-angeles-ca,06,2026-09-28T13:00:00Z,291.88,0.79,2.55,0.0,2026-09-28T14:00:00Z,nodd,nodd
2026-09-28,los-angeles-ca,07,2026-09-28T14:00:00Z,291.9,1.06,1.79,0.0,2026-09-28T15:00:00Z,nodd,nodd
2026-09-28,los-angeles-ca,08,2026-09-28T15:00:00Z,293.39,0.0,1.91,0.0,2026-09-28T16:00:00Z,nodd,nodd
2026-09-28,los-angeles-ca,09,2026-09-28T16:00:00Z,294.95,0.78,3.75,0.0,2026-09-28T17:00:00Z,nodd,nodd
2026-09-28,los-angeles-ca,10,2026-09-28T17:00:00Z,296.39,1.04,2.34,0.0,2026-09-28T18:00:00Z,nodd,nodd
2026-09-28,los-angeles-ca,11,2026-09-28T18:00:00Z,297.99,1.49,3.29,0.0,2026-09-28T19:00:00Z,nodd,nodd
2026-09-28,los-angeles-ca,12,2026-09-28T19:00:00Z,299.27,2.06,2.31,0.0,2026-09-28T20:00:00Z,nodd,nodd
2026-09-28,los-angeles-ca,13,2026-09-28T20:00:00Z,300.41,2.69,5.05,0.0,2026-09-28T21:00:00Z,nodd,nodd
2026-09-28,los-angeles-ca,14,2026-09-28T21:00:00Z,299.48,4.6,8.29,0.0,2026-09-28T22:00:00Z,nodd,nodd
2026-09-28,los-angeles-ca,15,2026-09-28T22:00:00Z,298.25,6.09,9.09,0.0,2026-09-28T23:00:00Z,nodd,nodd
2026-09-28,los-angeles-ca,16,2026-09-28T23:00:00Z,298.05,4.88,7.46,0.0,2026-09-29T00:00:00Z,nodd,nodd
2026-09-28,los-angeles-ca,17,2026-09-29T00:00:00Z,297.42,4.85,8.73,0.0,2026-09-29T01:00:00Z,nodd,nodd
2026-09-28,los-angeles-ca,18,2026-09-29T01:00:00Z,296.87,3.55,6.59,0.0,2026-09-29T02:00:00Z,nodd,nodd
2026-09-28,los-angeles-ca,19,2026-09-29T02:00:00Z,295.31,2.34,4.83,0.0,2026-09-29T03:00:00Z,nodd,nodd
2026-09-28,los-angeles-ca,20,2026-09-29T03:00:00Z,294.32,1.54,4.56,0.0,2026-09-29T04:00:00Z,nodd,nodd
2026-09-28,los-angeles-ca,21,2026-09-29T04:00:00Z,293.38,0.88,3.22,0.0,2026-09-29T05:00:00Z,nodd,nodd
2026-09-28,los-angeles-ca,22,2026-09-29T05:00:00Z,292.47,1.2,2.61,0.0,2026-09-29T06:00:00Z,nodd,nodd
2026-09-28,los-angeles-ca,23,2026-09-29T06:00:00Z,292.04,1.6,3.64,0.0,2026-09-29T07:00:00Z,nodd,nodd
2026-09-28,chicago-il,00,2026-09-28T05:00:00Z,286.66,1.83,3.07,0.0,2026-09-28T06:00:00Z,nodd,nodd
2026-09-28,chicago-il,01,2026-09-28T06:00:00Z,285.99,1.83,3.75,0.0,2026-09-28T07:00:00Z,nodd,nodd
2026-09-28,chicago-il,02,2026-09-28T07:00:00Z,285.29,0.97,3.99,0.0,2026-09-28T08:00:00Z,nodd,nodd
2026-09-28,chicago-il,03,2026-09-28T08:00:00Z,284.91,1.42,3.16,0.0,2026-09-28T09:00:00Z,nodd,nodd
2026-09-28,chicago-il,04,2026-09-28T09:00:00Z,284.66,1.68,4.65,0.0,2026-09-28T10:00:00Z,nodd,nodd
2026-09-28,chicago-il,05,2026-09-28T10:00:00Z,284.39,1.29,4.39,0.0,2026-09-28T11:00:00Z,nodd,nodd
2026-09-28,chicago-il,06,2026-09-28T11:00:00Z,284.51,0.93,2.98,0.0,2026-09-28T12:00:00Z,nodd,nodd
2026-09-28,chicago-il,07,2026-09-28T12:00:00Z,284.25,1.74,4.8,0.0,2026-09-28T13:00:00Z,nodd,nodd
2026-09-28,chicago-il,08,2026-09-28T13:00:00Z,286.15,1.49,3.52,0.0,2026-09-28T14:00:00Z,nodd,nodd
2026-09-28,chicago-il,09,2026-09-28T14:00:00Z,289.3,2.31,4.01,0.0,2026-09-28T15:00:00Z,nodd,nodd
2026-09-28,chicago-il,10,2026-09-28T15:00:00Z,291.26,2.2,5.27,0.0,2026-09-28T16:00:00Z,nodd,nodd
2026-09-28,chicago-il,11,2026-09-28T16:00:00Z,292.15,3.51,4.64,0.0,2026-09-28T17:00:00Z,nodd,nodd
2026-09-28,chicago-il,12,2026-09-28T17:00:00Z,292.85,2.1,4.7,0.0,2026-09-28T18:00:00Z,nodd,nodd
2026-09-28,chicago-il,13,2026-09-28T18:00:00Z,293.09,3.04,3.28,0.0,2026-09-28T19:00:00Z,nodd,nodd
2026-09-28,chicago-il,14,2026-09-28T19:00:00Z,293.0,3.38,3.38,0.0,2026-09-28T20:00:00Z,nodd,nodd
2026-09-28,chicago-il,15,2026-09-28T20:00:00Z,293.07,3.48,3.48,0.0,2026-09-28T21:00:00Z,nodd,nodd
2026-09-28,chicago-il,16,2026-09-28T21:00:00Z,292.88,3.9,4.12,0.0,2026-09-28T22:00:00Z,nodd,nodd
2026-09-28,chicago-il,17,2026-09-28T22:00:00Z,292.62,3.17,3.79,0.0,2026-09-28T23:00:00Z,nodd,nodd
2026-09-28,chicago-il,18,2026-09-28T23:00:00Z,292.21,2.7,3.06,0.0,2026-09-29T00:00:00Z,nodd,nodd
2026-09-28,chicago-il,19,2026-09-29T00:00:00Z,290.75,1.62,4.15,0.0,2026-09-29T01:00:00Z,nodd,nodd
2026-09-28,chicago-il,20,2026-09-29T01:00:00Z,289.87,1.46,2.16,0.0,2026-09-29T02:00:00Z,nodd,nodd
2026-09-28,chicago-il,21,2026-09-29T02:00:00Z,289.44,2.28,2.62,0.0,2026-09-29T03:00:00Z,nodd,nodd
2026-09-28,chicago-il,22,2026-09-29T03:00:00Z,289.16,1.62,2.2,0.0,2026-09-29T04:00:00Z,nodd,nodd
2026-09-28,chicago-il,23,2026-09-29T04:00:00Z,288.63,1.08,1.34,0.0,2026-09-29T05:00:00Z,nodd,nodd
2026-09-28,dallas-tx,00,2026-09-28T05:00:00Z,302.69,3.32,4.78,0.0,2026-09-28T06:00:00Z,nodd,nodd
2026-09-28,dallas-tx,01,2026-09-28T06:00:00Z,301.89,3.42,3.42,0.0,2026-09-28T07:00:00Z,nodd,nodd
2026-09-28,dallas-tx,02,2026-09-28T07:00:00Z,301.34,2.23,5.75,0.0,2026-09-28T08:00:00Z,nodd,nodd
2026-09-28,dallas-tx,03,2026-09-28T08:00:00Z,300.84,1.92,4.23,0.0,2026-09-28T09:00:00Z,nodd,nodd
2026-09-28,dallas-tx,04,2026-09-28T09:00:00Z,300.33,1.65,3.93,0.0,2026-09-28T10:00:00Z,nodd,nodd
2026-09-28,dallas-tx,05,2026-09-28T10:00:00Z,299.54,2.09,3.59,0.0,2026-09-28T11:00:00Z,nodd,nodd
2026-09-28,dallas-tx,06,2026-09-28T11:00:00Z,299.02,2.6,2.95,0.0,2026-09-28T12:00:00Z,nodd,nodd
2026-09-28,dallas-tx,07,2026-09-28T12:00:00Z,298.61,2.19,3.62,0.0,2026-09-28T13:00:00Z,nodd,nodd
2026-09-28,dallas-tx,08,2026-09-28T13:00:00Z,298.89,2.92,4.39,0.0,2026-09-28T14:00:00Z,nodd,nodd
2026-09-28,dallas-tx,09,2026-09-28T14:00:00Z,300.03,2.6,5.66,0.0,2026-09-28T15:00:00Z,nodd,nodd
2026-09-28,dallas-tx,10,2026-09-28T15:00:00Z,301.48,2.09,3.84,0.0,2026-09-28T16:00:00Z,nodd,nodd
2026-09-28,dallas-tx,11,2026-09-28T16:00:00Z,303.02,2.97,4.55,0.0,2026-09-28T17:00:00Z,nodd,nodd
2026-09-28,dallas-tx,12,2026-09-28T17:00:00Z,304.07,3.02,5.03,0.0,2026-09-28T18:00:00Z,nodd,nodd
2026-09-28,dallas-tx,13,2026-09-28T18:00:00Z,304.73,4.07,8.88,0.0,2026-09-28T19:00:00Z,nodd,nodd
2026-09-28,dallas-tx,14,2026-09-28T19:00:00Z,305.72,3.43,5.57,0.0,2026-09-28T20:00:00Z,nodd,nodd
2026-09-28,dallas-tx,15,2026-09-28T20:00:00Z,307.56,3.97,4.46,0.0,2026-09-28T21:00:00Z,nodd,nodd
2026-09-28,dallas-tx,16,2026-09-28T21:00:00Z,307.37,4.19,9.47,0.0,2026-09-28T22:00:00Z,nodd,nodd
2026-09-28,dallas-tx,17,2026-09-28T22:00:00Z,307.9,3.66,6.74,0.0,2026-09-28T23:00:00Z,nodd,nodd
2026-09-28,dallas-tx,18,2026-09-28T23:00:00Z,307.26,3.54,7.9,0.0,2026-09-29T00:00:00Z,nodd,nodd
2026-09-28,dallas-tx,19,2026-09-29T00:00:00Z,306.31,4.6,10.04,0.0,2026-09-29T01:00:00Z,nodd,nodd
2026-09-28,dallas-tx,20,2026-09-29T01:00:00Z,304.71,3.97,6.22,0.0,2026-09-29T02:00:00Z,nodd,nodd
2026-09-28,dallas-tx,21,2026-09-29T02:00:00Z,303.73,4.81,7.57,0.0,2026-09-29T03:00:00Z,nodd,nodd
2026-09-28,dallas-tx,22,2026-09-29T03:00:00Z,302.91,4.25,5.77,0.0,2026-09-29T04:00:00Z,nodd,nodd
2026-09-28,dallas-tx,23,2026-09-29T04:00:00Z,302.32,4.49,8.98,0.0,2026-09-29T05:00:00Z,nodd,nodd
2026-09-28,houston-tx,00,2026-09-28T05:00:00Z,300.62,1.73,4.0,0.0,2026-09-28T06:00:00Z,nodd,nodd
2026-09-28,houston-tx,01,2026-09-28T06:00:00Z,300.45,1.76,3.24,0.0,2026-09-28T07:00:00Z,nodd,nodd
2026-09-28,houston-tx,02,2026-09-28T07:00:00Z,300.27,1.02,3.21,0.0,2026-09-28T08:00:00Z,nodd,nodd
2026-09-28,houston-tx,03,2026-09-28T08:00:00Z,299.97,0.71,1.92,0.0,2026-09-28T09:00:00Z,nodd,nodd
2026-09-28,houston-tx,04,2026-09-28T09:00:00Z,299.48,1.76,1.79,0.0,2026-09-28T10:00:00Z,nodd,nodd
2026-09-28,houston-tx,05,2026-09-28T10:00:00Z,299.42,0.73,2.92,0.0,2026-09-28T11:00:00Z,nodd,nodd
2026-09-28,houston-tx,06,2026-09-28T11:00:00Z,299.13,1.09,1.69,0.0,2026-09-28T12:00:00Z,nodd,nodd
2026-09-28,houston-tx,07,2026-09-28T12:00:00Z,299.14,1.71,1.71,0.0,2026-09-28T13:00:00Z,nodd,nodd
2026-09-28,houston-tx,08,2026-09-28T13:00:00Z,299.2,0.69,1.94,0.0,2026-09-28T14:00:00Z,nodd,nodd
2026-09-28,houston-tx,09,2026-09-28T14:00:00Z,300.51,2.3,2.76,0.0,2026-09-28T15:00:00Z,nodd,nodd
2026-09-28,houston-tx,10,2026-09-28T15:00:00Z,302.19,1.85,2.19,0.0,2026-09-28T16:00:00Z,nodd,nodd
2026-09-28,houston-tx,11,2026-09-28T16:00:00Z,302.76,3.61,8.39,0.0,2026-09-28T17:00:00Z,nodd,nodd
2026-09-28,houston-tx,12,2026-09-28T17:00:00Z,304.55,3.43,7.65,0.0,2026-09-28T18:00:00Z,nodd,nodd
2026-09-28,houston-tx,13,2026-09-28T18:00:00Z,305.26,3.37,9.06,0.0,2026-09-28T19:00:00Z,nodd,nodd
2026-09-28,houston-tx,14,2026-09-28T19:00:00Z,305.21,4.7,4.7,0.0,2026-09-28T20:00:00Z,nodd,nodd
2026-09-28,houston-tx,15,2026-09-28T20:00:00Z,306.35,4.04,8.1,0.0,2026-09-28T21:00:00Z,nodd,nodd
2026-09-28,houston-tx,16,2026-09-28T21:00:00Z,306.05,3.6,8.19,0.0,2026-09-28T22:00:00Z,nodd,nodd
2026-09-28,houston-tx,17,2026-09-28T22:00:00Z,305.42,4.48,7.26,0.0,2026-09-28T23:00:00Z,nodd,nodd
2026-09-28,houston-tx,18,2026-09-28T23:00:00Z,303.79,4.2,6.31,0.0,2026-09-29T00:00:00Z,nodd,nodd
2026-09-28,houston-tx,19,2026-09-29T00:00:00Z,301.92,3.72,9.27,0.0,2026-09-29T01:00:00Z,nodd,nodd
2026-09-28,houston-tx,20,2026-09-29T01:00:00Z,300.77,3.18,5.91,0.0,2026-09-29T02:00:00Z,nodd,nodd
2026-09-28,houston-tx,21,2026-09-29T02:00:00Z,300.49,2.75,5.8,0.0,2026-09-29T03:00:00Z,nodd,nodd
2026-09-28,houston-tx,22,2026-09-29T03:00:00Z,300.31,2.22,2.22,0.0,2026-09-29T04:00:00Z,nodd,nodd
2026-09-28,houston-tx,23,2026-09-29T04:00:00Z,300.0,2.31,2.99,0.0,2026-09-29T05:00:00Z,nodd,nodd
2026-09-28,miami-fl,00,2026-09-28T04:00:00Z,298.88,1.82,4.61,0.0,2026-09-28T05:00:00Z,nodd,nodd
2026-09-28,miami-fl,01,2026-09-28T05:00:00Z,297.84,2.0,3.81,0.0,2026-09-28T06:00:00Z,nodd,nodd
2026-09-28,miami-fl,02,2026-09-28T06:00:00Z,297.22,2.51,4.13,0.0,2026-09-28T07:00:00Z,nodd,nodd
2026-09-28,miami-fl,03,2026-09-28T07:00:00Z,296.83,2.71,4.35,0.0,2026-09-28T08:00:00Z,nodd,nodd
2026-09-28,miami-fl,04,2026-09-28T08:00:00Z,296.57,3.05,3.82,0.0,2026-09-28T09:00:00Z,nodd,nodd
2026-09-28,miami-fl,05,2026-09-28T09:00:00Z,296.04,1.84,3.72,0.0,2026-09-28T10:00:00Z,nodd,nodd
2026-09-28,miami-fl,06,2026-09-28T10:00:00Z,295.67,2.34,4.35,0.0,2026-09-28T11:00:00Z,nodd,nodd
2026-09-28,miami-fl,07,2026-09-28T11:00:00Z,295.59,2.46,3.21,0.0,2026-09-28T12:00:00Z,nodd,nodd
2026-09-28,miami-fl,08,2026-09-28T12:00:00Z,296.14,2.17,2.76,0.0,2026-09-28T13:00:00Z,nodd,nodd
2026-09-28,miami-fl,09,2026-09-28T13:00:00Z,298.69,2.61,3.77,0.0,2026-09-28T14:00:00Z,nodd,nodd
2026-09-28,miami-fl,10,2026-09-28T14:00:00Z,300.13,2.72,3.42,0.0,2026-09-28T15:00:00Z,nodd,nodd
2026-09-28,miami-fl,11,2026-09-28T15:00:00Z,301.83,1.72,2.69,0.0,2026-09-28T16:00:00Z,nodd,nodd
2026-09-28,miami-fl,12,2026-09-28T16:00:00Z,303.3,0.6,2.23,0.0,2026-09-28T17:00:00Z,nodd,nodd
2026-09-28,miami-fl,13,2026-09-28T17:00:00Z,303.63,2.44,2.44,0.0,2026-09-28T18:00:00Z,nodd,nodd
2026-09-28,miami-fl,14,2026-09-28T18:00:00Z,303.49,3.45,3.51,0.0,2026-09-28T19:00:00Z,nodd,nodd
2026-09-28,miami-fl,15,2026-09-28T19:00:00Z,303.46,4.03,4.03,0.0,2026-09-28T20:00:00Z,nodd,nodd
2026-09-28,miami-fl,16,2026-09-28T20:00:00Z,303.26,3.54,4.99,0.0,2026-09-28T21:00:00Z,nodd,nodd
2026-09-28,miami-fl,17,2026-09-28T21:00:00Z,302.68,4.89,9.2,0.0,2026-09-28T22:00:00Z,nodd,nodd
2026-09-28,miami-fl,18,2026-09-28T22:00:00Z,302.14,4.16,6.72,0.0,2026-09-28T23:00:00Z,nodd,nodd
2026-09-28,miami-fl,19,2026-09-28T23:00:00Z,301.17,4.53,6.67,0.0,2026-09-29T00:00:00Z,nodd,nodd
2026-09-28,miami-fl,20,2026-09-29T00:00:00Z,301.06,5.3,7.57,0.0,2026-09-29T01:00:00Z,nodd,nodd
2026-09-28,miami-fl,21,2026-09-29T01:00:00Z,300.48,4.38,7.7,0.0,2026-09-29T02:00:00Z,nodd,nodd
2026-09-28,miami-fl,22,2026-09-29T02:00:00Z,300.07,0.83,5.5,0.0,2026-09-29T03:00:00Z,nodd,nodd
2026-09-28,miami-fl,23,2026-09-29T03:00:00Z,299.43,1.49,3.14,0.0,2026-09-29T04:00:00Z,nodd,nodd
2026-09-28,washington-dc,00,2026-09-28T04:00:00Z,289.39,3.11,7.03,0.0,2026-09-28T05:00:00Z,nodd,nodd
2026-09-28,washington-dc,01,2026-09-28T05:00:00Z,289.1,3.06,8.33,0.0,2026-09-28T06:00:00Z,nodd,nodd
2026-09-28,washington-dc,02,2026-09-28T06:00:00Z,289.27,2.66,7.03,0.0,2026-09-28T07:00:00Z,nodd,nodd
2026-09-28,washington-dc,03,2026-09-28T07:00:00Z,289.42,2.88,6.22,0.0,2026-09-28T08:00:00Z,nodd,nodd
2026-09-28,washington-dc,04,2026-09-28T08:00:00Z,289.7,3.62,6.53,0.0,2026-09-28T09:00:00Z,nodd,nodd
2026-09-28,washington-dc,05,2026-09-28T09:00:00Z,289.63,3.64,6.81,0.0,2026-09-28T10:00:00Z,nodd,nodd
2026-09-28,washington-dc,06,2026-09-28T10:00:00Z,289.42,3.05,6.63,0.0,2026-09-28T11:00:00Z,nodd,nodd
2026-09-28,washington-dc,07,2026-09-28T11:00:00Z,289.39,3.34,5.85,0.0,2026-09-28T12:00:00Z,nodd,nodd
2026-09-28,washington-dc,08,2026-09-28T12:00:00Z,289.68,3.5,5.87,0.0,2026-09-28T13:00:00Z,nodd,nodd
2026-09-28,washington-dc,09,2026-09-28T13:00:00Z,290.27,3.21,7.1,0.0,2026-09-28T14:00:00Z,nodd,nodd
2026-09-28,washington-dc,10,2026-09-28T14:00:00Z,290.71,2.88,6.0,0.0,2026-09-28T15:00:00Z,nodd,nodd
2026-09-28,washington-dc,11,2026-09-28T15:00:00Z,291.31,3.71,5.8,0.0,2026-09-28T16:00:00Z,nodd,nodd
2026-09-28,washington-dc,12,2026-09-28T16:00:00Z,291.94,4.79,6.52,0.0,2026-09-28T17:00:00Z,nodd,nodd
2026-09-28,washington-dc,13,2026-09-28T17:00:00Z,292.32,4.05,7.99,0.0,2026-09-28T18:00:00Z,nodd,nodd
2026-09-28,washington-dc,14,2026-09-28T18:00:00Z,293.25,3.37,6.31,0.0,2026-09-28T19:00:00Z,nodd,nodd
2026-09-28,washington-dc,15,2026-09-28T19:00:00Z,293.77,2.69,5.1,0.0,2026-09-28T20:00:00Z,nodd,nodd
2026-09-28,washington-dc,16,2026-09-28T20:00:00Z,294.38,2.74,4.75,0.0,2026-09-28T21:00:00Z,nodd,nodd
2026-09-28,washington-dc,17,2026-09-28T21:00:00Z,294.64,2.67,4.84,0.0,2026-09-28T22:00:00Z,nodd,nodd
2026-09-28,washington-dc,18,2026-09-28T22:00:00Z,294.24,2.47,3.01,0.0,2026-09-28T23:00:00Z,nodd,nodd
2026-09-28,washington-dc,19,2026-09-28T23:00:00Z,292.89,1.79,2.81,0.0,2026-09-29T00:00:00Z,nodd,nodd
2026-09-28,washington-dc,20,2026-09-29T00:00:00Z,292.84,1.18,2.98,0.0,2026-09-29T01:00:00Z,nodd,nodd
2026-09-28,washington-dc,21,2026-09-29T01:00:00Z,292.52,1.39,2.36,0.0,2026-09-29T02:00:00Z,nodd,nodd
2026-09-28,washington-dc,22,2026-09-29T02:00:00Z,292.46,0.73,4.2,0.0,2026-09-29T03:00:00Z,nodd,nodd
2026-09-28,washington-dc,23,2026-09-29T03:00:00Z,292.52,1.74,3.33,0.0,2026-09-29T04:00:00Z,nodd,nodd
2026-09-28,atlanta-ga,00,2026-09-28T04:00:00Z,290.64,1.46,4.8,0.0,2026-09-28T05:00:00Z,nodd,nodd
2026-09-28,atlanta-ga,01,2026-09-28T05:00:00Z,289.93,1.78,4.54,0.0,2026-09-28T06:00:00Z,nodd,nodd
2026-09-28,atlanta-ga,02,2026-09-28T06:00:00Z,288.88,0.83,4.43,0.0,2026-09-28T07:00:00Z,nodd,nodd
2026-09-28,atlanta-ga,03,2026-09-28T07:00:00Z,288.09,1.08,4.31,0.0,2026-09-28T08:00:00Z,nodd,nodd
2026-09-28,atlanta-ga,04,2026-09-28T08:00:00Z,287.42,1.21,3.37,0.0,2026-09-28T09:00:00Z,nodd,nodd
2026-09-28,atlanta-ga,05,2026-09-28T09:00:00Z,286.86,0.62,2.67,0.0,2026-09-28T10:00:00Z,nodd,nodd
2026-09-28,atlanta-ga,06,2026-09-28T10:00:00Z,286.46,0.77,2.88,0.0,2026-09-28T11:00:00Z,nodd,nodd
2026-09-28,atlanta-ga,07,2026-09-28T11:00:00Z,285.95,0.51,1.64,0.0,2026-09-28T12:00:00Z,nodd,nodd
2026-09-28,atlanta-ga,08,2026-09-28T12:00:00Z,285.87,0.7,2.73,0.0,2026-09-28T13:00:00Z,nodd,nodd
2026-09-28,atlanta-ga,09,2026-09-28T13:00:00Z,288.35,0.91,2.49,0.0,2026-09-28T14:00:00Z,nodd,nodd
2026-09-28,atlanta-ga,10,2026-09-28T14:00:00Z,292.17,1.13,3.07,0.0,2026-09-28T15:00:00Z,nodd,nodd
2026-09-28,atlanta-ga,11,2026-09-28T15:00:00Z,294.9,2.99,3.89,0.0,2026-09-28T16:00:00Z,nodd,nodd
2026-09-28,atlanta-ga,12,2026-09-28T16:00:00Z,296.78,0.28,2.65,0.0,2026-09-28T17:00:00Z,nodd,nodd
2026-09-28,atlanta-ga,13,2026-09-28T17:00:00Z,298.03,1.9,2.98,0.0,2026-09-28T18:00:00Z,nodd,nodd
2026-09-28,atlanta-ga,14,2026-09-28T18:00:00Z,298.98,1.25,2.31,0.0,2026-09-28T19:00:00Z,nodd,nodd
2026-09-28,atlanta-ga,15,2026-09-28T19:00:00Z,299.84,2.53,3.67,0.0,2026-09-28T20:00:00Z,nodd,nodd
2026-09-28,atlanta-ga,16,2026-09-28T20:00:00Z,300.22,1.59,3.96,0.0,2026-09-28T21:00:00Z,nodd,nodd
2026-09-28,atlanta-ga,17,2026-09-28T21:00:00Z,300.55,2.12,4.72,0.0,2026-09-28T22:00:00Z,nodd,nodd
2026-09-28,atlanta-ga,18,2026-09-28T22:00:00Z,299.9,2.48,2.8,0.0,2026-09-28T23:00:00Z,nodd,nodd
2026-09-28,atlanta-ga,19,2026-09-28T23:00:00Z,297.94,2.02,2.79,0.0,2026-09-29T00:00:00Z,nodd,nodd
2026-09-28,atlanta-ga,20,2026-09-29T00:00:00Z,294.79,0.46,2.17,0.0,2026-09-29T01:00:00Z,nodd,nodd
2026-09-28,atlanta-ga,21,2026-09-29T01:00:00Z,292.71,0.72,2.05,0.0,2026-09-29T02:00:00Z,nodd,nodd
2026-09-28,atlanta-ga,22,2026-09-29T02:00:00Z,291.75,0.31,1.04,0.0,2026-09-29T03:00:00Z,nodd,nodd
2026-09-28,atlanta-ga,23,2026-09-29T03:00:00Z,290.5,0.73,2.12,0.0,2026-09-29T04:00:00Z,nodd,nodd
2026-09-28,philadelphia-pa,00,2026-09-28T04:00:00Z,289.06,3.3,9.23,0.46875,2026-09-28T05:00:00Z,nodd,nodd
2026-09-28,philadelphia-pa,01,2026-09-28T05:00:00Z,289.0,2.73,6.11,0.21875,2026-09-28T06:00:00Z,nodd,nodd
2026-09-28,philadelphia-pa,02,2026-09-28T06:00:00Z,288.8,3.7,7.42,0.328125,2026-09-28T07:00:00Z,nodd,nodd
2026-09-28,philadelphia-pa,03,2026-09-28T07:00:00Z,288.75,2.19,4.93,0.3125,2026-09-28T08:00:00Z,nodd,nodd
2026-09-28,philadelphia-pa,04,2026-09-28T08:00:00Z,288.64,3.36,6.79,0.015625,2026-09-28T09:00:00Z,nodd,nodd
2026-09-28,philadelphia-pa,05,2026-09-28T09:00:00Z,288.56,2.81,4.93,0.234375,2026-09-28T10:00:00Z,nodd,nodd
2026-09-28,philadelphia-pa,06,2026-09-28T10:00:00Z,288.54,1.51,6.1,0.171875,2026-09-28T11:00:00Z,nodd,nodd
2026-09-28,philadelphia-pa,07,2026-09-28T11:00:00Z,288.48,2.09,2.85,0.625,2026-09-28T12:00:00Z,nodd,nodd
2026-09-28,philadelphia-pa,08,2026-09-28T12:00:00Z,288.49,2.23,5.36,0.890625,2026-09-28T13:00:00Z,nodd,nodd
2026-09-28,philadelphia-pa,09,2026-09-28T13:00:00Z,288.72,2.16,6.34,0.0,2026-09-28T14:00:00Z,nodd,nodd
2026-09-28,philadelphia-pa,10,2026-09-28T14:00:00Z,289.36,2.81,4.61,0.0,2026-09-28T15:00:00Z,nodd,nodd
2026-09-28,philadelphia-pa,11,2026-09-28T15:00:00Z,289.82,2.01,6.02,0.0,2026-09-28T16:00:00Z,nodd,nodd
2026-09-28,philadelphia-pa,12,2026-09-28T16:00:00Z,289.96,1.63,7.62,0.0,2026-09-28T17:00:00Z,nodd,nodd
2026-09-28,philadelphia-pa,13,2026-09-28T17:00:00Z,290.51,1.47,2.5,0.0,2026-09-28T18:00:00Z,nodd,nodd
2026-09-28,philadelphia-pa,14,2026-09-28T18:00:00Z,291.21,2.39,3.69,0.0,2026-09-28T19:00:00Z,nodd,nodd
2026-09-28,philadelphia-pa,15,2026-09-28T19:00:00Z,291.89,2.7,4.66,0.0,2026-09-28T20:00:00Z,nodd,nodd
2026-09-28,philadelphia-pa,16,2026-09-28T20:00:00Z,292.35,1.92,2.45,0.0,2026-09-28T21:00:00Z,nodd,nodd
2026-09-28,philadelphia-pa,17,2026-09-28T21:00:00Z,292.04,1.97,3.06,0.0,2026-09-28T22:00:00Z,nodd,nodd
2026-09-28,philadelphia-pa,18,2026-09-28T22:00:00Z,292.16,0.85,2.23,0.0,2026-09-28T23:00:00Z,nodd,nodd
2026-09-28,philadelphia-pa,19,2026-09-28T23:00:00Z,291.85,0.23,0.95,0.0,2026-09-29T00:00:00Z,nodd,nodd
2026-09-28,philadelphia-pa,20,2026-09-29T00:00:00Z,291.45,0.64,0.85,0.0,2026-09-29T01:00:00Z,nodd,nodd
2026-09-28,philadelphia-pa,21,2026-09-29T01:00:00Z,291.17,0.92,0.92,0.0,2026-09-29T02:00:00Z,nodd,nodd
2026-09-28,philadelphia-pa,22,2026-09-29T02:00:00Z,290.96,0.99,1.43,0.0,2026-09-29T03:00:00Z,nodd,nodd
2026-09-28,philadelphia-pa,23,2026-09-29T03:00:00Z,290.78,1.09,3.18,0.0,2026-09-29T04:00:00Z,nodd,nodd
2026-09-28,phoenix-az,00,2026-09-28T07:00:00Z,301.85,1.19,2.53,0.0625,2026-09-28T08:00:00Z,nodd,nodd
2026-09-28,phoenix-az,01,2026-09-28T08:00:00Z,301.48,3.49,6.12,0.0,2026-09-28T09:00:00Z,nodd,nodd
2026-09-28,phoenix-az,02,2026-09-28T09:00:00Z,301.27,1.82,4.61,0.0,2026-09-28T10:00:00Z,nodd,nodd
2026-09-28,phoenix-az,03,2026-09-28T10:00:00Z,300.36,1.67,2.7,0.0,2026-09-28T11:00:00Z,nodd,nodd
2026-09-28,phoenix-az,04,2026-09-28T11:00:00Z,300.13,1.2,5.17,2.46875,2026-09-28T12:00:00Z,nodd,nodd
2026-09-28,phoenix-az,05,2026-09-28T12:00:00Z,299.53,4.06,4.86,0.0,2026-09-28T13:00:00Z,nodd,nodd
2026-09-28,phoenix-az,06,2026-09-28T13:00:00Z,298.57,4.33,9.22,0.0,2026-09-28T14:00:00Z,nodd,nodd
2026-09-28,phoenix-az,07,2026-09-28T14:00:00Z,298.57,4.77,8.78,0.0,2026-09-28T15:00:00Z,nodd,nodd
2026-09-28,phoenix-az,08,2026-09-28T15:00:00Z,299.28,4.22,8.82,0.0,2026-09-28T16:00:00Z,nodd,nodd
2026-09-28,phoenix-az,09,2026-09-28T16:00:00Z,299.19,4.34,10.17,0.03125,2026-09-28T17:00:00Z,nodd,nodd
2026-09-28,phoenix-az,10,2026-09-28T17:00:00Z,298.84,4.66,8.66,1.53125,2026-09-28T18:00:00Z,nodd,nodd
2026-09-28,phoenix-az,11,2026-09-28T18:00:00Z,297.72,2.59,6.9,2.03125,2026-09-28T19:00:00Z,nodd,nodd
2026-09-28,phoenix-az,12,2026-09-28T19:00:00Z,295.28,0.93,3.42,0.4375,2026-09-28T20:00:00Z,nodd,nodd
2026-09-28,phoenix-az,13,2026-09-28T20:00:00Z,296.11,2.75,7.51,0.96875,2026-09-28T21:00:00Z,nodd,nodd
2026-09-28,phoenix-az,14,2026-09-28T21:00:00Z,295.77,1.86,3.35,2.3125,2026-09-28T22:00:00Z,nodd,nodd
2026-09-28,phoenix-az,15,2026-09-28T22:00:00Z,296.02,2.17,3.78,0.5,2026-09-28T23:00:00Z,nodd,nodd
2026-09-28,phoenix-az,16,2026-09-28T23:00:00Z,295.76,2.97,3.67,0.0,2026-09-29T00:00:00Z,nodd,nodd
2026-09-28,phoenix-az,17,2026-09-29T00:00:00Z,294.78,1.99,4.37,0.25,2026-09-29T01:00:00Z,nodd,nodd
2026-09-28,phoenix-az,18,2026-09-29T01:00:00Z,295.16,1.72,3.32,0.0,2026-09-29T02:00:00Z,nodd,nodd
2026-09-28,phoenix-az,19,2026-09-29T02:00:00Z,295.21,1.36,4.39,0.0,2026-09-29T03:00:00Z,nodd,nodd
2026-09-28,phoenix-az,20,2026-09-29T03:00:00Z,295.16,1.04,5.31,0.0,2026-09-29T04:00:00Z,nodd,nodd
2026-09-28,phoenix-az,21,2026-09-29T04:00:00Z,294.98,0.92,4.97,0.0,2026-09-29T05:00:00Z,nodd,nodd
2026-09-28,phoenix-az,22,2026-09-29T05:00:00Z,294.99,1.01,4.33,0.0,2026-09-29T06:00:00Z,nodd,nodd
2026-09-28,phoenix-az,23,2026-09-29T06:00:00Z,295.07,1.82,4.86,0.0,2026-09-29T07:00:00Z,nodd,nodd
2026-09-28,boston-ma,00,2026-09-28T04:00:00Z,286.83,5.12,10.28,0.8125,2026-09-28T05:00:00Z,nodd,nodd
2026-09-28,boston-ma,01,2026-09-28T05:00:00Z,286.6,3.89,9.53,0.03125,2026-09-28T06:00:00Z,nodd,nodd
2026-09-28,boston-ma,02,2026-09-28T06:00:00Z,286.68,3.23,8.87,0.71875,2026-09-28T07:00:00Z,nodd,nodd
2026-09-28,boston-ma,03,2026-09-28T07:00:00Z,286.55,4.74,9.83,0.625,2026-09-28T08:00:00Z,nodd,nodd
2026-09-28,boston-ma,04,2026-09-28T08:00:00Z,286.37,4.54,10.14,0.03125,2026-09-28T09:00:00Z,nodd,nodd
2026-09-28,boston-ma,05,2026-09-28T09:00:00Z,286.41,4.98,11.46,0.515625,2026-09-28T10:00:00Z,nodd,nodd
2026-09-28,boston-ma,06,2026-09-28T10:00:00Z,286.26,5.06,11.01,0.765625,2026-09-28T11:00:00Z,nodd,nodd
2026-09-28,boston-ma,07,2026-09-28T11:00:00Z,286.29,4.81,9.93,6.125,2026-09-28T12:00:00Z,nodd,nodd
2026-09-28,boston-ma,08,2026-09-28T12:00:00Z,286.57,4.07,9.67,3.3125,2026-09-28T13:00:00Z,nodd,nodd
2026-09-28,boston-ma,09,2026-09-28T13:00:00Z,286.88,4.58,9.24,0.71875,2026-09-28T14:00:00Z,nodd,nodd
2026-09-28,boston-ma,10,2026-09-28T14:00:00Z,287.32,4.81,10.11,1.3125,2026-09-28T15:00:00Z,nodd,nodd
2026-09-28,boston-ma,11,2026-09-28T15:00:00Z,287.36,4.97,9.64,0.59375,2026-09-28T16:00:00Z,nodd,nodd
2026-09-28,boston-ma,12,2026-09-28T16:00:00Z,287.35,5.23,11.12,0.40625,2026-09-28T17:00:00Z,nodd,nodd
2026-09-28,boston-ma,13,2026-09-28T17:00:00Z,287.03,5.56,11.22,0.09375,2026-09-28T18:00:00Z,nodd,nodd
2026-09-28,boston-ma,14,2026-09-28T18:00:00Z,286.82,5.65,11.85,0.4375,2026-09-28T19:00:00Z,nodd,nodd
2026-09-28,boston-ma,15,2026-09-28T19:00:00Z,286.67,2.91,10.95,0.78125,2026-09-28T20:00:00Z,nodd,nodd
2026-09-28,boston-ma,16,2026-09-28T20:00:00Z,286.65,5.41,11.31,0.125,2026-09-28T21:00:00Z,nodd,nodd
2026-09-28,boston-ma,17,2026-09-28T21:00:00Z,286.8,3.38,8.06,1.90625,2026-09-28T22:00:00Z,nodd,nodd
2026-09-28,boston-ma,18,2026-09-28T22:00:00Z,286.75,3.56,9.79,1.25,2026-09-28T23:00:00Z,nodd,nodd
2026-09-28,boston-ma,19,2026-09-28T23:00:00Z,286.71,3.05,8.36,0.65625,2026-09-29T00:00:00Z,nodd,nodd
2026-09-28,boston-ma,20,2026-09-29T00:00:00Z,286.7,3.33,8.06,0.0,2026-09-29T01:00:00Z,nodd,nodd
2026-09-28,boston-ma,21,2026-09-29T01:00:00Z,286.8,3.13,7.54,0.0,2026-09-29T02:00:00Z,nodd,nodd
2026-09-28,boston-ma,22,2026-09-29T02:00:00Z,287.0,3.02,6.37,0.0,2026-09-29T03:00:00Z,nodd,nodd
2026-09-28,boston-ma,23,2026-09-29T03:00:00Z,286.87,3.07,7.19,0.0,2026-09-29T04:00:00Z,nodd,nodd
2026-09-28,riverside-ca,00,2026-09-28T07:00:00Z,297.15,0.58,0.58,0.0,2026-09-28T08:00:00Z,nodd,nodd
2026-09-28,riverside-ca,01,2026-09-28T08:00:00Z,296.25,0.96,1.24,0.0,2026-09-28T09:00:00Z,nodd,nodd
2026-09-28,riverside-ca,02,2026-09-28T09:00:00Z,295.57,0.03,2.21,0.0,2026-09-28T10:00:00Z,nodd,nodd
2026-09-28,riverside-ca,03,2026-09-28T10:00:00Z,294.36,1.48,4.19,0.0,2026-09-28T11:00:00Z,nodd,nodd
2026-09-28,riverside-ca,04,2026-09-28T11:00:00Z,294.16,1.77,3.93,0.0,2026-09-28T12:00:00Z,nodd,nodd
2026-09-28,riverside-ca,05,2026-09-28T12:00:00Z,294.08,0.18,1.27,0.0,2026-09-28T13:00:00Z,nodd,nodd
2026-09-28,riverside-ca,06,2026-09-28T13:00:00Z,293.81,1.11,1.26,0.0,2026-09-28T14:00:00Z,nodd,nodd
2026-09-28,riverside-ca,07,2026-09-28T14:00:00Z,293.41,0.3,1.62,0.0,2026-09-28T15:00:00Z,nodd,nodd
2026-09-28,riverside-ca,08,2026-09-28T15:00:00Z,293.74,0.0,1.88,0.0,2026-09-28T16:00:00Z,nodd,nodd
2026-09-28,riverside-ca,09,2026-09-28T16:00:00Z,295.79,0.0,1.33,0.0,2026-09-28T17:00:00Z,nodd,nodd
2026-09-28,riverside-ca,10,2026-09-28T17:00:00Z,297.41,0.0,2.83,0.0,2026-09-28T18:00:00Z,nodd,nodd
2026-09-28,riverside-ca,11,2026-09-28T18:00:00Z,299.08,1.15,2.89,0.0,2026-09-28T19:00:00Z,nodd,nodd
2026-09-28,riverside-ca,12,2026-09-28T19:00:00Z,300.38,3.98,3.98,0.0,2026-09-28T20:00:00Z,nodd,nodd
2026-09-28,riverside-ca,13,2026-09-28T20:00:00Z,301.45,3.23,9.51,0.0,2026-09-28T21:00:00Z,nodd,nodd
2026-09-28,riverside-ca,14,2026-09-28T21:00:00Z,301.84,4.33,7.9,0.0,2026-09-28T22:00:00Z,nodd,nodd
2026-09-28,riverside-ca,15,2026-09-28T22:00:00Z,301.92,4.19,8.51,0.0,2026-09-28T23:00:00Z,nodd,nodd
2026-09-28,riverside-ca,16,2026-09-28T23:00:00Z,301.36,6.56,11.12,0.0,2026-09-29T00:00:00Z,nodd,nodd
2026-09-28,riverside-ca,17,2026-09-29T00:00:00Z,300.43,5.71,8.67,0.0,2026-09-29T01:00:00Z,nodd,nodd
2026-09-28,riverside-ca,18,2026-09-29T01:00:00Z,298.74,5.05,8.67,0.0,2026-09-29T02:00:00Z,nodd,nodd
2026-09-28,riverside-ca,19,2026-09-29T02:00:00Z,296.53,3.82,9.87,0.0,2026-09-29T03:00:00Z,nodd,nodd
2026-09-28,riverside-ca,20,2026-09-29T03:00:00Z,295.4,1.77,5.47,0.0,2026-09-29T04:00:00Z,nodd,nodd
2026-09-28,riverside-ca,21,2026-09-29T04:00:00Z,294.61,0.0,3.0,0.0,2026-09-29T05:00:00Z,nodd,nodd
2026-09-28,riverside-ca,22,2026-09-29T05:00:00Z,293.88,1.56,3.5,0.0,2026-09-29T06:00:00Z,nodd,nodd
2026-09-28,riverside-ca,23,2026-09-29T06:00:00Z,293.46,1.25,4.23,0.0,2026-09-29T07:00:00Z,nodd,nodd
2026-09-28,san-francisco-ca,00,2026-09-28T07:00:00Z,286.9,3.22,7.7,0.0,2026-09-28T08:00:00Z,nodd,nodd
2026-09-28,san-francisco-ca,01,2026-09-28T08:00:00Z,286.43,2.93,7.23,0.0,2026-09-28T09:00:00Z,nodd,nodd
2026-09-28,san-francisco-ca,02,2026-09-28T09:00:00Z,286.25,1.69,5.99,0.0,2026-09-28T10:00:00Z,nodd,nodd
2026-09-28,san-francisco-ca,03,2026-09-28T10:00:00Z,286.14,2.23,5.97,0.0,2026-09-28T11:00:00Z,nodd,nodd
2026-09-28,san-francisco-ca,04,2026-09-28T11:00:00Z,286.2,2.52,5.4,0.0,2026-09-28T12:00:00Z,nodd,nodd
2026-09-28,san-francisco-ca,05,2026-09-28T12:00:00Z,286.17,2.14,5.96,0.0,2026-09-28T13:00:00Z,nodd,nodd
2026-09-28,san-francisco-ca,06,2026-09-28T13:00:00Z,286.53,1.51,3.82,0.0,2026-09-28T14:00:00Z,nodd,nodd
2026-09-28,san-francisco-ca,07,2026-09-28T14:00:00Z,286.59,1.52,3.09,0.0,2026-09-28T15:00:00Z,nodd,nodd
2026-09-28,san-francisco-ca,08,2026-09-28T15:00:00Z,286.82,2.24,4.18,0.0,2026-09-28T16:00:00Z,nodd,nodd
2026-09-28,san-francisco-ca,09,2026-09-28T16:00:00Z,287.6,2.06,5.11,0.0,2026-09-28T17:00:00Z,nodd,nodd
2026-09-28,san-francisco-ca,10,2026-09-28T17:00:00Z,288.78,0.98,2.22,0.0,2026-09-28T18:00:00Z,nodd,nodd
2026-09-28,san-francisco-ca,11,2026-09-28T18:00:00Z,290.1,3.14,3.77,0.0,2026-09-28T19:00:00Z,nodd,nodd
2026-09-28,san-francisco-ca,12,2026-09-28T19:00:00Z,291.51,1.33,1.98,0.0,2026-09-28T20:00:00Z,nodd,nodd
2026-09-28,san-francisco-ca,13,2026-09-28T20:00:00Z,292.88,1.51,3.85,0.0,2026-09-28T21:00:00Z,nodd,nodd
2026-09-28,san-francisco-ca,14,2026-09-28T21:00:00Z,293.13,2.86,6.35,0.0,2026-09-28T22:00:00Z,nodd,nodd
2026-09-28,san-francisco-ca,15,2026-09-28T22:00:00Z,292.19,5.27,6.88,0.0,2026-09-28T23:00:00Z,nodd,nodd
2026-09-28,san-francisco-ca,16,2026-09-28T23:00:00Z,291.41,5.75,7.41,0.0,2026-09-29T00:00:00Z,nodd,nodd
2026-09-28,san-francisco-ca,17,2026-09-29T00:00:00Z,291.14,6.41,8.51,0.0,2026-09-29T01:00:00Z,nodd,nodd
2026-09-28,san-francisco-ca,18,2026-09-29T01:00:00Z,289.57,6.85,10.62,0.0,2026-09-29T02:00:00Z,nodd,nodd
2026-09-28,san-francisco-ca,19,2026-09-29T02:00:00Z,288.21,6.4,10.77,0.0,2026-09-29T03:00:00Z,nodd,nodd
2026-09-28,san-francisco-ca,20,2026-09-29T03:00:00Z,287.81,5.74,8.75,0.0,2026-09-29T04:00:00Z,nodd,nodd
2026-09-28,san-francisco-ca,21,2026-09-29T04:00:00Z,287.45,2.73,7.83,0.0,2026-09-29T05:00:00Z,nodd,nodd
2026-09-28,san-francisco-ca,22,2026-09-29T05:00:00Z,287.13,0.88,3.65,0.0,2026-09-29T06:00:00Z,nodd,nodd
2026-09-28,san-francisco-ca,23,2026-09-29T06:00:00Z,287.04,1.56,3.48,0.0,2026-09-29T07:00:00Z,nodd,nodd
2026-09-28,detroit-mi,00,2026-09-28T04:00:00Z,288.11,2.26,5.62,0.0,2026-09-28T05:00:00Z,nodd,nodd
2026-09-28,detroit-mi,01,2026-09-28T05:00:00Z,287.35,2.94,6.1,0.0,2026-09-28T06:00:00Z,nodd,nodd
2026-09-28,detroit-mi,02,2026-09-28T06:00:00Z,286.83,1.95,5.67,0.0,2026-09-28T07:00:00Z,nodd,nodd
2026-09-28,detroit-mi,03,2026-09-28T07:00:00Z,286.02,1.68,1.83,0.0,2026-09-28T08:00:00Z,nodd,nodd
2026-09-28,detroit-mi,04,2026-09-28T08:00:00Z,285.83,1.76,6.62,0.0,2026-09-28T09:00:00Z,nodd,nodd
2026-09-28,detroit-mi,05,2026-09-28T09:00:00Z,285.47,2.19,5.61,0.0,2026-09-28T10:00:00Z,nodd,nodd
2026-09-28,detroit-mi,06,2026-09-28T10:00:00Z,285.55,2.35,6.36,0.0,2026-09-28T11:00:00Z,nodd,nodd
2026-09-28,detroit-mi,07,2026-09-28T11:00:00Z,285.35,1.92,4.55,0.0,2026-09-28T12:00:00Z,nodd,nodd
2026-09-28,detroit-mi,08,2026-09-28T12:00:00Z,285.71,2.28,4.58,0.0,2026-09-28T13:00:00Z,nodd,nodd
2026-09-28,detroit-mi,09,2026-09-28T13:00:00Z,288.14,3.07,3.07,0.0,2026-09-28T14:00:00Z,nodd,nodd
2026-09-28,detroit-mi,10,2026-09-28T14:00:00Z,290.41,2.68,4.69,0.0,2026-09-28T15:00:00Z,nodd,nodd
2026-09-28,detroit-mi,11,2026-09-28T15:00:00Z,292.31,3.26,7.08,0.0,2026-09-28T16:00:00Z,nodd,nodd
2026-09-28,detroit-mi,12,2026-09-28T16:00:00Z,294.84,3.12,4.38,0.0,2026-09-28T17:00:00Z,nodd,nodd
2026-09-28,detroit-mi,13,2026-09-28T17:00:00Z,296.17,3.92,3.92,0.0,2026-09-28T18:00:00Z,nodd,nodd
2026-09-28,detroit-mi,14,2026-09-28T18:00:00Z,297.12,2.89,5.59,0.0,2026-09-28T19:00:00Z,nodd,nodd
2026-09-28,detroit-mi,15,2026-09-28T19:00:00Z,297.21,3.85,3.85,0.0,2026-09-28T20:00:00Z,nodd,nodd
2026-09-28,detroit-mi,16,2026-09-28T20:00:00Z,297.91,2.49,2.49,0.0,2026-09-28T21:00:00Z,nodd,nodd
2026-09-28,detroit-mi,17,2026-09-28T21:00:00Z,297.68,2.22,2.58,0.0,2026-09-28T22:00:00Z,nodd,nodd
2026-09-28,detroit-mi,18,2026-09-28T22:00:00Z,297.22,3.94,3.94,0.0,2026-09-28T23:00:00Z,nodd,nodd
2026-09-28,detroit-mi,19,2026-09-28T23:00:00Z,295.56,2.9,2.93,0.0,2026-09-29T00:00:00Z,nodd,nodd
2026-09-28,detroit-mi,20,2026-09-29T00:00:00Z,293.12,2.6,2.69,0.0,2026-09-29T01:00:00Z,nodd,nodd
2026-09-28,detroit-mi,21,2026-09-29T01:00:00Z,291.57,1.95,1.95,0.0,2026-09-29T02:00:00Z,nodd,nodd
2026-09-28,detroit-mi,22,2026-09-29T02:00:00Z,290.57,1.41,1.41,0.0,2026-09-29T03:00:00Z,nodd,nodd
2026-09-28,detroit-mi,23,2026-09-29T03:00:00Z,289.05,0.16,1.6,0.0,2026-09-29T04:00:00Z,nodd,nodd
2026-09-28,seattle-wa,00,2026-09-28T07:00:00Z,285.48,0.54,0.77,0.0,2026-09-28T08:00:00Z,nodd,nodd
2026-09-28,seattle-wa,01,2026-09-28T08:00:00Z,284.21,0.66,1.79,0.0,2026-09-28T09:00:00Z,nodd,nodd
2026-09-28,seattle-wa,02,2026-09-28T09:00:00Z,283.62,0.22,2.39,0.0,2026-09-28T10:00:00Z,nodd,nodd
2026-09-28,seattle-wa,03,2026-09-28T10:00:00Z,283.43,1.35,3.09,0.0,2026-09-28T11:00:00Z,nodd,nodd
2026-09-28,seattle-wa,04,2026-09-28T11:00:00Z,282.83,2.34,2.34,0.0,2026-09-28T12:00:00Z,nodd,nodd
2026-09-28,seattle-wa,05,2026-09-28T12:00:00Z,282.86,0.7,1.48,0.0,2026-09-28T13:00:00Z,nodd,nodd
2026-09-28,seattle-wa,06,2026-09-28T13:00:00Z,282.65,0.0,0.65,0.0,2026-09-28T14:00:00Z,nodd,nodd
2026-09-28,seattle-wa,07,2026-09-28T14:00:00Z,282.33,0.52,1.13,0.0,2026-09-28T15:00:00Z,nodd,nodd
2026-09-28,seattle-wa,08,2026-09-28T15:00:00Z,281.94,1.2,3.17,0.0,2026-09-28T16:00:00Z,nodd,nodd
2026-09-28,seattle-wa,09,2026-09-28T16:00:00Z,283.81,1.96,1.99,0.0,2026-09-28T17:00:00Z,nodd,nodd
2026-09-28,seattle-wa,10,2026-09-28T17:00:00Z,285.79,2.37,2.37,0.0,2026-09-28T18:00:00Z,nodd,nodd
2026-09-28,seattle-wa,11,2026-09-28T18:00:00Z,287.5,3.3,3.3,0.0,2026-09-28T19:00:00Z,nodd,nodd
2026-09-28,seattle-wa,12,2026-09-28T19:00:00Z,287.0,3.01,3.23,0.0,2026-09-28T20:00:00Z,nodd,nodd
2026-09-28,seattle-wa,13,2026-09-28T20:00:00Z,289.64,1.77,3.32,0.0,2026-09-28T21:00:00Z,nodd,nodd
2026-09-28,seattle-wa,14,2026-09-28T21:00:00Z,289.7,2.51,5.3,0.0,2026-09-28T22:00:00Z,nodd,nodd
2026-09-28,seattle-wa,15,2026-09-28T22:00:00Z,290.97,2.8,5.04,0.0,2026-09-28T23:00:00Z,nodd,nodd
2026-09-28,seattle-wa,16,2026-09-28T23:00:00Z,291.31,2.92,6.71,0.0,2026-09-29T00:00:00Z,nodd,nodd
2026-09-28,seattle-wa,17,2026-09-29T00:00:00Z,291.35,4.06,8.02,0.0,2026-09-29T01:00:00Z,nodd,nodd
2026-09-28,seattle-wa,18,2026-09-29T01:00:00Z,290.66,4.39,8.51,0.0,2026-09-29T02:00:00Z,nodd,nodd
2026-09-28,seattle-wa,19,2026-09-29T02:00:00Z,289.87,5.2,8.27,0.0,2026-09-29T03:00:00Z,nodd,nodd
2026-09-28,seattle-wa,20,2026-09-29T03:00:00Z,289.27,4.61,7.96,0.0,2026-09-29T04:00:00Z,nodd,nodd
2026-09-28,seattle-wa,21,2026-09-29T04:00:00Z,288.66,4.62,9.23,0.0,2026-09-29T05:00:00Z,nodd,nodd
2026-09-28,seattle-wa,22,2026-09-29T05:00:00Z,288.46,4.77,9.35,0.015625,2026-09-29T06:00:00Z,nodd,nodd
2026-09-28,seattle-wa,23,2026-09-29T06:00:00Z,288.38,3.99,6.82,0.0,2026-09-29T07:00:00Z,nodd,nodd
2026-09-28,minneapolis-mn,00,2026-09-28T05:00:00Z,288.08,0.48,0.49,0.0,2026-09-28T06:00:00Z,nodd,nodd
2026-09-28,minneapolis-mn,01,2026-09-28T06:00:00Z,287.91,0.08,1.22,0.0,2026-09-28T07:00:00Z,nodd,nodd
2026-09-28,minneapolis-mn,02,2026-09-28T07:00:00Z,287.31,0.77,1.93,0.0,2026-09-28T08:00:00Z,nodd,nodd
2026-09-28,minneapolis-mn,03,2026-09-28T08:00:00Z,286.8,0.54,2.28,0.0,2026-09-28T09:00:00Z,nodd,nodd
2026-09-28,minneapolis-mn,04,2026-09-28T09:00:00Z,287.12,0.05,1.22,0.0,2026-09-28T10:00:00Z,nodd,nodd
2026-09-28,minneapolis-mn,05,2026-09-28T10:00:00Z,287.19,0.0,0.54,0.0,2026-09-28T11:00:00Z,nodd,nodd
2026-09-28,minneapolis-mn,06,2026-09-28T11:00:00Z,287.33,0.01,0.14,0.0,2026-09-28T12:00:00Z,nodd,nodd
2026-09-28,minneapolis-mn,07,2026-09-28T12:00:00Z,287.58,0.27,0.46,0.0,2026-09-28T13:00:00Z,nodd,nodd
2026-09-28,minneapolis-mn,08,2026-09-28T13:00:00Z,287.82,0.81,1.14,0.0,2026-09-28T14:00:00Z,nodd,nodd
2026-09-28,minneapolis-mn,09,2026-09-28T14:00:00Z,288.64,0.07,0.72,0.0,2026-09-28T15:00:00Z,nodd,nodd
2026-09-28,minneapolis-mn,10,2026-09-28T15:00:00Z,288.95,0.68,1.03,0.0,2026-09-28T16:00:00Z,nodd,nodd
2026-09-28,minneapolis-mn,11,2026-09-28T16:00:00Z,289.76,0.39,3.17,0.0,2026-09-28T17:00:00Z,nodd,nodd
2026-09-28,minneapolis-mn,12,2026-09-28T17:00:00Z,290.26,1.21,4.33,0.0,2026-09-28T18:00:00Z,nodd,nodd
2026-09-28,minneapolis-mn,13,2026-09-28T18:00:00Z,292.06,1.01,3.25,0.0,2026-09-28T19:00:00Z,nodd,nodd
2026-09-28,minneapolis-mn,14,2026-09-28T19:00:00Z,293.94,1.42,3.67,0.0,2026-09-28T20:00:00Z,nodd,nodd
2026-09-28,minneapolis-mn,15,2026-09-28T20:00:00Z,295.11,1.41,3.44,0.0,2026-09-28T21:00:00Z,nodd,nodd
2026-09-28,minneapolis-mn,16,2026-09-28T21:00:00Z,295.4,3.84,3.92,0.0,2026-09-28T22:00:00Z,nodd,nodd
2026-09-28,minneapolis-mn,17,2026-09-28T22:00:00Z,295.37,3.5,5.12,0.0,2026-09-28T23:00:00Z,nodd,nodd
2026-09-28,minneapolis-mn,18,2026-09-28T23:00:00Z,294.98,3.13,4.65,0.0,2026-09-29T00:00:00Z,nodd,nodd
2026-09-28,minneapolis-mn,19,2026-09-29T00:00:00Z,293.87,2.78,3.99,0.0,2026-09-29T01:00:00Z,nodd,nodd
2026-09-28,minneapolis-mn,20,2026-09-29T01:00:00Z,293.25,1.69,2.28,0.0,2026-09-29T02:00:00Z,nodd,nodd
2026-09-28,minneapolis-mn,21,2026-09-29T02:00:00Z,292.44,1.65,2.0,0.0,2026-09-29T03:00:00Z,nodd,nodd
2026-09-28,minneapolis-mn,22,2026-09-29T03:00:00Z,291.74,1.92,2.11,0.0,2026-09-29T04:00:00Z,nodd,nodd
2026-09-28,minneapolis-mn,23,2026-09-29T04:00:00Z,290.77,1.19,2.49,0.0,2026-09-29T05:00:00Z,nodd,nodd
2026-09-28,tampa-fl,00,2026-09-28T04:00:00Z,294.9,0.0,0.91,0.0,2026-09-28T05:00:00Z,nodd,nodd
2026-09-28,tampa-fl,01,2026-09-28T05:00:00Z,294.0,0.4,1.02,0.0,2026-09-28T06:00:00Z,nodd,nodd
2026-09-28,tampa-fl,02,2026-09-28T06:00:00Z,294.0,0.38,0.61,0.0,2026-09-28T07:00:00Z,nodd,nodd
2026-09-28,tampa-fl,03,2026-09-28T07:00:00Z,293.71,0.48,0.7,0.0,2026-09-28T08:00:00Z,nodd,nodd
2026-09-28,tampa-fl,04,2026-09-28T08:00:00Z,293.75,0.46,1.25,0.0,2026-09-28T09:00:00Z,nodd,nodd
2026-09-28,tampa-fl,05,2026-09-28T09:00:00Z,293.01,0.52,1.23,0.0,2026-09-28T10:00:00Z,nodd,nodd
2026-09-28,tampa-fl,06,2026-09-28T10:00:00Z,293.51,1.33,1.35,0.0,2026-09-28T11:00:00Z,nodd,nodd
2026-09-28,tampa-fl,07,2026-09-28T11:00:00Z,294.1,1.36,2.11,0.0,2026-09-28T12:00:00Z,nodd,nodd
2026-09-28,tampa-fl,08,2026-09-28T12:00:00Z,294.26,1.4,2.29,0.0,2026-09-28T13:00:00Z,nodd,nodd
2026-09-28,tampa-fl,09,2026-09-28T13:00:00Z,297.14,1.48,2.34,0.0,2026-09-28T14:00:00Z,nodd,nodd
2026-09-28,tampa-fl,10,2026-09-28T14:00:00Z,298.9,1.91,2.57,0.0,2026-09-28T15:00:00Z,nodd,nodd
2026-09-28,tampa-fl,11,2026-09-28T15:00:00Z,300.92,2.36,3.44,0.0,2026-09-28T16:00:00Z,nodd,nodd
2026-09-28,tampa-fl,12,2026-09-28T16:00:00Z,301.92,3.07,3.69,0.0,2026-09-28T17:00:00Z,nodd,nodd
2026-09-28,tampa-fl,13,2026-09-28T17:00:00Z,302.75,2.3,3.19,0.0,2026-09-28T18:00:00Z,nodd,nodd
2026-09-28,tampa-fl,14,2026-09-28T18:00:00Z,303.22,3.01,3.24,0.0,2026-09-28T19:00:00Z,nodd,nodd
2026-09-28,tampa-fl,15,2026-09-28T19:00:00Z,303.66,3.38,3.38,0.0,2026-09-28T20:00:00Z,nodd,nodd
2026-09-28,tampa-fl,16,2026-09-28T20:00:00Z,303.09,4.54,6.95,0.0,2026-09-28T21:00:00Z,nodd,nodd
2026-09-28,tampa-fl,17,2026-09-28T21:00:00Z,303.01,3.64,4.15,0.0,2026-09-28T22:00:00Z,nodd,nodd
2026-09-28,tampa-fl,18,2026-09-28T22:00:00Z,302.23,3.7,5.71,0.0,2026-09-28T23:00:00Z,nodd,nodd
2026-09-28,tampa-fl,19,2026-09-28T23:00:00Z,301.27,2.56,4.4,0.0,2026-09-29T00:00:00Z,nodd,nodd
2026-09-28,tampa-fl,20,2026-09-29T00:00:00Z,299.99,1.11,4.54,0.0,2026-09-29T01:00:00Z,nodd,nodd
2026-09-28,tampa-fl,21,2026-09-29T01:00:00Z,299.41,0.8,2.7,0.0,2026-09-29T02:00:00Z,nodd,nodd
2026-09-28,tampa-fl,22,2026-09-29T02:00:00Z,298.79,1.21,2.95,0.0,2026-09-29T03:00:00Z,nodd,nodd
2026-09-28,tampa-fl,23,2026-09-29T03:00:00Z,298.56,0.52,2.06,0.0,2026-09-29T04:00:00Z,nodd,nodd
2026-09-28,san-diego-ca,00,2026-09-28T07:00:00Z,295.0,2.38,3.95,0.0,2026-09-28T08:00:00Z,nodd,nodd
2026-09-28,san-diego-ca,01,2026-09-28T08:00:00Z,294.32,0.44,2.0,0.0,2026-09-28T09:00:00Z,nodd,nodd
2026-09-28,san-diego-ca,02,2026-09-28T09:00:00Z,294.18,0.0,2.53,0.0,2026-09-28T10:00:00Z,nodd,nodd
2026-09-28,san-diego-ca,03,2026-09-28T10:00:00Z,294.25,0.72,1.45,0.0,2026-09-28T11:00:00Z,nodd,nodd
2026-09-28,san-diego-ca,04,2026-09-28T11:00:00Z,294.16,0.91,1.31,0.0,2026-09-28T12:00:00Z,nodd,nodd
2026-09-28,san-diego-ca,05,2026-09-28T12:00:00Z,293.95,0.73,1.11,0.0,2026-09-28T13:00:00Z,nodd,nodd
2026-09-28,san-diego-ca,06,2026-09-28T13:00:00Z,293.99,0.16,0.84,0.0,2026-09-28T14:00:00Z,nodd,nodd
2026-09-28,san-diego-ca,07,2026-09-28T14:00:00Z,294.37,0.58,1.2,0.0,2026-09-28T15:00:00Z,nodd,nodd
2026-09-28,san-diego-ca,08,2026-09-28T15:00:00Z,294.65,0.45,1.99,0.0,2026-09-28T16:00:00Z,nodd,nodd
2026-09-28,san-diego-ca,09,2026-09-28T16:00:00Z,296.56,1.78,2.33,0.0,2026-09-28T17:00:00Z,nodd,nodd
2026-09-28,san-diego-ca,10,2026-09-28T17:00:00Z,297.65,2.55,3.89,0.0,2026-09-28T18:00:00Z,nodd,nodd
2026-09-28,san-diego-ca,11,2026-09-28T18:00:00Z,298.75,2.43,3.66,0.0,2026-09-28T19:00:00Z,nodd,nodd
2026-09-28,san-diego-ca,12,2026-09-28T19:00:00Z,298.36,3.97,7.01,0.0,2026-09-28T20:00:00Z,nodd,nodd
2026-09-28,san-diego-ca,13,2026-09-28T20:00:00Z,298.95,4.22,6.39,0.0,2026-09-28T21:00:00Z,nodd,nodd
2026-09-28,san-diego-ca,14,2026-09-28T21:00:00Z,299.24,4.03,7.38,0.0,2026-09-28T22:00:00Z,nodd,nodd
2026-09-28,san-diego-ca,15,2026-09-28T22:00:00Z,298.64,4.16,7.54,0.0,2026-09-28T23:00:00Z,nodd,nodd
2026-09-28,san-diego-ca,16,2026-09-28T23:00:00Z,297.86,3.51,5.19,0.0,2026-09-29T00:00:00Z,nodd,nodd
2026-09-28,san-diego-ca,17,2026-09-29T00:00:00Z,297.09,3.24,5.14,0.0,2026-09-29T01:00:00Z,nodd,nodd
2026-09-28,san-diego-ca,18,2026-09-29T01:00:00Z,295.35,3.74,5.93,0.0,2026-09-29T02:00:00Z,nodd,nodd
2026-09-28,san-diego-ca,19,2026-09-29T02:00:00Z,294.01,2.66,4.4,0.0,2026-09-29T03:00:00Z,nodd,nodd
2026-09-28,san-diego-ca,20,2026-09-29T03:00:00Z,293.63,1.02,3.18,0.0,2026-09-29T04:00:00Z,nodd,nodd
2026-09-28,san-diego-ca,21,2026-09-29T04:00:00Z,293.24,1.47,2.37,0.0,2026-09-29T05:00:00Z,nodd,nodd
2026-09-28,san-diego-ca,22,2026-09-29T05:00:00Z,292.75,0.57,1.77,0.0,2026-09-29T06:00:00Z,nodd,nodd
2026-09-28,san-diego-ca,23,2026-09-29T06:00:00Z,292.18,0.48,2.33,0.0,2026-09-29T07:00:00Z,nodd,nodd
2026-09-28,denver-co,00,2026-09-28T06:00:00Z,292.94,2.52,5.19,0.0,2026-09-28T07:00:00Z,nodd,nodd
2026-09-28,denver-co,01,2026-09-28T07:00:00Z,292.38,2.07,3.19,0.0,2026-09-28T08:00:00Z,nodd,nodd
2026-09-28,denver-co,02,2026-09-28T08:00:00Z,292.55,1.55,2.7,0.0,2026-09-28T09:00:00Z,nodd,nodd
2026-09-28,denver-co,03,2026-09-28T09:00:00Z,291.09,2.18,6.74,0.0,2026-09-28T10:00:00Z,nodd,nodd
2026-09-28,denver-co,04,2026-09-28T10:00:00Z,290.76,1.99,5.98,0.0,2026-09-28T11:00:00Z,nodd,nodd
2026-09-28,denver-co,05,2026-09-28T11:00:00Z,289.99,1.49,3.58,0.0,2026-09-28T12:00:00Z,nodd,nodd
2026-09-28,denver-co,06,2026-09-28T12:00:00Z,289.59,2.87,6.66,0.0,2026-09-28T13:00:00Z,nodd,nodd
2026-09-28,denver-co,07,2026-09-28T13:00:00Z,289.43,2.16,5.73,0.0,2026-09-28T14:00:00Z,nodd,nodd
2026-09-28,denver-co,08,2026-09-28T14:00:00Z,290.05,0.95,1.6,0.0,2026-09-28T15:00:00Z,nodd,nodd
2026-09-28,denver-co,09,2026-09-28T15:00:00Z,290.9,1.0,1.59,0.0,2026-09-28T16:00:00Z,nodd,nodd
2026-09-28,denver-co,10,2026-09-28T16:00:00Z,292.94,1.96,4.98,0.0,2026-09-28T17:00:00Z,nodd,nodd
2026-09-28,denver-co,11,2026-09-28T17:00:00Z,294.48,1.8,4.23,0.65625,2026-09-28T18:00:00Z,nodd,nodd
2026-09-28,denver-co,12,2026-09-28T18:00:00Z,294.78,2.15,6.85,0.96875,2026-09-28T19:00:00Z,nodd,nodd
2026-09-28,denver-co,13,2026-09-28T19:00:00Z,294.4,0.0,6.73,1.25,2026-09-28T20:00:00Z,nodd,nodd
2026-09-28,denver-co,14,2026-09-28T20:00:00Z,292.54,3.56,8.42,0.0,2026-09-28T21:00:00Z,nodd,nodd
2026-09-28,denver-co,15,2026-09-28T21:00:00Z,295.07,5.08,7.39,0.0,2026-09-28T22:00:00Z,nodd,nodd
2026-09-28,denver-co,16,2026-09-28T22:00:00Z,295.83,2.92,7.81,0.0,2026-09-28T23:00:00Z,nodd,nodd
2026-09-28,denver-co,17,2026-09-28T23:00:00Z,296.04,4.12,5.84,0.0,2026-09-29T00:00:00Z,nodd,nodd
2026-09-28,denver-co,18,2026-09-29T00:00:00Z,295.19,1.71,3.95,0.0,2026-09-29T01:00:00Z,nodd,nodd
2026-09-28,denver-co,19,2026-09-29T01:00:00Z,294.06,3.26,4.26,0.0,2026-09-29T02:00:00Z,nodd,nodd
2026-09-28,denver-co,20,2026-09-29T02:00:00Z,293.31,1.16,2.69,0.0,2026-09-29T03:00:00Z,nodd,nodd
2026-09-28,denver-co,21,2026-09-29T03:00:00Z,292.51,2.71,4.81,0.0,2026-09-29T04:00:00Z,nodd,nodd
2026-09-28,denver-co,22,2026-09-29T04:00:00Z,291.33,2.52,6.25,0.0,2026-09-29T05:00:00Z,nodd,nodd
2026-09-28,denver-co,23,2026-09-29T05:00:00Z,290.94,2.02,6.34,0.0,2026-09-29T06:00:00Z,nodd,nodd
2026-09-28,orlando-fl,00,2026-09-28T04:00:00Z,293.82,0.2,1.7,0.0,2026-09-28T05:00:00Z,nodd,nodd
2026-09-28,orlando-fl,01,2026-09-28T05:00:00Z,293.2,0.0,0.83,0.0,2026-09-28T06:00:00Z,nodd,nodd
2026-09-28,orlando-fl,02,2026-09-28T06:00:00Z,292.46,0.13,1.05,0.0,2026-09-28T07:00:00Z,nodd,nodd
2026-09-28,orlando-fl,03,2026-09-28T07:00:00Z,292.31,0.52,0.52,0.0,2026-09-28T08:00:00Z,nodd,nodd
2026-09-28,orlando-fl,04,2026-09-28T08:00:00Z,292.23,0.0,0.38,0.0,2026-09-28T09:00:00Z,nodd,nodd
2026-09-28,orlando-fl,05,2026-09-28T09:00:00Z,292.07,0.56,1.32,0.0,2026-09-28T10:00:00Z,nodd,nodd
2026-09-28,orlando-fl,06,2026-09-28T10:00:00Z,292.06,0.19,1.81,0.0,2026-09-28T11:00:00Z,nodd,nodd
2026-09-28,orlando-fl,07,2026-09-28T11:00:00Z,291.81,0.69,1.53,0.0,2026-09-28T12:00:00Z,nodd,nodd
2026-09-28,orlando-fl,08,2026-09-28T12:00:00Z,292.98,1.01,1.01,0.0,2026-09-28T13:00:00Z,nodd,nodd
2026-09-28,orlando-fl,09,2026-09-28T13:00:00Z,296.67,0.78,1.01,0.0,2026-09-28T14:00:00Z,nodd,nodd
2026-09-28,orlando-fl,10,2026-09-28T14:00:00Z,299.65,1.49,1.68,0.0,2026-09-28T15:00:00Z,nodd,nodd
2026-09-28,orlando-fl,11,2026-09-28T15:00:00Z,301.41,1.55,2.44,0.0,2026-09-28T16:00:00Z,nodd,nodd
2026-09-28,orlando-fl,12,2026-09-28T16:00:00Z,302.27,2.87,3.19,0.0,2026-09-28T17:00:00Z,nodd,nodd
2026-09-28,orlando-fl,13,2026-09-28T17:00:00Z,303.0,2.49,2.55,0.0,2026-09-28T18:00:00Z,nodd,nodd
2026-09-28,orlando-fl,14,2026-09-28T18:00:00Z,303.56,1.13,3.33,0.0,2026-09-28T19:00:00Z,nodd,nodd
2026-09-28,orlando-fl,15,2026-09-28T19:00:00Z,304.05,1.32,2.54,0.0,2026-09-28T20:00:00Z,nodd,nodd
2026-09-28,orlando-fl,16,2026-09-28T20:00:00Z,304.08,0.79,3.0,0.0,2026-09-28T21:00:00Z,nodd,nodd
2026-09-28,orlando-fl,17,2026-09-28T21:00:00Z,304.25,1.64,2.59,0.0,2026-09-28T22:00:00Z,nodd,nodd
2026-09-28,orlando-fl,18,2026-09-28T22:00:00Z,303.99,2.07,5.0,0.0,2026-09-28T23:00:00Z,nodd,nodd
2026-09-28,orlando-fl,19,2026-09-28T23:00:00Z,302.66,1.1,1.27,0.0,2026-09-29T00:00:00Z,nodd,nodd
2026-09-28,orlando-fl,20,2026-09-29T00:00:00Z,300.44,1.17,2.08,0.0,2026-09-29T01:00:00Z,nodd,nodd
2026-09-28,orlando-fl,21,2026-09-29T01:00:00Z,300.47,1.0,1.1,0.0,2026-09-29T02:00:00Z,nodd,nodd
2026-09-28,orlando-fl,22,2026-09-29T02:00:00Z,299.99,2.53,4.42,0.0,2026-09-29T03:00:00Z,nodd,nodd
2026-09-28,orlando-fl,23,2026-09-29T03:00:00Z,299.3,0.97,2.16,0.0,2026-09-29T04:00:00Z,nodd,nodd
2026-09-28,charlotte-nc,00,2026-09-28T04:00:00Z,289.3,1.65,4.55,0.0,2026-09-28T05:00:00Z,nodd,nodd
2026-09-28,charlotte-nc,01,2026-09-28T05:00:00Z,288.19,1.53,4.21,0.0,2026-09-28T06:00:00Z,nodd,nodd
2026-09-28,charlotte-nc,02,2026-09-28T06:00:00Z,287.07,1.1,3.82,0.0,2026-09-28T07:00:00Z,nodd,nodd
2026-09-28,charlotte-nc,03,2026-09-28T07:00:00Z,286.03,0.54,2.51,0.0,2026-09-28T08:00:00Z,nodd,nodd
2026-09-28,charlotte-nc,04,2026-09-28T08:00:00Z,285.61,0.53,2.89,0.0,2026-09-28T09:00:00Z,nodd,nodd
2026-09-28,charlotte-nc,05,2026-09-28T09:00:00Z,285.02,0.02,2.94,0.0,2026-09-28T10:00:00Z,nodd,nodd
2026-09-28,charlotte-nc,06,2026-09-28T10:00:00Z,284.72,0.0,2.7,0.0,2026-09-28T11:00:00Z,nodd,nodd
2026-09-28,charlotte-nc,07,2026-09-28T11:00:00Z,284.58,0.0,2.34,0.0,2026-09-28T12:00:00Z,nodd,nodd
2026-09-28,charlotte-nc,08,2026-09-28T12:00:00Z,285.14,0.59,2.88,0.0,2026-09-28T13:00:00Z,nodd,nodd
2026-09-28,charlotte-nc,09,2026-09-28T13:00:00Z,288.72,0.06,3.08,0.0,2026-09-28T14:00:00Z,nodd,nodd
2026-09-28,charlotte-nc,10,2026-09-28T14:00:00Z,291.99,2.16,2.39,0.0,2026-09-28T15:00:00Z,nodd,nodd
2026-09-28,charlotte-nc,11,2026-09-28T15:00:00Z,294.74,1.74,1.87,0.0,2026-09-28T16:00:00Z,nodd,nodd
2026-09-28,charlotte-nc,12,2026-09-28T16:00:00Z,296.66,1.32,2.08,0.0,2026-09-28T17:00:00Z,nodd,nodd
2026-09-28,charlotte-nc,13,2026-09-28T17:00:00Z,297.86,1.64,5.13,0.0,2026-09-28T18:00:00Z,nodd,nodd
2026-09-28,charlotte-nc,14,2026-09-28T18:00:00Z,298.68,1.25,1.68,0.0,2026-09-28T19:00:00Z,nodd,nodd
2026-09-28,charlotte-nc,15,2026-09-28T19:00:00Z,299.23,0.79,2.42,0.0,2026-09-28T20:00:00Z,nodd,nodd
2026-09-28,charlotte-nc,16,2026-09-28T20:00:00Z,299.66,2.73,2.73,0.0,2026-09-28T21:00:00Z,nodd,nodd
2026-09-28,charlotte-nc,17,2026-09-28T21:00:00Z,299.31,1.74,6.07,0.0,2026-09-28T22:00:00Z,nodd,nodd
2026-09-28,charlotte-nc,18,2026-09-28T22:00:00Z,298.89,1.73,5.32,0.0,2026-09-28T23:00:00Z,nodd,nodd
2026-09-28,charlotte-nc,19,2026-09-28T23:00:00Z,297.02,1.55,6.19,0.0,2026-09-29T00:00:00Z,nodd,nodd
2026-09-28,charlotte-nc,20,2026-09-29T00:00:00Z,294.32,0.42,2.62,0.0,2026-09-29T01:00:00Z,nodd,nodd
2026-09-28,charlotte-nc,21,2026-09-29T01:00:00Z,292.39,0.0,1.68,0.0,2026-09-29T02:00:00Z,nodd,nodd
2026-09-28,charlotte-nc,22,2026-09-29T02:00:00Z,292.18,0.62,1.82,0.0,2026-09-29T03:00:00Z,nodd,nodd
2026-09-28,charlotte-nc,23,2026-09-29T03:00:00Z,292.26,1.33,2.01,0.0,2026-09-29T04:00:00Z,nodd,nodd
2026-09-28,baltimore-md,00,2026-09-28T04:00:00Z,289.58,3.09,8.01,0.0,2026-09-28T05:00:00Z,nodd,nodd
2026-09-28,baltimore-md,01,2026-09-28T05:00:00Z,289.85,3.02,7.62,0.0,2026-09-28T06:00:00Z,nodd,nodd
2026-09-28,baltimore-md,02,2026-09-28T06:00:00Z,290.05,3.63,9.37,0.0,2026-09-28T07:00:00Z,nodd,nodd
2026-09-28,baltimore-md,03,2026-09-28T07:00:00Z,289.92,4.46,8.13,0.0,2026-09-28T08:00:00Z,nodd,nodd
2026-09-28,baltimore-md,04,2026-09-28T08:00:00Z,289.16,4.53,7.6,0.0,2026-09-28T09:00:00Z,nodd,nodd
2026-09-28,baltimore-md,05,2026-09-28T09:00:00Z,289.1,3.91,7.89,0.25,2026-09-28T10:00:00Z,nodd,nodd
2026-09-28,baltimore-md,06,2026-09-28T10:00:00Z,289.21,3.4,8.56,0.0,2026-09-28T11:00:00Z,nodd,nodd
2026-09-28,baltimore-md,07,2026-09-28T11:00:00Z,288.92,3.01,8.06,0.0,2026-09-28T12:00:00Z,nodd,nodd
2026-09-28,baltimore-md,08,2026-09-28T12:00:00Z,289.37,2.7,6.97,0.0,2026-09-28T13:00:00Z,nodd,nodd
2026-09-28,baltimore-md,09,2026-09-28T13:00:00Z,290.27,3.17,7.63,0.0,2026-09-28T14:00:00Z,nodd,nodd
2026-09-28,baltimore-md,10,2026-09-28T14:00:00Z,291.73,4.03,6.64,0.0,2026-09-28T15:00:00Z,nodd,nodd
2026-09-28,baltimore-md,11,2026-09-28T15:00:00Z,292.31,2.15,4.82,0.0,2026-09-28T16:00:00Z,nodd,nodd
2026-09-28,baltimore-md,12,2026-09-28T16:00:00Z,292.46,3.0,5.84,0.0,2026-09-28T17:00:00Z,nodd,nodd
2026-09-28,baltimore-md,13,2026-09-28T17:00:00Z,292.68,2.75,4.59,0.0,2026-09-28T18:00:00Z,nodd,nodd
2026-09-28,baltimore-md,14,2026-09-28T18:00:00Z,293.23,4.06,6.93,0.0,2026-09-28T19:00:00Z,nodd,nodd
2026-09-28,baltimore-md,15,2026-09-28T19:00:00Z,292.53,2.7,5.48,0.0,2026-09-28T20:00:00Z,nodd,nodd
2026-09-28,baltimore-md,16,2026-09-28T20:00:00Z,292.9,1.82,5.87,0.0,2026-09-28T21:00:00Z,nodd,nodd
2026-09-28,baltimore-md,17,2026-09-28T21:00:00Z,292.97,2.35,6.31,0.0,2026-09-28T22:00:00Z,nodd,nodd
2026-09-28,baltimore-md,18,2026-09-28T22:00:00Z,292.7,2.04,4.94,0.0,2026-09-28T23:00:00Z,nodd,nodd
2026-09-28,baltimore-md,19,2026-09-28T23:00:00Z,292.43,2.27,3.14,0.0,2026-09-29T00:00:00Z,nodd,nodd
2026-09-28,baltimore-md,20,2026-09-29T00:00:00Z,292.11,2.36,4.0,0.0,2026-09-29T01:00:00Z,nodd,nodd
2026-09-28,baltimore-md,21,2026-09-29T01:00:00Z,291.98,1.5,2.48,0.0,2026-09-29T02:00:00Z,nodd,nodd
2026-09-28,baltimore-md,22,2026-09-29T02:00:00Z,291.91,1.69,3.33,0.0,2026-09-29T03:00:00Z,nodd,nodd
2026-09-28,baltimore-md,23,2026-09-29T03:00:00Z,291.94,1.79,4.54,0.0,2026-09-29T04:00:00Z,nodd,nodd
2026-09-28,st-louis-mo,00,2026-09-28T05:00:00Z,292.39,0.72,1.39,0.0,2026-09-28T06:00:00Z,nodd,nodd
2026-09-28,st-louis-mo,01,2026-09-28T06:00:00Z,292.04,1.25,1.7,0.0,2026-09-28T07:00:00Z,nodd,nodd
2026-09-28,st-louis-mo,02,2026-09-28T07:00:00Z,291.54,0.28,2.24,0.0,2026-09-28T08:00:00Z,nodd,nodd
2026-09-28,st-louis-mo,03,2026-09-28T08:00:00Z,291.54,1.08,2.37,0.0,2026-09-28T09:00:00Z,nodd,nodd
2026-09-28,st-louis-mo,04,2026-09-28T09:00:00Z,290.88,1.51,2.51,0.0,2026-09-28T10:00:00Z,nodd,nodd
2026-09-28,st-louis-mo,05,2026-09-28T10:00:00Z,290.73,1.27,1.59,0.0,2026-09-28T11:00:00Z,nodd,nodd
2026-09-28,st-louis-mo,06,2026-09-28T11:00:00Z,290.39,1.35,1.56,0.0,2026-09-28T12:00:00Z,nodd,nodd
2026-09-28,st-louis-mo,07,2026-09-28T12:00:00Z,289.74,0.56,0.76,0.0,2026-09-28T13:00:00Z,nodd,nodd
2026-09-28,st-louis-mo,08,2026-09-28T13:00:00Z,289.89,0.32,1.42,0.0,2026-09-28T14:00:00Z,nodd,nodd
2026-09-28,st-louis-mo,09,2026-09-28T14:00:00Z,290.97,1.86,3.27,0.0,2026-09-28T15:00:00Z,nodd,nodd
2026-09-28,st-louis-mo,10,2026-09-28T15:00:00Z,293.46,1.88,2.68,0.0,2026-09-28T16:00:00Z,nodd,nodd
2026-09-28,st-louis-mo,11,2026-09-28T16:00:00Z,296.19,1.99,2.59,0.0,2026-09-28T17:00:00Z,nodd,nodd
2026-09-28,st-louis-mo,12,2026-09-28T17:00:00Z,297.48,1.35,2.92,0.0,2026-09-28T18:00:00Z,nodd,nodd
2026-09-28,st-louis-mo,13,2026-09-28T18:00:00Z,298.52,2.5,2.5,0.0,2026-09-28T19:00:00Z,nodd,nodd
2026-09-28,st-louis-mo,14,2026-09-28T19:00:00Z,298.93,0.0,1.1,0.0,2026-09-28T20:00:00Z,nodd,nodd
2026-09-28,st-louis-mo,15,2026-09-28T20:00:00Z,300.06,2.1,2.1,0.0,2026-09-28T21:00:00Z,nodd,nodd
2026-09-28,st-louis-mo,16,2026-09-28T21:00:00Z,300.22,1.16,2.18,0.0,2026-09-28T22:00:00Z,nodd,nodd
2026-09-28,st-louis-mo,17,2026-09-28T22:00:00Z,300.36,2.01,2.13,0.0,2026-09-28T23:00:00Z,nodd,nodd
2026-09-28,st-louis-mo,18,2026-09-28T23:00:00Z,299.37,0.82,2.21,0.0,2026-09-29T00:00:00Z,nodd,nodd
2026-09-28,st-louis-mo,19,2026-09-29T00:00:00Z,296.35,0.84,1.82,0.0,2026-09-29T01:00:00Z,nodd,nodd
2026-09-28,st-louis-mo,20,2026-09-29T01:00:00Z,292.56,0.0,0.43,0.0,2026-09-29T02:00:00Z,nodd,nodd
2026-09-28,st-louis-mo,21,2026-09-29T02:00:00Z,291.34,0.0,0.77,0.0,2026-09-29T03:00:00Z,nodd,nodd
2026-09-28,st-louis-mo,22,2026-09-29T03:00:00Z,289.74,0.0,0.0,0.0,2026-09-29T04:00:00Z,nodd,nodd
2026-09-28,st-louis-mo,23,2026-09-29T04:00:00Z,288.9,0.74,0.89,0.0,2026-09-29T05:00:00Z,nodd,nodd
2026-09-28,san-antonio-tx,00,2026-09-28T05:00:00Z,301.57,4.03,5.11,0.0,2026-09-28T06:00:00Z,nodd,nodd
2026-09-28,san-antonio-tx,01,2026-09-28T06:00:00Z,300.82,2.55,6.58,0.0,2026-09-28T07:00:00Z,nodd,nodd
2026-09-28,san-antonio-tx,02,2026-09-28T07:00:00Z,299.66,2.13,3.16,0.0,2026-09-28T08:00:00Z,nodd,nodd
2026-09-28,san-antonio-tx,03,2026-09-28T08:00:00Z,298.97,0.85,1.56,0.0,2026-09-28T09:00:00Z,nodd,nodd
2026-09-28,san-antonio-tx,04,2026-09-28T09:00:00Z,298.36,0.98,0.98,0.0,2026-09-28T10:00:00Z,nodd,nodd
2026-09-28,san-antonio-tx,05,2026-09-28T10:00:00Z,297.81,0.75,1.06,0.0,2026-09-28T11:00:00Z,nodd,nodd
2026-09-28,san-antonio-tx,06,2026-09-28T11:00:00Z,297.58,0.64,1.35,0.0,2026-09-28T12:00:00Z,nodd,nodd
2026-09-28,san-antonio-tx,07,2026-09-28T12:00:00Z,297.66,0.17,0.97,0.0,2026-09-28T13:00:00Z,nodd,nodd
2026-09-28,san-antonio-tx,08,2026-09-28T13:00:00Z,297.92,1.0,1.0,0.0,2026-09-28T14:00:00Z,nodd,nodd
2026-09-28,san-antonio-tx,09,2026-09-28T14:00:00Z,300.07,1.68,3.69,0.0,2026-09-28T15:00:00Z,nodd,nodd
2026-09-28,san-antonio-tx,10,2026-09-28T15:00:00Z,301.71,2.27,2.27,0.0,2026-09-28T16:00:00Z,nodd,nodd
2026-09-28,san-antonio-tx,11,2026-09-28T16:00:00Z,303.66,2.4,2.74,0.0,2026-09-28T17:00:00Z,nodd,nodd
2026-09-28,san-antonio-tx,12,2026-09-28T17:00:00Z,305.32,1.87,3.94,0.0,2026-09-28T18:00:00Z,nodd,nodd
2026-09-28,san-antonio-tx,13,2026-09-28T18:00:00Z,306.52,2.93,3.17,0.0,2026-09-28T19:00:00Z,nodd,nodd
2026-09-28,san-antonio-tx,14,2026-09-28T19:00:00Z,307.68,3.48,5.33,0.0,2026-09-28T20:00:00Z,nodd,nodd
2026-09-28,san-antonio-tx,15,2026-09-28T20:00:00Z,308.47,3.44,5.85,0.0,2026-09-28T21:00:00Z,nodd,nodd
2026-09-28,san-antonio-tx,16,2026-09-28T21:00:00Z,308.68,3.61,7.6,0.0,2026-09-28T22:00:00Z,nodd,nodd
2026-09-28,san-antonio-tx,17,2026-09-28T22:00:00Z,308.65,4.35,7.18,0.0,2026-09-28T23:00:00Z,nodd,nodd
2026-09-28,san-antonio-tx,18,2026-09-28T23:00:00Z,307.87,5.74,9.69,0.0,2026-09-29T00:00:00Z,nodd,nodd
2026-09-28,san-antonio-tx,19,2026-09-29T00:00:00Z,306.88,2.95,3.91,0.0,2026-09-29T01:00:00Z,nodd,nodd
2026-09-28,san-antonio-tx,20,2026-09-29T01:00:00Z,305.17,3.06,6.82,0.0,2026-09-29T02:00:00Z,nodd,nodd
2026-09-28,san-antonio-tx,21,2026-09-29T02:00:00Z,305.07,5.24,10.39,0.0,2026-09-29T03:00:00Z,nodd,nodd
2026-09-28,san-antonio-tx,22,2026-09-29T03:00:00Z,303.21,6.61,10.71,0.0,2026-09-29T04:00:00Z,nodd,nodd
2026-09-28,san-antonio-tx,23,2026-09-29T04:00:00Z,301.88,5.43,8.24,0.0,2026-09-29T05:00:00Z,nodd,nodd
2026-09-28,austin-tx,00,2026-09-28T05:00:00Z,302.09,1.35,3.09,0.0,2026-09-28T06:00:00Z,nodd,nodd
2026-09-28,austin-tx,01,2026-09-28T06:00:00Z,301.13,2.0,4.6,0.0,2026-09-28T07:00:00Z,nodd,nodd
2026-09-28,austin-tx,02,2026-09-28T07:00:00Z,300.23,0.93,5.29,0.0,2026-09-28T08:00:00Z,nodd,nodd
2026-09-28,austin-tx,03,2026-09-28T08:00:00Z,299.57,1.13,3.41,0.0,2026-09-28T09:00:00Z,nodd,nodd
2026-09-28,austin-tx,04,2026-09-28T09:00:00Z,298.62,0.98,3.47,0.0,2026-09-28T10:00:00Z,nodd,nodd
2026-09-28,austin-tx,05,2026-09-28T10:00:00Z,298.07,0.59,3.14,0.0,2026-09-28T11:00:00Z,nodd,nodd
2026-09-28,austin-tx,06,2026-09-28T11:00:00Z,297.79,1.14,2.45,0.0,2026-09-28T12:00:00Z,nodd,nodd
2026-09-28,austin-tx,07,2026-09-28T12:00:00Z,297.41,0.58,1.6,0.0,2026-09-28T13:00:00Z,nodd,nodd
2026-09-28,austin-tx,08,2026-09-28T13:00:00Z,297.26,0.08,0.85,0.0,2026-09-28T14:00:00Z,nodd,nodd
2026-09-28,austin-tx,09,2026-09-28T14:00:00Z,299.42,0.59,3.05,0.0,2026-09-28T15:00:00Z,nodd,nodd
2026-09-28,austin-tx,10,2026-09-28T15:00:00Z,301.77,1.91,2.75,0.0,2026-09-28T16:00:00Z,nodd,nodd
2026-09-28,austin-tx,11,2026-09-28T16:00:00Z,303.69,2.04,4.39,0.0,2026-09-28T17:00:00Z,nodd,nodd
2026-09-28,austin-tx,12,2026-09-28T17:00:00Z,305.2,3.21,5.43,0.0,2026-09-28T18:00:00Z,nodd,nodd
2026-09-28,austin-tx,13,2026-09-28T18:00:00Z,306.97,2.38,4.45,0.0,2026-09-28T19:00:00Z,nodd,nodd
2026-09-28,austin-tx,14,2026-09-28T19:00:00Z,308.36,2.73,5.41,0.0,2026-09-28T20:00:00Z,nodd,nodd
2026-09-28,austin-tx,15,2026-09-28T20:00:00Z,309.04,4.11,6.16,0.0,2026-09-28T21:00:00Z,nodd,nodd
2026-09-28,austin-tx,16,2026-09-28T21:00:00Z,308.91,3.04,7.91,0.0,2026-09-28T22:00:00Z,nodd,nodd
2026-09-28,austin-tx,17,2026-09-28T22:00:00Z,309.06,3.27,6.32,0.0,2026-09-28T23:00:00Z,nodd,nodd
2026-09-28,austin-tx,18,2026-09-28T23:00:00Z,308.24,3.09,6.94,0.0,2026-09-29T00:00:00Z,nodd,nodd
2026-09-28,austin-tx,19,2026-09-29T00:00:00Z,307.06,3.0,7.69,0.0,2026-09-29T01:00:00Z,nodd,nodd
2026-09-28,austin-tx,20,2026-09-29T01:00:00Z,305.52,2.99,6.83,0.0,2026-09-29T02:00:00Z,nodd,nodd
2026-09-28,austin-tx,21,2026-09-29T02:00:00Z,303.89,6.05,11.28,0.0,2026-09-29T03:00:00Z,nodd,nodd
2026-09-28,austin-tx,22,2026-09-29T03:00:00Z,302.9,3.9,9.37,0.0,2026-09-29T04:00:00Z,nodd,nodd
2026-09-28,austin-tx,23,2026-09-29T04:00:00Z,302.03,4.0,9.76,0.0,2026-09-29T05:00:00Z,nodd,nodd
2026-09-28,portland-or,00,2026-09-28T07:00:00Z,286.49,1.12,1.12,0.0,2026-09-28T08:00:00Z,nodd,nodd
2026-09-28,portland-or,01,2026-09-28T08:00:00Z,285.54,0.12,0.12,0.0,2026-09-28T09:00:00Z,nodd,nodd
2026-09-28,portland-or,02,2026-09-28T09:00:00Z,284.5,0.3,0.3,0.0,2026-09-28T10:00:00Z,nodd,nodd
2026-09-28,portland-or,03,2026-09-28T10:00:00Z,284.3,0.56,0.56,0.0,2026-09-28T11:00:00Z,nodd,nodd
2026-09-28,portland-or,04,2026-09-28T11:00:00Z,283.38,0.15,0.63,0.0,2026-09-28T12:00:00Z,nodd,nodd
2026-09-28,portland-or,05,2026-09-28T12:00:00Z,282.43,0.11,0.25,0.0,2026-09-28T13:00:00Z,nodd,nodd
2026-09-28,portland-or,06,2026-09-28T13:00:00Z,281.91,1.1,1.57,0.0,2026-09-28T14:00:00Z,nodd,nodd
2026-09-28,portland-or,07,2026-09-28T14:00:00Z,281.42,1.16,2.4,0.0,2026-09-28T15:00:00Z,nodd,nodd
2026-09-28,portland-or,08,2026-09-28T15:00:00Z,282.04,0.85,2.03,0.0,2026-09-28T16:00:00Z,nodd,nodd
2026-09-28,portland-or,09,2026-09-28T16:00:00Z,284.48,0.48,2.33,0.0,2026-09-28T17:00:00Z,nodd,nodd
2026-09-28,portland-or,10,2026-09-28T17:00:00Z,285.96,0.29,5.96,0.0,2026-09-28T18:00:00Z,nodd,nodd
2026-09-28,portland-or,11,2026-09-28T18:00:00Z,288.18,0.44,5.43,0.0,2026-09-28T19:00:00Z,nodd,nodd
2026-09-28,portland-or,12,2026-09-28T19:00:00Z,289.81,0.66,2.1,0.0,2026-09-28T20:00:00Z,nodd,nodd
2026-09-28,portland-or,13,2026-09-28T20:00:00Z,291.88,0.4,2.12,0.0,2026-09-28T21:00:00Z,nodd,nodd
2026-09-28,portland-or,14,2026-09-28T21:00:00Z,293.05,1.37,2.61,0.0,2026-09-28T22:00:00Z,nodd,nodd
2026-09-28,portland-or,15,2026-09-28T22:00:00Z,294.47,0.84,1.85,0.0,2026-09-28T23:00:00Z,nodd,nodd
2026-09-28,portland-or,16,2026-09-28T23:00:00Z,295.05,0.59,1.82,0.0,2026-09-29T00:00:00Z,nodd,nodd
2026-09-28,portland-or,17,2026-09-29T00:00:00Z,294.81,1.39,3.8,0.0,2026-09-29T01:00:00Z,nodd,nodd
2026-09-28,portland-or,18,2026-09-29T01:00:00Z,293.26,1.04,1.96,0.0,2026-09-29T02:00:00Z,nodd,nodd
2026-09-28,portland-or,19,2026-09-29T02:00:00Z,291.79,0.81,1.66,0.0,2026-09-29T03:00:00Z,nodd,nodd
2026-09-28,portland-or,20,2026-09-29T03:00:00Z,291.05,0.6,0.68,0.0,2026-09-29T04:00:00Z,nodd,nodd
2026-09-28,portland-or,21,2026-09-29T04:00:00Z,290.28,1.38,1.38,0.0,2026-09-29T05:00:00Z,nodd,nodd
2026-09-28,portland-or,22,2026-09-29T05:00:00Z,289.24,1.74,1.74,0.0,2026-09-29T06:00:00Z,nodd,nodd
2026-09-28,portland-or,23,2026-09-29T06:00:00Z,288.14,0.0,0.56,0.0,2026-09-29T07:00:00Z,nodd,nodd
2026-09-28,sacramento-ca,00,2026-09-28T07:00:00Z,287.07,2.4,3.78,0.0,2026-09-28T08:00:00Z,nodd,nodd
2026-09-28,sacramento-ca,01,2026-09-28T08:00:00Z,286.8,2.17,4.57,0.0,2026-09-28T09:00:00Z,nodd,nodd
2026-09-28,sacramento-ca,02,2026-09-28T09:00:00Z,286.18,1.61,3.23,0.0,2026-09-28T10:00:00Z,nodd,nodd
2026-09-28,sacramento-ca,03,2026-09-28T10:00:00Z,285.63,1.66,3.11,0.0,2026-09-28T11:00:00Z,nodd,nodd
2026-09-28,sacramento-ca,04,2026-09-28T11:00:00Z,285.14,1.07,2.15,0.0,2026-09-28T12:00:00Z,nodd,nodd
2026-09-28,sacramento-ca,05,2026-09-28T12:00:00Z,284.68,1.25,3.1,0.0,2026-09-28T13:00:00Z,nodd,nodd
2026-09-28,sacramento-ca,06,2026-09-28T13:00:00Z,284.14,1.17,2.53,0.0,2026-09-28T14:00:00Z,nodd,nodd
2026-09-28,sacramento-ca,07,2026-09-28T14:00:00Z,283.87,0.39,0.45,0.0,2026-09-28T15:00:00Z,nodd,nodd
2026-09-28,sacramento-ca,08,2026-09-28T15:00:00Z,284.65,0.04,1.01,0.0,2026-09-28T16:00:00Z,nodd,nodd
2026-09-28,sacramento-ca,09,2026-09-28T16:00:00Z,287.72,0.0,1.13,0.0,2026-09-28T17:00:00Z,nodd,nodd
2026-09-28,sacramento-ca,10,2026-09-28T17:00:00Z,290.1,0.0,0.62,0.0,2026-09-28T18:00:00Z,nodd,nodd
2026-09-28,sacramento-ca,11,2026-09-28T18:00:00Z,293.17,0.61,3.53,0.0,2026-09-28T19:00:00Z,nodd,nodd
2026-09-28,sacramento-ca,12,2026-09-28T19:00:00Z,295.2,1.34,5.29,0.0,2026-09-28T20:00:00Z,nodd,nodd
2026-09-28,sacramento-ca,13,2026-09-28T20:00:00Z,297.83,2.39,5.96,0.0,2026-09-28T21:00:00Z,nodd,nodd
2026-09-28,sacramento-ca,14,2026-09-28T21:00:00Z,300.04,3.57,6.41,0.0,2026-09-28T22:00:00Z,nodd,nodd
2026-09-28,sacramento-ca,15,2026-09-28T22:00:00Z,301.24,3.62,7.04,0.0,2026-09-28T23:00:00Z,nodd,nodd
2026-09-28,sacramento-ca,16,2026-09-28T23:00:00Z,302.31,3.39,7.05,0.0,2026-09-29T00:00:00Z,nodd,nodd
2026-09-28,sacramento-ca,17,2026-09-29T00:00:00Z,302.74,2.43,5.08,0.0,2026-09-29T01:00:00Z,nodd,nodd
2026-09-28,sacramento-ca,18,2026-09-29T01:00:00Z,302.35,2.27,3.63,0.0,2026-09-29T02:00:00Z,nodd,nodd
2026-09-28,sacramento-ca,19,2026-09-29T02:00:00Z,299.88,0.79,1.53,0.0,2026-09-29T03:00:00Z,nodd,nodd
2026-09-28,sacramento-ca,20,2026-09-29T03:00:00Z,295.49,1.19,3.78,0.0,2026-09-29T04:00:00Z,nodd,nodd
2026-09-28,sacramento-ca,21,2026-09-29T04:00:00Z,293.89,2.04,2.83,0.0,2026-09-29T05:00:00Z,nodd,nodd
2026-09-28,sacramento-ca,22,2026-09-29T05:00:00Z,292.27,1.95,4.53,0.0,2026-09-29T06:00:00Z,nodd,nodd
2026-09-28,sacramento-ca,23,2026-09-29T06:00:00Z,290.84,1.48,4.04,0.0,2026-09-29T07:00:00Z,nodd,nodd
2026-09-28,pittsburgh-pa,00,2026-09-28T04:00:00Z,288.84,1.14,4.33,0.0,2026-09-28T05:00:00Z,nodd,nodd
2026-09-28,pittsburgh-pa,01,2026-09-28T05:00:00Z,288.93,0.29,6.2,0.0,2026-09-28T06:00:00Z,nodd,nodd
2026-09-28,pittsburgh-pa,02,2026-09-28T06:00:00Z,288.58,0.72,6.3,0.0,2026-09-28T07:00:00Z,nodd,nodd
2026-09-28,pittsburgh-pa,03,2026-09-28T07:00:00Z,288.44,0.67,5.94,0.0,2026-09-28T08:00:00Z,nodd,nodd
2026-09-28,pittsburgh-pa,04,2026-09-28T08:00:00Z,288.14,0.0,4.73,0.0,2026-09-28T09:00:00Z,nodd,nodd
2026-09-28,pittsburgh-pa,05,2026-09-28T09:00:00Z,287.92,0.67,4.32,0.0,2026-09-28T10:00:00Z,nodd,nodd
2026-09-28,pittsburgh-pa,06,2026-09-28T10:00:00Z,287.91,0.04,3.94,0.0,2026-09-28T11:00:00Z,nodd,nodd
2026-09-28,pittsburgh-pa,07,2026-09-28T11:00:00Z,287.78,0.0,3.34,0.0,2026-09-28T12:00:00Z,nodd,nodd
2026-09-28,pittsburgh-pa,08,2026-09-28T12:00:00Z,288.1,1.26,3.27,0.0,2026-09-28T13:00:00Z,nodd,nodd
2026-09-28,pittsburgh-pa,09,2026-09-28T13:00:00Z,288.5,2.12,3.33,0.0,2026-09-28T14:00:00Z,nodd,nodd
2026-09-28,pittsburgh-pa,10,2026-09-28T14:00:00Z,288.81,0.33,3.48,0.0,2026-09-28T15:00:00Z,nodd,nodd
2026-09-28,pittsburgh-pa,11,2026-09-28T15:00:00Z,289.49,0.9,3.6,0.0,2026-09-28T16:00:00Z,nodd,nodd
2026-09-28,pittsburgh-pa,12,2026-09-28T16:00:00Z,289.96,2.99,2.99,0.0,2026-09-28T17:00:00Z,nodd,nodd
2026-09-28,pittsburgh-pa,13,2026-09-28T17:00:00Z,290.3,1.64,3.04,0.0,2026-09-28T18:00:00Z,nodd,nodd
2026-09-28,pittsburgh-pa,14,2026-09-28T18:00:00Z,290.62,2.11,3.91,0.0,2026-09-28T19:00:00Z,nodd,nodd
2026-09-28,pittsburgh-pa,15,2026-09-28T19:00:00Z,290.8,3.07,3.23,0.0,2026-09-28T20:00:00Z,nodd,nodd
2026-09-28,pittsburgh-pa,16,2026-09-28T20:00:00Z,290.32,2.73,4.28,0.0,2026-09-28T21:00:00Z,nodd,nodd
2026-09-28,pittsburgh-pa,17,2026-09-28T21:00:00Z,290.62,1.96,3.26,0.0,2026-09-28T22:00:00Z,nodd,nodd
2026-09-28,pittsburgh-pa,18,2026-09-28T22:00:00Z,290.96,0.95,3.86,0.0,2026-09-28T23:00:00Z,nodd,nodd
2026-09-28,pittsburgh-pa,19,2026-09-28T23:00:00Z,290.4,2.25,3.87,0.0,2026-09-29T00:00:00Z,nodd,nodd
2026-09-28,pittsburgh-pa,20,2026-09-29T00:00:00Z,289.8,0.48,3.7,0.0,2026-09-29T01:00:00Z,nodd,nodd
2026-09-28,pittsburgh-pa,21,2026-09-29T01:00:00Z,290.13,0.57,3.41,0.0,2026-09-29T02:00:00Z,nodd,nodd
2026-09-28,pittsburgh-pa,22,2026-09-29T02:00:00Z,289.88,0.69,2.0,0.0,2026-09-29T03:00:00Z,nodd,nodd
2026-09-28,pittsburgh-pa,23,2026-09-29T03:00:00Z,289.5,1.05,2.31,0.0,2026-09-29T04:00:00Z,nodd,nodd
2026-09-28,las-vegas-nv,00,2026-09-28T07:00:00Z,300.07,2.82,5.49,0.0,2026-09-28T08:00:00Z,nodd,nodd
2026-09-28,las-vegas-nv,01,2026-09-28T08:00:00Z,299.76,2.26,4.02,0.0,2026-09-28T09:00:00Z,nodd,nodd
2026-09-28,las-vegas-nv,02,2026-09-28T09:00:00Z,299.48,2.76,3.97,0.0,2026-09-28T10:00:00Z,nodd,nodd
2026-09-28,las-vegas-nv,03,2026-09-28T10:00:00Z,299.6,2.85,3.63,0.0,2026-09-28T11:00:00Z,nodd,nodd
2026-09-28,las-vegas-nv,04,2026-09-28T11:00:00Z,298.67,3.73,4.35,0.0,2026-09-28T12:00:00Z,nodd,nodd
2026-09-28,las-vegas-nv,05,2026-09-28T12:00:00Z,298.44,3.64,6.73,0.0,2026-09-28T13:00:00Z,nodd,nodd
2026-09-28,las-vegas-nv,06,2026-09-28T13:00:00Z,297.38,4.03,5.43,0.0,2026-09-28T14:00:00Z,nodd,nodd
2026-09-28,las-vegas-nv,07,2026-09-28T14:00:00Z,297.56,3.93,5.93,0.0,2026-09-28T15:00:00Z,nodd,nodd
2026-09-28,las-vegas-nv,08,2026-09-28T15:00:00Z,297.33,4.55,7.53,0.0,2026-09-28T16:00:00Z,nodd,nodd
2026-09-28,las-vegas-nv,09,2026-09-28T16:00:00Z,297.82,5.11,7.3,0.0,2026-09-28T17:00:00Z,nodd,nodd
2026-09-28,las-vegas-nv,10,2026-09-28T17:00:00Z,299.51,6.34,10.38,0.0,2026-09-28T18:00:00Z,nodd,nodd
2026-09-28,las-vegas-nv,11,2026-09-28T18:00:00Z,299.58,5.72,8.74,0.625,2026-09-28T19:00:00Z,nodd,nodd
2026-09-28,las-vegas-nv,12,2026-09-28T19:00:00Z,298.59,7.87,11.84,0.0,2026-09-28T20:00:00Z,nodd,nodd
2026-09-28,las-vegas-nv,13,2026-09-28T20:00:00Z,299.79,8.63,10.87,0.0,2026-09-28T21:00:00Z,nodd,nodd
2026-09-28,las-vegas-nv,14,2026-09-28T21:00:00Z,299.3,5.78,6.91,0.0,2026-09-28T22:00:00Z,nodd,nodd
2026-09-28,las-vegas-nv,15,2026-09-28T22:00:00Z,299.09,6.78,8.94,0.0,2026-09-28T23:00:00Z,nodd,nodd
2026-09-28,las-vegas-nv,16,2026-09-28T23:00:00Z,298.57,5.98,9.63,0.0,2026-09-29T00:00:00Z,nodd,nodd
2026-09-28,las-vegas-nv,17,2026-09-29T00:00:00Z,299.49,4.09,4.09,0.0,2026-09-29T01:00:00Z,nodd,nodd
2026-09-28,las-vegas-nv,18,2026-09-29T01:00:00Z,296.74,7.12,8.63,0.0,2026-09-29T02:00:00Z,nodd,nodd
2026-09-28,las-vegas-nv,19,2026-09-29T02:00:00Z,295.05,6.07,11.12,0.0,2026-09-29T03:00:00Z,nodd,nodd
2026-09-28,las-vegas-nv,20,2026-09-29T03:00:00Z,294.01,4.69,7.26,0.75,2026-09-29T04:00:00Z,nodd,nodd
2026-09-28,las-vegas-nv,21,2026-09-29T04:00:00Z,293.15,4.25,6.33,1.984375,2026-09-29T05:00:00Z,nodd,nodd
2026-09-28,las-vegas-nv,22,2026-09-29T05:00:00Z,294.54,5.99,10.75,0.0,2026-09-29T06:00:00Z,nodd,nodd
2026-09-28,las-vegas-nv,23,2026-09-29T06:00:00Z,294.11,4.35,7.28,0.0,2026-09-29T07:00:00Z,nodd,nodd
2026-09-28,cincinnati-oh,00,2026-09-28T04:00:00Z,288.24,0.54,2.05,0.0,2026-09-28T05:00:00Z,nodd,nodd
2026-09-28,cincinnati-oh,01,2026-09-28T05:00:00Z,286.9,0.0,1.11,0.0,2026-09-28T06:00:00Z,nodd,nodd
2026-09-28,cincinnati-oh,02,2026-09-28T06:00:00Z,286.17,0.46,0.91,0.0,2026-09-28T07:00:00Z,nodd,nodd
2026-09-28,cincinnati-oh,03,2026-09-28T07:00:00Z,285.45,0.39,0.88,0.0,2026-09-28T08:00:00Z,nodd,nodd
2026-09-28,cincinnati-oh,04,2026-09-28T08:00:00Z,285.15,0.0,0.41,0.0,2026-09-28T09:00:00Z,nodd,nodd
2026-09-28,cincinnati-oh,05,2026-09-28T09:00:00Z,284.51,0.0,1.28,0.0,2026-09-28T10:00:00Z,nodd,nodd
2026-09-28,cincinnati-oh,06,2026-09-28T10:00:00Z,284.23,0.92,2.45,0.0,2026-09-28T11:00:00Z,nodd,nodd
2026-09-28,cincinnati-oh,07,2026-09-28T11:00:00Z,283.88,0.8,2.1,0.0,2026-09-28T12:00:00Z,nodd,nodd
2026-09-28,cincinnati-oh,08,2026-09-28T12:00:00Z,283.86,0.54,1.35,0.0,2026-09-28T13:00:00Z,nodd,nodd
2026-09-28,cincinnati-oh,09,2026-09-28T13:00:00Z,286.17,0.75,1.6,0.0,2026-09-28T14:00:00Z,nodd,nodd
2026-09-28,cincinnati-oh,10,2026-09-28T14:00:00Z,289.85,0.0,1.98,0.0,2026-09-28T15:00:00Z,nodd,nodd
2026-09-28,cincinnati-oh,11,2026-09-28T15:00:00Z,293.06,1.57,4.01,0.0,2026-09-28T16:00:00Z,nodd,nodd
2026-09-28,cincinnati-oh,12,2026-09-28T16:00:00Z,295.18,1.83,4.16,0.0,2026-09-28T17:00:00Z,nodd,nodd
2026-09-28,cincinnati-oh,13,2026-09-28T17:00:00Z,296.39,3.5,7.91,0.0,2026-09-28T18:00:00Z,nodd,nodd
2026-09-28,cincinnati-oh,14,2026-09-28T18:00:00Z,297.0,2.7,4.62,0.0,2026-09-28T19:00:00Z,nodd,nodd
2026-09-28,cincinnati-oh,15,2026-09-28T19:00:00Z,297.63,2.06,3.23,0.0,2026-09-28T20:00:00Z,nodd,nodd
2026-09-28,cincinnati-oh,16,2026-09-28T20:00:00Z,298.27,2.34,4.3,0.0,2026-09-28T21:00:00Z,nodd,nodd
2026-09-28,cincinnati-oh,17,2026-09-28T21:00:00Z,298.32,2.29,3.41,0.0,2026-09-28T22:00:00Z,nodd,nodd
2026-09-28,cincinnati-oh,18,2026-09-28T22:00:00Z,297.75,2.04,4.1,0.0,2026-09-28T23:00:00Z,nodd,nodd
2026-09-28,cincinnati-oh,19,2026-09-28T23:00:00Z,296.2,0.87,3.19,0.0,2026-09-29T00:00:00Z,nodd,nodd
2026-09-28,cincinnati-oh,20,2026-09-29T00:00:00Z,293.62,0.6,2.7,0.0,2026-09-29T01:00:00Z,nodd,nodd
2026-09-28,cincinnati-oh,21,2026-09-29T01:00:00Z,291.49,0.45,1.01,0.0,2026-09-29T02:00:00Z,nodd,nodd
2026-09-28,cincinnati-oh,22,2026-09-29T02:00:00Z,290.27,0.44,0.74,0.0,2026-09-29T03:00:00Z,nodd,nodd
2026-09-28,cincinnati-oh,23,2026-09-29T03:00:00Z,289.19,1.08,1.08,0.0,2026-09-29T04:00:00Z,nodd,nodd
2026-09-28,kansas-city-mo,00,2026-09-28T05:00:00Z,291.64,2.05,3.1,0.0,2026-09-28T06:00:00Z,nodd,nodd
2026-09-28,kansas-city-mo,01,2026-09-28T06:00:00Z,291.15,2.4,2.83,0.0,2026-09-28T07:00:00Z,nodd,nodd
2026-09-28,kansas-city-mo,02,2026-09-28T07:00:00Z,290.62,2.43,3.6,0.0,2026-09-28T08:00:00Z,nodd,nodd
2026-09-28,kansas-city-mo,03,2026-09-28T08:00:00Z,290.7,2.72,4.66,0.0,2026-09-28T09:00:00Z,nodd,nodd
2026-09-28,kansas-city-mo,04,2026-09-28T09:00:00Z,290.15,2.38,4.74,0.0,2026-09-28T10:00:00Z,nodd,nodd
2026-09-28,kansas-city-mo,05,2026-09-28T10:00:00Z,290.15,1.84,4.86,0.0,2026-09-28T11:00:00Z,nodd,nodd
2026-09-28,kansas-city-mo,06,2026-09-28T11:00:00Z,290.05,2.35,4.0,0.0,2026-09-28T12:00:00Z,nodd,nodd
2026-09-28,kansas-city-mo,07,2026-09-28T12:00:00Z,289.64,2.83,4.93,0.0,2026-09-28T13:00:00Z,nodd,nodd
2026-09-28,kansas-city-mo,08,2026-09-28T13:00:00Z,289.68,2.25,4.63,0.0,2026-09-28T14:00:00Z,nodd,nodd
2026-09-28,kansas-city-mo,09,2026-09-28T14:00:00Z,290.85,2.99,5.82,0.0,2026-09-28T15:00:00Z,nodd,nodd
2026-09-28,kansas-city-mo,10,2026-09-28T15:00:00Z,292.29,2.7,6.54,0.0,2026-09-28T16:00:00Z,nodd,nodd
2026-09-28,kansas-city-mo,11,2026-09-28T16:00:00Z,294.38,2.5,5.38,0.0,2026-09-28T17:00:00Z,nodd,nodd
2026-09-28,kansas-city-mo,12,2026-09-28T17:00:00Z,295.76,2.69,4.53,0.0,2026-09-28T18:00:00Z,nodd,nodd
2026-09-28,kansas-city-mo,13,2026-09-28T18:00:00Z,297.52,2.51,4.91,0.0,2026-09-28T19:00:00Z,nodd,nodd
2026-09-28,kansas-city-mo,14,2026-09-28T19:00:00Z,298.27,2.02,3.42,0.0,2026-09-28T20:00:00Z,nodd,nodd
2026-09-28,kansas-city-mo,15,2026-09-28T20:00:00Z,299.35,0.51,2.91,0.0,2026-09-28T21:00:00Z,nodd,nodd
2026-09-28,kansas-city-mo,16,2026-09-28T21:00:00Z,299.23,2.08,2.85,0.0,2026-09-28T22:00:00Z,nodd,nodd
2026-09-28,kansas-city-mo,17,2026-09-28T22:00:00Z,298.98,2.65,3.77,0.0,2026-09-28T23:00:00Z,nodd,nodd
2026-09-28,kansas-city-mo,18,2026-09-28T23:00:00Z,298.07,2.82,4.18,0.0,2026-09-29T00:00:00Z,nodd,nodd
2026-09-28,kansas-city-mo,19,2026-09-29T00:00:00Z,296.89,2.12,4.27,0.0,2026-09-29T01:00:00Z,nodd,nodd
2026-09-28,kansas-city-mo,20,2026-09-29T01:00:00Z,295.01,1.28,1.4,0.0,2026-09-29T02:00:00Z,nodd,nodd
2026-09-28,kansas-city-mo,21,2026-09-29T02:00:00Z,294.64,1.6,3.03,0.0,2026-09-29T03:00:00Z,nodd,nodd
2026-09-28,kansas-city-mo,22,2026-09-29T03:00:00Z,294.01,1.8,2.62,0.0,2026-09-29T04:00:00Z,nodd,nodd
2026-09-28,kansas-city-mo,23,2026-09-29T04:00:00Z,293.32,1.7,2.57,0.0,2026-09-29T05:00:00Z,nodd,nodd
2026-09-28,columbus-oh,00,2026-09-28T04:00:00Z,286.66,1.24,3.72,0.0,2026-09-28T05:00:00Z,nodd,nodd
2026-09-28,columbus-oh,01,2026-09-28T05:00:00Z,286.17,2.3,4.29,0.0,2026-09-28T06:00:00Z,nodd,nodd
2026-09-28,columbus-oh,02,2026-09-28T06:00:00Z,285.97,1.37,3.12,0.0,2026-09-28T07:00:00Z,nodd,nodd
2026-09-28,columbus-oh,03,2026-09-28T07:00:00Z,285.51,0.94,2.53,0.0,2026-09-28T08:00:00Z,nodd,nodd
2026-09-28,columbus-oh,04,2026-09-28T08:00:00Z,285.33,0.02,4.18,0.0,2026-09-28T09:00:00Z,nodd,nodd
2026-09-28,columbus-oh,05,2026-09-28T09:00:00Z,284.6,0.14,3.5,0.0,2026-09-28T10:00:00Z,nodd,nodd
2026-09-28,columbus-oh,06,2026-09-28T10:00:00Z,284.15,1.28,3.95,0.0,2026-09-28T11:00:00Z,nodd,nodd
2026-09-28,columbus-oh,07,2026-09-28T11:00:00Z,283.84,1.32,3.59,0.0,2026-09-28T12:00:00Z,nodd,nodd
2026-09-28,columbus-oh,08,2026-09-28T12:00:00Z,284.26,2.18,2.18,0.0,2026-09-28T13:00:00Z,nodd,nodd
2026-09-28,columbus-oh,09,2026-09-28T13:00:00Z,286.19,2.37,5.62,0.0,2026-09-28T14:00:00Z,nodd,nodd
2026-09-28,columbus-oh,10,2026-09-28T14:00:00Z,287.95,3.32,5.94,0.0,2026-09-28T15:00:00Z,nodd,nodd
2026-09-28,columbus-oh,11,2026-09-28T15:00:00Z,289.62,2.7,6.36,0.0,2026-09-28T16:00:00Z,nodd,nodd
2026-09-28,columbus-oh,12,2026-09-28T16:00:00Z,291.59,2.79,6.12,0.0,2026-09-28T17:00:00Z,nodd,nodd
2026-09-28,columbus-oh,13,2026-09-28T17:00:00Z,293.59,2.76,4.55,0.0,2026-09-28T18:00:00Z,nodd,nodd
2026-09-28,columbus-oh,14,2026-09-28T18:00:00Z,295.23,2.35,4.14,0.0,2026-09-28T19:00:00Z,nodd,nodd
2026-09-28,columbus-oh,15,2026-09-28T19:00:00Z,296.22,1.61,2.29,0.0,2026-09-28T20:00:00Z,nodd,nodd
2026-09-28,columbus-oh,16,2026-09-28T20:00:00Z,297.05,1.93,2.79,0.0,2026-09-28T21:00:00Z,nodd,nodd
2026-09-28,columbus-oh,17,2026-09-28T21:00:00Z,296.88,1.86,2.26,0.0,2026-09-28T22:00:00Z,nodd,nodd
2026-09-28,columbus-oh,18,2026-09-28T22:00:00Z,296.48,1.86,2.53,0.0,2026-09-28T23:00:00Z,nodd,nodd
2026-09-28,columbus-oh,19,2026-09-28T23:00:00Z,295.07,2.04,2.88,0.0,2026-09-29T00:00:00Z,nodd,nodd
2026-09-28,columbus-oh,20,2026-09-29T00:00:00Z,291.81,1.48,1.72,0.0,2026-09-29T01:00:00Z,nodd,nodd
2026-09-28,columbus-oh,21,2026-09-29T01:00:00Z,290.01,0.72,0.86,0.0,2026-09-29T02:00:00Z,nodd,nodd
2026-09-28,columbus-oh,22,2026-09-29T02:00:00Z,289.8,2.55,2.58,0.0,2026-09-29T03:00:00Z,nodd,nodd
2026-09-28,columbus-oh,23,2026-09-29T03:00:00Z,288.37,0.0,0.89,0.0,2026-09-29T04:00:00Z,nodd,nodd
2026-09-28,indianapolis-in,00,2026-09-28T04:00:00Z,287.77,1.93,4.46,0.0,2026-09-28T05:00:00Z,nodd,nodd
2026-09-28,indianapolis-in,01,2026-09-28T05:00:00Z,287.06,1.65,4.76,0.0,2026-09-28T06:00:00Z,nodd,nodd
2026-09-28,indianapolis-in,02,2026-09-28T06:00:00Z,286.3,0.99,4.21,0.0,2026-09-28T07:00:00Z,nodd,nodd
2026-09-28,indianapolis-in,03,2026-09-28T07:00:00Z,285.33,1.11,4.58,0.0,2026-09-28T08:00:00Z,nodd,nodd
2026-09-28,indianapolis-in,04,2026-09-28T08:00:00Z,285.21,1.05,3.98,0.0,2026-09-28T09:00:00Z,nodd,nodd
2026-09-28,indianapolis-in,05,2026-09-28T09:00:00Z,284.73,0.51,3.34,0.0,2026-09-28T10:00:00Z,nodd,nodd
2026-09-28,indianapolis-in,06,2026-09-28T10:00:00Z,284.53,1.65,3.24,0.0,2026-09-28T11:00:00Z,nodd,nodd
2026-09-28,indianapolis-in,07,2026-09-28T11:00:00Z,284.16,0.01,1.86,0.0,2026-09-28T12:00:00Z,nodd,nodd
2026-09-28,indianapolis-in,08,2026-09-28T12:00:00Z,283.82,0.05,2.54,0.0,2026-09-28T13:00:00Z,nodd,nodd
2026-09-28,indianapolis-in,09,2026-09-28T13:00:00Z,286.13,0.79,2.04,0.0,2026-09-28T14:00:00Z,nodd,nodd
2026-09-28,indianapolis-in,10,2026-09-28T14:00:00Z,288.61,0.91,1.84,0.0,2026-09-28T15:00:00Z,nodd,nodd
2026-09-28,indianapolis-in,11,2026-09-28T15:00:00Z,291.88,0.38,2.84,0.0,2026-09-28T16:00:00Z,nodd,nodd
2026-09-28,indianapolis-in,12,2026-09-28T16:00:00Z,294.81,1.77,2.32,0.0,2026-09-28T17:00:00Z,nodd,nodd
2026-09-28,indianapolis-in,13,2026-09-28T17:00:00Z,296.05,1.81,3.47,0.0,2026-09-28T18:00:00Z,nodd,nodd
2026-09-28,indianapolis-in,14,2026-09-28T18:00:00Z,297.47,2.35,3.6,0.0,2026-09-28T19:00:00Z,nodd,nodd
2026-09-28,indianapolis-in,15,2026-09-28T19:00:00Z,297.89,2.05,3.35,0.0,2026-09-28T20:00:00Z,nodd,nodd
2026-09-28,indianapolis-in,16,2026-09-28T20:00:00Z,298.82,2.41,3.17,0.0,2026-09-28T21:00:00Z,nodd,nodd
2026-09-28,indianapolis-in,17,2026-09-28T21:00:00Z,298.86,2.68,3.04,0.0,2026-09-28T22:00:00Z,nodd,nodd
2026-09-28,indianapolis-in,18,2026-09-28T22:00:00Z,297.98,2.27,2.48,0.0,2026-09-28T23:00:00Z,nodd,nodd
2026-09-28,indianapolis-in,19,2026-09-28T23:00:00Z,296.29,1.76,3.09,0.0,2026-09-29T00:00:00Z,nodd,nodd
2026-09-28,indianapolis-in,20,2026-09-29T00:00:00Z,293.93,1.42,3.49,0.0,2026-09-29T01:00:00Z,nodd,nodd
2026-09-28,indianapolis-in,21,2026-09-29T01:00:00Z,291.85,1.15,2.75,0.0,2026-09-29T02:00:00Z,nodd,nodd
2026-09-28,indianapolis-in,22,2026-09-29T02:00:00Z,291.48,1.28,2.89,0.0,2026-09-29T03:00:00Z,nodd,nodd
2026-09-28,indianapolis-in,23,2026-09-29T03:00:00Z,290.27,1.28,3.64,0.0,2026-09-29T04:00:00Z,nodd,nodd
2026-09-28,cleveland-oh,00,2026-09-28T04:00:00Z,291.17,4.34,8.74,0.0,2026-09-28T05:00:00Z,nodd,nodd
2026-09-28,cleveland-oh,01,2026-09-28T05:00:00Z,290.59,3.29,7.21,0.0,2026-09-28T06:00:00Z,nodd,nodd
2026-09-28,cleveland-oh,02,2026-09-28T06:00:00Z,289.94,3.37,5.92,0.0,2026-09-28T07:00:00Z,nodd,nodd
2026-09-28,cleveland-oh,03,2026-09-28T07:00:00Z,289.01,2.92,4.88,0.0,2026-09-28T08:00:00Z,nodd,nodd
2026-09-28,cleveland-oh,04,2026-09-28T08:00:00Z,288.73,1.03,5.26,0.0,2026-09-28T09:00:00Z,nodd,nodd
2026-09-28,cleveland-oh,05,2026-09-28T09:00:00Z,287.74,1.78,4.09,0.0,2026-09-28T10:00:00Z,nodd,nodd
2026-09-28,cleveland-oh,06,2026-09-28T10:00:00Z,286.97,1.14,4.39,0.0,2026-09-28T11:00:00Z,nodd,nodd
2026-09-28,cleveland-oh,07,2026-09-28T11:00:00Z,286.37,1.01,3.47,0.0,2026-09-28T12:00:00Z,nodd,nodd
2026-09-28,cleveland-oh,08,2026-09-28T12:00:00Z,286.72,0.94,1.8,0.0,2026-09-28T13:00:00Z,nodd,nodd
2026-09-28,cleveland-oh,09,2026-09-28T13:00:00Z,289.81,1.49,3.05,0.0,2026-09-28T14:00:00Z,nodd,nodd
2026-09-28,cleveland-oh,10,2026-09-28T14:00:00Z,291.71,2.39,3.19,0.0,2026-09-28T15:00:00Z,nodd,nodd
2026-09-28,cleveland-oh,11,2026-09-28T15:00:00Z,292.41,3.96,4.65,0.0,2026-09-28T16:00:00Z,nodd,nodd
2026-09-28,cleveland-oh,12,2026-09-28T16:00:00Z,292.91,3.73,5.01,0.0,2026-09-28T17:00:00Z,nodd,nodd
2026-09-28,cleveland-oh,13,2026-09-28T17:00:00Z,293.17,3.41,5.54,0.0,2026-09-28T18:00:00Z,nodd,nodd
2026-09-28,cleveland-oh,14,2026-09-28T18:00:00Z,293.6,3.01,5.61,0.0,2026-09-28T19:00:00Z,nodd,nodd
2026-09-28,cleveland-oh,15,2026-09-28T19:00:00Z,293.12,3.28,4.73,0.0,2026-09-28T20:00:00Z,nodd,nodd
2026-09-28,cleveland-oh,16,2026-09-28T20:00:00Z,293.34,3.67,5.09,0.0,2026-09-28T21:00:00Z,nodd,nodd
2026-09-28,cleveland-oh,17,2026-09-28T21:00:00Z,293.13,1.85,6.18,0.0,2026-09-28T22:00:00Z,nodd,nodd
2026-09-28,cleveland-oh,18,2026-09-28T22:00:00Z,293.54,2.11,4.9,0.0,2026-09-28T23:00:00Z,nodd,nodd
2026-09-28,cleveland-oh,19,2026-09-28T23:00:00Z,292.7,1.56,2.78,0.0,2026-09-29T00:00:00Z,nodd,nodd
2026-09-28,cleveland-oh,20,2026-09-29T00:00:00Z,291.16,1.53,3.27,0.0,2026-09-29T01:00:00Z,nodd,nodd
2026-09-28,cleveland-oh,21,2026-09-29T01:00:00Z,290.78,0.77,1.67,0.0,2026-09-29T02:00:00Z,nodd,nodd
2026-09-28,cleveland-oh,22,2026-09-29T02:00:00Z,289.9,1.49,1.49,0.0,2026-09-29T03:00:00Z,nodd,nodd
2026-09-28,cleveland-oh,23,2026-09-29T03:00:00Z,289.19,2.39,2.39,0.0,2026-09-29T04:00:00Z,nodd,nodd
2026-09-28,nashville-tn,00,2026-09-28T05:00:00Z,288.36,0.19,2.5,0.0,2026-09-28T06:00:00Z,nodd,nodd
2026-09-28,nashville-tn,01,2026-09-28T06:00:00Z,287.5,0.0,0.19,0.0,2026-09-28T07:00:00Z,nodd,nodd
2026-09-28,nashville-tn,02,2026-09-28T07:00:00Z,286.53,0.0,0.44,0.0,2026-09-28T08:00:00Z,nodd,nodd
2026-09-28,nashville-tn,03,2026-09-28T08:00:00Z,286.3,0.55,1.53,0.0,2026-09-28T09:00:00Z,nodd,nodd
2026-09-28,nashville-tn,04,2026-09-28T09:00:00Z,285.45,0.14,1.32,0.0,2026-09-28T10:00:00Z,nodd,nodd
2026-09-28,nashville-tn,05,2026-09-28T10:00:00Z,285.08,0.0,0.01,0.0,2026-09-28T11:00:00Z,nodd,nodd
2026-09-28,nashville-tn,06,2026-09-28T11:00:00Z,284.32,0.21,0.39,0.0,2026-09-28T12:00:00Z,nodd,nodd
2026-09-28,nashville-tn,07,2026-09-28T12:00:00Z,283.79,0.0,0.0,0.0,2026-09-28T13:00:00Z,nodd,nodd
2026-09-28,nashville-tn,08,2026-09-28T13:00:00Z,285.74,0.0,0.0,0.0,2026-09-28T14:00:00Z,nodd,nodd
2026-09-28,nashville-tn,09,2026-09-28T14:00:00Z,290.51,0.42,0.74,0.0,2026-09-28T15:00:00Z,nodd,nodd
2026-09-28,nashville-tn,10,2026-09-28T15:00:00Z,294.47,0.95,2.22,0.0,2026-09-28T16:00:00Z,nodd,nodd
2026-09-28,nashville-tn,11,2026-09-28T16:00:00Z,297.61,2.5,4.16,0.0,2026-09-28T17:00:00Z,nodd,nodd
2026-09-28,nashville-tn,12,2026-09-28T17:00:00Z,299.19,3.86,6.44,0.0,2026-09-28T18:00:00Z,nodd,nodd
2026-09-28,nashville-tn,13,2026-09-28T18:00:00Z,299.94,2.46,4.0,0.0,2026-09-28T19:00:00Z,nodd,nodd
2026-09-28,nashville-tn,14,2026-09-28T19:00:00Z,300.6,0.46,3.17,0.0,2026-09-28T20:00:00Z,nodd,nodd
2026-09-28,nashville-tn,15,2026-09-28T20:00:00Z,301.92,3.45,4.43,0.0,2026-09-28T21:00:00Z,nodd,nodd
2026-09-28,nashville-tn,16,2026-09-28T21:00:00Z,301.99,2.51,3.38,0.0,2026-09-28T22:00:00Z,nodd,nodd
2026-09-28,nashville-tn,17,2026-09-28T22:00:00Z,301.56,3.73,4.2,0.0,2026-09-28T23:00:00Z,nodd,nodd
2026-09-28,nashville-tn,18,2026-09-28T23:00:00Z,300.45,2.29,4.54,0.0,2026-09-29T00:00:00Z,nodd,nodd
2026-09-28,nashville-tn,19,2026-09-29T00:00:00Z,297.3,2.14,5.0,0.0,2026-09-29T01:00:00Z,nodd,nodd
2026-09-28,nashville-tn,20,2026-09-29T01:00:00Z,294.49,2.09,3.59,0.0,2026-09-29T02:00:00Z,nodd,nodd
2026-09-28,nashville-tn,21,2026-09-29T02:00:00Z,293.17,0.52,2.4,0.0,2026-09-29T03:00:00Z,nodd,nodd
2026-09-28,nashville-tn,22,2026-09-29T03:00:00Z,291.37,1.41,1.6,0.0,2026-09-29T04:00:00Z,nodd,nodd
2026-09-28,nashville-tn,23,2026-09-29T04:00:00Z,290.02,0.3,0.91,0.0,2026-09-29T05:00:00Z,nodd,nodd
2026-09-28,san-jose-ca,00,2026-09-28T07:00:00Z,285.93,0.98,3.51,0.0,2026-09-28T08:00:00Z,nodd,nodd
2026-09-28,san-jose-ca,01,2026-09-28T08:00:00Z,285.43,0.0,2.66,0.0,2026-09-28T09:00:00Z,nodd,nodd
2026-09-28,san-jose-ca,02,2026-09-28T09:00:00Z,285.06,0.78,2.38,0.0,2026-09-28T10:00:00Z,nodd,nodd
2026-09-28,san-jose-ca,03,2026-09-28T10:00:00Z,284.32,1.23,1.23,0.0,2026-09-28T11:00:00Z,nodd,nodd
2026-09-28,san-jose-ca,04,2026-09-28T11:00:00Z,284.32,0.42,1.62,0.0,2026-09-28T12:00:00Z,nodd,nodd
2026-09-28,san-jose-ca,05,2026-09-28T12:00:00Z,283.49,0.81,0.91,0.0,2026-09-28T13:00:00Z,nodd,nodd
2026-09-28,san-jose-ca,06,2026-09-28T13:00:00Z,283.33,0.55,0.55,0.0,2026-09-28T14:00:00Z,nodd,nodd
2026-09-28,san-jose-ca,07,2026-09-28T14:00:00Z,282.9,0.63,1.7,0.0,2026-09-28T15:00:00Z,nodd,nodd
2026-09-28,san-jose-ca,08,2026-09-28T15:00:00Z,283.5,0.0,3.04,0.0,2026-09-28T16:00:00Z,nodd,nodd
2026-09-28,san-jose-ca,09,2026-09-28T16:00:00Z,286.57,1.21,2.83,0.0,2026-09-28T17:00:00Z,nodd,nodd
2026-09-28,san-jose-ca,10,2026-09-28T17:00:00Z,288.66,1.01,2.17,0.0,2026-09-28T18:00:00Z,nodd,nodd
2026-09-28,san-jose-ca,11,2026-09-28T18:00:00Z,290.63,0.79,2.41,0.0,2026-09-28T19:00:00Z,nodd,nodd
2026-09-28,san-jose-ca,12,2026-09-28T19:00:00Z,292.39,1.61,2.23,0.0,2026-09-28T20:00:00Z,nodd,nodd
2026-09-28,san-jose-ca,13,2026-09-28T20:00:00Z,295.15,2.64,5.52,0.0,2026-09-28T21:00:00Z,nodd,nodd
2026-09-28,san-jose-ca,14,2026-09-28T21:00:00Z,296.84,3.46,6.65,0.0,2026-09-28T22:00:00Z,nodd,nodd
2026-09-28,san-jose-ca,15,2026-09-28T22:00:00Z,298.05,3.86,7.5,0.0,2026-09-28T23:00:00Z,nodd,nodd
2026-09-28,san-jose-ca,16,2026-09-28T23:00:00Z,297.61,4.74,6.21,0.0,2026-09-29T00:00:00Z,nodd,nodd
2026-09-28,san-jose-ca,17,2026-09-29T00:00:00Z,296.68,4.42,7.71,0.0,2026-09-29T01:00:00Z,nodd,nodd
2026-09-28,san-jose-ca,18,2026-09-29T01:00:00Z,294.96,4.61,7.06,0.0,2026-09-29T02:00:00Z,nodd,nodd
2026-09-28,san-jose-ca,19,2026-09-29T02:00:00Z,292.31,3.83,6.69,0.0,2026-09-29T03:00:00Z,nodd,nodd
2026-09-28,san-jose-ca,20,2026-09-29T03:00:00Z,290.5,2.71,5.21,0.0,2026-09-29T04:00:00Z,nodd,nodd
2026-09-28,san-jose-ca,21,2026-09-29T04:00:00Z,289.3,1.58,2.81,0.0,2026-09-29T05:00:00Z,nodd,nodd
2026-09-28,san-jose-ca,22,2026-09-29T05:00:00Z,288.65,1.09,3.55,0.0,2026-09-29T06:00:00Z,nodd,nodd
2026-09-28,san-jose-ca,23,2026-09-29T06:00:00Z,287.86,0.87,1.9,0.0,2026-09-29T07:00:00Z,nodd,nodd
2026-09-28,norfolk-va,00,2026-09-28T04:00:00Z,291.73,3.55,6.82,0.0,2026-09-28T05:00:00Z,nodd,nodd
2026-09-28,norfolk-va,01,2026-09-28T05:00:00Z,291.63,2.94,6.77,0.0,2026-09-28T06:00:00Z,nodd,nodd
2026-09-28,norfolk-va,02,2026-09-28T06:00:00Z,291.44,2.54,5.87,0.0,2026-09-28T07:00:00Z,nodd,nodd
2026-09-28,norfolk-va,03,2026-09-28T07:00:00Z,291.18,1.76,3.65,0.0,2026-09-28T08:00:00Z,nodd,nodd
2026-09-28,norfolk-va,04,2026-09-28T08:00:00Z,290.58,2.03,4.21,0.0,2026-09-28T09:00:00Z,nodd,nodd
2026-09-28,norfolk-va,05,2026-09-28T09:00:00Z,290.16,2.26,4.35,0.0,2026-09-28T10:00:00Z,nodd,nodd
2026-09-28,norfolk-va,06,2026-09-28T10:00:00Z,289.34,1.27,4.64,0.0,2026-09-28T11:00:00Z,nodd,nodd
2026-09-28,norfolk-va,07,2026-09-28T11:00:00Z,288.86,2.32,4.23,0.0,2026-09-28T12:00:00Z,nodd,nodd
2026-09-28,norfolk-va,08,2026-09-28T12:00:00Z,289.71,2.15,4.22,0.0,2026-09-28T13:00:00Z,nodd,nodd
2026-09-28,norfolk-va,09,2026-09-28T13:00:00Z,291.86,2.48,4.16,0.0,2026-09-28T14:00:00Z,nodd,nodd
2026-09-28,norfolk-va,10,2026-09-28T14:00:00Z,293.2,2.7,5.24,0.0,2026-09-28T15:00:00Z,nodd,nodd
2026-09-28,norfolk-va,11,2026-09-28T15:00:00Z,294.47,3.85,7.89,0.0,2026-09-28T16:00:00Z,nodd,nodd
2026-09-28,norfolk-va,12,2026-09-28T16:00:00Z,295.24,4.14,5.39,0.0,2026-09-28T17:00:00Z,nodd,nodd
2026-09-28,norfolk-va,13,2026-09-28T17:00:00Z,296.3,3.36,7.06,0.0,2026-09-28T18:00:00Z,nodd,nodd
2026-09-28,norfolk-va,14,2026-09-28T18:00:00Z,296.47,3.9,5.52,0.0,2026-09-28T19:00:00Z,nodd,nodd
2026-09-28,norfolk-va,15,2026-09-28T19:00:00Z,296.98,2.14,4.79,0.0,2026-09-28T20:00:00Z,nodd,nodd
2026-09-28,norfolk-va,16,2026-09-28T20:00:00Z,297.17,3.45,3.75,0.0,2026-09-28T21:00:00Z,nodd,nodd
2026-09-28,norfolk-va,17,2026-09-28T21:00:00Z,296.74,2.18,3.01,0.0,2026-09-28T22:00:00Z,nodd,nodd
2026-09-28,norfolk-va,18,2026-09-28T22:00:00Z,295.77,2.28,2.94,0.0,2026-09-28T23:00:00Z,nodd,nodd
2026-09-28,norfolk-va,19,2026-09-28T23:00:00Z,294.48,2.24,2.96,0.0,2026-09-29T00:00:00Z,nodd,nodd
2026-09-28,norfolk-va,20,2026-09-29T00:00:00Z,293.88,2.17,4.17,0.0,2026-09-29T01:00:00Z,nodd,nodd
2026-09-28,norfolk-va,21,2026-09-29T01:00:00Z,293.77,1.3,3.87,0.0,2026-09-29T02:00:00Z,nodd,nodd
2026-09-28,norfolk-va,22,2026-09-29T02:00:00Z,293.67,1.37,3.58,0.0,2026-09-29T03:00:00Z,nodd,nodd
2026-09-28,norfolk-va,23,2026-09-29T03:00:00Z,293.29,0.63,2.72,0.0,2026-09-29T04:00:00Z,nodd,nodd
2026-09-28,jacksonville-fl,00,2026-09-28T04:00:00Z,296.02,1.29,2.66,0.0,2026-09-28T05:00:00Z,nodd,nodd
2026-09-28,jacksonville-fl,01,2026-09-28T05:00:00Z,295.45,1.36,1.88,0.0,2026-09-28T06:00:00Z,nodd,nodd
2026-09-28,jacksonville-fl,02,2026-09-28T06:00:00Z,294.63,1.84,2.33,0.0,2026-09-28T07:00:00Z,nodd,nodd
2026-09-28,jacksonville-fl,03,2026-09-28T07:00:00Z,294.35,2.39,3.56,0.0,2026-09-28T08:00:00Z,nodd,nodd
2026-09-28,jacksonville-fl,04,2026-09-28T08:00:00Z,294.18,2.42,3.02,0.0,2026-09-28T09:00:00Z,nodd,nodd
2026-09-28,jacksonville-fl,05,2026-09-28T09:00:00Z,294.19,1.64,2.35,0.0,2026-09-28T10:00:00Z,nodd,nodd
2026-09-28,jacksonville-fl,06,2026-09-28T10:00:00Z,293.85,1.7,2.35,0.0,2026-09-28T11:00:00Z,nodd,nodd
2026-09-28,jacksonville-fl,07,2026-09-28T11:00:00Z,293.73,2.13,3.38,0.0,2026-09-28T12:00:00Z,nodd,nodd
2026-09-28,jacksonville-fl,08,2026-09-28T12:00:00Z,294.15,2.08,3.2,0.0,2026-09-28T13:00:00Z,nodd,nodd
2026-09-28,jacksonville-fl,09,2026-09-28T13:00:00Z,296.35,2.78,4.82,0.0,2026-09-28T14:00:00Z,nodd,nodd
2026-09-28,jacksonville-fl,10,2026-09-28T14:00:00Z,298.48,3.46,6.07,0.0,2026-09-28T15:00:00Z,nodd,nodd
2026-09-28,jacksonville-fl,11,2026-09-28T15:00:00Z,300.48,3.34,4.23,0.0,2026-09-28T16:00:00Z,nodd,nodd
2026-09-28,jacksonville-fl,12,2026-09-28T16:00:00Z,302.4,3.95,6.25,0.0,2026-09-28T17:00:00Z,nodd,nodd
2026-09-28,jacksonville-fl,13,2026-09-28T17:00:00Z,304.15,3.45,5.79,0.0,2026-09-28T18:00:00Z,nodd,nodd
2026-09-28,jacksonville-fl,14,2026-09-28T18:00:00Z,304.91,3.5,6.89,0.0,2026-09-28T19:00:00Z,nodd,nodd
2026-09-28,jacksonville-fl,15,2026-09-28T19:00:00Z,305.91,4.86,4.86,0.0,2026-09-28T20:00:00Z,nodd,nodd
2026-09-28,jacksonville-fl,16,2026-09-28T20:00:00Z,306.0,3.9,4.13,0.0,2026-09-28T21:00:00Z,nodd,nodd
2026-09-28,jacksonville-fl,17,2026-09-28T21:00:00Z,306.02,3.87,5.82,0.0,2026-09-28T22:00:00Z,nodd,nodd
2026-09-28,jacksonville-fl,18,2026-09-28T22:00:00Z,305.33,3.34,4.34,0.0,2026-09-28T23:00:00Z,nodd,nodd
2026-09-28,jacksonville-fl,19,2026-09-28T23:00:00Z,303.18,2.39,2.43,0.0,2026-09-29T00:00:00Z,nodd,nodd
2026-09-28,jacksonville-fl,20,2026-09-29T00:00:00Z,300.61,0.44,0.99,0.0,2026-09-29T01:00:00Z,nodd,nodd
2026-09-28,jacksonville-fl,21,2026-09-29T01:00:00Z,298.62,1.85,2.96,0.0,2026-09-29T02:00:00Z,nodd,nodd
2026-09-28,jacksonville-fl,22,2026-09-29T02:00:00Z,298.12,0.91,1.31,0.0,2026-09-29T03:00:00Z,nodd,nodd
2026-09-28,jacksonville-fl,23,2026-09-29T03:00:00Z,297.33,1.25,2.64,0.0,2026-09-29T04:00:00Z,nodd,nodd
2026-09-28,providence-ri,00,2026-09-28T04:00:00Z,287.93,4.95,9.3,0.140625,2026-09-28T05:00:00Z,nodd,nodd
2026-09-28,providence-ri,01,2026-09-28T05:00:00Z,287.56,6.02,10.52,2.140625,2026-09-28T06:00:00Z,nodd,nodd
2026-09-28,providence-ri,02,2026-09-28T06:00:00Z,287.13,6.54,11.95,4.796875,2026-09-28T07:00:00Z,nodd,nodd
2026-09-28,providence-ri,03,2026-09-28T07:00:00Z,286.95,5.11,7.98,0.03125,2026-09-28T08:00:00Z,nodd,nodd
2026-09-28,providence-ri,04,2026-09-28T08:00:00Z,286.92,5.25,10.29,0.1875,2026-09-28T09:00:00Z,nodd,nodd
2026-09-28,providence-ri,05,2026-09-28T09:00:00Z,286.58,4.56,9.99,0.609375,2026-09-28T10:00:00Z,nodd,nodd
2026-09-28,providence-ri,06,2026-09-28T10:00:00Z,286.45,4.11,8.93,1.59375,2026-09-28T11:00:00Z,nodd,nodd
2026-09-28,providence-ri,07,2026-09-28T11:00:00Z,286.36,3.35,9.06,0.125,2026-09-28T12:00:00Z,nodd,nodd
2026-09-28,providence-ri,08,2026-09-28T12:00:00Z,286.43,4.41,7.15,2.375,2026-09-28T13:00:00Z,nodd,nodd
2026-09-28,providence-ri,09,2026-09-28T13:00:00Z,286.74,3.73,7.63,0.59375,2026-09-28T14:00:00Z,nodd,nodd
2026-09-28,providence-ri,10,2026-09-28T14:00:00Z,287.28,3.63,8.24,0.0,2026-09-28T15:00:00Z,nodd,nodd
2026-09-28,providence-ri,11,2026-09-28T15:00:00Z,288.04,3.75,8.82,1.09375,2026-09-28T16:00:00Z,nodd,nodd
2026-09-28,providence-ri,12,2026-09-28T16:00:00Z,288.38,3.63,8.3,0.125,2026-09-28T17:00:00Z,nodd,nodd
2026-09-28,providence-ri,13,2026-09-28T17:00:00Z,288.55,3.7,8.17,1.15625,2026-09-28T18:00:00Z,nodd,nodd
2026-09-28,providence-ri,14,2026-09-28T18:00:00Z,288.37,2.7,7.15,0.40625,2026-09-28T19:00:00Z,nodd,nodd
2026-09-28,providence-ri,15,2026-09-28T19:00:00Z,288.1,4.84,8.04,1.84375,2026-09-28T20:00:00Z,nodd,nodd
2026-09-28,providence-ri,16,2026-09-28T20:00:00Z,287.75,2.37,7.1,0.71875,2026-09-28T21:00:00Z,nodd,nodd
2026-09-28,providence-ri,17,2026-09-28T21:00:00Z,287.32,3.02,8.25,0.96875,2026-09-28T22:00:00Z,nodd,nodd
2026-09-28,providence-ri,18,2026-09-28T22:00:00Z,286.98,4.12,6.77,0.46875,2026-09-28T23:00:00Z,nodd,nodd
2026-09-28,providence-ri,19,2026-09-28T23:00:00Z,286.67,3.36,6.45,0.0625,2026-09-29T00:00:00Z,nodd,nodd
2026-09-28,providence-ri,20,2026-09-29T00:00:00Z,286.53,2.39,8.42,0.25,2026-09-29T01:00:00Z,nodd,nodd
2026-09-28,providence-ri,21,2026-09-29T01:00:00Z,286.56,2.07,6.04,0.078125,2026-09-29T02:00:00Z,nodd,nodd
2026-09-28,providence-ri,22,2026-09-29T02:00:00Z,286.58,2.4,5.9,0.0,2026-09-29T03:00:00Z,nodd,nodd
2026-09-28,providence-ri,23,2026-09-29T03:00:00Z,286.47,1.57,5.41,0.0,2026-09-29T04:00:00Z,nodd,nodd
2026-09-28,milwaukee-wi,00,2026-09-28T05:00:00Z,284.9,1.83,2.08,0.0,2026-09-28T06:00:00Z,nodd,nodd
2026-09-28,milwaukee-wi,01,2026-09-28T06:00:00Z,284.45,2.37,2.37,0.0,2026-09-28T07:00:00Z,nodd,nodd
2026-09-28,milwaukee-wi,02,2026-09-28T07:00:00Z,284.17,1.82,3.2,0.0,2026-09-28T08:00:00Z,nodd,nodd
2026-09-28,milwaukee-wi,03,2026-09-28T08:00:00Z,283.77,1.87,1.87,0.0,2026-09-28T09:00:00Z,nodd,nodd
2026-09-28,milwaukee-wi,04,2026-09-28T09:00:00Z,283.43,0.84,2.31,0.0,2026-09-28T10:00:00Z,nodd,nodd
2026-09-28,milwaukee-wi,05,2026-09-28T10:00:00Z,283.51,1.83,2.01,0.0,2026-09-28T11:00:00Z,nodd,nodd
2026-09-28,milwaukee-wi,06,2026-09-28T11:00:00Z,283.51,1.85,2.6,0.0,2026-09-28T12:00:00Z,nodd,nodd
2026-09-28,milwaukee-wi,07,2026-09-28T12:00:00Z,283.92,0.76,3.2,0.0,2026-09-28T13:00:00Z,nodd,nodd
2026-09-28,milwaukee-wi,08,2026-09-28T13:00:00Z,285.32,1.18,3.48,0.0,2026-09-28T14:00:00Z,nodd,nodd
2026-09-28,milwaukee-wi,09,2026-09-28T14:00:00Z,287.47,0.88,1.49,0.0,2026-09-28T15:00:00Z,nodd,nodd
2026-09-28,milwaukee-wi,10,2026-09-28T15:00:00Z,290.58,0.3,2.41,0.0,2026-09-28T16:00:00Z,nodd,nodd
2026-09-28,milwaukee-wi,11,2026-09-28T16:00:00Z,291.92,1.12,1.12,0.0,2026-09-28T17:00:00Z,nodd,nodd
2026-09-28,milwaukee-wi,12,2026-09-28T17:00:00Z,292.21,0.75,2.17,0.0,2026-09-28T18:00:00Z,nodd,nodd
2026-09-28,milwaukee-wi,13,2026-09-28T18:00:00Z,292.38,2.49,2.94,0.0,2026-09-28T19:00:00Z,nodd,nodd
2026-09-28,milwaukee-wi,14,2026-09-28T19:00:00Z,293.5,2.13,2.29,0.0,2026-09-28T20:00:00Z,nodd,nodd
2026-09-28,milwaukee-wi,15,2026-09-28T20:00:00Z,293.26,1.18,2.55,0.0,2026-09-28T21:00:00Z,nodd,nodd
2026-09-28,milwaukee-wi,16,2026-09-28T21:00:00Z,293.02,2.22,2.81,0.0,2026-09-28T22:00:00Z,nodd,nodd
2026-09-28,milwaukee-wi,17,2026-09-28T22:00:00Z,292.68,2.12,2.52,0.0,2026-09-28T23:00:00Z,nodd,nodd
2026-09-28,milwaukee-wi,18,2026-09-28T23:00:00Z,291.89,1.0,1.6,0.0,2026-09-29T00:00:00Z,nodd,nodd
2026-09-28,milwaukee-wi,19,2026-09-29T00:00:00Z,290.1,1.55,1.93,0.0,2026-09-29T01:00:00Z,nodd,nodd
2026-09-28,milwaukee-wi,20,2026-09-29T01:00:00Z,289.21,0.75,1.07,0.0,2026-09-29T02:00:00Z,nodd,nodd
2026-09-28,milwaukee-wi,21,2026-09-29T02:00:00Z,288.57,0.31,0.69,0.0,2026-09-29T03:00:00Z,nodd,nodd
2026-09-28,milwaukee-wi,22,2026-09-29T03:00:00Z,287.87,0.15,0.69,0.0,2026-09-29T04:00:00Z,nodd,nodd
2026-09-28,milwaukee-wi,23,2026-09-29T04:00:00Z,287.03,0.38,0.38,0.0,2026-09-29T05:00:00Z,nodd,nodd
2026-09-28,raleigh-nc,00,2026-09-28T04:00:00Z,292.9,1.74,3.95,0.0,2026-09-28T05:00:00Z,nodd,nodd
2026-09-28,raleigh-nc,01,2026-09-28T05:00:00Z,291.01,1.28,2.19,0.0,2026-09-28T06:00:00Z,nodd,nodd
2026-09-28,raleigh-nc,02,2026-09-28T06:00:00Z,289.61,0.44,1.38,0.0,2026-09-28T07:00:00Z,nodd,nodd
2026-09-28,raleigh-nc,03,2026-09-28T07:00:00Z,288.47,0.0,0.25,0.0,2026-09-28T08:00:00Z,nodd,nodd
2026-09-28,raleigh-nc,04,2026-09-28T08:00:00Z,287.95,0.04,0.04,0.0,2026-09-28T09:00:00Z,nodd,nodd
2026-09-28,raleigh-nc,05,2026-09-28T09:00:00Z,287.36,0.0,0.06,0.0,2026-09-28T10:00:00Z,nodd,nodd
2026-09-28,raleigh-nc,06,2026-09-28T10:00:00Z,286.92,0.62,0.74,0.0,2026-09-28T11:00:00Z,nodd,nodd
2026-09-28,raleigh-nc,07,2026-09-28T11:00:00Z,286.79,0.79,0.82,0.0,2026-09-28T12:00:00Z,nodd,nodd
2026-09-28,raleigh-nc,08,2026-09-28T12:00:00Z,286.98,0.32,1.28,0.0,2026-09-28T13:00:00Z,nodd,nodd
2026-09-28,raleigh-nc,09,2026-09-28T13:00:00Z,290.49,0.91,0.91,0.0,2026-09-28T14:00:00Z,nodd,nodd
2026-09-28,raleigh-nc,10,2026-09-28T14:00:00Z,294.49,2.36,2.36,0.0,2026-09-28T15:00:00Z,nodd,nodd
2026-09-28,raleigh-nc,11,2026-09-28T15:00:00Z,296.65,1.65,1.65,0.0,2026-09-28T16:00:00Z,nodd,nodd
2026-09-28,raleigh-nc,12,2026-09-28T16:00:00Z,297.74,1.3,3.09,0.0,2026-09-28T17:00:00Z,nodd,nodd
2026-09-28,raleigh-nc,13,2026-09-28T17:00:00Z,298.92,2.39,6.91,0.0,2026-09-28T18:00:00Z,nodd,nodd
2026-09-28,raleigh-nc,14,2026-09-28T18:00:00Z,299.62,2.02,3.12,0.0,2026-09-28T19:00:00Z,nodd,nodd
2026-09-28,raleigh-nc,15,2026-09-28T19:00:00Z,299.88,1.84,4.85,0.0,2026-09-28T20:00:00Z,nodd,nodd
2026-09-28,raleigh-nc,16,2026-09-28T20:00:00Z,300.07,1.4,2.12,0.0,2026-09-28T21:00:00Z,nodd,nodd
2026-09-28,raleigh-nc,17,2026-09-28T21:00:00Z,299.79,1.15,1.95,0.0,2026-09-28T22:00:00Z,nodd,nodd
2026-09-28,raleigh-nc,18,2026-09-28T22:00:00Z,298.68,2.12,2.12,0.0,2026-09-28T23:00:00Z,nodd,nodd
2026-09-28,raleigh-nc,19,2026-09-28T23:00:00Z,297.33,1.26,2.38,0.0,2026-09-29T00:00:00Z,nodd,nodd
2026-09-28,raleigh-nc,20,2026-09-29T00:00:00Z,296.2,0.74,3.19,0.0,2026-09-29T01:00:00Z,nodd,nodd
2026-09-28,raleigh-nc,21,2026-09-29T01:00:00Z,295.23,1.16,1.82,0.0,2026-09-29T02:00:00Z,nodd,nodd
2026-09-28,raleigh-nc,22,2026-09-29T02:00:00Z,295.12,0.18,0.27,0.0,2026-09-29T03:00:00Z,nodd,nodd
2026-09-28,raleigh-nc,23,2026-09-29T03:00:00Z,294.65,0.37,1.33,0.0,2026-09-29T04:00:00Z,nodd,nodd
2026-09-28,oklahoma-city-ok,00,2026-09-28T05:00:00Z,297.41,4.67,7.92,0.0,2026-09-28T06:00:00Z,nodd,nodd
2026-09-28,oklahoma-city-ok,01,2026-09-28T06:00:00Z,296.57,4.19,6.95,0.0,2026-09-28T07:00:00Z,nodd,nodd
2026-09-28,oklahoma-city-ok,02,2026-09-28T07:00:00Z,295.79,2.55,5.61,0.0,2026-09-28T08:00:00Z,nodd,nodd
2026-09-28,oklahoma-city-ok,03,2026-09-28T08:00:00Z,294.96,3.16,5.37,0.0,2026-09-28T09:00:00Z,nodd,nodd
2026-09-28,oklahoma-city-ok,04,2026-09-28T09:00:00Z,294.41,2.58,3.5,0.0,2026-09-28T10:00:00Z,nodd,nodd
2026-09-28,oklahoma-city-ok,05,2026-09-28T10:00:00Z,293.99,2.13,2.91,0.0,2026-09-28T11:00:00Z,nodd,nodd
2026-09-28,oklahoma-city-ok,06,2026-09-28T11:00:00Z,293.51,2.6,3.44,0.0,2026-09-28T12:00:00Z,nodd,nodd
2026-09-28,oklahoma-city-ok,07,2026-09-28T12:00:00Z,292.91,2.16,3.61,0.0,2026-09-28T13:00:00Z,nodd,nodd
2026-09-28,oklahoma-city-ok,08,2026-09-28T13:00:00Z,292.9,1.65,5.22,0.0,2026-09-28T14:00:00Z,nodd,nodd
2026-09-28,oklahoma-city-ok,09,2026-09-28T14:00:00Z,294.05,3.6,5.9,0.0,2026-09-28T15:00:00Z,nodd,nodd
2026-09-28,oklahoma-city-ok,10,2026-09-28T15:00:00Z,296.69,4.76,6.13,0.0,2026-09-28T16:00:00Z,nodd,nodd
2026-09-28,oklahoma-city-ok,11,2026-09-28T16:00:00Z,299.55,3.6,6.43,0.0,2026-09-28T17:00:00Z,nodd,nodd
2026-09-28,oklahoma-city-ok,12,2026-09-28T17:00:00Z,301.01,3.14,5.06,0.0,2026-09-28T18:00:00Z,nodd,nodd
2026-09-28,oklahoma-city-ok,13,2026-09-28T18:00:00Z,302.79,2.8,5.86,0.0,2026-09-28T19:00:00Z,nodd,nodd
2026-09-28,oklahoma-city-ok,14,2026-09-28T19:00:00Z,303.25,3.1,4.86,0.0,2026-09-28T20:00:00Z,nodd,nodd
2026-09-28,oklahoma-city-ok,15,2026-09-28T20:00:00Z,304.98,2.74,6.73,0.0,2026-09-28T21:00:00Z,nodd,nodd
2026-09-28,oklahoma-city-ok,16,2026-09-28T21:00:00Z,305.1,4.63,8.92,0.0,2026-09-28T22:00:00Z,nodd,nodd
2026-09-28,oklahoma-city-ok,17,2026-09-28T22:00:00Z,305.31,4.31,8.26,0.0,2026-09-28T23:00:00Z,nodd,nodd
2026-09-28,oklahoma-city-ok,18,2026-09-28T23:00:00Z,304.71,4.31,6.55,0.0,2026-09-29T00:00:00Z,nodd,nodd
2026-09-28,oklahoma-city-ok,19,2026-09-29T00:00:00Z,304.18,4.55,7.92,0.0,2026-09-29T01:00:00Z,nodd,nodd
2026-09-28,oklahoma-city-ok,20,2026-09-29T01:00:00Z,302.69,4.06,6.58,0.0,2026-09-29T02:00:00Z,nodd,nodd
2026-09-28,oklahoma-city-ok,21,2026-09-29T02:00:00Z,302.07,3.6,4.39,0.0,2026-09-29T03:00:00Z,nodd,nodd
2026-09-28,oklahoma-city-ok,22,2026-09-29T03:00:00Z,300.68,3.64,6.03,0.0,2026-09-29T04:00:00Z,nodd,nodd
2026-09-28,oklahoma-city-ok,23,2026-09-29T04:00:00Z,299.18,3.79,5.47,0.0,2026-09-29T05:00:00Z,nodd,nodd
2026-09-28,louisville-ky,00,2026-09-28T04:00:00Z,286.42,1.15,1.35,0.0,2026-09-28T05:00:00Z,nodd,nodd
2026-09-28,louisville-ky,01,2026-09-28T05:00:00Z,285.4,0.47,1.12,0.0,2026-09-28T06:00:00Z,nodd,nodd
2026-09-28,louisville-ky,02,2026-09-28T06:00:00Z,284.71,0.92,1.21,0.0,2026-09-28T07:00:00Z,nodd,nodd
2026-09-28,louisville-ky,03,2026-09-28T07:00:00Z,284.3,0.0,1.29,0.0,2026-09-28T08:00:00Z,nodd,nodd
2026-09-28,louisville-ky,04,2026-09-28T08:00:00Z,284.05,0.0,1.29,0.0,2026-09-28T09:00:00Z,nodd,nodd
2026-09-28,louisville-ky,05,2026-09-28T09:00:00Z,283.43,0.08,0.41,0.0,2026-09-28T10:00:00Z,nodd,nodd
2026-09-28,louisville-ky,06,2026-09-28T10:00:00Z,283.3,0.0,0.06,0.0,2026-09-28T11:00:00Z,nodd,nodd
2026-09-28,louisville-ky,07,2026-09-28T11:00:00Z,282.89,0.0,0.75,0.0,2026-09-28T12:00:00Z,nodd,nodd
2026-09-28,louisville-ky,08,2026-09-28T12:00:00Z,282.97,0.08,0.8,0.0,2026-09-28T13:00:00Z,nodd,nodd
2026-09-28,louisville-ky,09,2026-09-28T13:00:00Z,285.23,0.52,0.9,0.0,2026-09-28T14:00:00Z,nodd,nodd
2026-09-28,louisville-ky,10,2026-09-28T14:00:00Z,288.24,1.81,1.81,0.0,2026-09-28T15:00:00Z,nodd,nodd
2026-09-28,louisville-ky,11,2026-09-28T15:00:00Z,291.66,0.24,1.36,0.0,2026-09-28T16:00:00Z,nodd,nodd
2026-09-28,louisville-ky,12,2026-09-28T16:00:00Z,294.79,0.0,2.1,0.0,2026-09-28T17:00:00Z,nodd,nodd
2026-09-28,louisville-ky,13,2026-09-28T17:00:00Z,297.19,0.36,3.21,0.0,2026-09-28T18:00:00Z,nodd,nodd
2026-09-28,louisville-ky,14,2026-09-28T18:00:00Z,298.26,3.14,3.94,0.0,2026-09-28T19:00:00Z,nodd,nodd
2026-09-28,louisville-ky,15,2026-09-28T19:00:00Z,298.96,1.79,3.48,0.0,2026-09-28T20:00:00Z,nodd,nodd
2026-09-28,louisville-ky,16,2026-09-28T20:00:00Z,299.61,2.11,3.67,0.0,2026-09-28T21:00:00Z,nodd,nodd
2026-09-28,louisville-ky,17,2026-09-28T21:00:00Z,299.48,2.91,3.79,0.0,2026-09-28T22:00:00Z,nodd,nodd
2026-09-28,louisville-ky,18,2026-09-28T22:00:00Z,299.09,1.86,2.55,0.0,2026-09-28T23:00:00Z,nodd,nodd
2026-09-28,louisville-ky,19,2026-09-28T23:00:00Z,297.67,1.76,1.99,0.0,2026-09-29T00:00:00Z,nodd,nodd
2026-09-28,louisville-ky,20,2026-09-29T00:00:00Z,294.75,1.18,1.18,0.0,2026-09-29T01:00:00Z,nodd,nodd
2026-09-28,louisville-ky,21,2026-09-29T01:00:00Z,291.74,0.68,2.11,0.0,2026-09-29T02:00:00Z,nodd,nodd
2026-09-28,louisville-ky,22,2026-09-29T02:00:00Z,291.08,0.0,1.56,0.0,2026-09-29T03:00:00Z,nodd,nodd
2026-09-28,louisville-ky,23,2026-09-29T03:00:00Z,289.56,0.0,0.02,0.0,2026-09-29T04:00:00Z,nodd,nodd
2026-09-28,richmond-va,00,2026-09-28T04:00:00Z,290.91,2.6,5.53,0.0,2026-09-28T05:00:00Z,nodd,nodd
2026-09-28,richmond-va,01,2026-09-28T05:00:00Z,290.89,2.64,6.92,0.0,2026-09-28T06:00:00Z,nodd,nodd
2026-09-28,richmond-va,02,2026-09-28T06:00:00Z,290.57,3.02,3.59,0.0,2026-09-28T07:00:00Z,nodd,nodd
2026-09-28,richmond-va,03,2026-09-28T07:00:00Z,290.3,2.14,2.82,0.0,2026-09-28T08:00:00Z,nodd,nodd
2026-09-28,richmond-va,04,2026-09-28T08:00:00Z,289.99,2.02,4.14,0.0,2026-09-28T09:00:00Z,nodd,nodd
2026-09-28,richmond-va,05,2026-09-28T09:00:00Z,289.74,1.0,4.2,0.0,2026-09-28T10:00:00Z,nodd,nodd
2026-09-28,richmond-va,06,2026-09-28T10:00:00Z,289.56,0.44,3.83,0.0,2026-09-28T11:00:00Z,nodd,nodd
2026-09-28,richmond-va,07,2026-09-28T11:00:00Z,288.92,0.33,3.14,0.0,2026-09-28T12:00:00Z,nodd,nodd
2026-09-28,richmond-va,08,2026-09-28T12:00:00Z,289.29,0.92,4.75,0.0,2026-09-28T13:00:00Z,nodd,nodd
2026-09-28,richmond-va,09,2026-09-28T13:00:00Z,291.06,2.29,3.84,0.0,2026-09-28T14:00:00Z,nodd,nodd
2026-09-28,richmond-va,10,2026-09-28T14:00:00Z,292.8,2.39,7.25,0.0,2026-09-28T15:00:00Z,nodd,nodd
2026-09-28,richmond-va,11,2026-09-28T15:00:00Z,294.14,2.97,4.31,0.0,2026-09-28T16:00:00Z,nodd,nodd
2026-09-28,richmond-va,12,2026-09-28T16:00:00Z,295.66,2.5,4.35,0.0,2026-09-28T17:00:00Z,nodd,nodd
2026-09-28,richmond-va,13,2026-09-28T17:00:00Z,296.44,2.44,3.71,0.0,2026-09-28T18:00:00Z,nodd,nodd
2026-09-28,richmond-va,14,2026-09-28T18:00:00Z,297.23,2.72,3.16,0.0,2026-09-28T19:00:00Z,nodd,nodd
2026-09-28,richmond-va,15,2026-09-28T19:00:00Z,298.09,1.53,3.79,0.0,2026-09-28T20:00:00Z,nodd,nodd
2026-09-28,richmond-va,16,2026-09-28T20:00:00Z,297.38,1.61,3.48,0.0,2026-09-28T21:00:00Z,nodd,nodd
2026-09-28,richmond-va,17,2026-09-28T21:00:00Z,296.93,1.24,2.7,0.0,2026-09-28T22:00:00Z,nodd,nodd
2026-09-28,richmond-va,18,2026-09-28T22:00:00Z,295.94,1.74,1.74,0.0,2026-09-28T23:00:00Z,nodd,nodd
2026-09-28,richmond-va,19,2026-09-28T23:00:00Z,295.09,0.8,2.33,0.0,2026-09-29T00:00:00Z,nodd,nodd
2026-09-28,richmond-va,20,2026-09-29T00:00:00Z,294.15,2.05,2.05,0.0,2026-09-29T01:00:00Z,nodd,nodd
2026-09-28,richmond-va,21,2026-09-29T01:00:00Z,293.56,1.35,2.27,0.0,2026-09-29T02:00:00Z,nodd,nodd
2026-09-28,richmond-va,22,2026-09-29T02:00:00Z,293.22,2.16,2.16,0.0,2026-09-29T03:00:00Z,nodd,nodd
2026-09-28,richmond-va,23,2026-09-29T03:00:00Z,292.64,1.42,1.76,0.0,2026-09-29T04:00:00Z,nodd,nodd
2026-09-28,memphis-tn,00,2026-09-28T05:00:00Z,291.92,0.98,2.4,0.0,2026-09-28T06:00:00Z,nodd,nodd
2026-09-28,memphis-tn,01,2026-09-28T06:00:00Z,291.79,1.37,1.55,0.0,2026-09-28T07:00:00Z,nodd,nodd
2026-09-28,memphis-tn,02,2026-09-28T07:00:00Z,291.05,1.16,3.31,0.0,2026-09-28T08:00:00Z,nodd,nodd
2026-09-28,memphis-tn,03,2026-09-28T08:00:00Z,291.6,2.14,5.13,0.0,2026-09-28T09:00:00Z,nodd,nodd
2026-09-28,memphis-tn,04,2026-09-28T09:00:00Z,291.81,1.7,4.41,0.0,2026-09-28T10:00:00Z,nodd,nodd
2026-09-28,memphis-tn,05,2026-09-28T10:00:00Z,291.47,1.56,6.02,0.0,2026-09-28T11:00:00Z,nodd,nodd
2026-09-28,memphis-tn,06,2026-09-28T11:00:00Z,291.49,0.97,5.17,0.0,2026-09-28T12:00:00Z,nodd,nodd
2026-09-28,memphis-tn,07,2026-09-28T12:00:00Z,291.26,1.83,4.17,0.0,2026-09-28T13:00:00Z,nodd,nodd
2026-09-28,memphis-tn,08,2026-09-28T13:00:00Z,291.35,1.61,3.89,0.0,2026-09-28T14:00:00Z,nodd,nodd
2026-09-28,memphis-tn,09,2026-09-28T14:00:00Z,292.38,2.78,4.56,0.0,2026-09-28T15:00:00Z,nodd,nodd
2026-09-28,memphis-tn,10,2026-09-28T15:00:00Z,294.01,1.98,3.28,0.0,2026-09-28T16:00:00Z,nodd,nodd
2026-09-28,memphis-tn,11,2026-09-28T16:00:00Z,297.21,2.21,3.72,0.0,2026-09-28T17:00:00Z,nodd,nodd
2026-09-28,memphis-tn,12,2026-09-28T17:00:00Z,298.72,2.23,3.64,0.0,2026-09-28T18:00:00Z,nodd,nodd
2026-09-28,memphis-tn,13,2026-09-28T18:00:00Z,300.28,2.41,3.45,0.0,2026-09-28T19:00:00Z,nodd,nodd
2026-09-28,memphis-tn,14,2026-09-28T19:00:00Z,301.7,1.85,2.79,0.0,2026-09-28T20:00:00Z,nodd,nodd
2026-09-28,memphis-tn,15,2026-09-28T20:00:00Z,302.07,2.9,3.05,0.0,2026-09-28T21:00:00Z,nodd,nodd
2026-09-28,memphis-tn,16,2026-09-28T21:00:00Z,302.34,1.82,3.76,0.0,2026-09-28T22:00:00Z,nodd,nodd
2026-09-28,memphis-tn,17,2026-09-28T22:00:00Z,301.96,2.16,2.63,0.0,2026-09-28T23:00:00Z,nodd,nodd
2026-09-28,memphis-tn,18,2026-09-28T23:00:00Z,301.31,1.13,3.07,0.0,2026-09-29T00:00:00Z,nodd,nodd
2026-09-28,memphis-tn,19,2026-09-29T00:00:00Z,298.42,1.27,3.33,0.0,2026-09-29T01:00:00Z,nodd,nodd
2026-09-28,memphis-tn,20,2026-09-29T01:00:00Z,295.98,0.36,1.73,0.0,2026-09-29T02:00:00Z,nodd,nodd
2026-09-28,memphis-tn,21,2026-09-29T02:00:00Z,295.23,0.95,1.96,0.0,2026-09-29T03:00:00Z,nodd,nodd
2026-09-28,memphis-tn,22,2026-09-29T03:00:00Z,293.54,1.87,4.07,0.0,2026-09-29T04:00:00Z,nodd,nodd
2026-09-28,memphis-tn,23,2026-09-29T04:00:00Z,292.51,1.13,5.85,0.0,2026-09-29T05:00:00Z,nodd,nodd
2026-09-28,salt-lake-city-ut,00,2026-09-28T06:00:00Z,294.24,1.39,3.51,0.0,2026-09-28T07:00:00Z,nodd,nodd
2026-09-28,salt-lake-city-ut,01,2026-09-28T07:00:00Z,295.89,2.18,4.59,0.0,2026-09-28T08:00:00Z,nodd,nodd
2026-09-28,salt-lake-city-ut,02,2026-09-28T08:00:00Z,294.39,1.57,5.47,0.0,2026-09-28T09:00:00Z,nodd,nodd
2026-09-28,salt-lake-city-ut,03,2026-09-28T09:00:00Z,295.21,4.07,9.28,0.0,2026-09-28T10:00:00Z,nodd,nodd
2026-09-28,salt-lake-city-ut,04,2026-09-28T10:00:00Z,294.8,3.76,9.86,0.0,2026-09-28T11:00:00Z,nodd,nodd
2026-09-28,salt-lake-city-ut,05,2026-09-28T11:00:00Z,294.46,2.74,8.03,0.0,2026-09-28T12:00:00Z,nodd,nodd
2026-09-28,salt-lake-city-ut,06,2026-09-28T12:00:00Z,293.95,1.43,5.46,0.0625,2026-09-28T13:00:00Z,nodd,nodd
2026-09-28,salt-lake-city-ut,07,2026-09-28T13:00:00Z,293.92,1.85,7.03,0.484375,2026-09-28T14:00:00Z,nodd,nodd
2026-09-28,salt-lake-city-ut,08,2026-09-28T14:00:00Z,290.38,2.79,10.39,2.1875,2026-09-28T15:00:00Z,nodd,nodd
2026-09-28,salt-lake-city-ut,09,2026-09-28T15:00:00Z,288.9,0.75,3.85,1.21875,2026-09-28T16:00:00Z,nodd,nodd
2026-09-28,salt-lake-city-ut,10,2026-09-28T16:00:00Z,288.44,2.52,2.52,0.4375,2026-09-28T17:00:00Z,nodd,nodd
2026-09-28,salt-lake-city-ut,11,2026-09-28T17:00:00Z,289.41,3.55,6.14,1.125,2026-09-28T18:00:00Z,nodd,nodd
2026-09-28,salt-lake-city-ut,12,2026-09-28T18:00:00Z,289.87,2.74,4.88,1.25,2026-09-28T19:00:00Z,nodd,nodd
2026-09-28,salt-lake-city-ut,13,2026-09-28T19:00:00Z,289.93,1.56,3.67,1.8125,2026-09-28T20:00:00Z,nodd,nodd
2026-09-28,salt-lake-city-ut,14,2026-09-28T20:00:00Z,288.57,2.39,4.05,0.125,2026-09-28T21:00:00Z,nodd,nodd
2026-09-28,salt-lake-city-ut,15,2026-09-28T21:00:00Z,290.38,1.57,1.57,1.0,2026-09-28T22:00:00Z,nodd,nodd
2026-09-28,salt-lake-city-ut,16,2026-09-28T22:00:00Z,288.68,2.66,3.85,1.125,2026-09-28T23:00:00Z,nodd,nodd
2026-09-28,salt-lake-city-ut,17,2026-09-28T23:00:00Z,287.67,2.7,6.73,0.03125,2026-09-29T00:00:00Z,nodd,nodd
2026-09-28,salt-lake-city-ut,18,2026-09-29T00:00:00Z,288.42,3.71,6.26,0.15625,2026-09-29T01:00:00Z,nodd,nodd
2026-09-28,salt-lake-city-ut,19,2026-09-29T01:00:00Z,287.03,2.0,6.48,0.0,2026-09-29T02:00:00Z,nodd,nodd
2026-09-28,salt-lake-city-ut,20,2026-09-29T02:00:00Z,288.08,3.12,7.75,0.0,2026-09-29T03:00:00Z,nodd,nodd
2026-09-28,salt-lake-city-ut,21,2026-09-29T03:00:00Z,287.26,2.72,3.46,0.0,2026-09-29T04:00:00Z,nodd,nodd
2026-09-28,salt-lake-city-ut,22,2026-09-29T04:00:00Z,287.39,1.21,1.49,0.0,2026-09-29T05:00:00Z,nodd,nodd
2026-09-28,salt-lake-city-ut,23,2026-09-29T05:00:00Z,286.97,0.12,1.22,0.0,2026-09-29T06:00:00Z,nodd,nodd
2026-09-28,birmingham-al,00,2026-09-28T05:00:00Z,289.18,0.0,3.21,0.0,2026-09-28T06:00:00Z,nodd,nodd
2026-09-28,birmingham-al,01,2026-09-28T06:00:00Z,288.58,0.59,2.93,0.0,2026-09-28T07:00:00Z,nodd,nodd
2026-09-28,birmingham-al,02,2026-09-28T07:00:00Z,288.19,0.2,2.45,0.0,2026-09-28T08:00:00Z,nodd,nodd
2026-09-28,birmingham-al,03,2026-09-28T08:00:00Z,287.84,0.0,1.06,0.0,2026-09-28T09:00:00Z,nodd,nodd
2026-09-28,birmingham-al,04,2026-09-28T09:00:00Z,286.98,0.0,2.18,0.0,2026-09-28T10:00:00Z,nodd,nodd
2026-09-28,birmingham-al,05,2026-09-28T10:00:00Z,286.36,0.0,3.24,0.0,2026-09-28T11:00:00Z,nodd,nodd
2026-09-28,birmingham-al,06,2026-09-28T11:00:00Z,286.0,0.0,2.6,0.0,2026-09-28T12:00:00Z,nodd,nodd
2026-09-28,birmingham-al,07,2026-09-28T12:00:00Z,286.13,0.15,3.45,0.0,2026-09-28T13:00:00Z,nodd,nodd
2026-09-28,birmingham-al,08,2026-09-28T13:00:00Z,288.1,0.08,5.27,0.0,2026-09-28T14:00:00Z,nodd,nodd
2026-09-28,birmingham-al,09,2026-09-28T14:00:00Z,291.09,0.44,5.04,0.0,2026-09-28T15:00:00Z,nodd,nodd
2026-09-28,birmingham-al,10,2026-09-28T15:00:00Z,294.61,3.09,4.82,0.0,2026-09-28T16:00:00Z,nodd,nodd
2026-09-28,birmingham-al,11,2026-09-28T16:00:00Z,296.67,0.93,4.11,0.0,2026-09-28T17:00:00Z,nodd,nodd
2026-09-28,birmingham-al,12,2026-09-28T17:00:00Z,299.05,1.22,4.17,0.0,2026-09-28T18:00:00Z,nodd,nodd
2026-09-28,birmingham-al,13,2026-09-28T18:00:00Z,300.34,1.13,3.99,0.0,2026-09-28T19:00:00Z,nodd,nodd
2026-09-28,birmingham-al,14,2026-09-28T19:00:00Z,301.14,2.57,2.85,0.0,2026-09-28T20:00:00Z,nodd,nodd
2026-09-28,birmingham-al,15,2026-09-28T20:00:00Z,302.4,0.83,3.79,0.0,2026-09-28T21:00:00Z,nodd,nodd
2026-09-28,birmingham-al,16,2026-09-28T21:00:00Z,302.35,0.54,3.59,0.0,2026-09-28T22:00:00Z,nodd,nodd
2026-09-28,birmingham-al,17,2026-09-28T22:00:00Z,301.7,3.57,4.15,0.0,2026-09-28T23:00:00Z,nodd,nodd
2026-09-28,birmingham-al,18,2026-09-28T23:00:00Z,299.99,1.92,3.45,0.0,2026-09-29T00:00:00Z,nodd,nodd
2026-09-28,birmingham-al,19,2026-09-29T00:00:00Z,296.29,0.9,4.7,0.0,2026-09-29T01:00:00Z,nodd,nodd
2026-09-28,birmingham-al,20,2026-09-29T01:00:00Z,293.56,0.24,2.94,0.0,2026-09-29T02:00:00Z,nodd,nodd
2026-09-28,birmingham-al,21,2026-09-29T02:00:00Z,292.03,0.0,1.42,0.0,2026-09-29T03:00:00Z,nodd,nodd
2026-09-28,birmingham-al,22,2026-09-29T03:00:00Z,290.56,0.47,1.77,0.0,2026-09-29T04:00:00Z,nodd,nodd
2026-09-28,birmingham-al,23,2026-09-29T04:00:00Z,289.78,0.0,3.12,0.0,2026-09-29T05:00:00Z,nodd,nodd
2026-09-28,fresno-ca,00,2026-09-28T07:00:00Z,292.05,3.69,5.87,0.0,2026-09-28T08:00:00Z,nodd,nodd
2026-09-28,fresno-ca,01,2026-09-28T08:00:00Z,291.37,3.2,6.88,0.0,2026-09-28T09:00:00Z,nodd,nodd
2026-09-28,fresno-ca,02,2026-09-28T09:00:00Z,290.42,2.21,6.77,0.0,2026-09-28T10:00:00Z,nodd,nodd
2026-09-28,fresno-ca,03,2026-09-28T10:00:00Z,289.77,2.28,4.64,0.0,2026-09-28T11:00:00Z,nodd,nodd
2026-09-28,fresno-ca,04,2026-09-28T11:00:00Z,288.76,2.58,5.0,0.0,2026-09-28T12:00:00Z,nodd,nodd
2026-09-28,fresno-ca,05,2026-09-28T12:00:00Z,287.92,1.57,3.63,0.0,2026-09-28T13:00:00Z,nodd,nodd
2026-09-28,fresno-ca,06,2026-09-28T13:00:00Z,287.06,1.78,3.33,0.0,2026-09-28T14:00:00Z,nodd,nodd
2026-09-28,fresno-ca,07,2026-09-28T14:00:00Z,286.57,1.59,3.7,0.0,2026-09-28T15:00:00Z,nodd,nodd
2026-09-28,fresno-ca,08,2026-09-28T15:00:00Z,286.83,2.56,6.03,0.0,2026-09-28T16:00:00Z,nodd,nodd
2026-09-28,fresno-ca,09,2026-09-28T16:00:00Z,289.02,2.65,5.06,0.0,2026-09-28T17:00:00Z,nodd,nodd
2026-09-28,fresno-ca,10,2026-09-28T17:00:00Z,291.52,4.09,6.27,0.0,2026-09-28T18:00:00Z,nodd,nodd
2026-09-28,fresno-ca,11,2026-09-28T18:00:00Z,293.59,3.68,5.76,0.0,2026-09-28T19:00:00Z,nodd,nodd
2026-09-28,fresno-ca,12,2026-09-28T19:00:00Z,294.44,2.63,3.6,0.0,2026-09-28T20:00:00Z,nodd,nodd
2026-09-28,fresno-ca,13,2026-09-28T20:00:00Z,296.51,2.56,5.4,0.0,2026-09-28T21:00:00Z,nodd,nodd
2026-09-28,fresno-ca,14,2026-09-28T21:00:00Z,298.09,3.33,6.12,0.0,2026-09-28T22:00:00Z,nodd,nodd
2026-09-28,fresno-ca,15,2026-09-28T22:00:00Z,299.13,2.54,5.83,0.0,2026-09-28T23:00:00Z,nodd,nodd
2026-09-28,fresno-ca,16,2026-09-28T23:00:00Z,299.92,1.98,5.5,0.0,2026-09-29T00:00:00Z,nodd,nodd
2026-09-28,fresno-ca,17,2026-09-29T00:00:00Z,300.2,3.28,5.91,0.0,2026-09-29T01:00:00Z,nodd,nodd
2026-09-28,fresno-ca,18,2026-09-29T01:00:00Z,299.74,3.26,5.16,0.0,2026-09-29T02:00:00Z,nodd,nodd
2026-09-28,fresno-ca,19,2026-09-29T02:00:00Z,298.85,1.98,2.69,0.0,2026-09-29T03:00:00Z,nodd,nodd
2026-09-28,fresno-ca,20,2026-09-29T03:00:00Z,297.13,2.01,3.94,0.0,2026-09-29T04:00:00Z,nodd,nodd
2026-09-28,fresno-ca,21,2026-09-29T04:00:00Z,296.35,1.65,5.16,0.0,2026-09-29T05:00:00Z,nodd,nodd
2026-09-28,fresno-ca,22,2026-09-29T05:00:00Z,295.15,2.29,4.98,0.0,2026-09-29T06:00:00Z,nodd,nodd
2026-09-28,fresno-ca,23,2026-09-29T06:00:00Z,294.36,2.65,4.82,0.0,2026-09-29T07:00:00Z,nodd,nodd
2026-09-28,grand-rapids-mi,00,2026-09-28T04:00:00Z,286.01,0.5,3.4,0.0,2026-09-28T05:00:00Z,nodd,nodd
2026-09-28,grand-rapids-mi,01,2026-09-28T05:00:00Z,285.38,1.16,3.24,0.0,2026-09-28T06:00:00Z,nodd,nodd
2026-09-28,grand-rapids-mi,02,2026-09-28T06:00:00Z,285.0,0.39,2.82,0.0,2026-09-28T07:00:00Z,nodd,nodd
2026-09-28,grand-rapids-mi,03,2026-09-28T07:00:00Z,284.42,0.66,1.55,0.0,2026-09-28T08:00:00Z,nodd,nodd
2026-09-28,grand-rapids-mi,04,2026-09-28T08:00:00Z,283.93,0.4,1.73,0.0,2026-09-28T09:00:00Z,nodd,nodd
2026-09-28,grand-rapids-mi,05,2026-09-28T09:00:00Z,283.56,0.57,2.07,0.0,2026-09-28T10:00:00Z,nodd,nodd
2026-09-28,grand-rapids-mi,06,2026-09-28T10:00:00Z,282.79,0.0,0.26,0.0,2026-09-28T11:00:00Z,nodd,nodd
2026-09-28,grand-rapids-mi,07,2026-09-28T11:00:00Z,282.34,0.1,0.72,0.0,2026-09-28T12:00:00Z,nodd,nodd
2026-09-28,grand-rapids-mi,08,2026-09-28T12:00:00Z,282.23,0.0,0.65,0.0,2026-09-28T13:00:00Z,nodd,nodd
2026-09-28,grand-rapids-mi,09,2026-09-28T13:00:00Z,285.07,0.0,1.74,0.0,2026-09-28T14:00:00Z,nodd,nodd
2026-09-28,grand-rapids-mi,10,2026-09-28T14:00:00Z,288.52,1.52,3.14,0.0,2026-09-28T15:00:00Z,nodd,nodd
2026-09-28,grand-rapids-mi,11,2026-09-28T15:00:00Z,291.26,1.72,3.37,0.0,2026-09-28T16:00:00Z,nodd,nodd
2026-09-28,grand-rapids-mi,12,2026-09-28T16:00:00Z,293.39,1.59,2.15,0.0,2026-09-28T17:00:00Z,nodd,nodd
2026-09-28,grand-rapids-mi,13,2026-09-28T17:00:00Z,294.89,2.2,2.66,0.0,2026-09-28T18:00:00Z,nodd,nodd
2026-09-28,grand-rapids-mi,14,2026-09-28T18:00:00Z,295.89,1.81,3.48,0.0,2026-09-28T19:00:00Z,nodd,nodd
2026-09-28,grand-rapids-mi,15,2026-09-28T19:00:00Z,296.25,1.91,3.67,0.0,2026-09-28T20:00:00Z,nodd,nodd
2026-09-28,grand-rapids-mi,16,2026-09-28T20:00:00Z,297.03,1.86,4.05,0.0,2026-09-28T21:00:00Z,nodd,nodd
2026-09-28,grand-rapids-mi,17,2026-09-28T21:00:00Z,297.12,2.62,3.41,0.0,2026-09-28T22:00:00Z,nodd,nodd
2026-09-28,grand-rapids-mi,18,2026-09-28T22:00:00Z,296.85,2.39,5.94,0.0,2026-09-28T23:00:00Z,nodd,nodd
2026-09-28,grand-rapids-mi,19,2026-09-28T23:00:00Z,294.34,2.07,5.28,0.0,2026-09-29T00:00:00Z,nodd,nodd
2026-09-28,grand-rapids-mi,20,2026-09-29T00:00:00Z,291.57,2.33,4.8,0.0,2026-09-29T01:00:00Z,nodd,nodd
2026-09-28,grand-rapids-mi,21,2026-09-29T01:00:00Z,289.67,1.15,2.31,0.0,2026-09-29T02:00:00Z,nodd,nodd
2026-09-28,grand-rapids-mi,22,2026-09-29T02:00:00Z,288.72,0.65,1.38,0.0,2026-09-29T03:00:00Z,nodd,nodd
2026-09-28,grand-rapids-mi,23,2026-09-29T03:00:00Z,287.34,0.4,1.19,0.0,2026-09-29T04:00:00Z,nodd,nodd
2026-09-28,hartford-ct,00,2026-09-28T04:00:00Z,287.64,5.28,9.96,1.453125,2026-09-28T05:00:00Z,nodd,nodd
2026-09-28,hartford-ct,01,2026-09-28T05:00:00Z,287.58,5.2,8.98,0.890625,2026-09-28T06:00:00Z,nodd,nodd
2026-09-28,hartford-ct,02,2026-09-28T06:00:00Z,287.57,4.07,5.77,0.0625,2026-09-28T07:00:00Z,nodd,nodd
2026-09-28,hartford-ct,03,2026-09-28T07:00:00Z,287.47,3.75,6.28,0.09375,2026-09-28T08:00:00Z,nodd,nodd
2026-09-28,hartford-ct,04,2026-09-28T08:00:00Z,287.06,4.07,6.36,1.046875,2026-09-28T09:00:00Z,nodd,nodd
2026-09-28,hartford-ct,05,2026-09-28T09:00:00Z,286.75,3.51,8.28,1.796875,2026-09-28T10:00:00Z,nodd,nodd
2026-09-28,hartford-ct,06,2026-09-28T10:00:00Z,286.43,4.82,7.85,2.4375,2026-09-28T11:00:00Z,nodd,nodd
2026-09-28,hartford-ct,07,2026-09-28T11:00:00Z,286.36,4.5,7.13,1.65625,2026-09-28T12:00:00Z,nodd,nodd
2026-09-28,hartford-ct,08,2026-09-28T12:00:00Z,286.51,4.34,7.69,1.921875,2026-09-28T13:00:00Z,nodd,nodd
2026-09-28,hartford-ct,09,2026-09-28T13:00:00Z,286.66,3.99,8.87,2.40625,2026-09-28T14:00:00Z,nodd,nodd
2026-09-28,hartford-ct,10,2026-09-28T14:00:00Z,286.73,4.36,5.92,1.25,2026-09-28T15:00:00Z,nodd,nodd
2026-09-28,hartford-ct,11,2026-09-28T15:00:00Z,287.08,3.29,7.32,0.03125,2026-09-28T16:00:00Z,nodd,nodd
2026-09-28,hartford-ct,12,2026-09-28T16:00:00Z,287.49,4.36,9.5,0.65625,2026-09-28T17:00:00Z,nodd,nodd
2026-09-28,hartford-ct,13,2026-09-28T17:00:00Z,287.47,4.39,7.67,0.84375,2026-09-28T18:00:00Z,nodd,nodd
2026-09-28,hartford-ct,14,2026-09-28T18:00:00Z,287.57,4.6,8.09,1.78125,2026-09-28T19:00:00Z,nodd,nodd
2026-09-28,hartford-ct,15,2026-09-28T19:00:00Z,287.6,6.11,9.06,0.21875,2026-09-28T20:00:00Z,nodd,nodd
2026-09-28,hartford-ct,16,2026-09-28T20:00:00Z,287.94,4.38,6.81,0.0,2026-09-28T21:00:00Z,nodd,nodd
2026-09-28,hartford-ct,17,2026-09-28T21:00:00Z,287.78,3.96,7.37,0.0,2026-09-28T22:00:00Z,nodd,nodd
2026-09-28,hartford-ct,18,2026-09-28T22:00:00Z,287.46,3.04,6.57,0.0,2026-09-28T23:00:00Z,nodd,nodd
2026-09-28,hartford-ct,19,2026-09-28T23:00:00Z,287.22,3.29,7.14,0.0,2026-09-29T00:00:00Z,nodd,nodd
2026-09-28,hartford-ct,20,2026-09-29T00:00:00Z,286.81,3.91,8.68,0.0,2026-09-29T01:00:00Z,nodd,nodd
2026-09-28,hartford-ct,21,2026-09-29T01:00:00Z,286.47,3.33,6.31,0.0,2026-09-29T02:00:00Z,nodd,nodd
2026-09-28,hartford-ct,22,2026-09-29T02:00:00Z,286.24,2.52,5.86,0.0,2026-09-29T03:00:00Z,nodd,nodd
2026-09-28,hartford-ct,23,2026-09-29T03:00:00Z,286.39,2.71,4.36,0.0,2026-09-29T04:00:00Z,nodd,nodd
2026-09-28,omaha-ne,00,2026-09-28T05:00:00Z,290.75,1.67,3.09,0.0,2026-09-28T06:00:00Z,nodd,nodd
2026-09-28,omaha-ne,01,2026-09-28T06:00:00Z,291.22,1.65,2.41,0.0,2026-09-28T07:00:00Z,nodd,nodd
2026-09-28,omaha-ne,02,2026-09-28T07:00:00Z,290.99,1.7,3.59,0.0,2026-09-28T08:00:00Z,nodd,nodd
2026-09-28,omaha-ne,03,2026-09-28T08:00:00Z,290.77,2.12,3.32,0.0,2026-09-28T09:00:00Z,nodd,nodd
2026-09-28,omaha-ne,04,2026-09-28T09:00:00Z,290.71,1.56,2.34,0.0,2026-09-28T10:00:00Z,nodd,nodd
2026-09-28,omaha-ne,05,2026-09-28T10:00:00Z,290.31,1.94,3.53,0.0,2026-09-28T11:00:00Z,nodd,nodd
2026-09-28,omaha-ne,06,2026-09-28T11:00:00Z,290.53,1.66,3.12,0.0,2026-09-28T12:00:00Z,nodd,nodd
2026-09-28,omaha-ne,07,2026-09-28T12:00:00Z,290.52,1.45,2.66,0.0,2026-09-28T13:00:00Z,nodd,nodd
2026-09-28,omaha-ne,08,2026-09-28T13:00:00Z,290.42,0.8,2.63,0.0,2026-09-28T14:00:00Z,nodd,nodd
2026-09-28,omaha-ne,09,2026-09-28T14:00:00Z,290.88,1.62,3.55,0.0,2026-09-28T15:00:00Z,nodd,nodd
2026-09-28,omaha-ne,10,2026-09-28T15:00:00Z,291.71,2.54,3.82,0.0,2026-09-28T16:00:00Z,nodd,nodd
2026-09-28,omaha-ne,11,2026-09-28T16:00:00Z,292.11,2.49,4.06,0.0,2026-09-28T17:00:00Z,nodd,nodd
2026-09-28,omaha-ne,12,2026-09-28T17:00:00Z,292.6,2.22,4.0,0.0,2026-09-28T18:00:00Z,nodd,nodd
2026-09-28,omaha-ne,13,2026-09-28T18:00:00Z,292.92,2.94,3.71,0.0,2026-09-28T19:00:00Z,nodd,nodd
2026-09-28,omaha-ne,14,2026-09-28T19:00:00Z,294.37,2.0,3.54,0.0,2026-09-28T20:00:00Z,nodd,nodd
2026-09-28,omaha-ne,15,2026-09-28T20:00:00Z,294.63,1.82,3.67,0.0,2026-09-28T21:00:00Z,nodd,nodd
2026-09-28,omaha-ne,16,2026-09-28T21:00:00Z,295.93,1.99,3.9,0.0,2026-09-28T22:00:00Z,nodd,nodd
2026-09-28,omaha-ne,17,2026-09-28T22:00:00Z,295.82,2.75,4.06,0.0,2026-09-28T23:00:00Z,nodd,nodd
2026-09-28,omaha-ne,18,2026-09-28T23:00:00Z,295.49,2.25,4.17,0.0,2026-09-29T00:00:00Z,nodd,nodd
2026-09-28,omaha-ne,19,2026-09-29T00:00:00Z,294.34,1.48,4.07,0.0,2026-09-29T01:00:00Z,nodd,nodd
2026-09-28,omaha-ne,20,2026-09-29T01:00:00Z,293.21,1.4,1.7,0.0,2026-09-29T02:00:00Z,nodd,nodd
2026-09-28,omaha-ne,21,2026-09-29T02:00:00Z,292.72,1.6,2.69,0.0,2026-09-29T03:00:00Z,nodd,nodd
2026-09-28,omaha-ne,22,2026-09-29T03:00:00Z,292.12,1.72,2.83,0.0,2026-09-29T04:00:00Z,nodd,nodd
2026-09-28,omaha-ne,23,2026-09-29T04:00:00Z,291.77,2.19,4.36,0.0,2026-09-29T05:00:00Z,nodd,nodd
2026-09-28,new-orleans-la,00,2026-09-28T05:00:00Z,298.55,1.12,4.17,0.0,2026-09-28T06:00:00Z,nodd,nodd
2026-09-28,new-orleans-la,01,2026-09-28T06:00:00Z,298.24,1.98,4.2,0.0,2026-09-28T07:00:00Z,nodd,nodd
2026-09-28,new-orleans-la,02,2026-09-28T07:00:00Z,298.05,1.98,3.34,0.0,2026-09-28T08:00:00Z,nodd,nodd
2026-09-28,new-orleans-la,03,2026-09-28T08:00:00Z,297.82,1.42,3.98,0.0,2026-09-28T09:00:00Z,nodd,nodd
2026-09-28,new-orleans-la,04,2026-09-28T09:00:00Z,297.5,0.83,4.16,0.0,2026-09-28T10:00:00Z,nodd,nodd
2026-09-28,new-orleans-la,05,2026-09-28T10:00:00Z,297.12,0.93,4.55,0.0,2026-09-28T11:00:00Z,nodd,nodd
2026-09-28,new-orleans-la,06,2026-09-28T11:00:00Z,297.48,1.46,4.94,0.0,2026-09-28T12:00:00Z,nodd,nodd
2026-09-28,new-orleans-la,07,2026-09-28T12:00:00Z,297.18,1.25,3.52,0.0,2026-09-28T13:00:00Z,nodd,nodd
2026-09-28,new-orleans-la,08,2026-09-28T13:00:00Z,298.35,1.32,4.04,0.0,2026-09-28T14:00:00Z,nodd,nodd
2026-09-28,new-orleans-la,09,2026-09-28T14:00:00Z,300.49,2.47,3.41,0.0,2026-09-28T15:00:00Z,nodd,nodd
2026-09-28,new-orleans-la,10,2026-09-28T15:00:00Z,301.6,2.52,3.62,0.0,2026-09-28T16:00:00Z,nodd,nodd
2026-09-28,new-orleans-la,11,2026-09-28T16:00:00Z,302.72,2.06,2.74,0.0,2026-09-28T17:00:00Z,nodd,nodd
2026-09-28,new-orleans-la,12,2026-09-28T17:00:00Z,304.17,1.38,2.82,0.0,2026-09-28T18:00:00Z,nodd,nodd
2026-09-28,new-orleans-la,13,2026-09-28T18:00:00Z,305.0,1.7,2.53,0.0,2026-09-28T19:00:00Z,nodd,nodd
2026-09-28,new-orleans-la,14,2026-09-28T19:00:00Z,305.88,2.43,2.43,0.0,2026-09-28T20:00:00Z,nodd,nodd
2026-09-28,new-orleans-la,15,2026-09-28T20:00:00Z,305.83,2.24,2.91,0.0,2026-09-28T21:00:00Z,nodd,nodd
2026-09-28,new-orleans-la,16,2026-09-28T21:00:00Z,305.46,3.76,3.76,0.0,2026-09-28T22:00:00Z,nodd,nodd
2026-09-28,new-orleans-la,17,2026-09-28T22:00:00Z,304.65,3.95,4.36,0.0,2026-09-28T23:00:00Z,nodd,nodd
2026-09-28,new-orleans-la,18,2026-09-28T23:00:00Z,302.61,2.86,4.32,0.0,2026-09-29T00:00:00Z,nodd,nodd
2026-09-28,new-orleans-la,19,2026-09-29T00:00:00Z,300.26,1.67,4.67,0.0,2026-09-29T01:00:00Z,nodd,nodd
2026-09-28,new-orleans-la,20,2026-09-29T01:00:00Z,300.65,1.15,2.63,0.0,2026-09-29T02:00:00Z,nodd,nodd
2026-09-28,new-orleans-la,21,2026-09-29T02:00:00Z,300.25,1.31,3.34,0.0,2026-09-29T03:00:00Z,nodd,nodd
2026-09-28,new-orleans-la,22,2026-09-29T03:00:00Z,299.78,1.07,1.19,0.0,2026-09-29T04:00:00Z,nodd,nodd
2026-09-28,new-orleans-la,23,2026-09-29T04:00:00Z,299.29,1.5,2.52,0.0,2026-09-29T05:00:00Z,nodd,nodd
2026-09-28,albuquerque-nm,00,2026-09-28T06:00:00Z,290.67,1.47,1.66,0.0,2026-09-28T07:00:00Z,nodd,nodd
2026-09-28,albuquerque-nm,01,2026-09-28T07:00:00Z,290.1,2.01,2.01,0.0,2026-09-28T08:00:00Z,nodd,nodd
2026-09-28,albuquerque-nm,02,2026-09-28T08:00:00Z,290.14,1.15,1.15,0.0,2026-09-28T09:00:00Z,nodd,nodd
2026-09-28,albuquerque-nm,03,2026-09-28T09:00:00Z,290.23,1.63,2.27,0.0,2026-09-28T10:00:00Z,nodd,nodd
2026-09-28,albuquerque-nm,04,2026-09-28T10:00:00Z,289.89,1.01,1.69,0.0,2026-09-28T11:00:00Z,nodd,nodd
2026-09-28,albuquerque-nm,05,2026-09-28T11:00:00Z,290.11,1.58,1.58,0.0,2026-09-28T12:00:00Z,nodd,nodd
2026-09-28,albuquerque-nm,06,2026-09-28T12:00:00Z,289.98,0.21,2.83,0.0,2026-09-28T13:00:00Z,nodd,nodd
2026-09-28,albuquerque-nm,07,2026-09-28T13:00:00Z,289.71,3.98,3.98,0.0,2026-09-28T14:00:00Z,nodd,nodd
2026-09-28,albuquerque-nm,08,2026-09-28T14:00:00Z,290.85,1.96,3.19,0.0,2026-09-28T15:00:00Z,nodd,nodd
2026-09-28,albuquerque-nm,09,2026-09-28T15:00:00Z,291.53,2.8,2.8,0.0,2026-09-28T16:00:00Z,nodd,nodd
2026-09-28,albuquerque-nm,10,2026-09-28T16:00:00Z,293.23,3.37,3.37,0.0,2026-09-28T17:00:00Z,nodd,nodd
2026-09-28,albuquerque-nm,11,2026-09-28T17:00:00Z,291.55,3.31,3.47,0.0,2026-09-28T18:00:00Z,nodd,nodd
2026-09-28,albuquerque-nm,12,2026-09-28T18:00:00Z,293.4,2.87,2.87,0.0,2026-09-28T19:00:00Z,nodd,nodd
2026-09-28,albuquerque-nm,13,2026-09-28T19:00:00Z,297.52,0.45,6.17,0.0,2026-09-28T20:00:00Z,nodd,nodd
2026-09-28,albuquerque-nm,14,2026-09-28T20:00:00Z,296.59,1.3,7.02,0.0,2026-09-28T21:00:00Z,nodd,nodd
2026-09-28,albuquerque-nm,15,2026-09-28T21:00:00Z,299.3,3.02,8.79,0.0,2026-09-28T22:00:00Z,nodd,nodd
2026-09-28,albuquerque-nm,16,2026-09-28T22:00:00Z,297.76,1.16,8.22,0.0,2026-09-28T23:00:00Z,nodd,nodd
2026-09-28,albuquerque-nm,17,2026-09-28T23:00:00Z,295.85,2.35,7.37,3.03125,2026-09-29T00:00:00Z,nodd,nodd
2026-09-28,albuquerque-nm,18,2026-09-29T00:00:00Z,293.01,6.54,6.54,3.09375,2026-09-29T01:00:00Z,nodd,nodd
2026-09-28,albuquerque-nm,19,2026-09-29T01:00:00Z,289.73,2.0,10.96,1.96875,2026-09-29T02:00:00Z,nodd,nodd
2026-09-28,albuquerque-nm,20,2026-09-29T02:00:00Z,290.3,1.29,4.31,0.96875,2026-09-29T03:00:00Z,nodd,nodd
2026-09-28,albuquerque-nm,21,2026-09-29T03:00:00Z,290.39,0.53,6.3,4.21875,2026-09-29T04:00:00Z,nodd,nodd
2026-09-28,albuquerque-nm,22,2026-09-29T04:00:00Z,289.95,0.12,3.93,1.875,2026-09-29T05:00:00Z,nodd,nodd
2026-09-28,albuquerque-nm,23,2026-09-29T05:00:00Z,289.64,2.09,2.88,0.09375,2026-09-29T06:00:00Z,nodd,nodd
2026-09-28,charleston-sc,00,2026-09-28T04:00:00Z,293.94,1.58,2.54,0.0,2026-09-28T05:00:00Z,nodd,nodd
2026-09-28,charleston-sc,01,2026-09-28T05:00:00Z,293.26,0.73,3.22,0.0,2026-09-28T06:00:00Z,nodd,nodd
2026-09-28,charleston-sc,02,2026-09-28T06:00:00Z,292.62,0.0,0.86,0.0,2026-09-28T07:00:00Z,nodd,nodd
2026-09-28,charleston-sc,03,2026-09-28T07:00:00Z,291.97,0.45,1.13,0.0,2026-09-28T08:00:00Z,nodd,nodd
2026-09-28,charleston-sc,04,2026-09-28T08:00:00Z,291.48,0.47,1.54,0.0,2026-09-28T09:00:00Z,nodd,nodd
2026-09-28,charleston-sc,05,2026-09-28T09:00:00Z,291.03,1.07,3.46,0.0,2026-09-28T10:00:00Z,nodd,nodd
2026-09-28,charleston-sc,06,2026-09-28T10:00:00Z,290.43,0.59,4.3,0.0,2026-09-28T11:00:00Z,nodd,nodd
2026-09-28,charleston-sc,07,2026-09-28T11:00:00Z,289.95,0.87,3.48,0.0,2026-09-28T12:00:00Z,nodd,nodd
2026-09-28,charleston-sc,08,2026-09-28T12:00:00Z,290.33,1.78,4.77,0.0,2026-09-28T13:00:00Z,nodd,nodd
2026-09-28,charleston-sc,09,2026-09-28T13:00:00Z,291.96,2.02,4.44,0.0,2026-09-28T14:00:00Z,nodd,nodd
2026-09-28,charleston-sc,10,2026-09-28T14:00:00Z,295.04,1.02,2.63,0.0,2026-09-28T15:00:00Z,nodd,nodd
2026-09-28,charleston-sc,11,2026-09-28T15:00:00Z,297.62,0.72,1.96,0.0,2026-09-28T16:00:00Z,nodd,nodd
2026-09-28,charleston-sc,12,2026-09-28T16:00:00Z,299.83,0.35,3.58,0.0,2026-09-28T17:00:00Z,nodd,nodd
2026-09-28,charleston-sc,13,2026-09-28T17:00:00Z,301.21,1.32,3.72,0.0,2026-09-28T18:00:00Z,nodd,nodd
2026-09-28,charleston-sc,14,2026-09-28T18:00:00Z,301.96,1.79,3.39,0.0,2026-09-28T19:00:00Z,nodd,nodd
2026-09-28,charleston-sc,15,2026-09-28T19:00:00Z,301.66,2.68,4.92,0.0,2026-09-28T20:00:00Z,nodd,nodd
2026-09-28,charleston-sc,16,2026-09-28T20:00:00Z,301.68,4.12,4.31,0.0,2026-09-28T21:00:00Z,nodd,nodd
2026-09-28,charleston-sc,17,2026-09-28T21:00:00Z,301.1,3.21,4.95,0.0,2026-09-28T22:00:00Z,nodd,nodd
2026-09-28,charleston-sc,18,2026-09-28T22:00:00Z,300.5,3.97,5.55,0.0,2026-09-28T23:00:00Z,nodd,nodd
2026-09-28,charleston-sc,19,2026-09-28T23:00:00Z,298.94,2.41,4.67,0.0,2026-09-29T00:00:00Z,nodd,nodd
2026-09-28,charleston-sc,20,2026-09-29T00:00:00Z,297.03,0.76,3.48,0.0,2026-09-29T01:00:00Z,nodd,nodd
2026-09-28,charleston-sc,21,2026-09-29T01:00:00Z,296.16,0.14,2.49,0.0,2026-09-29T02:00:00Z,nodd,nodd
2026-09-28,charleston-sc,22,2026-09-29T02:00:00Z,295.64,0.82,2.1,0.0,2026-09-29T03:00:00Z,nodd,nodd
2026-09-28,charleston-sc,23,2026-09-29T03:00:00Z,295.21,0.28,1.85,0.0,2026-09-29T04:00:00Z,nodd,nodd
2026-09-28,boise-id,00,2026-09-28T06:00:00Z,289.6,2.25,3.85,0.0,2026-09-28T07:00:00Z,nodd,nodd
2026-09-28,boise-id,01,2026-09-28T07:00:00Z,288.46,2.24,2.98,0.0,2026-09-28T08:00:00Z,nodd,nodd
2026-09-28,boise-id,02,2026-09-28T08:00:00Z,287.95,2.61,2.61,0.0,2026-09-28T09:00:00Z,nodd,nodd
2026-09-28,boise-id,03,2026-09-28T09:00:00Z,287.13,1.7,2.14,0.0,2026-09-28T10:00:00Z,nodd,nodd
2026-09-28,boise-id,04,2026-09-28T10:00:00Z,286.68,1.8,3.31,0.0,2026-09-28T11:00:00Z,nodd,nodd
2026-09-28,boise-id,05,2026-09-28T11:00:00Z,286.05,1.85,5.16,0.0,2026-09-28T12:00:00Z,nodd,nodd
2026-09-28,boise-id,06,2026-09-28T12:00:00Z,285.38,1.93,2.84,0.0,2026-09-28T13:00:00Z,nodd,nodd
2026-09-28,boise-id,07,2026-09-28T13:00:00Z,284.5,0.86,1.52,0.0,2026-09-28T14:00:00Z,nodd,nodd
2026-09-28,boise-id,08,2026-09-28T14:00:00Z,283.61,0.47,1.26,0.0,2026-09-28T15:00:00Z,nodd,nodd
2026-09-28,boise-id,09,2026-09-28T15:00:00Z,283.38,0.41,2.25,0.0,2026-09-28T16:00:00Z,nodd,nodd
2026-09-28,boise-id,10,2026-09-28T16:00:00Z,286.36,1.34,3.31,0.0,2026-09-28T17:00:00Z,nodd,nodd
2026-09-28,boise-id,11,2026-09-28T17:00:00Z,288.62,1.48,4.91,0.0,2026-09-28T18:00:00Z,nodd,nodd
2026-09-28,boise-id,12,2026-09-28T18:00:00Z,291.21,2.79,5.09,0.0,2026-09-28T19:00:00Z,nodd,nodd
2026-09-28,boise-id,13,2026-09-28T19:00:00Z,293.06,4.59,6.29,0.0,2026-09-28T20:00:00Z,nodd,nodd
2026-09-28,boise-id,14,2026-09-28T20:00:00Z,295.08,3.58,9.49,0.0,2026-09-28T21:00:00Z,nodd,nodd
2026-09-28,boise-id,15,2026-09-28T21:00:00Z,296.13,5.19,10.45,0.0,2026-09-28T22:00:00Z,nodd,nodd
2026-09-28,boise-id,16,2026-09-28T22:00:00Z,296.6,6.11,11.44,0.0,2026-09-28T23:00:00Z,nodd,nodd
2026-09-28,boise-id,17,2026-09-28T23:00:00Z,296.68,4.44,10.06,0.0,2026-09-29T00:00:00Z,nodd,nodd
2026-09-28,boise-id,18,2026-09-29T00:00:00Z,296.42,4.17,10.37,0.0,2026-09-29T01:00:00Z,nodd,nodd
2026-09-28,boise-id,19,2026-09-29T01:00:00Z,295.77,3.3,8.07,0.0,2026-09-29T02:00:00Z,nodd,nodd
2026-09-28,boise-id,20,2026-09-29T02:00:00Z,293.22,1.76,4.26,0.0,2026-09-29T03:00:00Z,nodd,nodd
2026-09-28,boise-id,21,2026-09-29T03:00:00Z,291.07,1.18,4.96,0.0,2026-09-29T04:00:00Z,nodd,nodd
2026-09-28,boise-id,22,2026-09-29T04:00:00Z,290.11,1.0,5.13,0.0,2026-09-29T05:00:00Z,nodd,nodd
2026-09-28,boise-id,23,2026-09-29T05:00:00Z,288.7,0.71,4.73,0.0,2026-09-29T06:00:00Z,nodd,nodd
2026-09-28,little-rock-ar,00,2026-09-28T05:00:00Z,293.29,0.88,1.76,0.0,2026-09-28T06:00:00Z,nodd,nodd
2026-09-28,little-rock-ar,01,2026-09-28T06:00:00Z,293.04,1.85,1.9,0.0,2026-09-28T07:00:00Z,nodd,nodd
2026-09-28,little-rock-ar,02,2026-09-28T07:00:00Z,292.85,1.33,2.26,0.0,2026-09-28T08:00:00Z,nodd,nodd
2026-09-28,little-rock-ar,03,2026-09-28T08:00:00Z,293.14,1.8,3.36,0.0,2026-09-28T09:00:00Z,nodd,nodd
2026-09-28,little-rock-ar,04,2026-09-28T09:00:00Z,292.24,0.5,2.79,0.0,2026-09-28T10:00:00Z,nodd,nodd
2026-09-28,little-rock-ar,05,2026-09-28T10:00:00Z,291.41,0.0,1.94,0.0,2026-09-28T11:00:00Z,nodd,nodd
2026-09-28,little-rock-ar,06,2026-09-28T11:00:00Z,290.94,0.0,1.69,0.0,2026-09-28T12:00:00Z,nodd,nodd
2026-09-28,little-rock-ar,07,2026-09-28T12:00:00Z,290.42,0.08,2.19,0.0,2026-09-28T13:00:00Z,nodd,nodd
2026-09-28,little-rock-ar,08,2026-09-28T13:00:00Z,291.56,0.84,2.24,0.0,2026-09-28T14:00:00Z,nodd,nodd
2026-09-28,little-rock-ar,09,2026-09-28T14:00:00Z,294.15,2.58,6.88,0.0,2026-09-28T15:00:00Z,nodd,nodd
2026-09-28,little-rock-ar,10,2026-09-28T15:00:00Z,296.41,1.92,4.69,0.0,2026-09-28T16:00:00Z,nodd,nodd
2026-09-28,little-rock-ar,11,2026-09-28T16:00:00Z,299.28,2.24,3.08,0.0,2026-09-28T17:00:00Z,nodd,nodd
2026-09-28,little-rock-ar,12,2026-09-28T17:00:00Z,300.94,3.31,3.31,0.0,2026-09-28T18:00:00Z,nodd,nodd
2026-09-28,little-rock-ar,13,2026-09-28T18:00:00Z,301.91,2.8,2.83,0.0,2026-09-28T19:00:00Z,nodd,nodd
2026-09-28,little-rock-ar,14,2026-09-28T19:00:00Z,303.34,2.59,3.04,0.0,2026-09-28T20:00:00Z,nodd,nodd
2026-09-28,little-rock-ar,15,2026-09-28T20:00:00Z,303.45,2.08,2.72,0.0,2026-09-28T21:00:00Z,nodd,nodd
2026-09-28,little-rock-ar,16,2026-09-28T21:00:00Z,303.8,2.81,3.07,0.0,2026-09-28T22:00:00Z,nodd,nodd
2026-09-28,little-rock-ar,17,2026-09-28T22:00:00Z,303.69,2.83,2.83,0.0,2026-09-28T23:00:00Z,nodd,nodd
2026-09-28,little-rock-ar,18,2026-09-28T23:00:00Z,302.76,2.23,3.4,0.0,2026-09-29T00:00:00Z,nodd,nodd
2026-09-28,little-rock-ar,19,2026-09-29T00:00:00Z,300.6,2.68,4.71,0.0,2026-09-29T01:00:00Z,nodd,nodd
2026-09-28,little-rock-ar,20,2026-09-29T01:00:00Z,297.91,1.17,3.87,0.0,2026-09-29T02:00:00Z,nodd,nodd
2026-09-28,little-rock-ar,21,2026-09-29T02:00:00Z,296.41,2.06,2.06,0.0,2026-09-29T03:00:00Z,nodd,nodd
2026-09-28,little-rock-ar,22,2026-09-29T03:00:00Z,295.41,2.6,4.11,0.0,2026-09-29T04:00:00Z,nodd,nodd
2026-09-28,little-rock-ar,23,2026-09-29T04:00:00Z,294.6,1.27,2.85,0.0,2026-09-29T05:00:00Z,nodd,nodd
2026-09-28,des-moines-ia,00,2026-09-28T05:00:00Z,290.32,0.16,1.57,0.0,2026-09-28T06:00:00Z,nodd,nodd
2026-09-28,des-moines-ia,01,2026-09-28T06:00:00Z,289.6,0.0,0.52,0.0,2026-09-28T07:00:00Z,nodd,nodd
2026-09-28,des-moines-ia,02,2026-09-28T07:00:00Z,289.51,0.79,1.25,0.0,2026-09-28T08:00:00Z,nodd,nodd
2026-09-28,des-moines-ia,03,2026-09-28T08:00:00Z,289.5,0.55,2.5,0.0,2026-09-28T09:00:00Z,nodd,nodd
2026-09-28,des-moines-ia,04,2026-09-28T09:00:00Z,289.2,0.59,1.52,0.0,2026-09-28T10:00:00Z,nodd,nodd
2026-09-28,des-moines-ia,05,2026-09-28T10:00:00Z,289.16,0.29,2.13,0.0,2026-09-28T11:00:00Z,nodd,nodd
2026-09-28,des-moines-ia,06,2026-09-28T11:00:00Z,288.95,0.77,2.03,0.0,2026-09-28T12:00:00Z,nodd,nodd
2026-09-28,des-moines-ia,07,2026-09-28T12:00:00Z,288.42,0.98,1.76,0.0,2026-09-28T13:00:00Z,nodd,nodd
2026-09-28,des-moines-ia,08,2026-09-28T13:00:00Z,288.55,0.73,1.58,0.0,2026-09-28T14:00:00Z,nodd,nodd
2026-09-28,des-moines-ia,09,2026-09-28T14:00:00Z,289.08,1.1,1.99,0.0,2026-09-28T15:00:00Z,nodd,nodd
2026-09-28,des-moines-ia,10,2026-09-28T15:00:00Z,291.05,1.32,2.39,0.0,2026-09-28T16:00:00Z,nodd,nodd
2026-09-28,des-moines-ia,11,2026-09-28T16:00:00Z,292.5,1.11,2.62,0.0,2026-09-28T17:00:00Z,nodd,nodd
2026-09-28,des-moines-ia,12,2026-09-28T17:00:00Z,294.22,1.27,3.62,0.0,2026-09-28T18:00:00Z,nodd,nodd
2026-09-28,des-moines-ia,13,2026-09-28T18:00:00Z,295.96,0.63,3.5,0.0,2026-09-28T19:00:00Z,nodd,nodd
2026-09-28,des-moines-ia,14,2026-09-28T19:00:00Z,296.5,1.53,3.35,0.0,2026-09-28T20:00:00Z,nodd,nodd
2026-09-28,des-moines-ia,15,2026-09-28T20:00:00Z,297.87,1.53,2.97,0.0,2026-09-28T21:00:00Z,nodd,nodd
2026-09-28,des-moines-ia,16,2026-09-28T21:00:00Z,297.84,2.08,3.42,0.0,2026-09-28T22:00:00Z,nodd,nodd
2026-09-28,des-moines-ia,17,2026-09-28T22:00:00Z,297.96,0.9,2.64,0.0,2026-09-28T23:00:00Z,nodd,nodd
2026-09-28,des-moines-ia,18,2026-09-28T23:00:00Z,297.21,2.34,3.1,0.0,2026-09-29T00:00:00Z,nodd,nodd
2026-09-28,des-moines-ia,19,2026-09-29T00:00:00Z,294.52,1.61,4.41,0.0,2026-09-29T01:00:00Z,nodd,nodd
2026-09-28,des-moines-ia,20,2026-09-29T01:00:00Z,292.25,1.73,4.2,0.0,2026-09-29T02:00:00Z,nodd,nodd
2026-09-28,des-moines-ia,21,2026-09-29T02:00:00Z,291.68,1.26,2.37,0.0,2026-09-29T03:00:00Z,nodd,nodd
2026-09-28,des-moines-ia,22,2026-09-29T03:00:00Z,290.42,1.22,1.38,0.0,2026-09-29T04:00:00Z,nodd,nodd
2026-09-28,des-moines-ia,23,2026-09-29T04:00:00Z,289.79,1.33,4.53,0.0,2026-09-29T05:00:00Z,nodd,nodd
2026-09-28,wichita-ks,00,2026-09-28T05:00:00Z,295.29,2.12,3.71,0.0,2026-09-28T06:00:00Z,nodd,nodd
2026-09-28,wichita-ks,01,2026-09-28T06:00:00Z,294.68,2.27,4.54,0.0,2026-09-28T07:00:00Z,nodd,nodd
2026-09-28,wichita-ks,02,2026-09-28T07:00:00Z,294.06,2.58,5.07,0.0,2026-09-28T08:00:00Z,nodd,nodd
2026-09-28,wichita-ks,03,2026-09-28T08:00:00Z,293.72,2.38,4.28,0.0,2026-09-28T09:00:00Z,nodd,nodd
2026-09-28,wichita-ks,04,2026-09-28T09:00:00Z,293.03,1.71,4.09,0.0,2026-09-28T10:00:00Z,nodd,nodd
2026-09-28,wichita-ks,05,2026-09-28T10:00:00Z,292.9,2.3,3.89,0.0,2026-09-28T11:00:00Z,nodd,nodd
2026-09-28,wichita-ks,06,2026-09-28T11:00:00Z,292.53,2.49,3.68,0.0,2026-09-28T12:00:00Z,nodd,nodd
2026-09-28,wichita-ks,07,2026-09-28T12:00:00Z,292.13,2.53,4.03,0.0,2026-09-28T13:00:00Z,nodd,nodd
2026-09-28,wichita-ks,08,2026-09-28T13:00:00Z,291.8,2.29,5.22,0.0,2026-09-28T14:00:00Z,nodd,nodd
2026-09-28,wichita-ks,09,2026-09-28T14:00:00Z,292.51,3.38,5.66,0.0,2026-09-28T15:00:00Z,nodd,nodd
2026-09-28,wichita-ks,10,2026-09-28T15:00:00Z,293.56,2.62,5.45,0.0,2026-09-28T16:00:00Z,nodd,nodd
2026-09-28,wichita-ks,11,2026-09-28T16:00:00Z,295.8,2.64,5.82,0.0,2026-09-28T17:00:00Z,nodd,nodd
2026-09-28,wichita-ks,12,2026-09-28T17:00:00Z,297.71,3.65,6.62,0.0,2026-09-28T18:00:00Z,nodd,nodd
2026-09-28,wichita-ks,13,2026-09-28T18:00:00Z,298.94,3.75,7.16,0.0,2026-09-28T19:00:00Z,nodd,nodd
2026-09-28,wichita-ks,14,2026-09-28T19:00:00Z,299.1,3.63,5.8,0.0,2026-09-28T20:00:00Z,nodd,nodd
2026-09-28,wichita-ks,15,2026-09-28T20:00:00Z,301.3,1.98,6.3,0.0,2026-09-28T21:00:00Z,nodd,nodd
2026-09-28,wichita-ks,16,2026-09-28T21:00:00Z,301.47,4.4,5.97,0.0,2026-09-28T22:00:00Z,nodd,nodd
2026-09-28,wichita-ks,17,2026-09-28T22:00:00Z,301.5,3.28,6.43,0.0,2026-09-28T23:00:00Z,nodd,nodd
2026-09-28,wichita-ks,18,2026-09-28T23:00:00Z,300.97,3.36,5.63,0.0,2026-09-29T00:00:00Z,nodd,nodd
2026-09-28,wichita-ks,19,2026-09-29T00:00:00Z,299.62,2.47,6.82,0.0,2026-09-29T01:00:00Z,nodd,nodd
2026-09-28,wichita-ks,20,2026-09-29T01:00:00Z,298.2,2.64,5.1,0.0,2026-09-29T02:00:00Z,nodd,nodd
2026-09-28,wichita-ks,21,2026-09-29T02:00:00Z,297.48,3.55,4.89,0.0,2026-09-29T03:00:00Z,nodd,nodd
2026-09-28,wichita-ks,22,2026-09-29T03:00:00Z,296.61,3.76,6.25,0.0,2026-09-29T04:00:00Z,nodd,nodd
2026-09-28,wichita-ks,23,2026-09-29T04:00:00Z,295.58,4.17,8.47,0.0,2026-09-29T05:00:00Z,nodd,nodd
2026-09-28,jackson-ms,00,2026-09-28T05:00:00Z,295.65,0.0,0.85,0.0,2026-09-28T06:00:00Z,nodd,nodd
2026-09-28,jackson-ms,01,2026-09-28T06:00:00Z,295.19,1.23,1.74,0.0,2026-09-28T07:00:00Z,nodd,nodd
2026-09-28,jackson-ms,02,2026-09-28T07:00:00Z,295.74,0.35,1.77,0.0,2026-09-28T08:00:00Z,nodd,nodd
2026-09-28,jackson-ms,03,2026-09-28T08:00:00Z,296.18,1.43,2.34,0.0,2026-09-28T09:00:00Z,nodd,nodd
2026-09-28,jackson-ms,04,2026-09-28T09:00:00Z,295.29,0.78,1.72,0.0,2026-09-28T10:00:00Z,nodd,nodd
2026-09-28,jackson-ms,05,2026-09-28T10:00:00Z,295.26,1.12,4.6,0.0,2026-09-28T11:00:00Z,nodd,nodd
2026-09-28,jackson-ms,06,2026-09-28T11:00:00Z,295.17,1.17,4.94,0.0,2026-09-28T12:00:00Z,nodd,nodd
2026-09-28,jackson-ms,07,2026-09-28T12:00:00Z,294.15,0.06,4.09,0.0,2026-09-28T13:00:00Z,nodd,nodd
2026-09-28,jackson-ms,08,2026-09-28T13:00:00Z,294.74,0.92,4.57,0.0,2026-09-28T14:00:00Z,nodd,nodd
2026-09-28,jackson-ms,09,2026-09-28T14:00:00Z,296.66,0.46,3.63,0.0,2026-09-28T15:00:00Z,nodd,nodd
2026-09-28,jackson-ms,10,2026-09-28T15:00:00Z,298.61,1.8,2.25,0.0,2026-09-28T16:00:00Z,nodd,nodd
2026-09-28,jackson-ms,11,2026-09-28T16:00:00Z,301.71,2.09,2.3,0.0,2026-09-28T17:00:00Z,nodd,nodd
2026-09-28,jackson-ms,12,2026-09-28T17:00:00Z,303.96,0.27,3.04,0.0,2026-09-28T18:00:00Z,nodd,nodd
2026-09-28,jackson-ms,13,2026-09-28T18:00:00Z,304.66,2.97,2.97,0.0,2026-09-28T19:00:00Z,nodd,nodd
2026-09-28,jackson-ms,14,2026-09-28T19:00:00Z,305.91,2.29,2.79,0.0,2026-09-28T20:00:00Z,nodd,nodd
2026-09-28,jackson-ms,15,2026-09-28T20:00:00Z,306.07,1.91,6.12,0.0,2026-09-28T21:00:00Z,nodd,nodd
2026-09-28,jackson-ms,16,2026-09-28T21:00:00Z,305.79,3.51,3.51,0.0,2026-09-28T22:00:00Z,nodd,nodd
2026-09-28,jackson-ms,17,2026-09-28T22:00:00Z,305.49,2.37,2.37,0.0,2026-09-28T23:00:00Z,nodd,nodd
2026-09-28,jackson-ms,18,2026-09-28T23:00:00Z,304.53,2.32,2.32,0.0,2026-09-29T00:00:00Z,nodd,nodd
2026-09-28,jackson-ms,19,2026-09-29T00:00:00Z,302.02,0.03,1.72,0.0,2026-09-29T01:00:00Z,nodd,nodd
2026-09-28,jackson-ms,20,2026-09-29T01:00:00Z,298.48,0.07,1.29,0.0,2026-09-29T02:00:00Z,nodd,nodd
2026-09-28,jackson-ms,21,2026-09-29T02:00:00Z,297.24,0.37,1.67,0.0,2026-09-29T03:00:00Z,nodd,nodd
2026-09-28,jackson-ms,22,2026-09-29T03:00:00Z,295.84,0.0,1.57,0.0,2026-09-29T04:00:00Z,nodd,nodd
2026-09-28,jackson-ms,23,2026-09-29T04:00:00Z,294.62,0.0,1.62,0.0,2026-09-29T05:00:00Z,nodd,nodd
2026-09-28,portland-me,00,2026-09-28T04:00:00Z,287.41,3.87,8.07,1.796875,2026-09-28T05:00:00Z,nodd,nodd
2026-09-28,portland-me,01,2026-09-28T05:00:00Z,287.0,4.13,6.77,0.140625,2026-09-28T06:00:00Z,nodd,nodd
2026-09-28,portland-me,02,2026-09-28T06:00:00Z,286.83,3.72,8.52,2.046875,2026-09-28T07:00:00Z,nodd,nodd
2026-09-28,portland-me,03,2026-09-28T07:00:00Z,287.05,5.65,8.87,2.21875,2026-09-28T08:00:00Z,nodd,nodd
2026-09-28,portland-me,04,2026-09-28T08:00:00Z,286.69,5.75,7.4,0.390625,2026-09-28T09:00:00Z,nodd,nodd
2026-09-28,portland-me,05,2026-09-28T09:00:00Z,286.35,6.42,10.49,0.390625,2026-09-28T10:00:00Z,nodd,nodd
2026-09-28,portland-me,06,2026-09-28T10:00:00Z,286.13,5.63,8.62,0.078125,2026-09-28T11:00:00Z,nodd,nodd
2026-09-28,portland-me,07,2026-09-28T11:00:00Z,286.22,6.22,8.84,0.0,2026-09-28T12:00:00Z,nodd,nodd
2026-09-28,portland-me,08,2026-09-28T12:00:00Z,286.11,6.01,9.9,0.0,2026-09-28T13:00:00Z,nodd,nodd
2026-09-28,portland-me,09,2026-09-28T13:00:00Z,286.14,5.82,9.26,0.0,2026-09-28T14:00:00Z,nodd,nodd
2026-09-28,portland-me,10,2026-09-28T14:00:00Z,286.0,5.43,8.75,0.0,2026-09-28T15:00:00Z,nodd,nodd
2026-09-28,portland-me,11,2026-09-28T15:00:00Z,285.81,6.1,10.34,0.0,2026-09-28T16:00:00Z,nodd,nodd
2026-09-28,portland-me,12,2026-09-28T16:00:00Z,285.85,6.16,8.64,0.0,2026-09-28T17:00:00Z,nodd,nodd
2026-09-28,portland-me,13,2026-09-28T17:00:00Z,285.78,5.82,9.13,0.0,2026-09-28T18:00:00Z,nodd,nodd
2026-09-28,portland-me,14,2026-09-28T18:00:00Z,286.14,6.1,9.64,0.1875,2026-09-28T19:00:00Z,nodd,nodd
2026-09-28,portland-me,15,2026-09-28T19:00:00Z,286.35,5.45,10.22,0.40625,2026-09-28T20:00:00Z,nodd,nodd
2026-09-28,portland-me,16,2026-09-28T20:00:00Z,286.59,6.15,8.87,1.78125,2026-09-28T21:00:00Z,nodd,nodd
2026-09-28,portland-me,17,2026-09-28T21:00:00Z,286.73,4.78,9.71,0.625,2026-09-28T22:00:00Z,nodd,nodd
2026-09-28,portland-me,18,2026-09-28T22:00:00Z,286.51,4.52,8.03,0.125,2026-09-28T23:00:00Z,nodd,nodd
2026-09-28,portland-me,19,2026-09-28T23:00:00Z,286.48,4.02,7.31,0.0,2026-09-29T00:00:00Z,nodd,nodd
2026-09-28,portland-me,20,2026-09-29T00:00:00Z,286.48,5.07,9.39,0.03125,2026-09-29T01:00:00Z,nodd,nodd
2026-09-28,portland-me,21,2026-09-29T01:00:00Z,286.5,4.79,8.22,2.46875,2026-09-29T02:00:00Z,nodd,nodd
2026-09-28,portland-me,22,2026-09-29T02:00:00Z,286.54,4.41,7.94,0.875,2026-09-29T03:00:00Z,nodd,nodd
2026-09-28,portland-me,23,2026-09-29T03:00:00Z,286.44,3.9,6.57,0.59375,2026-09-29T04:00:00Z,nodd,nodd
2026-09-28,manchester-nh,00,2026-09-28T04:00:00Z,286.59,3.93,8.3,0.0,2026-09-28T05:00:00Z,nodd,nodd
2026-09-28,manchester-nh,01,2026-09-28T05:00:00Z,286.4,4.56,10.72,0.0,2026-09-28T06:00:00Z,nodd,nodd
2026-09-28,manchester-nh,02,2026-09-28T06:00:00Z,286.39,4.24,9.54,0.0,2026-09-28T07:00:00Z,nodd,nodd
2026-09-28,manchester-nh,03,2026-09-28T07:00:00Z,286.17,1.85,8.47,0.0,2026-09-28T08:00:00Z,nodd,nodd
2026-09-28,manchester-nh,04,2026-09-28T08:00:00Z,286.29,2.35,7.68,0.65625,2026-09-28T09:00:00Z,nodd,nodd
2026-09-28,manchester-nh,05,2026-09-28T09:00:00Z,286.14,1.74,5.76,0.484375,2026-09-28T10:00:00Z,nodd,nodd
2026-09-28,manchester-nh,06,2026-09-28T10:00:00Z,286.2,3.07,9.18,0.5,2026-09-28T11:00:00Z,nodd,nodd
2026-09-28,manchester-nh,07,2026-09-28T11:00:00Z,285.99,2.51,5.93,0.0,2026-09-28T12:00:00Z,nodd,nodd
2026-09-28,manchester-nh,08,2026-09-28T12:00:00Z,285.92,2.7,8.12,0.0,2026-09-28T13:00:00Z,nodd,nodd
2026-09-28,manchester-nh,09,2026-09-28T13:00:00Z,285.99,3.19,7.6,0.21875,2026-09-28T14:00:00Z,nodd,nodd
2026-09-28,manchester-nh,10,2026-09-28T14:00:00Z,286.32,1.77,7.13,0.78125,2026-09-28T15:00:00Z,nodd,nodd
2026-09-28,manchester-nh,11,2026-09-28T15:00:00Z,286.54,2.78,7.42,0.9375,2026-09-28T16:00:00Z,nodd,nodd
2026-09-28,manchester-nh,12,2026-09-28T16:00:00Z,286.47,2.83,7.72,0.84375,2026-09-28T17:00:00Z,nodd,nodd
2026-09-28,manchester-nh,13,2026-09-28T17:00:00Z,286.69,2.72,6.72,1.0625,2026-09-28T18:00:00Z,nodd,nodd
2026-09-28,manchester-nh,14,2026-09-28T18:00:00Z,286.78,2.24,7.63,0.84375,2026-09-28T19:00:00Z,nodd,nodd
2026-09-28,manchester-nh,15,2026-09-28T19:00:00Z,286.3,2.86,9.42,1.75,2026-09-28T20:00:00Z,nodd,nodd
2026-09-28,manchester-nh,16,2026-09-28T20:00:00Z,286.55,2.39,5.5,0.3125,2026-09-28T21:00:00Z,nodd,nodd
2026-09-28,manchester-nh,17,2026-09-28T21:00:00Z,286.23,1.93,3.48,1.375,2026-09-28T22:00:00Z,nodd,nodd
2026-09-28,manchester-nh,18,2026-09-28T22:00:00Z,285.93,2.09,3.95,0.84375,2026-09-28T23:00:00Z,nodd,nodd
2026-09-28,manchester-nh,19,2026-09-28T23:00:00Z,285.58,2.12,2.12,0.46875,2026-09-29T00:00:00Z,nodd,nodd
2026-09-28,manchester-nh,20,2026-09-29T00:00:00Z,285.54,2.35,4.04,0.4375,2026-09-29T01:00:00Z,nodd,nodd
2026-09-28,manchester-nh,21,2026-09-29T01:00:00Z,285.46,2.41,4.04,0.78125,2026-09-29T02:00:00Z,nodd,nodd
2026-09-28,manchester-nh,22,2026-09-29T02:00:00Z,285.42,2.07,3.61,0.0625,2026-09-29T03:00:00Z,nodd,nodd
2026-09-28,manchester-nh,23,2026-09-29T03:00:00Z,285.43,2.3,3.21,0.0,2026-09-29T04:00:00Z,nodd,nodd
2026-09-28,huntington-wv,00,2026-09-28T04:00:00Z,285.54,0.01,4.1,0.0,2026-09-28T05:00:00Z,nodd,nodd
2026-09-28,huntington-wv,01,2026-09-28T05:00:00Z,284.99,0.0,4.02,0.0,2026-09-28T06:00:00Z,nodd,nodd
2026-09-28,huntington-wv,02,2026-09-28T06:00:00Z,284.94,0.0,3.18,0.0,2026-09-28T07:00:00Z,nodd,nodd
2026-09-28,huntington-wv,03,2026-09-28T07:00:00Z,284.06,0.0,2.59,0.0,2026-09-28T08:00:00Z,nodd,nodd
2026-09-28,huntington-wv,04,2026-09-28T08:00:00Z,283.99,0.67,1.84,0.0,2026-09-28T09:00:00Z,nodd,nodd
2026-09-28,huntington-wv,05,2026-09-28T09:00:00Z,283.54,0.0,1.82,0.0,2026-09-28T10:00:00Z,nodd,nodd
2026-09-28,huntington-wv,06,2026-09-28T10:00:00Z,283.05,0.86,1.35,0.0,2026-09-28T11:00:00Z,nodd,nodd
2026-09-28,huntington-wv,07,2026-09-28T11:00:00Z,282.62,0.81,1.13,0.0,2026-09-28T12:00:00Z,nodd,nodd
2026-09-28,huntington-wv,08,2026-09-28T12:00:00Z,282.71,1.17,1.32,0.0,2026-09-28T13:00:00Z,nodd,nodd
2026-09-28,huntington-wv,09,2026-09-28T13:00:00Z,285.05,1.61,2.02,0.0,2026-09-28T14:00:00Z,nodd,nodd
2026-09-28,huntington-wv,10,2026-09-28T14:00:00Z,288.57,0.26,3.18,0.0,2026-09-28T15:00:00Z,nodd,nodd
2026-09-28,huntington-wv,11,2026-09-28T15:00:00Z,292.11,0.15,3.04,0.0,2026-09-28T16:00:00Z,nodd,nodd
2026-09-28,huntington-wv,12,2026-09-28T16:00:00Z,294.85,1.13,3.26,0.0,2026-09-28T17:00:00Z,nodd,nodd
2026-09-28,huntington-wv,13,2026-09-28T17:00:00Z,296.56,1.48,3.1,0.0,2026-09-28T18:00:00Z,nodd,nodd
2026-09-28,huntington-wv,14,2026-09-28T18:00:00Z,297.6,2.15,3.85,0.0,2026-09-28T19:00:00Z,nodd,nodd
2026-09-28,huntington-wv,15,2026-09-28T19:00:00Z,297.8,2.4,3.04,0.0,2026-09-28T20:00:00Z,nodd,nodd
2026-09-28,huntington-wv,16,2026-09-28T20:00:00Z,297.76,1.47,3.11,0.0,2026-09-28T21:00:00Z,nodd,nodd
2026-09-28,huntington-wv,17,2026-09-28T21:00:00Z,298.19,0.2,2.64,0.0,2026-09-28T22:00:00Z,nodd,nodd
2026-09-28,huntington-wv,18,2026-09-28T22:00:00Z,297.56,1.91,3.03,0.0,2026-09-28T23:00:00Z,nodd,nodd
2026-09-28,huntington-wv,19,2026-09-28T23:00:00Z,295.14,1.09,2.79,0.0,2026-09-29T00:00:00Z,nodd,nodd
2026-09-28,huntington-wv,20,2026-09-29T00:00:00Z,291.97,0.12,2.64,0.0,2026-09-29T01:00:00Z,nodd,nodd
2026-09-28,huntington-wv,21,2026-09-29T01:00:00Z,289.72,0.0,2.18,0.0,2026-09-29T02:00:00Z,nodd,nodd
2026-09-28,huntington-wv,22,2026-09-29T02:00:00Z,288.48,0.34,2.46,0.0,2026-09-29T03:00:00Z,nodd,nodd
2026-09-28,huntington-wv,23,2026-09-29T03:00:00Z,287.57,0.0,1.56,0.0,2026-09-29T04:00:00Z,nodd,nodd
2026-09-28,sioux-falls-sd,00,2026-09-28T05:00:00Z,291.51,1.49,2.98,0.0,2026-09-28T06:00:00Z,nodd,nodd
2026-09-28,sioux-falls-sd,01,2026-09-28T06:00:00Z,291.2,2.04,4.22,0.0,2026-09-28T07:00:00Z,nodd,nodd
2026-09-28,sioux-falls-sd,02,2026-09-28T07:00:00Z,291.13,2.2,3.83,0.0,2026-09-28T08:00:00Z,nodd,nodd
2026-09-28,sioux-falls-sd,03,2026-09-28T08:00:00Z,291.21,2.41,3.02,0.0,2026-09-28T09:00:00Z,nodd,nodd
2026-09-28,sioux-falls-sd,04,2026-09-28T09:00:00Z,290.87,2.46,4.17,0.0,2026-09-28T10:00:00Z,nodd,nodd
2026-09-28,sioux-falls-sd,05,2026-09-28T10:00:00Z,291.05,2.49,3.56,0.0,2026-09-28T11:00:00Z,nodd,nodd
2026-09-28,sioux-falls-sd,06,2026-09-28T11:00:00Z,290.89,2.54,3.61,0.0,2026-09-28T12:00:00Z,nodd,nodd
2026-09-28,sioux-falls-sd,07,2026-09-28T12:00:00Z,290.75,2.96,4.26,0.0,2026-09-28T13:00:00Z,nodd,nodd
2026-09-28,sioux-falls-sd,08,2026-09-28T13:00:00Z,290.91,2.04,3.73,0.0,2026-09-28T14:00:00Z,nodd,nodd
2026-09-28,sioux-falls-sd,09,2026-09-28T14:00:00Z,291.12,2.65,3.88,0.0,2026-09-28T15:00:00Z,nodd,nodd
2026-09-28,sioux-falls-sd,10,2026-09-28T15:00:00Z,291.52,2.95,5.71,0.0,2026-09-28T16:00:00Z,nodd,nodd
2026-09-28,sioux-falls-sd,11,2026-09-28T16:00:00Z,292.23,3.88,6.62,0.0,2026-09-28T17:00:00Z,nodd,nodd
2026-09-28,sioux-falls-sd,12,2026-09-28T17:00:00Z,293.8,4.72,8.68,0.0,2026-09-28T18:00:00Z,nodd,nodd
2026-09-28,sioux-falls-sd,13,2026-09-28T18:00:00Z,293.92,5.78,9.73,0.0,2026-09-28T19:00:00Z,nodd,nodd
2026-09-28,sioux-falls-sd,14,2026-09-28T19:00:00Z,294.15,5.34,6.85,0.0,2026-09-28T20:00:00Z,nodd,nodd
2026-09-28,sioux-falls-sd,15,2026-09-28T20:00:00Z,293.75,6.26,9.64,0.0,2026-09-28T21:00:00Z,nodd,nodd
2026-09-28,sioux-falls-sd,16,2026-09-28T21:00:00Z,292.91,5.97,10.57,0.0,2026-09-28T22:00:00Z,nodd,nodd
2026-09-28,sioux-falls-sd,17,2026-09-28T22:00:00Z,292.4,5.01,8.71,0.0,2026-09-28T23:00:00Z,nodd,nodd
2026-09-28,sioux-falls-sd,18,2026-09-28T23:00:00Z,292.79,4.7,7.33,0.0,2026-09-29T00:00:00Z,nodd,nodd
2026-09-28,sioux-falls-sd,19,2026-09-29T00:00:00Z,292.72,4.03,6.12,0.0,2026-09-29T01:00:00Z,nodd,nodd
2026-09-28,sioux-falls-sd,20,2026-09-29T01:00:00Z,292.29,3.32,3.64,0.0,2026-09-29T02:00:00Z,nodd,nodd
2026-09-28,sioux-falls-sd,21,2026-09-29T02:00:00Z,292.31,3.65,5.41,0.0,2026-09-29T03:00:00Z,nodd,nodd
2026-09-28,sioux-falls-sd,22,2026-09-29T03:00:00Z,291.14,3.61,6.41,0.0,2026-09-29T04:00:00Z,nodd,nodd
2026-09-28,sioux-falls-sd,23,2026-09-29T04:00:00Z,290.45,3.27,4.26,0.0,2026-09-29T05:00:00Z,nodd,nodd
2026-09-28,fargo-nd,00,2026-09-28T05:00:00Z,284.77,0.34,0.91,0.0,2026-09-28T06:00:00Z,nodd,nodd
2026-09-28,fargo-nd,01,2026-09-28T06:00:00Z,284.25,0.17,2.32,0.0,2026-09-28T07:00:00Z,nodd,nodd
2026-09-28,fargo-nd,02,2026-09-28T07:00:00Z,283.33,1.65,1.65,0.0,2026-09-28T08:00:00Z,nodd,nodd
2026-09-28,fargo-nd,03,2026-09-28T08:00:00Z,282.86,1.45,1.45,0.0,2026-09-28T09:00:00Z,nodd,nodd
2026-09-28,fargo-nd,04,2026-09-28T09:00:00Z,282.93,1.12,2.58,0.0,2026-09-28T10:00:00Z,nodd,nodd
2026-09-28,fargo-nd,05,2026-09-28T10:00:00Z,282.52,1.38,1.99,0.0,2026-09-28T11:00:00Z,nodd,nodd
2026-09-28,fargo-nd,06,2026-09-28T11:00:00Z,282.33,0.6,1.88,0.0,2026-09-28T12:00:00Z,nodd,nodd
2026-09-28,fargo-nd,07,2026-09-28T12:00:00Z,282.35,2.22,3.22,0.0,2026-09-28T13:00:00Z,nodd,nodd
2026-09-28,fargo-nd,08,2026-09-28T13:00:00Z,284.09,2.35,4.39,0.0,2026-09-28T14:00:00Z,nodd,nodd
2026-09-28,fargo-nd,09,2026-09-28T14:00:00Z,286.47,3.77,4.52,0.03125,2026-09-28T15:00:00Z,nodd,nodd
2026-09-28,fargo-nd,10,2026-09-28T15:00:00Z,287.93,4.42,9.2,0.03125,2026-09-28T16:00:00Z,nodd,nodd
2026-09-28,fargo-nd,11,2026-09-28T16:00:00Z,289.61,4.5,9.83,0.125,2026-09-28T17:00:00Z,nodd,nodd
2026-09-28,fargo-nd,12,2026-09-28T17:00:00Z,290.91,6.15,9.55,0.0,2026-09-28T18:00:00Z,nodd,nodd
2026-09-28,fargo-nd,13,2026-09-28T18:00:00Z,291.79,5.94,11.55,1.4375,2026-09-28T19:00:00Z,nodd,nodd
2026-09-28,fargo-nd,14,2026-09-28T19:00:00Z,292.39,7.31,15.55,2.46875,2026-09-28T20:00:00Z,nodd,nodd
2026-09-28,fargo-nd,15,2026-09-28T20:00:00Z,292.2,5.13,11.67,2.3125,2026-09-28T21:00:00Z,nodd,nodd
2026-09-28,fargo-nd,16,2026-09-28T21:00:00Z,292.14,3.0,9.7,0.15625,2026-09-28T22:00:00Z,nodd,nodd
2026-09-28,fargo-nd,17,2026-09-28T22:00:00Z,291.78,2.67,8.65,28.90625,2026-09-28T23:00:00Z,nodd,nodd
2026-09-28,fargo-nd,18,2026-09-28T23:00:00Z,290.65,3.22,7.16,9.28125,2026-09-29T00:00:00Z,nodd,nodd
2026-09-28,fargo-nd,19,2026-09-29T00:00:00Z,289.7,0.81,1.88,0.03125,2026-09-29T01:00:00Z,nodd,nodd
2026-09-28,fargo-nd,20,2026-09-29T01:00:00Z,289.39,3.58,5.09,1.09375,2026-09-29T02:00:00Z,nodd,nodd
2026-09-28,fargo-nd,21,2026-09-29T02:00:00Z,289.51,1.72,5.49,0.21875,2026-09-29T03:00:00Z,nodd,nodd
2026-09-28,fargo-nd,22,2026-09-29T03:00:00Z,289.8,2.67,3.03,0.09375,2026-09-29T04:00:00Z,nodd,nodd
2026-09-28,fargo-nd,23,2026-09-29T04:00:00Z,290.28,4.14,7.02,0.453125,2026-09-29T05:00:00Z,nodd,nodd
2026-09-28,burlington-vt,00,2026-09-28T04:00:00Z,286.57,1.37,2.42,0.0,2026-09-28T05:00:00Z,nodd,nodd
2026-09-28,burlington-vt,01,2026-09-28T05:00:00Z,286.53,1.82,2.76,0.0,2026-09-28T06:00:00Z,nodd,nodd
2026-09-28,burlington-vt,02,2026-09-28T06:00:00Z,286.46,0.95,0.95,0.0,2026-09-28T07:00:00Z,nodd,nodd
2026-09-28,burlington-vt,03,2026-09-28T07:00:00Z,286.43,0.6,0.7,0.0,2026-09-28T08:00:00Z,nodd,nodd
2026-09-28,burlington-vt,04,2026-09-28T08:00:00Z,286.4,0.95,0.95,0.515625,2026-09-28T09:00:00Z,nodd,nodd
2026-09-28,burlington-vt,05,2026-09-28T09:00:00Z,286.29,0.03,0.03,0.296875,2026-09-28T10:00:00Z,nodd,nodd
2026-09-28,burlington-vt,06,2026-09-28T10:00:00Z,286.31,0.79,2.53,0.015625,2026-09-28T11:00:00Z,nodd,nodd
2026-09-28,burlington-vt,07,2026-09-28T11:00:00Z,286.59,0.99,1.14,0.0,2026-09-28T12:00:00Z,nodd,nodd
2026-09-28,burlington-vt,08,2026-09-28T12:00:00Z,286.71,1.12,3.95,0.0,2026-09-28T13:00:00Z,nodd,nodd
2026-09-28,burlington-vt,09,2026-09-28T13:00:00Z,287.23,1.97,2.85,0.078125,2026-09-28T14:00:00Z,nodd,nodd
2026-09-28,burlington-vt,10,2026-09-28T14:00:00Z,288.09,1.4,2.01,0.0,2026-09-28T15:00:00Z,nodd,nodd
2026-09-28,burlington-vt,11,2026-09-28T15:00:00Z,288.19,0.91,2.67,0.0,2026-09-28T16:00:00Z,nodd,nodd
2026-09-28,burlington-vt,12,2026-09-28T16:00:00Z,288.79,2.13,2.4,0.0,2026-09-28T17:00:00Z,nodd,nodd
2026-09-28,burlington-vt,13,2026-09-28T17:00:00Z,289.13,2.81,3.14,0.0,2026-09-28T18:00:00Z,nodd,nodd
2026-09-28,burlington-vt,14,2026-09-28T18:00:00Z,289.24,3.22,4.58,0.84375,2026-09-28T19:00:00Z,nodd,nodd
2026-09-28,burlington-vt,15,2026-09-28T19:00:00Z,289.05,3.28,4.1,0.59375,2026-09-28T20:00:00Z,nodd,nodd
2026-09-28,burlington-vt,16,2026-09-28T20:00:00Z,288.58,3.56,5.74,0.15625,2026-09-28T21:00:00Z,nodd,nodd
2026-09-28,burlington-vt,17,2026-09-28T21:00:00Z,288.25,3.37,3.37,0.0625,2026-09-28T22:00:00Z,nodd,nodd
2026-09-28,burlington-vt,18,2026-09-28T22:00:00Z,287.91,3.26,5.04,0.15625,2026-09-28T23:00:00Z,nodd,nodd
2026-09-28,burlington-vt,19,2026-09-28T23:00:00Z,287.48,3.81,6.03,0.0625,2026-09-29T00:00:00Z,nodd,nodd
2026-09-28,burlington-vt,20,2026-09-29T00:00:00Z,287.15,3.83,3.83,0.0,2026-09-29T01:00:00Z,nodd,nodd
2026-09-28,burlington-vt,21,2026-09-29T01:00:00Z,286.69,3.64,6.43,0.625,2026-09-29T02:00:00Z,nodd,nodd
2026-09-28,burlington-vt,22,2026-09-29T02:00:00Z,286.43,4.26,6.52,2.90625,2026-09-29T03:00:00Z,nodd,nodd
2026-09-28,burlington-vt,23,2026-09-29T03:00:00Z,285.83,4.68,6.98,1.0,2026-09-29T04:00:00Z,nodd,nodd
2026-09-28,billings-mt,00,2026-09-28T06:00:00Z,283.46,0.6,1.27,0.0,2026-09-28T07:00:00Z,nodd,nodd
2026-09-28,billings-mt,01,2026-09-28T07:00:00Z,282.97,1.68,1.68,0.0,2026-09-28T08:00:00Z,nodd,nodd
2026-09-28,billings-mt,02,2026-09-28T08:00:00Z,282.74,2.0,2.31,0.0,2026-09-28T09:00:00Z,nodd,nodd
2026-09-28,billings-mt,03,2026-09-28T09:00:00Z,282.42,3.89,3.89,0.0,2026-09-28T10:00:00Z,nodd,nodd
2026-09-28,billings-mt,04,2026-09-28T10:00:00Z,281.74,2.49,4.94,0.0,2026-09-28T11:00:00Z,nodd,nodd
2026-09-28,billings-mt,05,2026-09-28T11:00:00Z,281.53,3.33,4.7,0.0,2026-09-28T12:00:00Z,nodd,nodd
2026-09-28,billings-mt,06,2026-09-28T12:00:00Z,281.08,4.73,4.73,0.0,2026-09-28T13:00:00Z,nodd,nodd
2026-09-28,billings-mt,07,2026-09-28T13:00:00Z,280.97,4.47,6.96,0.0,2026-09-28T14:00:00Z,nodd,nodd
2026-09-28,billings-mt,08,2026-09-28T14:00:00Z,281.83,5.54,8.32,0.0,2026-09-28T15:00:00Z,nodd,nodd
2026-09-28,billings-mt,09,2026-09-28T15:00:00Z,282.43,5.21,5.58,0.0,2026-09-28T16:00:00Z,nodd,nodd
2026-09-28,billings-mt,10,2026-09-28T16:00:00Z,283.8,3.85,3.96,0.0,2026-09-28T17:00:00Z,nodd,nodd
2026-09-28,billings-mt,11,2026-09-28T17:00:00Z,285.47,2.69,5.23,0.0,2026-09-28T18:00:00Z,nodd,nodd
2026-09-28,billings-mt,12,2026-09-28T18:00:00Z,288.41,2.39,5.11,0.0,2026-09-28T19:00:00Z,nodd,nodd
2026-09-28,billings-mt,13,2026-09-28T19:00:00Z,291.64,1.74,3.54,0.0,2026-09-28T20:00:00Z,nodd,nodd
2026-09-28,billings-mt,14,2026-09-28T20:00:00Z,293.03,1.55,2.79,0.0,2026-09-28T21:00:00Z,nodd,nodd
2026-09-28,billings-mt,15,2026-09-28T21:00:00Z,294.16,1.9,3.36,0.0,2026-09-28T22:00:00Z,nodd,nodd
2026-09-28,billings-mt,16,2026-09-28T22:00:00Z,293.59,2.42,3.42,0.0,2026-09-28T23:00:00Z,nodd,nodd
2026-09-28,billings-mt,17,2026-09-28T23:00:00Z,292.89,2.42,2.42,0.0,2026-09-29T00:00:00Z,nodd,nodd
2026-09-28,billings-mt,18,2026-09-29T00:00:00Z,292.53,1.99,2.22,0.0,2026-09-29T01:00:00Z,nodd,nodd
2026-09-28,billings-mt,19,2026-09-29T01:00:00Z,291.17,2.87,2.93,0.0,2026-09-29T02:00:00Z,nodd,nodd
2026-09-28,billings-mt,20,2026-09-29T02:00:00Z,289.75,3.07,5.29,0.0,2026-09-29T03:00:00Z,nodd,nodd
2026-09-28,billings-mt,21,2026-09-29T03:00:00Z,288.95,2.39,2.39,0.0,2026-09-29T04:00:00Z,nodd,nodd
2026-09-28,billings-mt,22,2026-09-29T04:00:00Z,287.67,3.46,3.46,0.0,2026-09-29T05:00:00Z,nodd,nodd
2026-09-28,billings-mt,23,2026-09-29T05:00:00Z,285.86,2.61,2.61,0.0,2026-09-29T06:00:00Z,nodd,nodd
2026-09-28,cheyenne-wy,00,2026-09-28T06:00:00Z,290.01,4.78,4.99,0.0,2026-09-28T07:00:00Z,nodd,nodd
2026-09-28,cheyenne-wy,01,2026-09-28T07:00:00Z,289.46,5.9,6.77,0.0,2026-09-28T08:00:00Z,nodd,nodd
2026-09-28,cheyenne-wy,02,2026-09-28T08:00:00Z,288.8,6.51,10.56,0.0,2026-09-28T09:00:00Z,nodd,nodd
2026-09-28,cheyenne-wy,03,2026-09-28T09:00:00Z,288.35,5.33,9.67,0.0,2026-09-28T10:00:00Z,nodd,nodd
2026-09-28,cheyenne-wy,04,2026-09-28T10:00:00Z,287.57,4.27,5.71,0.0,2026-09-28T11:00:00Z,nodd,nodd
2026-09-28,cheyenne-wy,05,2026-09-28T11:00:00Z,287.17,3.11,4.87,0.0,2026-09-28T12:00:00Z,nodd,nodd
2026-09-28,cheyenne-wy,06,2026-09-28T12:00:00Z,286.33,2.08,4.37,0.3125,2026-09-28T13:00:00Z,nodd,nodd
2026-09-28,cheyenne-wy,07,2026-09-28T13:00:00Z,285.71,2.57,3.14,0.0,2026-09-28T14:00:00Z,nodd,nodd
2026-09-28,cheyenne-wy,08,2026-09-28T14:00:00Z,286.02,2.03,4.21,0.0,2026-09-28T15:00:00Z,nodd,nodd
2026-09-28,cheyenne-wy,09,2026-09-28T15:00:00Z,287.48,2.0,4.85,0.0,2026-09-28T16:00:00Z,nodd,nodd
2026-09-28,cheyenne-wy,10,2026-09-28T16:00:00Z,289.6,2.66,9.21,0.0,2026-09-28T17:00:00Z,nodd,nodd
2026-09-28,cheyenne-wy,11,2026-09-28T17:00:00Z,292.33,5.38,8.69,0.0,2026-09-28T18:00:00Z,nodd,nodd
2026-09-28,cheyenne-wy,12,2026-09-28T18:00:00Z,293.1,3.84,6.87,0.0,2026-09-28T19:00:00Z,nodd,nodd
2026-09-28,cheyenne-wy,13,2026-09-28T19:00:00Z,293.26,3.41,3.98,0.0,2026-09-28T20:00:00Z,nodd,nodd
2026-09-28,cheyenne-wy,14,2026-09-28T20:00:00Z,293.66,3.71,8.19,0.0,2026-09-28T21:00:00Z,nodd,nodd
2026-09-28,cheyenne-wy,15,2026-09-28T21:00:00Z,293.28,4.12,6.98,0.0,2026-09-28T22:00:00Z,nodd,nodd
2026-09-28,cheyenne-wy,16,2026-09-28T22:00:00Z,292.55,4.83,4.83,0.0,2026-09-28T23:00:00Z,nodd,nodd
2026-09-28,cheyenne-wy,17,2026-09-28T23:00:00Z,289.54,4.42,6.31,0.0,2026-09-29T00:00:00Z,nodd,nodd
2026-09-28,cheyenne-wy,18,2026-09-29T00:00:00Z,288.99,4.95,6.55,0.0,2026-09-29T01:00:00Z,nodd,nodd
2026-09-28,cheyenne-wy,19,2026-09-29T01:00:00Z,287.85,3.02,4.83,0.0,2026-09-29T02:00:00Z,nodd,nodd
2026-09-28,cheyenne-wy,20,2026-09-29T02:00:00Z,286.93,1.84,4.03,0.0,2026-09-29T03:00:00Z,nodd,nodd
2026-09-28,cheyenne-wy,21,2026-09-29T03:00:00Z,286.42,2.06,3.2,0.0,2026-09-29T04:00:00Z,nodd,nodd
2026-09-28,cheyenne-wy,22,2026-09-29T04:00:00Z,285.59,1.4,1.46,0.0,2026-09-29T05:00:00Z,nodd,nodd
2026-09-28,cheyenne-wy,23,2026-09-29T05:00:00Z,285.35,1.65,2.97,0.0,2026-09-29T06:00:00Z,nodd,nodd
