date,location,local_hour,valid_utc,temp_k,wind_ms,gust_ms,precip_mm,precip_file_utc,analysis_source,precip_source
2026-09-24,new-york-ny,00,2026-09-24T04:00:00Z,288.58,7.17,9.64,0.0,2026-09-24T05:00:00Z,nodd,nodd
2026-09-24,new-york-ny,01,2026-09-24T05:00:00Z,287.87,5.95,9.81,0.0,2026-09-24T06:00:00Z,nodd,nodd
2026-09-24,new-york-ny,02,2026-09-24T06:00:00Z,287.37,6.81,9.73,0.0,2026-09-24T07:00:00Z,nodd,nodd
2026-09-24,new-york-ny,03,2026-09-24T07:00:00Z,286.87,7.0,9.28,0.0,2026-09-24T08:00:00Z,nodd,nodd
2026-09-24,new-york-ny,04,2026-09-24T08:00:00Z,286.55,6.57,9.92,0.0,2026-09-24T09:00:00Z,nodd,nodd
2026-09-24,new-york-ny,05,2026-09-24T09:00:00Z,286.44,7.31,9.99,0.0,2026-09-24T10:00:00Z,nodd,nodd
2026-09-24,new-york-ny,06,2026-09-24T10:00:00Z,286.36,6.83,9.4,0.0,2026-09-24T11:00:00Z,nodd,nodd
2026-09-24,new-york-ny,07,2026-09-24T11:00:00Z,286.29,7.13,10.14,0.0,2026-09-24T12:00:00Z,nodd,nodd
2026-09-24,new-york-ny,08,2026-09-24T12:00:00Z,286.32,7.24,10.38,0.0,2026-09-24T13:00:00Z,nodd,nodd
2026-09-24,new-york-ny,09,2026-09-24T13:00:00Z,286.61,7.29,10.49,0.0,2026-09-24T14:00:00Z,nodd,nodd
2026-09-24,new-york-ny,10,2026-09-24T14:00:00Z,287.53,8.34,11.81,0.0,2026-09-24T15:00:00Z,nodd,nodd
2026-09-24,new-york-ny,11,2026-09-24T15:00:00Z,288.75,8.29,11.8,0.0,2026-09-24T16:00:00Z,nodd,nodd
2026-09-24,new-york-ny,12,2026-09-24T16:00:00Z,288.75,7.69,11.41,0.0,2026-09-24T17:00:00Z,nodd,nodd
2026-09-24,new-york-ny,13,2026-09-24T17:00:00Z,289.67,7.44,9.81,0.0,2026-09-24T18:00:00Z,nodd,nodd
2026-09-24,new-york-ny,14,2026-09-24T18:00:00Z,290.41,6.42,9.61,0.0,2026-09-24T19:00:00Z,nodd,nodd
2026-09-24,new-york-ny,15,2026-09-24T19:00:00Z,291.18,5.97,8.43,0.0,2026-09-24T20:00:00Z,nodd,nodd
2026-09-24,new-york-ny,16,2026-09-24T20:00:00Z,292.06,5.21,7.89,0.0,2026-09-24T21:00:00Z,nodd,nodd
2026-09-24,new-york-ny,17,2026-09-24T21:00:00Z,292.15,5.7,7.67,0.0,2026-09-24T22:00:00Z,nodd,nodd
2026-09-24,new-york-ny,18,2026-09-24T22:00:00Z,292.24,6.7,9.04,0.0,2026-09-24T23:00:00Z,nodd,nodd
2026-09-24,new-york-ny,19,2026-09-24T23:00:00Z,292.76,6.9,10.48,0.0,2026-09-25T00:00:00Z,nodd,nodd
2026-09-24,new-york-ny,20,2026-09-25T00:00:00Z,292.66,7.66,11.42,0.0,2026-09-25T01:00:00Z,nodd,nodd
2026-09-24,new-york-ny,21,2026-09-25T01:00:00Z,292.33,7.3,10.63,0.0,2026-09-25T02:00:00Z,nodd,nodd
2026-09-24,new-york-ny,22,2026-09-25T02:00:00Z,291.63,8.1,12.06,0.0,2026-09-25T03:00:00Z,nodd,nodd
2026-09-24,new-york-ny,23,2026-09-25T03:00:00Z,290.61,8.14,12.14,0.0,2026-09-25T04:00:00Z,nodd,nodd
2026-09-24,los-angeles-ca,00,2026-09-24T07:00:00Z,294.69,1.23,1.74,0.0,2026-09-24T08:00:00Z,nodd,nodd
2026-09-24,los-angeles-ca,01,2026-09-24T08:00:00Z,294.03,0.89,1.26,0.0,2026-09-24T09:00:00Z,nodd,nodd
2026-09-24,los-angeles-ca,02,2026-09-24T09:00:00Z,293.63,1.0,1.3,0.0,2026-09-24T10:00:00Z,nodd,nodd
2026-09-24,los-angeles-ca,03,2026-09-24T10:00:00Z,293.44,0.4,1.91,0.0,2026-09-24T11:00:00Z,nodd,nodd
2026-09-24,los-angeles-ca,04,2026-09-24T11:00:00Z,292.78,0.3,1.88,0.0,2026-09-24T12:00:00Z,nodd,nodd
2026-09-24,los-angeles-ca,05,2026-09-24T12:00:00Z,292.55,0.89,2.34,0.0,2026-09-24T13:00:00Z,nodd,nodd
2026-09-24,los-angeles-ca,06,2026-09-24T13:00:00Z,292.95,0.71,2.04,0.0,2026-09-24T14:00:00Z,nodd,nodd
2026-09-24,los-angeles-ca,07,2026-09-24T14:00:00Z,293.49,0.77,2.12,0.0,2026-09-24T15:00:00Z,nodd,nodd
2026-09-24,los-angeles-ca,08,2026-09-24T15:00:00Z,293.49,0.9,3.0,0.0,2026-09-24T16:00:00Z,nodd,nodd
2026-09-24,los-angeles-ca,09,2026-09-24T16:00:00Z,293.97,0.58,2.15,0.0,2026-09-24T17:00:00Z,nodd,nodd
2026-09-24,los-angeles-ca,10,2026-09-24T17:00:00Z,294.93,0.81,1.95,0.0,2026-09-24T18:00:00Z,nodd,nodd
2026-09-24,los-angeles-ca,11,2026-09-24T18:00:00Z,296.54,1.39,3.16,0.0,2026-09-24T19:00:00Z,nodd,nodd
2026-09-24,los-angeles-ca,12,2026-09-24T19:00:00Z,298.26,2.83,5.16,0.0,2026-09-24T20:00:00Z,nodd,nodd
2026-09-24,los-angeles-ca,13,2026-09-24T20:00:00Z,299.98,2.58,4.97,0.0,2026-09-24T21:00:00Z,nodd,nodd
2026-09-24,los-angeles-ca,14,2026-09-24T21:00:00Z,301.09,2.97,5.24,0.0,2026-09-24T22:00:00Z,nodd,nodd
2026-09-24,los-angeles-ca,15,2026-09-24T22:00:00Z,300.74,4.36,6.89,0.0,2026-09-24T23:00:00Z,nodd,nodd
2026-09-24,los-angeles-ca,16,2026-09-24T23:00:00Z,299.22,5.23,8.42,0.0,2026-09-25T00:00:00Z,nodd,nodd
2026-09-24,los-angeles-ca,17,2026-09-25T00:00:00Z,297.64,4.15,6.16,0.0,2026-09-25T01:00:00Z,nodd,nodd
2026-09-24,los-angeles-ca,18,2026-09-25T01:00:00Z,296.62,4.03,4.9,0.0,2026-09-25T02:00:00Z,nodd,nodd
2026-09-24,los-angeles-ca,19,2026-09-25T02:00:00Z,295.16,3.24,4.91,0.0,2026-09-25T03:00:00Z,nodd,nodd
2026-09-24,los-angeles-ca,20,2026-09-25T03:00:00Z,294.24,2.66,4.8,0.0,2026-09-25T04:00:00Z,nodd,nodd
2026-09-24,los-angeles-ca,21,2026-09-25T04:00:00Z,294.01,1.81,2.68,0.0,2026-09-25T05:00:00Z,nodd,nodd
2026-09-24,los-angeles-ca,22,2026-09-25T05:00:00Z,293.85,1.63,2.06,0.0,2026-09-25T06:00:00Z,nodd,nodd
2026-09-24,los-angeles-ca,23,2026-09-25T06:00:00Z,293.47,0.99,0.99,0.0,2026-09-25T07:00:00Z,nodd,nodd
2026-09-24,chicago-il,00,2026-09-24T05:00:00Z,289.76,4.07,4.87,0.0,2026-09-24T06:00:00Z,nodd,nodd
2026-09-24,chicago-il,01,2026-09-24T06:00:00Z,289.15,2.81,6.11,0.0,2026-09-24T07:00:00Z,nodd,nodd
2026-09-24,chicago-il,02,2026-09-24T07:00:00Z,289.39,4.06,4.06,0.0,2026-09-24T08:00:00Z,nodd,nodd
2026-09-24,chicago-il,03,2026-09-24T08:00:00Z,289.45,3.95,4.46,0.0,2026-09-24T09:00:00Z,nodd,nodd
2026-09-24,chicago-il,04,2026-09-24T09:00:00Z,290.0,4.28,5.79,0.0,2026-09-24T10:00:00Z,nodd,nodd
2026-09-24,chicago-il,05,2026-09-24T10:00:00Z,289.32,3.7,4.54,0.0,2026-09-24T11:00:00Z,nodd,nodd
2026-09-24,chicago-il,06,2026-09-24T11:00:00Z,289.18,4.78,7.68,0.0,2026-09-24T12:00:00Z,nodd,nodd
2026-09-24,chicago-il,07,2026-09-24T12:00:00Z,289.47,4.78,7.05,0.0,2026-09-24T13:00:00Z,nodd,nodd
2026-09-24,chicago-il,08,2026-09-24T13:00:00Z,288.99,4.44,6.76,0.0,2026-09-24T14:00:00Z,nodd,nodd
2026-09-24,chicago-il,09,2026-09-24T14:00:00Z,288.92,3.22,4.82,0.0,2026-09-24T15:00:00Z,nodd,nodd
2026-09-24,chicago-il,10,2026-09-24T15:00:00Z,289.52,1.73,2.88,0.0,2026-09-24T16:00:00Z,nodd,nodd
2026-09-24,chicago-il,11,2026-09-24T16:00:00Z,290.69,2.69,4.27,0.0,2026-09-24T17:00:00Z,nodd,nodd
2026-09-24,chicago-il,12,2026-09-24T17:00:00Z,291.55,2.35,5.32,0.0,2026-09-24T18:00:00Z,nodd,nodd
2026-09-24,chicago-il,13,2026-09-24T18:00:00Z,291.95,3.55,5.59,0.0,2026-09-24T19:00:00Z,nodd,nodd
2026-09-24,chicago-il,14,2026-09-24T19:00:00Z,291.99,3.79,5.88,0.0,2026-09-24T20:00:00Z,nodd,nodd
2026-09-24,chicago-il,15,2026-09-24T20:00:00Z,292.2,3.28,6.12,0.0,2026-09-24T21:00:00Z,nodd,nodd
2026-09-24,chicago-il,16,2026-09-24T21:00:00Z,291.93,3.41,4.34,0.0,2026-09-24T22:00:00Z,nodd,nodd
2026-09-24,chicago-il,17,2026-09-24T22:00:00Z,291.24,3.08,5.49,0.0,2026-09-24T23:00:00Z,nodd,nodd
2026-09-24,chicago-il,18,2026-09-24T23:00:00Z,290.59,2.7,3.99,0.0,2026-09-25T00:00:00Z,nodd,nodd
2026-09-24,chicago-il,19,2026-09-25T00:00:00Z,290.71,3.82,6.32,0.0,2026-09-25T01:00:00Z,nodd,nodd
2026-09-24,chicago-il,20,2026-09-25T01:00:00Z,290.55,2.35,2.35,0.0,2026-09-25T02:00:00Z,nodd,nodd
2026-09-24,chicago-il,21,2026-09-25T02:00:00Z,290.61,2.41,2.74,0.0,2026-09-25T03:00:00Z,nodd,nodd
2026-09-24,chicago-il,22,2026-09-25T03:00:00Z,290.62,2.15,2.82,0.0,2026-09-25T04:00:00Z,nodd,nodd
2026-09-24,chicago-il,23,2026-09-25T04:00:00Z,290.28,2.22,2.22,0.0,2026-09-25T05:00:00Z,nodd,nodd
2026-09-24,dallas-tx,00,2026-09-24T05:00:00Z,303.4,3.64,8.48,0.0,2026-09-24T06:00:00Z,nodd,nodd
2026-09-24,dallas-tx,01,2026-09-24T06:00:00Z,302.51,4.04,6.7,0.0,2026-09-24T07:00:00Z,nodd,nodd
2026-09-24,dallas-tx,02,2026-09-24T07:00:00Z,301.78,4.09,9.08,0.0,2026-09-24T08:00:00Z,nodd,nodd
2026-09-24,dallas-tx,03,2026-09-24T08:00:00Z,301.37,4.01,5.54,0.0,2026-09-24T09:00:00Z,nodd,nodd
2026-09-24,dallas-tx,04,2026-09-24T09:00:00Z,300.88,3.71,5.28,0.0,2026-09-24T10:00:00Z,nodd,nodd
2026-09-24,dallas-tx,05,2026-09-24T10:00:00Z,300.21,2.79,4.66,0.0,2026-09-24T11:00:00Z,nodd,nodd
2026-09-24,dallas-tx,06,2026-09-24T11:00:00Z,299.49,2.87,3.57,0.0,2026-09-24T12:00:00Z,nodd,nodd
2026-09-24,dallas-tx,07,2026-09-24T12:00:00Z,298.75,3.86,4.69,0.0,2026-09-24T13:00:00Z,nodd,nodd
2026-09-24,dallas-tx,08,2026-09-24T13:00:00Z,298.47,4.08,6.74,0.0,2026-09-24T14:00:00Z,nodd,nodd
2026-09-24,dallas-tx,09,2026-09-24T14:00:00Z,299.23,4.79,7.71,0.0,2026-09-24T15:00:00Z,nodd,nodd
2026-09-24,dallas-tx,10,2026-09-24T15:00:00Z,300.63,4.38,6.03,0.0,2026-09-24T16:00:00Z,nodd,nodd
2026-09-24,dallas-tx,11,2026-09-24T16:00:00Z,302.13,4.08,5.97,0.0,2026-09-24T17:00:00Z,nodd,nodd
2026-09-24,dallas-tx,12,2026-09-24T17:00:00Z,303.92,2.95,3.46,0.0,2026-09-24T18:00:00Z,nodd,nodd
2026-09-24,dallas-tx,13,2026-09-24T18:00:00Z,305.54,1.96,2.52,0.0,2026-09-24T19:00:00Z,nodd,nodd
2026-09-24,dallas-tx,14,2026-09-24T19:00:00Z,307.2,1.43,2.44,0.0,2026-09-24T20:00:00Z,nodd,nodd
2026-09-24,dallas-tx,15,2026-09-24T20:00:00Z,307.75,2.16,4.46,0.0,2026-09-24T21:00:00Z,nodd,nodd
2026-09-24,dallas-tx,16,2026-09-24T21:00:00Z,307.93,2.01,3.57,0.0,2026-09-24T22:00:00Z,nodd,nodd
2026-09-24,dallas-tx,17,2026-09-24T22:00:00Z,307.8,3.17,5.51,0.0,2026-09-24T23:00:00Z,nodd,nodd
2026-09-24,dallas-tx,18,2026-09-24T23:00:00Z,307.01,3.89,4.61,0.0,2026-09-25T00:00:00Z,nodd,nodd
2026-09-24,dallas-tx,19,2026-09-25T00:00:00Z,306.14,3.36,5.27,0.0,2026-09-25T01:00:00Z,nodd,nodd
2026-09-24,dallas-tx,20,2026-09-25T01:00:00Z,305.01,2.82,4.9,0.0,2026-09-25T02:00:00Z,nodd,nodd
2026-09-24,dallas-tx,21,2026-09-25T02:00:00Z,303.65,3.54,5.6,0.0,2026-09-25T03:00:00Z,nodd,nodd
2026-09-24,dallas-tx,22,2026-09-25T03:00:00Z,302.57,3.8,7.33,0.0,2026-09-25T04:00:00Z,nodd,nodd
2026-09-24,dallas-tx,23,2026-09-25T04:00:00Z,301.83,3.19,4.45,0.0,2026-09-25T05:00:00Z,nodd,nodd
2026-09-24,houston-tx,00,2026-09-24T05:00:00Z,300.95,0.35,1.06,0.0,2026-09-24T06:00:00Z,nodd,nodd
2026-09-24,houston-tx,01,2026-09-24T06:00:00Z,300.47,0.19,0.78,0.0,2026-09-24T07:00:00Z,nodd,nodd
2026-09-24,houston-tx,02,2026-09-24T07:00:00Z,300.39,0.0,0.44,0.0,2026-09-24T08:00:00Z,nodd,nodd
2026-09-24,houston-tx,03,2026-09-24T08:00:00Z,300.3,0.68,1.15,0.0,2026-09-24T09:00:00Z,nodd,nodd
2026-09-24,houston-tx,04,2026-09-24T09:00:00Z,300.16,0.86,1.68,0.0,2026-09-24T10:00:00Z,nodd,nodd
2026-09-24,houston-tx,05,2026-09-24T10:00:00Z,300.08,1.3,2.65,0.0,2026-09-24T11:00:00Z,nodd,nodd
2026-09-24,houston-tx,06,2026-09-24T11:00:00Z,299.93,1.18,1.18,0.0,2026-09-24T12:00:00Z,nodd,nodd
2026-09-24,houston-tx,07,2026-09-24T12:00:00Z,299.84,1.56,1.56,0.0,2026-09-24T13:00:00Z,nodd,nodd
2026-09-24,houston-tx,08,2026-09-24T13:00:00Z,299.38,2.79,6.0,0.0,2026-09-24T14:00:00Z,nodd,nodd
2026-09-24,houston-tx,09,2026-09-24T14:00:00Z,300.36,3.77,5.81,0.0,2026-09-24T15:00:00Z,nodd,nodd
2026-09-24,houston-tx,10,2026-09-24T15:00:00Z,301.23,3.45,5.61,0.0,2026-09-24T16:00:00Z,nodd,nodd
2026-09-24,houston-tx,11,2026-09-24T16:00:00Z,302.39,2.59,4.44,0.0,2026-09-24T17:00:00Z,nodd,nodd
2026-09-24,houston-tx,12,2026-09-24T17:00:00Z,303.72,2.14,3.45,0.0,2026-09-24T18:00:00Z,nodd,nodd
2026-09-24,houston-tx,13,2026-09-24T18:00:00Z,305.23,2.36,3.55,0.0,2026-09-24T19:00:00Z,nodd,nodd
2026-09-24,houston-tx,14,2026-09-24T19:00:00Z,306.15,2.69,5.31,0.0,2026-09-24T20:00:00Z,nodd,nodd
2026-09-24,houston-tx,15,2026-09-24T20:00:00Z,307.22,2.65,5.42,0.0,2026-09-24T21:00:00Z,nodd,nodd
2026-09-24,houston-tx,16,2026-09-24T21:00:00Z,307.56,3.25,4.14,0.0,2026-09-24T22:00:00Z,nodd,nodd
2026-09-24,houston-tx,17,2026-09-24T22:00:00Z,307.28,2.39,5.05,0.0,2026-09-24T23:00:00Z,nodd,nodd
2026-09-24,houston-tx,18,2026-09-24T23:00:00Z,306.37,3.06,5.44,0.0,2026-09-25T00:00:00Z,nodd,nodd
2026-09-24,houston-tx,19,2026-09-25T00:00:00Z,304.73,3.19,4.49,0.0,2026-09-25T01:00:00Z,nodd,nodd
2026-09-24,houston-tx,20,2026-09-25T01:00:00Z,303.28,3.26,4.79,0.0,2026-09-25T02:00:00Z,nodd,nodd
2026-09-24,houston-tx,21,2026-09-25T02:00:00Z,302.64,2.59,4.17,0.0,2026-09-25T03:00:00Z,nodd,nodd
2026-09-24,houston-tx,22,2026-09-25T03:00:00Z,302.22,2.36,2.41,0.0,2026-09-25T04:00:00Z,nodd,nodd
2026-09-24,houston-tx,23,2026-09-25T04:00:00Z,301.86,0.72,1.36,0.0,2026-09-25T05:00:00Z,nodd,nodd
2026-09-24,miami-fl,00,2026-09-24T04:00:00Z,298.74,1.33,3.29,0.0,2026-09-24T05:00:00Z,nodd,nodd
2026-09-24,miami-fl,01,2026-09-24T05:00:00Z,298.72,1.71,4.28,0.0,2026-09-24T06:00:00Z,nodd,nodd
2026-09-24,miami-fl,02,2026-09-24T06:00:00Z,298.17,0.0,0.33,0.0,2026-09-24T07:00:00Z,nodd,nodd
2026-09-24,miami-fl,03,2026-09-24T07:00:00Z,298.08,1.14,1.14,0.0,2026-09-24T08:00:00Z,nodd,nodd
2026-09-24,miami-fl,04,2026-09-24T08:00:00Z,297.74,1.92,1.92,0.0,2026-09-24T09:00:00Z,nodd,nodd
2026-09-24,miami-fl,05,2026-09-24T09:00:00Z,297.38,2.78,2.78,0.0,2026-09-24T10:00:00Z,nodd,nodd
2026-09-24,miami-fl,06,2026-09-24T10:00:00Z,297.5,2.7,5.25,0.0,2026-09-24T11:00:00Z,nodd,nodd
2026-09-24,miami-fl,07,2026-09-24T11:00:00Z,297.71,3.0,3.49,0.0,2026-09-24T12:00:00Z,nodd,nodd
2026-09-24,miami-fl,08,2026-09-24T12:00:00Z,298.19,2.23,4.49,0.0,2026-09-24T13:00:00Z,nodd,nodd
2026-09-24,miami-fl,09,2026-09-24T13:00:00Z,299.12,2.81,4.28,0.0,2026-09-24T14:00:00Z,nodd,nodd
2026-09-24,miami-fl,10,2026-09-24T14:00:00Z,300.53,3.59,5.27,0.0,2026-09-24T15:00:00Z,nodd,nodd
2026-09-24,miami-fl,11,2026-09-24T15:00:00Z,302.68,3.25,3.89,0.0,2026-09-24T16:00:00Z,nodd,nodd
2026-09-24,miami-fl,12,2026-09-24T16:00:00Z,303.86,2.75,3.05,0.0,2026-09-24T17:00:00Z,nodd,nodd
2026-09-24,miami-fl,13,2026-09-24T17:00:00Z,304.72,2.6,4.41,0.0,2026-09-24T18:00:00Z,nodd,nodd
2026-09-24,miami-fl,14,2026-09-24T18:00:00Z,305.31,2.45,2.47,0.0,2026-09-24T19:00:00Z,nodd,nodd
2026-09-24,miami-fl,15,2026-09-24T19:00:00Z,304.84,3.23,4.87,0.0,2026-09-24T20:00:00Z,nodd,nodd
2026-09-24,miami-fl,16,2026-09-24T20:00:00Z,304.65,0.76,3.51,0.0,2026-09-24T21:00:00Z,nodd,nodd
2026-09-24,miami-fl,17,2026-09-24T21:00:00Z,304.13,2.76,5.24,0.03125,2026-09-24T22:00:00Z,nodd,nodd
2026-09-24,miami-fl,18,2026-09-24T22:00:00Z,302.66,2.98,3.14,0.0,2026-09-24T23:00:00Z,nodd,nodd
2026-09-24,miami-fl,19,2026-09-24T23:00:00Z,301.91,1.93,1.93,0.0,2026-09-25T00:00:00Z,nodd,nodd
2026-09-24,miami-fl,20,2026-09-25T00:00:00Z,300.87,0.45,2.99,0.0,2026-09-25T01:00:00Z,nodd,nodd
2026-09-24,miami-fl,21,2026-09-25T01:00:00Z,300.8,1.85,1.85,0.0,2026-09-25T02:00:00Z,nodd,nodd
2026-09-24,miami-fl,22,2026-09-25T02:00:00Z,300.79,2.31,2.31,0.0,2026-09-25T03:00:00Z,nodd,nodd
2026-09-24,miami-fl,23,2026-09-25T03:00:00Z,300.03,0.77,1.85,0.0,2026-09-25T04:00:00Z,nodd,nodd
2026-09-24,washington-dc,00,2026-09-24T04:00:00Z,288.08,3.35,7.48,0.0,2026-09-24T05:00:00Z,nodd,nodd
2026-09-24,washington-dc,01,2026-09-24T05:00:00Z,287.26,2.74,8.44,0.0,2026-09-24T06:00:00Z,nodd,nodd
2026-09-24,washington-dc,02,2026-09-24T06:00:00Z,287.05,2.9,7.57,0.0,2026-09-24T07:00:00Z,nodd,nodd
2026-09-24,washington-dc,03,2026-09-24T07:00:00Z,286.36,3.18,4.77,0.0,2026-09-24T08:00:00Z,nodd,nodd
2026-09-24,washington-dc,04,2026-09-24T08:00:00Z,285.76,3.68,9.33,0.0,2026-09-24T09:00:00Z,nodd,nodd
2026-09-24,washington-dc,05,2026-09-24T09:00:00Z,285.27,3.54,8.29,0.0,2026-09-24T10:00:00Z,nodd,nodd
2026-09-24,washington-dc,06,2026-09-24T10:00:00Z,284.6,4.13,7.95,0.0,2026-09-24T11:00:00Z,nodd,nodd
2026-09-24,washington-dc,07,2026-09-24T11:00:00Z,283.86,3.84,8.83,0.0,2026-09-24T12:00:00Z,nodd,nodd
2026-09-24,washington-dc,08,2026-09-24T12:00:00Z,284.43,3.62,9.18,0.0,2026-09-24T13:00:00Z,nodd,nodd
2026-09-24,washington-dc,09,2026-09-24T13:00:00Z,286.04,4.14,8.03,0.0,2026-09-24T14:00:00Z,nodd,nodd
2026-09-24,washington-dc,10,2026-09-24T14:00:00Z,287.63,4.25,9.61,0.0,2026-09-24T15:00:00Z,nodd,nodd
2026-09-24,washington-dc,11,2026-09-24T15:00:00Z,288.92,5.12,8.92,0.0,2026-09-24T16:00:00Z,nodd,nodd
2026-09-24,washington-dc,12,2026-09-24T16:00:00Z,289.56,4.62,7.43,0.0,2026-09-24T17:00:00Z,nodd,nodd
2026-09-24,washington-dc,13,2026-09-24T17:00:00Z,290.2,4.73,9.18,0.0,2026-09-24T18:00:00Z,nodd,nodd
2026-09-24,washington-dc,14,2026-09-24T18:00:00Z,290.42,4.05,7.56,0.0,2026-09-24T19:00:00Z,nodd,nodd
2026-09-24,washington-dc,15,2026-09-24T19:00:00Z,290.84,5.24,7.9,0.0,2026-09-24T20:00:00Z,nodd,nodd
2026-09-24,washington-dc,16,2026-09-24T20:00:00Z,291.4,3.42,7.11,0.0,2026-09-24T21:00:00Z,nodd,nodd
2026-09-24,washington-dc,17,2026-09-24T21:00:00Z,291.92,3.58,8.14,0.0,2026-09-24T22:00:00Z,nodd,nodd
2026-09-24,washington-dc,18,2026-09-24T22:00:00Z,291.63,2.95,6.01,0.0,2026-09-24T23:00:00Z,nodd,nodd
2026-09-24,washington-dc,19,2026-09-24T23:00:00Z,290.31,2.13,2.24,0.0,2026-09-25T00:00:00Z,nodd,nodd
2026-09-24,washington-dc,20,2026-09-25T00:00:00Z,288.67,1.39,1.84,0.0,2026-09-25T01:00:00Z,nodd,nodd
2026-09-24,washington-dc,21,2026-09-25T01:00:00Z,287.21,1.64,1.64,0.0,2026-09-25T02:00:00Z,nodd,nodd
2026-09-24,washington-dc,22,2026-09-25T02:00:00Z,286.43,1.32,2.4,0.0,2026-09-25T03:00:00Z,nodd,nodd
2026-09-24,washington-dc,23,2026-09-25T03:00:00Z,285.7,1.08,2.16,0.0,2026-09-25T04:00:00Z,nodd,nodd
2026-09-24,atlanta-ga,00,2026-09-24T04:00:00Z,293.04,4.12,7.4,0.0,2026-09-24T05:00:00Z,nodd,nodd
2026-09-24,atlanta-ga,01,2026-09-24T05:00:00Z,292.51,5.1,10.4,0.0,2026-09-24T06:00:00Z,nodd,nodd
2026-09-24,atlanta-ga,02,2026-09-24T06:00:00Z,292.07,5.38,7.92,0.0,2026-09-24T07:00:00Z,nodd,nodd
2026-09-24,atlanta-ga,03,2026-09-24T07:00:00Z,291.34,4.4,7.6,0.0,2026-09-24T08:00:00Z,nodd,nodd
2026-09-24,atlanta-ga,04,2026-09-24T08:00:00Z,291.02,4.19,6.73,0.0,2026-09-24T09:00:00Z,nodd,nodd
2026-09-24,atlanta-ga,05,2026-09-24T09:00:00Z,290.79,2.52,6.3,0.0,2026-09-24T10:00:00Z,nodd,nodd
2026-09-24,atlanta-ga,06,2026-09-24T10:00:00Z,290.45,3.88,6.75,0.0,2026-09-24T11:00:00Z,nodd,nodd
2026-09-24,atlanta-ga,07,2026-09-24T11:00:00Z,290.27,4.33,8.28,0.0,2026-09-24T12:00:00Z,nodd,nodd
2026-09-24,atlanta-ga,08,2026-09-24T12:00:00Z,290.14,3.37,6.41,0.0,2026-09-24T13:00:00Z,nodd,nodd
2026-09-24,atlanta-ga,09,2026-09-24T13:00:00Z,290.14,3.7,8.7,0.0,2026-09-24T14:00:00Z,nodd,nodd
2026-09-24,atlanta-ga,10,2026-09-24T14:00:00Z,290.31,3.61,7.31,0.0,2026-09-24T15:00:00Z,nodd,nodd
2026-09-24,atlanta-ga,11,2026-09-24T15:00:00Z,290.24,4.28,7.24,0.0,2026-09-24T16:00:00Z,nodd,nodd
2026-09-24,atlanta-ga,12,2026-09-24T16:00:00Z,291.3,3.81,7.67,0.0,2026-09-24T17:00:00Z,nodd,nodd
2026-09-24,atlanta-ga,13,2026-09-24T17:00:00Z,291.93,3.44,7.09,0.0,2026-09-24T18:00:00Z,nodd,nodd
2026-09-24,atlanta-ga,14,2026-09-24T18:00:00Z,292.36,3.62,5.25,0.0,2026-09-24T19:00:00Z,nodd,nodd
2026-09-24,atlanta-ga,15,2026-09-24T19:00:00Z,293.48,2.47,5.53,0.0,2026-09-24T20:00:00Z,nodd,nodd
2026-09-24,atlanta-ga,16,2026-09-24T20:00:00Z,294.19,2.92,5.1,0.0,2026-09-24T21:00:00Z,nodd,nodd
2026-09-24,atlanta-ga,17,2026-09-24T21:00:00Z,293.96,3.78,5.13,0.0,2026-09-24T22:00:00Z,nodd,nodd
2026-09-24,atlanta-ga,18,2026-09-24T22:00:00Z,293.68,3.83,4.53,0.0,2026-09-24T23:00:00Z,nodd,nodd
2026-09-24,atlanta-ga,19,2026-09-24T23:00:00Z,293.02,2.92,5.67,0.0,2026-09-25T00:00:00Z,nodd,nodd
2026-09-24,atlanta-ga,20,2026-09-25T00:00:00Z,292.02,2.48,4.39,0.0,2026-09-25T01:00:00Z,nodd,nodd
2026-09-24,atlanta-ga,21,2026-09-25T01:00:00Z,291.34,1.52,4.21,0.0,2026-09-25T02:00:00Z,nodd,nodd
2026-09-24,atlanta-ga,22,2026-09-25T02:00:00Z,291.05,1.63,3.36,0.0,2026-09-25T03:00:00Z,nodd,nodd
2026-09-24,atlanta-ga,23,2026-09-25T03:00:00Z,290.77,3.07,6.45,0.0,2026-09-25T04:00:00Z,nodd,nodd
2026-09-24,philadelphia-pa,00,2026-09-24T04:00:00Z,288.27,3.48,9.98,0.0,2026-09-24T05:00:00Z,nodd,nodd
2026-09-24,philadelphia-pa,01,2026-09-24T05:00:00Z,287.68,4.22,10.94,0.0,2026-09-24T06:00:00Z,nodd,nodd
2026-09-24,philadelphia-pa,02,2026-09-24T06:00:00Z,286.98,3.46,9.44,0.0,2026-09-24T07:00:00Z,nodd,nodd
2026-09-24,philadelphia-pa,03,2026-09-24T07:00:00Z,286.08,3.04,4.74,0.0,2026-09-24T08:00:00Z,nodd,nodd
2026-09-24,philadelphia-pa,04,2026-09-24T08:00:00Z,285.4,3.48,5.08,0.0,2026-09-24T09:00:00Z,nodd,nodd
2026-09-24,philadelphia-pa,05,2026-09-24T09:00:00Z,285.0,3.18,7.14,0.0,2026-09-24T10:00:00Z,nodd,nodd
2026-09-24,philadelphia-pa,06,2026-09-24T10:00:00Z,285.06,4.07,7.91,0.0,2026-09-24T11:00:00Z,nodd,nodd
2026-09-24,philadelphia-pa,07,2026-09-24T11:00:00Z,284.73,3.82,7.92,0.0,2026-09-24T12:00:00Z,nodd,nodd
2026-09-24,philadelphia-pa,08,2026-09-24T12:00:00Z,285.55,4.74,10.47,0.0,2026-09-24T13:00:00Z,nodd,nodd
2026-09-24,philadelphia-pa,09,2026-09-24T13:00:00Z,286.38,4.47,9.34,0.0,2026-09-24T14:00:00Z,nodd,nodd
2026-09-24,philadelphia-pa,10,2026-09-24T14:00:00Z,287.39,4.69,9.67,0.0,2026-09-24T15:00:00Z,nodd,nodd
2026-09-24,philadelphia-pa,11,2026-09-24T15:00:00Z,288.68,5.02,10.02,0.0,2026-09-24T16:00:00Z,nodd,nodd
2026-09-24,philadelphia-pa,12,2026-09-24T16:00:00Z,289.88,4.99,9.32,0.0,2026-09-24T17:00:00Z,nodd,nodd
2026-09-24,philadelphia-pa,13,2026-09-24T17:00:00Z,290.44,5.1,10.2,0.0,2026-09-24T18:00:00Z,nodd,nodd
2026-09-24,philadelphia-pa,14,2026-09-24T18:00:00Z,291.51,6.07,9.76,0.0,2026-09-24T19:00:00Z,nodd,nodd
2026-09-24,philadelphia-pa,15,2026-09-24T19:00:00Z,291.66,4.47,8.02,0.0,2026-09-24T20:00:00Z,nodd,nodd
2026-09-24,philadelphia-pa,16,2026-09-24T20:00:00Z,291.53,3.62,7.21,0.0,2026-09-24T21:00:00Z,nodd,nodd
2026-09-24,philadelphia-pa,17,2026-09-24T21:00:00Z,291.39,3.76,6.69,0.0,2026-09-24T22:00:00Z,nodd,nodd
2026-09-24,philadelphia-pa,18,2026-09-24T22:00:00Z,291.33,2.85,2.85,0.0,2026-09-24T23:00:00Z,nodd,nodd
2026-09-24,philadelphia-pa,19,2026-09-24T23:00:00Z,290.06,0.82,1.13,0.0,2026-09-25T00:00:00Z,nodd,nodd
2026-09-24,philadelphia-pa,20,2026-09-25T00:00:00Z,289.04,2.21,2.21,0.0,2026-09-25T01:00:00Z,nodd,nodd
2026-09-24,philadelphia-pa,21,2026-09-25T01:00:00Z,288.76,2.73,8.38,0.0,2026-09-25T02:00:00Z,nodd,nodd
2026-09-24,philadelphia-pa,22,2026-09-25T02:00:00Z,288.66,3.39,7.4,0.0,2026-09-25T03:00:00Z,nodd,nodd
2026-09-24,philadelphia-pa,23,2026-09-25T03:00:00Z,288.61,3.97,4.38,0.0,2026-09-25T04:00:00Z,nodd,nodd
2026-09-24,phoenix-az,00,2026-09-24T07:00:00Z,303.42,1.3,4.71,0.0,2026-09-24T08:00:00Z,nodd,nodd
2026-09-24,phoenix-az,01,2026-09-24T08:00:00Z,303.2,1.83,8.01,0.0,2026-09-24T09:00:00Z,nodd,nodd
2026-09-24,phoenix-az,02,2026-09-24T09:00:00Z,302.89,2.87,6.26,0.0,2026-09-24T10:00:00Z,nodd,nodd
2026-09-24,phoenix-az,03,2026-09-24T10:00:00Z,302.51,1.89,5.43,0.0,2026-09-24T11:00:00Z,nodd,nodd
2026-09-24,phoenix-az,04,2026-09-24T11:00:00Z,302.6,1.94,6.54,0.0,2026-09-24T12:00:00Z,nodd,nodd
2026-09-24,phoenix-az,05,2026-09-24T12:00:00Z,301.56,2.72,7.84,0.0,2026-09-24T13:00:00Z,nodd,nodd
2026-09-24,phoenix-az,06,2026-09-24T13:00:00Z,301.24,2.62,6.48,0.0625,2026-09-24T14:00:00Z,nodd,nodd
2026-09-24,phoenix-az,07,2026-09-24T14:00:00Z,301.31,2.65,4.52,0.8125,2026-09-24T15:00:00Z,nodd,nodd
2026-09-24,phoenix-az,08,2026-09-24T15:00:00Z,297.85,1.56,1.56,0.0,2026-09-24T16:00:00Z,nodd,nodd
2026-09-24,phoenix-az,09,2026-09-24T16:00:00Z,297.72,3.11,6.15,0.0,2026-09-24T17:00:00Z,nodd,nodd
2026-09-24,phoenix-az,10,2026-09-24T17:00:00Z,298.65,4.24,8.09,0.03125,2026-09-24T18:00:00Z,nodd,nodd
2026-09-24,phoenix-az,11,2026-09-24T18:00:00Z,298.23,4.12,6.99,0.0,2026-09-24T19:00:00Z,nodd,nodd
2026-09-24,phoenix-az,12,2026-09-24T19:00:00Z,298.28,2.41,3.59,0.25,2026-09-24T20:00:00Z,nodd,nodd
2026-09-24,phoenix-az,13,2026-09-24T20:00:00Z,300.13,3.56,5.58,0.0,2026-09-24T21:00:00Z,nodd,nodd
2026-09-24,phoenix-az,14,2026-09-24T21:00:00Z,300.45,2.13,2.5,0.0,2026-09-24T22:00:00Z,nodd,nodd
2026-09-24,phoenix-az,15,2026-09-24T22:00:00Z,301.86,3.02,5.62,0.0,2026-09-24T23:00:00Z,nodd,nodd
2026-09-24,phoenix-az,16,2026-09-24T23:00:00Z,302.4,2.44,3.91,0.0,2026-09-25T00:00:00Z,nodd,nodd
2026-09-24,phoenix-az,17,2026-09-25T00:00:00Z,302.14,3.66,4.84,0.0,2026-09-25T01:00:00Z,nodd,nodd
2026-09-24,phoenix-az,18,2026-09-25T01:00:00Z,300.69,2.65,5.26,0.0,2026-09-25T02:00:00Z,nodd,nodd
2026-09-24,phoenix-az,19,2026-09-25T02:00:00Z,299.77,2.73,3.86,0.0,2026-09-25T03:00:00Z,nodd,nodd
2026-09-24,phoenix-az,20,2026-09-25T03:00:00Z,298.95,1.64,4.0,0.0,2026-09-25T04:00:00Z,nodd,nodd
2026-09-24,phoenix-az,21,2026-09-25T04:00:00Z,298.56,2.15,2.15,0.0,2026-09-25T05:00:00Z,nodd,nodd
2026-09-24,phoenix-az,22,2026-09-25T05:00:00Z,298.03,1.71,1.71,0.0,2026-09-25T06:00:00Z,nodd,nodd
2026-09-24,phoenix-az,23,2026-09-25T06:00:00Z,298.21,2.55,5.36,0.0,2026-09-25T07:00:00Z,nodd,nodd
2026-09-24,boston-ma,00,2026-09-24T04:00:00Z,284.69,2.42,8.48,0.0,2026-09-24T05:00:00Z,nodd,nodd
2026-09-24,boston-ma,01,2026-09-24T05:00:00Z,284.17,2.22,7.78,0.0,2026-09-24T06:00:00Z,nodd,nodd
2026-09-24,boston-ma,02,2026-09-24T06:00:00Z,283.38,2.35,7.92,0.0,2026-09-24T07:00:00Z,nodd,nodd
2026-09-24,boston-ma,03,2026-09-24T07:00:00Z,282.85,2.59,7.16,0.0,2026-09-24T08:00:00Z,nodd,nodd
2026-09-24,boston-ma,04,2026-09-24T08:00:00Z,282.49,2.09,6.49,0.0,2026-09-24T09:00:00Z,nodd,nodd
2026-09-24,boston-ma,05,2026-09-24T09:00:00Z,282.46,2.46,6.61,0.0,2026-09-24T10:00:00Z,nodd,nodd
2026-09-24,boston-ma,06,2026-09-24T10:00:00Z,282.25,2.48,6.51,0.0,2026-09-24T11:00:00Z,nodd,nodd
2026-09-24,boston-ma,07,2026-09-24T11:00:00Z,282.41,2.56,6.78,0.0,2026-09-24T12:00:00Z,nodd,nodd
2026-09-24,boston-ma,08,2026-09-24T12:00:00Z,283.74,2.84,7.34,0.0,2026-09-24T13:00:00Z,nodd,nodd
2026-09-24,boston-ma,09,2026-09-24T13:00:00Z,285.96,3.96,7.84,0.0,2026-09-24T14:00:00Z,nodd,nodd
2026-09-24,boston-ma,10,2026-09-24T14:00:00Z,288.42,4.54,8.43,0.0,2026-09-24T15:00:00Z,nodd,nodd
2026-09-24,boston-ma,11,2026-09-24T15:00:00Z,289.64,6.32,10.0,0.0,2026-09-24T16:00:00Z,nodd,nodd
2026-09-24,boston-ma,12,2026-09-24T16:00:00Z,290.44,5.79,10.04,0.0,2026-09-24T17:00:00Z,nodd,nodd
2026-09-24,boston-ma,13,2026-09-24T17:00:00Z,290.63,6.35,10.42,0.0,2026-09-24T18:00:00Z,nodd,nodd
2026-09-24,boston-ma,14,2026-09-24T18:00:00Z,291.06,5.99,9.23,0.0,2026-09-24T19:00:00Z,nodd,nodd
2026-09-24,boston-ma,15,2026-09-24T19:00:00Z,290.65,6.0,9.6,0.0,2026-09-24T20:00:00Z,nodd,nodd
2026-09-24,boston-ma,16,2026-09-24T20:00:00Z,290.6,5.21,8.54,0.0,2026-09-24T21:00:00Z,nodd,nodd
2026-09-24,boston-ma,17,2026-09-24T21:00:00Z,290.0,5.15,8.83,0.0,2026-09-24T22:00:00Z,nodd,nodd
2026-09-24,boston-ma,18,2026-09-24T22:00:00Z,289.09,4.12,7.64,0.0,2026-09-24T23:00:00Z,nodd,nodd
2026-09-24,boston-ma,19,2026-09-24T23:00:00Z,287.33,2.51,6.61,0.0,2026-09-25T00:00:00Z,nodd,nodd
2026-09-24,boston-ma,20,2026-09-25T00:00:00Z,285.92,1.86,5.7,0.0,2026-09-25T01:00:00Z,nodd,nodd
2026-09-24,boston-ma,21,2026-09-25T01:00:00Z,284.68,1.13,4.55,0.0,2026-09-25T02:00:00Z,nodd,nodd
2026-09-24,boston-ma,22,2026-09-25T02:00:00Z,284.39,1.33,4.49,0.0,2026-09-25T03:00:00Z,nodd,nodd
2026-09-24,boston-ma,23,2026-09-25T03:00:00Z,283.51,1.76,4.42,0.0,2026-09-25T04:00:00Z,nodd,nodd
2026-09-24,riverside-ca,00,2026-09-24T07:00:00Z,294.44,1.17,1.84,0.0,2026-09-24T08:00:00Z,nodd,nodd
2026-09-24,riverside-ca,01,2026-09-24T08:00:00Z,293.69,0.53,2.28,0.0,2026-09-24T09:00:00Z,nodd,nodd
2026-09-24,riverside-ca,02,2026-09-24T09:00:00Z,293.24,0.12,2.34,0.0,2026-09-24T10:00:00Z,nodd,nodd
2026-09-24,riverside-ca,03,2026-09-24T10:00:00Z,292.64,0.0,0.96,0.0,2026-09-24T11:00:00Z,nodd,nodd
2026-09-24,riverside-ca,04,2026-09-24T11:00:00Z,292.38,0.0,0.76,0.0,2026-09-24T12:00:00Z,nodd,nodd
2026-09-24,riverside-ca,05,2026-09-24T12:00:00Z,292.09,0.02,0.71,0.0,2026-09-24T13:00:00Z,nodd,nodd
2026-09-24,riverside-ca,06,2026-09-24T13:00:00Z,291.65,0.0,0.79,0.0,2026-09-24T14:00:00Z,nodd,nodd
2026-09-24,riverside-ca,07,2026-09-24T14:00:00Z,291.58,0.0,0.35,0.0,2026-09-24T15:00:00Z,nodd,nodd
2026-09-24,riverside-ca,08,2026-09-24T15:00:00Z,292.71,0.72,1.45,0.0,2026-09-24T16:00:00Z,nodd,nodd
2026-09-24,riverside-ca,09,2026-09-24T16:00:00Z,293.78,0.37,1.19,0.0,2026-09-24T17:00:00Z,nodd,nodd
2026-09-24,riverside-ca,10,2026-09-24T17:00:00Z,295.74,0.35,2.05,0.0,2026-09-24T18:00:00Z,nodd,nodd
2026-09-24,riverside-ca,11,2026-09-24T18:00:00Z,298.7,0.64,1.84,0.0,2026-09-24T19:00:00Z,nodd,nodd
2026-09-24,riverside-ca,12,2026-09-24T19:00:00Z,300.72,3.56,7.32,0.0,2026-09-24T20:00:00Z,nodd,nodd
2026-09-24,riverside-ca,13,2026-09-24T20:00:00Z,303.13,3.83,8.0,0.0,2026-09-24T21:00:00Z,nodd,nodd
2026-09-24,riverside-ca,14,2026-09-24T21:00:00Z,304.61,3.72,7.78,0.0,2026-09-24T22:00:00Z,nodd,nodd
2026-09-24,riverside-ca,15,2026-09-24T22:00:00Z,305.06,5.36,8.01,0.0,2026-09-24T23:00:00Z,nodd,nodd
2026-09-24,riverside-ca,16,2026-09-24T23:00:00Z,304.41,5.11,8.91,0.0,2026-09-25T00:00:00Z,nodd,nodd
2026-09-24,riverside-ca,17,2026-09-25T00:00:00Z,303.02,4.95,7.2,0.0,2026-09-25T01:00:00Z,nodd,nodd
2026-09-24,riverside-ca,18,2026-09-25T01:00:00Z,300.82,4.64,8.42,0.0,2026-09-25T02:00:00Z,nodd,nodd
2026-09-24,riverside-ca,19,2026-09-25T02:00:00Z,298.64,3.13,7.58,0.0,2026-09-25T03:00:00Z,nodd,nodd
2026-09-24,riverside-ca,20,2026-09-25T03:00:00Z,297.16,1.71,4.58,0.0,2026-09-25T04:00:00Z,nodd,nodd
2026-09-24,riverside-ca,21,2026-09-25T04:00:00Z,296.45,0.33,3.26,0.0,2026-09-25T05:00:00Z,nodd,nodd
2026-09-24,riverside-ca,22,2026-09-25T05:00:00Z,295.76,1.24,2.65,0.0,2026-09-25T06:00:00Z,nodd,nodd
2026-09-24,riverside-ca,23,2026-09-25T06:00:00Z,295.32,0.22,2.91,0.0,2026-09-25T07:00:00Z,nodd,nodd
2026-09-24,san-francisco-ca,00,2026-09-24T07:00:00Z,289.77,1.82,1.82,0.0,2026-09-24T08:00:00Z,nodd,nodd
2026-09-24,san-francisco-ca,01,2026-09-24T08:00:00Z,289.92,1.94,1.94,0.0,2026-09-24T09:00:00Z,nodd,nodd
2026-09-24,san-francisco-ca,02,2026-09-24T09:00:00Z,289.92,1.47,1.47,0.0,2026-09-24T10:00:00Z,nodd,nodd
2026-09-24,san-francisco-ca,03,2026-09-24T10:00:00Z,289.3,1.26,1.26,0.0,2026-09-24T11:00:00Z,nodd,nodd
2026-09-24,san-francisco-ca,04,2026-09-24T11:00:00Z,288.47,1.09,1.14,0.0,2026-09-24T12:00:00Z,nodd,nodd
2026-09-24,san-francisco-ca,05,2026-09-24T12:00:00Z,289.01,1.72,1.72,0.0,2026-09-24T13:00:00Z,nodd,nodd
2026-09-24,san-francisco-ca,06,2026-09-24T13:00:00Z,288.23,2.41,2.47,0.0,2026-09-24T14:00:00Z,nodd,nodd
2026-09-24,san-francisco-ca,07,2026-09-24T14:00:00Z,287.9,1.98,2.16,0.0,2026-09-24T15:00:00Z,nodd,nodd
2026-09-24,san-francisco-ca,08,2026-09-24T15:00:00Z,288.3,2.16,2.45,0.0,2026-09-24T16:00:00Z,nodd,nodd
2026-09-24,san-francisco-ca,09,2026-09-24T16:00:00Z,291.0,1.36,2.04,0.0,2026-09-24T17:00:00Z,nodd,nodd
2026-09-24,san-francisco-ca,10,2026-09-24T17:00:00Z,293.62,1.89,2.12,0.0,2026-09-24T18:00:00Z,nodd,nodd
2026-09-24,san-francisco-ca,11,2026-09-24T18:00:00Z,295.72,1.37,3.43,0.0,2026-09-24T19:00:00Z,nodd,nodd
2026-09-24,san-francisco-ca,12,2026-09-24T19:00:00Z,297.11,1.43,2.73,0.0,2026-09-24T20:00:00Z,nodd,nodd
2026-09-24,san-francisco-ca,13,2026-09-24T20:00:00Z,296.7,3.42,5.02,0.0,2026-09-24T21:00:00Z,nodd,nodd
2026-09-24,san-francisco-ca,14,2026-09-24T21:00:00Z,296.65,4.26,5.65,0.0,2026-09-24T22:00:00Z,nodd,nodd
2026-09-24,san-francisco-ca,15,2026-09-24T22:00:00Z,295.42,5.6,7.87,0.0,2026-09-24T23:00:00Z,nodd,nodd
2026-09-24,san-francisco-ca,16,2026-09-24T23:00:00Z,293.89,6.24,9.02,0.0,2026-09-25T00:00:00Z,nodd,nodd
2026-09-24,san-francisco-ca,17,2026-09-25T00:00:00Z,293.23,6.12,9.46,0.0,2026-09-25T01:00:00Z,nodd,nodd
2026-09-24,san-francisco-ca,18,2026-09-25T01:00:00Z,291.48,6.56,10.78,0.0,2026-09-25T02:00:00Z,nodd,nodd
2026-09-24,san-francisco-ca,19,2026-09-25T02:00:00Z,290.44,6.62,9.91,0.0,2026-09-25T03:00:00Z,nodd,nodd
2026-09-24,san-francisco-ca,20,2026-09-25T03:00:00Z,290.37,3.93,9.24,0.0,2026-09-25T04:00:00Z,nodd,nodd
2026-09-24,san-francisco-ca,21,2026-09-25T04:00:00Z,290.12,3.59,8.61,0.0,2026-09-25T05:00:00Z,nodd,nodd
2026-09-24,san-francisco-ca,22,2026-09-25T05:00:00Z,289.93,3.31,8.19,0.0,2026-09-25T06:00:00Z,nodd,nodd
2026-09-24,san-francisco-ca,23,2026-09-25T06:00:00Z,290.04,4.67,9.0,0.0,2026-09-25T07:00:00Z,nodd,nodd
2026-09-24,detroit-mi,00,2026-09-24T04:00:00Z,287.6,3.48,8.52,0.0,2026-09-24T05:00:00Z,nodd,nodd
2026-09-24,detroit-mi,01,2026-09-24T05:00:00Z,286.88,3.08,4.84,0.0,2026-09-24T06:00:00Z,nodd,nodd
2026-09-24,detroit-mi,02,2026-09-24T06:00:00Z,286.44,3.33,7.01,0.0,2026-09-24T07:00:00Z,nodd,nodd
2026-09-24,detroit-mi,03,2026-09-24T07:00:00Z,286.29,2.79,7.49,0.0,2026-09-24T08:00:00Z,nodd,nodd
2026-09-24,detroit-mi,04,2026-09-24T08:00:00Z,286.18,2.91,6.11,0.0,2026-09-24T09:00:00Z,nodd,nodd
2026-09-24,detroit-mi,05,2026-09-24T09:00:00Z,285.41,2.54,5.79,0.0,2026-09-24T10:00:00Z,nodd,nodd
2026-09-24,detroit-mi,06,2026-09-24T10:00:00Z,285.08,2.71,6.43,0.0,2026-09-24T11:00:00Z,nodd,nodd
2026-09-24,detroit-mi,07,2026-09-24T11:00:00Z,285.12,2.73,6.57,0.0,2026-09-24T12:00:00Z,nodd,nodd
2026-09-24,detroit-mi,08,2026-09-24T12:00:00Z,285.17,2.41,6.77,0.0,2026-09-24T13:00:00Z,nodd,nodd
2026-09-24,detroit-mi,09,2026-09-24T13:00:00Z,288.12,2.66,5.09,0.0,2026-09-24T14:00:00Z,nodd,nodd
2026-09-24,detroit-mi,10,2026-09-24T14:00:00Z,289.93,3.81,6.65,0.0,2026-09-24T15:00:00Z,nodd,nodd
2026-09-24,detroit-mi,11,2026-09-24T15:00:00Z,290.46,4.85,8.16,0.0,2026-09-24T16:00:00Z,nodd,nodd
2026-09-24,detroit-mi,12,2026-09-24T16:00:00Z,291.8,6.52,9.63,0.0,2026-09-24T17:00:00Z,nodd,nodd
2026-09-24,detroit-mi,13,2026-09-24T17:00:00Z,292.57,5.7,9.13,0.0,2026-09-24T18:00:00Z,nodd,nodd
2026-09-24,detroit-mi,14,2026-09-24T18:00:00Z,292.97,5.49,8.56,0.0,2026-09-24T19:00:00Z,nodd,nodd
2026-09-24,detroit-mi,15,2026-09-24T19:00:00Z,293.37,6.36,8.08,0.0,2026-09-24T20:00:00Z,nodd,nodd
2026-09-24,detroit-mi,16,2026-09-24T20:00:00Z,293.31,5.28,9.52,0.0,2026-09-24T21:00:00Z,nodd,nodd
2026-09-24,detroit-mi,17,2026-09-24T21:00:00Z,292.8,5.64,10.01,0.0,2026-09-24T22:00:00Z,nodd,nodd
2026-09-24,detroit-mi,18,2026-09-24T22:00:00Z,292.36,4.57,4.57,0.0,2026-09-24T23:00:00Z,nodd,nodd
2026-09-24,detroit-mi,19,2026-09-24T23:00:00Z,291.0,3.84,4.35,0.0,2026-09-25T00:00:00Z,nodd,nodd
2026-09-24,detroit-mi,20,2026-09-25T00:00:00Z,288.4,1.76,6.01,0.0,2026-09-25T01:00:00Z,nodd,nodd
2026-09-24,detroit-mi,21,2026-09-25T01:00:00Z,286.77,1.95,1.95,0.0,2026-09-25T02:00:00Z,nodd,nodd
2026-09-24,detroit-mi,22,2026-09-25T02:00:00Z,286.02,2.59,2.59,0.0,2026-09-25T03:00:00Z,nodd,nodd
2026-09-24,detroit-mi,23,2026-09-25T03:00:00Z,285.48,2.84,5.32,0.0,2026-09-25T04:00:00Z,nodd,nodd
2026-09-24,seattle-wa,00,2026-09-24T07:00:00Z,285.62,1.95,2.53,0.0,2026-09-24T08:00:00Z,nodd,nodd
2026-09-24,seattle-wa,01,2026-09-24T08:00:00Z,285.58,1.54,1.91,0.0,2026-09-24T09:00:00Z,nodd,nodd
2026-09-24,seattle-wa,02,2026-09-24T09:00:00Z,285.17,1.78,2.51,0.0,2026-09-24T10:00:00Z,nodd,nodd
2026-09-24,seattle-wa,03,2026-09-24T10:00:00Z,285.01,1.44,2.12,0.0,2026-09-24T11:00:00Z,nodd,nodd
2026-09-24,seattle-wa,04,2026-09-24T11:00:00Z,285.2,1.54,3.61,0.0,2026-09-24T12:00:00Z,nodd,nodd
2026-09-24,seattle-wa,05,2026-09-24T12:00:00Z,284.65,1.89,2.15,0.0,2026-09-24T13:00:00Z,nodd,nodd
2026-09-24,seattle-wa,06,2026-09-24T13:00:00Z,284.43,1.46,1.67,0.0,2026-09-24T14:00:00Z,nodd,nodd
2026-09-24,seattle-wa,07,2026-09-24T14:00:00Z,284.31,1.76,3.66,0.0,2026-09-24T15:00:00Z,nodd,nodd
2026-09-24,seattle-wa,08,2026-09-24T15:00:00Z,284.62,1.63,3.38,0.0,2026-09-24T16:00:00Z,nodd,nodd
2026-09-24,seattle-wa,09,2026-09-24T16:00:00Z,285.98,2.54,4.98,0.0,2026-09-24T17:00:00Z,nodd,nodd
2026-09-24,seattle-wa,10,2026-09-24T17:00:00Z,286.8,2.17,3.34,0.0,2026-09-24T18:00:00Z,nodd,nodd
2026-09-24,seattle-wa,11,2026-09-24T18:00:00Z,287.24,2.09,3.87,0.0,2026-09-24T19:00:00Z,nodd,nodd
2026-09-24,seattle-wa,12,2026-09-24T19:00:00Z,287.48,2.96,5.06,0.0,2026-09-24T20:00:00Z,nodd,nodd
2026-09-24,seattle-wa,13,2026-09-24T20:00:00Z,287.69,3.35,5.13,0.0,2026-09-24T21:00:00Z,nodd,nodd
2026-09-24,seattle-wa,14,2026-09-24T21:00:00Z,287.12,3.1,4.98,0.0,2026-09-24T22:00:00Z,nodd,nodd
2026-09-24,seattle-wa,15,2026-09-24T22:00:00Z,288.19,3.84,4.95,0.0,2026-09-24T23:00:00Z,nodd,nodd
2026-09-24,seattle-wa,16,2026-09-24T23:00:00Z,287.53,4.05,6.58,0.0,2026-09-25T00:00:00Z,nodd,nodd
2026-09-24,seattle-wa,17,2026-09-25T00:00:00Z,287.25,3.49,5.06,0.0,2026-09-25T01:00:00Z,nodd,nodd
2026-09-24,seattle-wa,18,2026-09-25T01:00:00Z,287.0,3.15,4.5,0.0,2026-09-25T02:00:00Z,nodd,nodd
2026-09-24,seattle-wa,19,2026-09-25T02:00:00Z,287.05,2.27,2.27,0.0,2026-09-25T03:00:00Z,nodd,nodd
2026-09-24,seattle-wa,20,2026-09-25T03:00:00Z,286.82,1.83,2.04,1.0,2026-09-25T04:00:00Z,nodd,nodd
2026-09-24,seattle-wa,21,2026-09-25T04:00:00Z,286.48,1.66,1.91,2.59375,2026-09-25T05:00:00Z,nodd,nodd
2026-09-24,seattle-wa,22,2026-09-25T05:00:00Z,286.03,1.12,2.42,1.1875,2026-09-25T06:00:00Z,nodd,nodd
2026-09-24,seattle-wa,23,2026-09-25T06:00:00Z,286.08,1.38,1.38,1.53125,2026-09-25T07:00:00Z,nodd,nodd
2026-09-24,minneapolis-mn,00,2026-09-24T05:00:00Z,288.16,2.71,3.67,0.0,2026-09-24T06:00:00Z,nodd,nodd
2026-09-24,minneapolis-mn,01,2026-09-24T06:00:00Z,287.74,3.06,3.65,0.0,2026-09-24T07:00:00Z,nodd,nodd
2026-09-24,minneapolis-mn,02,2026-09-24T07:00:00Z,287.07,3.0,3.91,0.0,2026-09-24T08:00:00Z,nodd,nodd
2026-09-24,minneapolis-mn,03,2026-09-24T08:00:00Z,286.66,2.62,3.42,0.0,2026-09-24T09:00:00Z,nodd,nodd
2026-09-24,minneapolis-mn,04,2026-09-24T09:00:00Z,286.28,3.32,4.55,0.0,2026-09-24T10:00:00Z,nodd,nodd
2026-09-24,minneapolis-mn,05,2026-09-24T10:00:00Z,286.28,4.3,4.64,0.0,2026-09-24T11:00:00Z,nodd,nodd
2026-09-24,minneapolis-mn,06,2026-09-24T11:00:00Z,286.13,3.46,4.19,0.0,2026-09-24T12:00:00Z,nodd,nodd
2026-09-24,minneapolis-mn,07,2026-09-24T12:00:00Z,286.0,3.1,4.77,0.0,2026-09-24T13:00:00Z,nodd,nodd
2026-09-24,minneapolis-mn,08,2026-09-24T13:00:00Z,286.46,3.47,4.85,0.0,2026-09-24T14:00:00Z,nodd,nodd
2026-09-24,minneapolis-mn,09,2026-09-24T14:00:00Z,287.3,3.77,6.47,0.0,2026-09-24T15:00:00Z,nodd,nodd
2026-09-24,minneapolis-mn,10,2026-09-24T15:00:00Z,288.91,4.79,6.26,0.0,2026-09-24T16:00:00Z,nodd,nodd
2026-09-24,minneapolis-mn,11,2026-09-24T16:00:00Z,290.94,5.02,10.22,0.0,2026-09-24T17:00:00Z,nodd,nodd
2026-09-24,minneapolis-mn,12,2026-09-24T17:00:00Z,292.43,5.01,9.33,0.0,2026-09-24T18:00:00Z,nodd,nodd
2026-09-24,minneapolis-mn,13,2026-09-24T18:00:00Z,293.47,4.77,8.86,0.03125,2026-09-24T19:00:00Z,nodd,nodd
2026-09-24,minneapolis-mn,14,2026-09-24T19:00:00Z,292.74,4.68,6.06,0.03125,2026-09-24T20:00:00Z,nodd,nodd
2026-09-24,minneapolis-mn,15,2026-09-24T20:00:00Z,292.51,3.73,4.52,0.03125,2026-09-24T21:00:00Z,nodd,nodd
2026-09-24,minneapolis-mn,16,2026-09-24T21:00:00Z,292.03,3.69,4.43,0.328125,2026-09-24T22:00:00Z,nodd,nodd
2026-09-24,minneapolis-mn,17,2026-09-24T22:00:00Z,291.1,2.73,4.31,0.484375,2026-09-24T23:00:00Z,nodd,nodd
2026-09-24,minneapolis-mn,18,2026-09-24T23:00:00Z,289.9,2.41,4.83,0.0625,2026-09-25T00:00:00Z,nodd,nodd
2026-09-24,minneapolis-mn,19,2026-09-25T00:00:00Z,289.32,3.01,4.93,0.0,2026-09-25T01:00:00Z,nodd,nodd
2026-09-24,minneapolis-mn,20,2026-09-25T01:00:00Z,289.0,2.62,5.42,0.0,2026-09-25T02:00:00Z,nodd,nodd
2026-09-24,minneapolis-mn,21,2026-09-25T02:00:00Z,288.72,3.71,5.33,0.0,2026-09-25T03:00:00Z,nodd,nodd
2026-09-24,minneapolis-mn,22,2026-09-25T03:00:00Z,288.66,2.92,4.59,0.0,2026-09-25T04:00:00Z,nodd,nodd
2026-09-24,minneapolis-mn,23,2026-09-25T04:00:00Z,288.24,2.88,4.41,0.0,2026-09-25T05:00:00Z,nodd,nodd
2026-09-24,tampa-fl,00,2026-09-24T04:00:00Z,298.96,2.66,6.9,0.0,2026-09-24T05:00:00Z,nodd,nodd
2026-09-24,tampa-fl,01,2026-09-24T05:00:00Z,298.4,2.61,7.47,0.0,2026-09-24T06:00:00Z,nodd,nodd
2026-09-24,tampa-fl,02,2026-09-24T06:00:00Z,298.0,3.04,6.79,0.0,2026-09-24T07:00:00Z,nodd,nodd
2026-09-24,tampa-fl,03,2026-09-24T07:00:00Z,297.61,2.43,6.69,0.0,2026-09-24T08:00:00Z,nodd,nodd
2026-09-24,tampa-fl,04,2026-09-24T08:00:00Z,297.38,1.99,5.51,0.0,2026-09-24T09:00:00Z,nodd,nodd
2026-09-24,tampa-fl,05,2026-09-24T09:00:00Z,297.27,2.23,6.15,0.0,2026-09-24T10:00:00Z,nodd,nodd
2026-09-24,tampa-fl,06,2026-09-24T10:00:00Z,297.03,2.4,5.95,0.0,2026-09-24T11:00:00Z,nodd,nodd
2026-09-24,tampa-fl,07,2026-09-24T11:00:00Z,297.02,2.79,6.61,0.0,2026-09-24T12:00:00Z,nodd,nodd
2026-09-24,tampa-fl,08,2026-09-24T12:00:00Z,297.25,2.33,6.14,0.0,2026-09-24T13:00:00Z,nodd,nodd
2026-09-24,tampa-fl,09,2026-09-24T13:00:00Z,297.58,4.02,7.78,0.0,2026-09-24T14:00:00Z,nodd,nodd
2026-09-24,tampa-fl,10,2026-09-24T14:00:00Z,298.5,3.84,7.71,0.0,2026-09-24T15:00:00Z,nodd,nodd
2026-09-24,tampa-fl,11,2026-09-24T15:00:00Z,299.08,3.86,7.59,0.0,2026-09-24T16:00:00Z,nodd,nodd
2026-09-24,tampa-fl,12,2026-09-24T16:00:00Z,300.48,3.72,6.79,0.0,2026-09-24T17:00:00Z,nodd,nodd
2026-09-24,tampa-fl,13,2026-09-24T17:00:00Z,301.23,3.85,7.11,0.0,2026-09-24T18:00:00Z,nodd,nodd
2026-09-24,tampa-fl,14,2026-09-24T18:00:00Z,301.55,3.13,6.25,0.0,2026-09-24T19:00:00Z,nodd,nodd
2026-09-24,tampa-fl,15,2026-09-24T19:00:00Z,301.7,4.44,8.22,0.0,2026-09-24T20:00:00Z,nodd,nodd
2026-09-24,tampa-fl,16,2026-09-24T20:00:00Z,302.01,3.85,7.86,0.0,2026-09-24T21:00:00Z,nodd,nodd
2026-09-24,tampa-fl,17,2026-09-24T21:00:00Z,301.97,3.89,7.14,0.0,2026-09-24T22:00:00Z,nodd,nodd
2026-09-24,tampa-fl,18,2026-09-24T22:00:00Z,301.37,3.81,7.45,0.0,2026-09-24T23:00:00Z,nodd,nodd
2026-09-24,tampa-fl,19,2026-09-24T23:00:00Z,300.14,2.35,8.28,0.0,2026-09-25T00:00:00Z,nodd,nodd
2026-09-24,tampa-fl,20,2026-09-25T00:00:00Z,299.29,2.78,8.48,0.0,2026-09-25T01:00:00Z,nodd,nodd
2026-09-24,tampa-fl,21,2026-09-25T01:00:00Z,298.9,3.91,10.11,0.0,2026-09-25T02:00:00Z,nodd,nodd
2026-09-24,tampa-fl,22,2026-09-25T02:00:00Z,297.75,4.38,9.75,0.0,2026-09-25T03:00:00Z,nodd,nodd
2026-09-24,tampa-fl,23,2026-09-25T03:00:00Z,297.22,2.58,7.34,0.0,2026-09-25T04:00:00Z,nodd,nodd
2026-09-24,san-diego-ca,00,2026-09-24T07:00:00Z,293.36,0.8,1.2,0.0,2026-09-24T08:00:00Z,nodd,nodd
2026-09-24,san-diego-ca,01,2026-09-24T08:00:00Z,293.46,0.97,1.79,0.0,2026-09-24T09:00:00Z,nodd,nodd
2026-09-24,san-diego-ca,02,2026-09-24T09:00:00Z,293.65,0.75,1.99,0.0,2026-09-24T10:00:00Z,nodd,nodd
2026-09-24,san-diego-ca,03,2026-09-24T10:00:00Z,293.52,0.37,2.05,0.0,2026-09-24T11:00:00Z,nodd,nodd
2026-09-24,san-diego-ca,04,2026-09-24T11:00:00Z,293.48,0.89,2.16,0.0,2026-09-24T12:00:00Z,nodd,nodd
2026-09-24,san-diego-ca,05,2026-09-24T12:00:00Z,293.37,0.76,1.76,0.0,2026-09-24T13:00:00Z,nodd,nodd
2026-09-24,san-diego-ca,06,2026-09-24T13:00:00Z,293.37,0.78,1.91,0.0,2026-09-24T14:00:00Z,nodd,nodd
2026-09-24,san-diego-ca,07,2026-09-24T14:00:00Z,293.34,0.74,1.81,0.0,2026-09-24T15:00:00Z,nodd,nodd
2026-09-24,san-diego-ca,08,2026-09-24T15:00:00Z,293.66,0.8,1.68,0.0,2026-09-24T16:00:00Z,nodd,nodd
2026-09-24,san-diego-ca,09,2026-09-24T16:00:00Z,294.67,1.3,2.53,0.0,2026-09-24T17:00:00Z,nodd,nodd
2026-09-24,san-diego-ca,10,2026-09-24T17:00:00Z,296.03,1.61,3.11,0.0,2026-09-24T18:00:00Z,nodd,nodd
2026-09-24,san-diego-ca,11,2026-09-24T18:00:00Z,297.3,2.16,4.22,0.0,2026-09-24T19:00:00Z,nodd,nodd
2026-09-24,san-diego-ca,12,2026-09-24T19:00:00Z,297.81,2.83,4.82,0.0,2026-09-24T20:00:00Z,nodd,nodd
2026-09-24,san-diego-ca,13,2026-09-24T20:00:00Z,298.56,3.23,6.19,0.0,2026-09-24T21:00:00Z,nodd,nodd
2026-09-24,san-diego-ca,14,2026-09-24T21:00:00Z,298.31,4.05,7.52,0.0,2026-09-24T22:00:00Z,nodd,nodd
2026-09-24,san-diego-ca,15,2026-09-24T22:00:00Z,298.36,2.61,4.51,0.0,2026-09-24T23:00:00Z,nodd,nodd
2026-09-24,san-diego-ca,16,2026-09-24T23:00:00Z,297.86,3.6,6.0,0.0,2026-09-25T00:00:00Z,nodd,nodd
2026-09-24,san-diego-ca,17,2026-09-25T00:00:00Z,296.91,2.88,5.18,0.0,2026-09-25T01:00:00Z,nodd,nodd
2026-09-24,san-diego-ca,18,2026-09-25T01:00:00Z,296.41,2.44,3.92,0.0,2026-09-25T02:00:00Z,nodd,nodd
2026-09-24,san-diego-ca,19,2026-09-25T02:00:00Z,295.05,3.42,4.66,0.0,2026-09-25T03:00:00Z,nodd,nodd
2026-09-24,san-diego-ca,20,2026-09-25T03:00:00Z,294.46,2.85,5.36,0.0,2026-09-25T04:00:00Z,nodd,nodd
2026-09-24,san-diego-ca,21,2026-09-25T04:00:00Z,294.19,2.57,4.89,0.0,2026-09-25T05:00:00Z,nodd,nodd
2026-09-24,san-diego-ca,22,2026-09-25T05:00:00Z,294.15,2.06,4.18,0.0,2026-09-25T06:00:00Z,nodd,nodd
2026-09-24,san-diego-ca,23,2026-09-25T06:00:00Z,293.88,1.46,3.28,0.0,2026-09-25T07:00:00Z,nodd,nodd
2026-09-24,denver-co,00,2026-09-24T06:00:00Z,289.9,0.0,1.22,0.0,2026-09-24T07:00:00Z,nodd,nodd
2026-09-24,denver-co,01,2026-09-24T07:00:00Z,289.71,0.57,0.57,0.0,2026-09-24T08:00:00Z,nodd,nodd
2026-09-24,denver-co,02,2026-09-24T08:00:00Z,289.66,0.96,1.19,0.0,2026-09-24T09:00:00Z,nodd,nodd
2026-09-24,denver-co,03,2026-09-24T09:00:00Z,289.53,1.3,1.77,0.0,2026-09-24T10:00:00Z,nodd,nodd
2026-09-24,denver-co,04,2026-09-24T10:00:00Z,289.28,0.44,2.08,0.0,2026-09-24T11:00:00Z,nodd,nodd
2026-09-24,denver-co,05,2026-09-24T11:00:00Z,289.02,0.42,1.07,0.0,2026-09-24T12:00:00Z,nodd,nodd
2026-09-24,denver-co,06,2026-09-24T12:00:00Z,288.84,1.82,2.87,0.0,2026-09-24T13:00:00Z,nodd,nodd
2026-09-24,denver-co,07,2026-09-24T13:00:00Z,288.24,1.02,2.3,0.0,2026-09-24T14:00:00Z,nodd,nodd
2026-09-24,denver-co,08,2026-09-24T14:00:00Z,289.38,1.39,1.54,0.0,2026-09-24T15:00:00Z,nodd,nodd
2026-09-24,denver-co,09,2026-09-24T15:00:00Z,291.18,0.51,1.53,0.0,2026-09-24T16:00:00Z,nodd,nodd
2026-09-24,denver-co,10,2026-09-24T16:00:00Z,293.15,2.23,4.21,0.0,2026-09-24T17:00:00Z,nodd,nodd
2026-09-24,denver-co,11,2026-09-24T17:00:00Z,293.77,3.74,6.77,0.0,2026-09-24T18:00:00Z,nodd,nodd
2026-09-24,denver-co,12,2026-09-24T18:00:00Z,294.84,4.81,7.89,0.0,2026-09-24T19:00:00Z,nodd,nodd
2026-09-24,denver-co,13,2026-09-24T19:00:00Z,295.14,3.55,8.31,0.0,2026-09-24T20:00:00Z,nodd,nodd
2026-09-24,denver-co,14,2026-09-24T20:00:00Z,295.66,2.84,5.07,0.0,2026-09-24T21:00:00Z,nodd,nodd
2026-09-24,denver-co,15,2026-09-24T21:00:00Z,295.35,2.5,4.38,0.0,2026-09-24T22:00:00Z,nodd,nodd
2026-09-24,denver-co,16,2026-09-24T22:00:00Z,294.3,2.65,5.96,0.0,2026-09-24T23:00:00Z,nodd,nodd
2026-09-24,denver-co,17,2026-09-24T23:00:00Z,293.1,3.88,7.5,0.0,2026-09-25T00:00:00Z,nodd,nodd
2026-09-24,denver-co,18,2026-09-25T00:00:00Z,293.18,1.89,4.16,0.0,2026-09-25T01:00:00Z,nodd,nodd
2026-09-24,denver-co,19,2026-09-25T01:00:00Z,292.38,1.84,3.36,0.0,2026-09-25T02:00:00Z,nodd,nodd
2026-09-24,denver-co,20,2026-09-25T02:00:00Z,291.72,0.99,1.49,0.0,2026-09-25T03:00:00Z,nodd,nodd
2026-09-24,denver-co,21,2026-09-25T03:00:00Z,291.4,0.76,1.72,0.0,2026-09-25T04:00:00Z,nodd,nodd
2026-09-24,denver-co,22,2026-09-25T04:00:00Z,291.25,0.52,2.45,0.0,2026-09-25T05:00:00Z,nodd,nodd
2026-09-24,denver-co,23,2026-09-25T05:00:00Z,291.09,0.82,1.34,0.0,2026-09-25T06:00:00Z,nodd,nodd
2026-09-24,orlando-fl,00,2026-09-24T04:00:00Z,298.15,2.76,6.17,0.0,2026-09-24T05:00:00Z,nodd,nodd
2026-09-24,orlando-fl,01,2026-09-24T05:00:00Z,298.02,2.83,5.9,0.0,2026-09-24T06:00:00Z,nodd,nodd
2026-09-24,orlando-fl,02,2026-09-24T06:00:00Z,297.9,2.6,7.48,0.0,2026-09-24T07:00:00Z,nodd,nodd
2026-09-24,orlando-fl,03,2026-09-24T07:00:00Z,297.68,3.0,6.56,0.0,2026-09-24T08:00:00Z,nodd,nodd
2026-09-24,orlando-fl,04,2026-09-24T08:00:00Z,297.87,2.51,5.01,0.0,2026-09-24T09:00:00Z,nodd,nodd
2026-09-24,orlando-fl,05,2026-09-24T09:00:00Z,297.56,2.84,5.67,0.0,2026-09-24T10:00:00Z,nodd,nodd
2026-09-24,orlando-fl,06,2026-09-24T10:00:00Z,297.27,2.8,6.83,0.0,2026-09-24T11:00:00Z,nodd,nodd
2026-09-24,orlando-fl,07,2026-09-24T11:00:00Z,297.18,3.7,7.08,0.0,2026-09-24T12:00:00Z,nodd,nodd
2026-09-24,orlando-fl,08,2026-09-24T12:00:00Z,297.35,4.09,7.86,0.0,2026-09-24T13:00:00Z,nodd,nodd
2026-09-24,orlando-fl,09,2026-09-24T13:00:00Z,298.5,4.95,9.73,0.0,2026-09-24T14:00:00Z,nodd,nodd
2026-09-24,orlando-fl,10,2026-09-24T14:00:00Z,299.38,5.55,9.26,0.0,2026-09-24T15:00:00Z,nodd,nodd
2026-09-24,orlando-fl,11,2026-09-24T15:00:00Z,300.08,5.52,7.95,0.0,2026-09-24T16:00:00Z,nodd,nodd
2026-09-24,orlando-fl,12,2026-09-24T16:00:00Z,300.7,6.9,10.1,0.0,2026-09-24T17:00:00Z,nodd,nodd
2026-09-24,orlando-fl,13,2026-09-24T17:00:00Z,300.86,4.69,9.95,0.0,2026-09-24T18:00:00Z,nodd,nodd
2026-09-24,orlando-fl,14,2026-09-24T18:00:00Z,300.52,5.96,9.8,0.0,2026-09-24T19:00:00Z,nodd,nodd
2026-09-24,orlando-fl,15,2026-09-24T19:00:00Z,301.55,5.26,10.38,0.0,2026-09-24T20:00:00Z,nodd,nodd
2026-09-24,orlando-fl,16,2026-09-24T20:00:00Z,300.43,6.87,9.7,0.0625,2026-09-24T21:00:00Z,nodd,nodd
2026-09-24,orlando-fl,17,2026-09-24T21:00:00Z,298.56,5.69,10.08,0.234375,2026-09-24T22:00:00Z,nodd,nodd
2026-09-24,orlando-fl,18,2026-09-24T22:00:00Z,298.29,5.86,9.82,0.484375,2026-09-24T23:00:00Z,nodd,nodd
2026-09-24,orlando-fl,19,2026-09-24T23:00:00Z,297.31,5.12,9.2,0.0,2026-09-25T00:00:00Z,nodd,nodd
2026-09-24,orlando-fl,20,2026-09-25T00:00:00Z,297.06,4.37,9.48,0.0,2026-09-25T01:00:00Z,nodd,nodd
2026-09-24,orlando-fl,21,2026-09-25T01:00:00Z,297.17,4.59,10.12,0.0,2026-09-25T02:00:00Z,nodd,nodd
2026-09-24,orlando-fl,22,2026-09-25T02:00:00Z,296.62,4.99,9.06,0.0,2026-09-25T03:00:00Z,nodd,nodd
2026-09-24,orlando-fl,23,2026-09-25T03:00:00Z,296.41,4.62,9.4,0.0,2026-09-25T04:00:00Z,nodd,nodd
2026-09-24,charlotte-nc,00,2026-09-24T04:00:00Z,288.44,3.35,9.37,0.0,2026-09-24T05:00:00Z,nodd,nodd
2026-09-24,charlotte-nc,01,2026-09-24T05:00:00Z,288.41,5.45,10.81,0.0,2026-09-24T06:00:00Z,nodd,nodd
2026-09-24,charlotte-nc,02,2026-09-24T06:00:00Z,288.22,4.41,8.13,0.0,2026-09-24T07:00:00Z,nodd,nodd
2026-09-24,charlotte-nc,03,2026-09-24T07:00:00Z,288.24,4.05,9.02,0.0,2026-09-24T08:00:00Z,nodd,nodd
2026-09-24,charlotte-nc,04,2026-09-24T08:00:00Z,288.23,3.97,9.43,0.78125,2026-09-24T09:00:00Z,nodd,nodd
2026-09-24,charlotte-nc,05,2026-09-24T09:00:00Z,288.17,4.37,9.74,0.8125,2026-09-24T10:00:00Z,nodd,nodd
2026-09-24,charlotte-nc,06,2026-09-24T10:00:00Z,287.88,4.38,9.53,0.1875,2026-09-24T11:00:00Z,nodd,nodd
2026-09-24,charlotte-nc,07,2026-09-24T11:00:00Z,287.58,5.1,10.89,0.5625,2026-09-24T12:00:00Z,nodd,nodd
2026-09-24,charlotte-nc,08,2026-09-24T12:00:00Z,287.24,4.63,8.82,1.25,2026-09-24T13:00:00Z,nodd,nodd
2026-09-24,charlotte-nc,09,2026-09-24T13:00:00Z,287.23,4.74,9.23,0.34375,2026-09-24T14:00:00Z,nodd,nodd
2026-09-24,charlotte-nc,10,2026-09-24T14:00:00Z,287.03,5.07,11.28,0.625,2026-09-24T15:00:00Z,nodd,nodd
2026-09-24,charlotte-nc,11,2026-09-24T15:00:00Z,287.17,6.23,11.95,0.046875,2026-09-24T16:00:00Z,nodd,nodd
2026-09-24,charlotte-nc,12,2026-09-24T16:00:00Z,287.37,4.7,10.4,0.03125,2026-09-24T17:00:00Z,nodd,nodd
2026-09-24,charlotte-nc,13,2026-09-24T17:00:00Z,287.7,5.29,10.19,0.0,2026-09-24T18:00:00Z,nodd,nodd
2026-09-24,charlotte-nc,14,2026-09-24T18:00:00Z,288.18,5.28,10.15,0.0,2026-09-24T19:00:00Z,nodd,nodd
2026-09-24,charlotte-nc,15,2026-09-24T19:00:00Z,288.82,4.74,10.32,0.0,2026-09-24T20:00:00Z,nodd,nodd
2026-09-24,charlotte-nc,16,2026-09-24T20:00:00Z,289.07,5.63,10.06,0.0,2026-09-24T21:00:00Z,nodd,nodd
2026-09-24,charlotte-nc,17,2026-09-24T21:00:00Z,289.3,4.93,7.38,0.0,2026-09-24T22:00:00Z,nodd,nodd
2026-09-24,charlotte-nc,18,2026-09-24T22:00:00Z,288.85,3.8,9.5,0.0,2026-09-24T23:00:00Z,nodd,nodd
2026-09-24,charlotte-nc,19,2026-09-24T23:00:00Z,288.94,2.17,5.41,0.0,2026-09-25T00:00:00Z,nodd,nodd
2026-09-24,charlotte-nc,20,2026-09-25T00:00:00Z,288.67,1.4,2.7,0.0,2026-09-25T01:00:00Z,nodd,nodd
2026-09-24,charlotte-nc,21,2026-09-25T01:00:00Z,288.93,0.97,5.73,0.0,2026-09-25T02:00:00Z,nodd,nodd
2026-09-24,charlotte-nc,22,2026-09-25T02:00:00Z,288.65,3.91,8.89,0.0,2026-09-25T03:00:00Z,nodd,nodd
2026-09-24,charlotte-nc,23,2026-09-25T03:00:00Z,288.53,4.08,10.1,0.0,2026-09-25T04:00:00Z,nodd,nodd
2026-09-24,baltimore-md,00,2026-09-24T04:00:00Z,286.09,1.57,5.21,0.0,2026-09-24T05:00:00Z,nodd,nodd
2026-09-24,baltimore-md,01,2026-09-24T05:00:00Z,285.81,1.55,3.23,0.0,2026-09-24T06:00:00Z,nodd,nodd
2026-09-24,baltimore-md,02,2026-09-24T06:00:00Z,285.34,1.69,5.02,0.0,2026-09-24T07:00:00Z,nodd,nodd
2026-09-24,baltimore-md,03,2026-09-24T07:00:00Z,284.97,1.87,6.56,0.0,2026-09-24T08:00:00Z,nodd,nodd
2026-09-24,baltimore-md,04,2026-09-24T08:00:00Z,284.86,2.23,6.57,0.0,2026-09-24T09:00:00Z,nodd,nodd
2026-09-24,baltimore-md,05,2026-09-24T09:00:00Z,284.51,3.34,7.66,0.0,2026-09-24T10:00:00Z,nodd,nodd
2026-09-24,baltimore-md,06,2026-09-24T10:00:00Z,284.07,3.63,7.44,0.0,2026-09-24T11:00:00Z,nodd,nodd
2026-09-24,baltimore-md,07,2026-09-24T11:00:00Z,283.73,3.94,6.87,0.0,2026-09-24T12:00:00Z,nodd,nodd
2026-09-24,baltimore-md,08,2026-09-24T12:00:00Z,284.54,2.84,9.22,0.0,2026-09-24T13:00:00Z,nodd,nodd
2026-09-24,baltimore-md,09,2026-09-24T13:00:00Z,286.22,4.09,9.83,0.0,2026-09-24T14:00:00Z,nodd,nodd
2026-09-24,baltimore-md,10,2026-09-24T14:00:00Z,287.94,4.55,9.25,0.0,2026-09-24T15:00:00Z,nodd,nodd
2026-09-24,baltimore-md,11,2026-09-24T15:00:00Z,289.52,5.27,10.13,0.0,2026-09-24T16:00:00Z,nodd,nodd
2026-09-24,baltimore-md,12,2026-09-24T16:00:00Z,290.35,4.35,9.46,0.0,2026-09-24T17:00:00Z,nodd,nodd
2026-09-24,baltimore-md,13,2026-09-24T17:00:00Z,290.74,5.98,8.4,0.0,2026-09-24T18:00:00Z,nodd,nodd
2026-09-24,baltimore-md,14,2026-09-24T18:00:00Z,291.46,5.75,7.96,0.0,2026-09-24T19:00:00Z,nodd,nodd
2026-09-24,baltimore-md,15,2026-09-24T19:00:00Z,292.43,4.54,7.06,0.0,2026-09-24T20:00:00Z,nodd,nodd
2026-09-24,baltimore-md,16,2026-09-24T20:00:00Z,292.88,3.86,6.44,0.0,2026-09-24T21:00:00Z,nodd,nodd
2026-09-24,baltimore-md,17,2026-09-24T21:00:00Z,292.72,4.04,7.46,0.0,2026-09-24T22:00:00Z,nodd,nodd
2026-09-24,baltimore-md,18,2026-09-24T22:00:00Z,292.29,4.2,5.72,0.0,2026-09-24T23:00:00Z,nodd,nodd
2026-09-24,baltimore-md,19,2026-09-24T23:00:00Z,290.94,1.23,3.5,0.0,2026-09-25T00:00:00Z,nodd,nodd
2026-09-24,baltimore-md,20,2026-09-25T00:00:00Z,289.31,2.16,4.34,0.0,2026-09-25T01:00:00Z,nodd,nodd
2026-09-24,baltimore-md,21,2026-09-25T01:00:00Z,288.01,0.88,1.39,0.0,2026-09-25T02:00:00Z,nodd,nodd
2026-09-24,baltimore-md,22,2026-09-25T02:00:00Z,287.2,1.65,3.57,0.0,2026-09-25T03:00:00Z,nodd,nodd
2026-09-24,baltimore-md,23,2026-09-25T03:00:00Z,286.36,2.04,3.38,0.0,2026-09-25T04:00:00Z,nodd,nodd
2026-09-24,st-louis-mo,00,2026-09-24T05:00:00Z,291.6,2.55,3.45,0.0,2026-09-24T06:00:00Z,nodd,nodd
2026-09-24,st-louis-mo,01,2026-09-24T06:00:00Z,290.82,2.1,3.21,0.0,2026-09-24T07:00:00Z,nodd,nodd
2026-09-24,st-louis-mo,02,2026-09-24T07:00:00Z,290.64,2.28,4.37,0.0,2026-09-24T08:00:00Z,nodd,nodd
2026-09-24,st-louis-mo,03,2026-09-24T08:00:00Z,290.51,0.41,4.25,0.0,2026-09-24T09:00:00Z,nodd,nodd
2026-09-24,st-louis-mo,04,2026-09-24T09:00:00Z,290.46,1.34,3.71,0.0,2026-09-24T10:00:00Z,nodd,nodd
2026-09-24,st-louis-mo,05,2026-09-24T10:00:00Z,290.38,1.33,3.76,0.0,2026-09-24T11:00:00Z,nodd,nodd
2026-09-24,st-louis-mo,06,2026-09-24T11:00:00Z,290.22,2.02,4.1,0.0,2026-09-24T12:00:00Z,nodd,nodd
2026-09-24,st-louis-mo,07,2026-09-24T12:00:00Z,290.02,1.81,3.29,0.0,2026-09-24T13:00:00Z,nodd,nodd
2026-09-24,st-louis-mo,08,2026-09-24T13:00:00Z,290.0,2.32,4.0,0.0,2026-09-24T14:00:00Z,nodd,nodd
2026-09-24,st-louis-mo,09,2026-09-24T14:00:00Z,290.06,1.65,3.16,0.0,2026-09-24T15:00:00Z,nodd,nodd
2026-09-24,st-louis-mo,10,2026-09-24T15:00:00Z,290.63,2.98,3.89,0.0,2026-09-24T16:00:00Z,nodd,nodd
2026-09-24,st-louis-mo,11,2026-09-24T16:00:00Z,291.2,2.61,3.32,0.0,2026-09-24T17:00:00Z,nodd,nodd
2026-09-24,st-louis-mo,12,2026-09-24T17:00:00Z,292.0,0.93,2.46,0.0,2026-09-24T18:00:00Z,nodd,nodd
2026-09-24,st-louis-mo,13,2026-09-24T18:00:00Z,292.59,1.66,2.23,0.0,2026-09-24T19:00:00Z,nodd,nodd
2026-09-24,st-louis-mo,14,2026-09-24T19:00:00Z,293.31,1.68,2.69,0.0,2026-09-24T20:00:00Z,nodd,nodd
2026-09-24,st-louis-mo,15,2026-09-24T20:00:00Z,293.94,0.54,2.08,0.0,2026-09-24T21:00:00Z,nodd,nodd
2026-09-24,st-louis-mo,16,2026-09-24T21:00:00Z,294.18,1.02,2.45,0.0,2026-09-24T22:00:00Z,nodd,nodd
2026-09-24,st-louis-mo,17,2026-09-24T22:00:00Z,294.54,2.09,2.73,0.0,2026-09-24T23:00:00Z,nodd,nodd
2026-09-24,st-louis-mo,18,2026-09-24T23:00:00Z,294.39,1.24,2.99,0.0,2026-09-25T00:00:00Z,nodd,nodd
2026-09-24,st-louis-mo,19,2026-09-25T00:00:00Z,292.69,1.96,2.35,0.0,2026-09-25T01:00:00Z,nodd,nodd
2026-09-24,st-louis-mo,20,2026-09-25T01:00:00Z,290.86,0.97,2.79,0.0,2026-09-25T02:00:00Z,nodd,nodd
2026-09-24,st-louis-mo,21,2026-09-25T02:00:00Z,290.96,1.57,4.57,0.0,2026-09-25T03:00:00Z,nodd,nodd
2026-09-24,st-louis-mo,22,2026-09-25T03:00:00Z,290.52,1.14,3.93,0.0,2026-09-25T04:00:00Z,nodd,nodd
2026-09-24,st-louis-mo,23,2026-09-25T04:00:00Z,289.92,0.64,4.4,0.0,2026-09-25T05:00:00Z,nodd,nodd
2026-09-24,san-antonio-tx,00,2026-09-24T05:00:00Z,300.68,2.13,5.0,0.0,2026-09-24T06:00:00Z,nodd,nodd
2026-09-24,san-antonio-tx,01,2026-09-24T06:00:00Z,299.98,1.85,2.46,0.0,2026-09-24T07:00:00Z,nodd,nodd
2026-09-24,san-antonio-tx,02,2026-09-24T07:00:00Z,299.36,0.56,2.15,0.0,2026-09-24T08:00:00Z,nodd,nodd
2026-09-24,san-antonio-tx,03,2026-09-24T08:00:00Z,298.86,0.02,1.08,0.0,2026-09-24T09:00:00Z,nodd,nodd
2026-09-24,san-antonio-tx,04,2026-09-24T09:00:00Z,298.72,0.87,2.16,0.0,2026-09-24T10:00:00Z,nodd,nodd
2026-09-24,san-antonio-tx,05,2026-09-24T10:00:00Z,299.04,1.94,2.53,0.0,2026-09-24T11:00:00Z,nodd,nodd
2026-09-24,san-antonio-tx,06,2026-09-24T11:00:00Z,298.7,1.87,2.1,0.0,2026-09-24T12:00:00Z,nodd,nodd
2026-09-24,san-antonio-tx,07,2026-09-24T12:00:00Z,298.29,1.39,2.38,0.0,2026-09-24T13:00:00Z,nodd,nodd
2026-09-24,san-antonio-tx,08,2026-09-24T13:00:00Z,297.99,1.23,2.29,0.0,2026-09-24T14:00:00Z,nodd,nodd
2026-09-24,san-antonio-tx,09,2026-09-24T14:00:00Z,300.09,2.26,2.26,0.0,2026-09-24T15:00:00Z,nodd,nodd
2026-09-24,san-antonio-tx,10,2026-09-24T15:00:00Z,301.92,1.91,3.58,0.0,2026-09-24T16:00:00Z,nodd,nodd
2026-09-24,san-antonio-tx,11,2026-09-24T16:00:00Z,304.0,3.37,5.16,0.0,2026-09-24T17:00:00Z,nodd,nodd
2026-09-24,san-antonio-tx,12,2026-09-24T17:00:00Z,304.96,4.2,7.22,0.0,2026-09-24T18:00:00Z,nodd,nodd
2026-09-24,san-antonio-tx,13,2026-09-24T18:00:00Z,305.69,4.82,8.15,0.0,2026-09-24T19:00:00Z,nodd,nodd
2026-09-24,san-antonio-tx,14,2026-09-24T19:00:00Z,306.72,5.34,8.18,0.0,2026-09-24T20:00:00Z,nodd,nodd
2026-09-24,san-antonio-tx,15,2026-09-24T20:00:00Z,307.37,4.4,7.3,0.0,2026-09-24T21:00:00Z,nodd,nodd
2026-09-24,san-antonio-tx,16,2026-09-24T21:00:00Z,307.93,2.94,5.83,0.0,2026-09-24T22:00:00Z,nodd,nodd
2026-09-24,san-antonio-tx,17,2026-09-24T22:00:00Z,308.17,5.04,7.79,0.0,2026-09-24T23:00:00Z,nodd,nodd
2026-09-24,san-antonio-tx,18,2026-09-24T23:00:00Z,307.42,4.18,5.37,0.0,2026-09-25T00:00:00Z,nodd,nodd
2026-09-24,san-antonio-tx,19,2026-09-25T00:00:00Z,306.37,3.58,7.39,0.0,2026-09-25T01:00:00Z,nodd,nodd
2026-09-24,san-antonio-tx,20,2026-09-25T01:00:00Z,305.14,1.6,5.41,0.0,2026-09-25T02:00:00Z,nodd,nodd
2026-09-24,san-antonio-tx,21,2026-09-25T02:00:00Z,304.4,2.65,3.84,0.0,2026-09-25T03:00:00Z,nodd,nodd
2026-09-24,san-antonio-tx,22,2026-09-25T03:00:00Z,303.67,3.54,9.75,0.0,2026-09-25T04:00:00Z,nodd,nodd
2026-09-24,san-antonio-tx,23,2026-09-25T04:00:00Z,302.8,4.03,5.59,0.0,2026-09-25T05:00:00Z,nodd,nodd
2026-09-24,austin-tx,00,2026-09-24T05:00:00Z,300.76,0.3,1.23,0.0,2026-09-24T06:00:00Z,nodd,nodd
2026-09-24,austin-tx,01,2026-09-24T06:00:00Z,299.79,0.43,1.01,0.0,2026-09-24T07:00:00Z,nodd,nodd
2026-09-24,austin-tx,02,2026-09-24T07:00:00Z,299.04,0.14,0.54,0.0,2026-09-24T08:00:00Z,nodd,nodd
2026-09-24,austin-tx,03,2026-09-24T08:00:00Z,298.64,0.17,0.81,0.0,2026-09-24T09:00:00Z,nodd,nodd
2026-09-24,austin-tx,04,2026-09-24T09:00:00Z,298.1,0.02,0.61,0.0,2026-09-24T10:00:00Z,nodd,nodd
2026-09-24,austin-tx,05,2026-09-24T10:00:00Z,297.78,0.28,0.79,0.0,2026-09-24T11:00:00Z,nodd,nodd
2026-09-24,austin-tx,06,2026-09-24T11:00:00Z,297.38,0.04,0.9,0.0,2026-09-24T12:00:00Z,nodd,nodd
2026-09-24,austin-tx,07,2026-09-24T12:00:00Z,296.96,0.0,0.92,0.0,2026-09-24T13:00:00Z,nodd,nodd
2026-09-24,austin-tx,08,2026-09-24T13:00:00Z,296.98,0.0,0.46,0.0,2026-09-24T14:00:00Z,nodd,nodd
2026-09-24,austin-tx,09,2026-09-24T14:00:00Z,300.04,0.36,1.96,0.0,2026-09-24T15:00:00Z,nodd,nodd
2026-09-24,austin-tx,10,2026-09-24T15:00:00Z,302.53,1.66,2.83,0.0,2026-09-24T16:00:00Z,nodd,nodd
2026-09-24,austin-tx,11,2026-09-24T16:00:00Z,304.51,2.14,5.99,0.0,2026-09-24T17:00:00Z,nodd,nodd
2026-09-24,austin-tx,12,2026-09-24T17:00:00Z,305.46,3.14,7.86,0.0,2026-09-24T18:00:00Z,nodd,nodd
2026-09-24,austin-tx,13,2026-09-24T18:00:00Z,306.35,2.3,5.8,0.0,2026-09-24T19:00:00Z,nodd,nodd
2026-09-24,austin-tx,14,2026-09-24T19:00:00Z,307.15,2.56,5.76,0.0,2026-09-24T20:00:00Z,nodd,nodd
2026-09-24,austin-tx,15,2026-09-24T20:00:00Z,308.14,2.79,5.88,0.0,2026-09-24T21:00:00Z,nodd,nodd
2026-09-24,austin-tx,16,2026-09-24T21:00:00Z,308.84,3.49,5.48,0.0,2026-09-24T22:00:00Z,nodd,nodd
2026-09-24,austin-tx,17,2026-09-24T22:00:00Z,308.79,1.76,4.92,0.0,2026-09-24T23:00:00Z,nodd,nodd
2026-09-24,austin-tx,18,2026-09-24T23:00:00Z,308.37,1.89,4.58,0.0,2026-09-25T00:00:00Z,nodd,nodd
2026-09-24,austin-tx,19,2026-09-25T00:00:00Z,307.66,3.12,6.44,0.0,2026-09-25T01:00:00Z,nodd,nodd
2026-09-24,austin-tx,20,2026-09-25T01:00:00Z,305.91,1.21,4.35,0.0,2026-09-25T02:00:00Z,nodd,nodd
2026-09-24,austin-tx,21,2026-09-25T02:00:00Z,305.12,3.01,6.31,0.0,2026-09-25T03:00:00Z,nodd,nodd
2026-09-24,austin-tx,22,2026-09-25T03:00:00Z,304.37,1.79,4.83,0.0,2026-09-25T04:00:00Z,nodd,nodd
2026-09-24,austin-tx,23,2026-09-25T04:00:00Z,304.23,3.03,5.49,0.0,2026-09-25T05:00:00Z,nodd,nodd
2026-09-24,portland-or,00,2026-09-24T07:00:00Z,286.6,1.81,2.1,0.0,2026-09-24T08:00:00Z,nodd,nodd
2026-09-24,portland-or,01,2026-09-24T08:00:00Z,286.13,1.05,2.14,0.0,2026-09-24T09:00:00Z,nodd,nodd
2026-09-24,portland-or,02,2026-09-24T09:00:00Z,285.06,1.22,1.74,0.0,2026-09-24T10:00:00Z,nodd,nodd
2026-09-24,portland-or,03,2026-09-24T10:00:00Z,284.27,1.3,1.79,0.0,2026-09-24T11:00:00Z,nodd,nodd
2026-09-24,portland-or,04,2026-09-24T11:00:00Z,283.85,1.21,2.09,0.0,2026-09-24T12:00:00Z,nodd,nodd
2026-09-24,portland-or,05,2026-09-24T12:00:00Z,283.92,1.07,2.39,0.0,2026-09-24T13:00:00Z,nodd,nodd
2026-09-24,portland-or,06,2026-09-24T13:00:00Z,283.59,0.9,1.74,0.0,2026-09-24T14:00:00Z,nodd,nodd
2026-09-24,portland-or,07,2026-09-24T14:00:00Z,283.38,0.55,1.52,0.0,2026-09-24T15:00:00Z,nodd,nodd
2026-09-24,portland-or,08,2026-09-24T15:00:00Z,283.83,0.97,2.77,0.0,2026-09-24T16:00:00Z,nodd,nodd
2026-09-24,portland-or,09,2026-09-24T16:00:00Z,285.38,1.14,2.28,0.0,2026-09-24T17:00:00Z,nodd,nodd
2026-09-24,portland-or,10,2026-09-24T17:00:00Z,286.65,1.08,2.31,0.0,2026-09-24T18:00:00Z,nodd,nodd
2026-09-24,portland-or,11,2026-09-24T18:00:00Z,288.66,0.0,2.94,0.0,2026-09-24T19:00:00Z,nodd,nodd
2026-09-24,portland-or,12,2026-09-24T19:00:00Z,289.78,0.28,2.96,0.0,2026-09-24T20:00:00Z,nodd,nodd
2026-09-24,portland-or,13,2026-09-24T20:00:00Z,292.31,0.65,7.32,0.0,2026-09-24T21:00:00Z,nodd,nodd
2026-09-24,portland-or,14,2026-09-24T21:00:00Z,294.31,2.39,8.59,0.0,2026-09-24T22:00:00Z,nodd,nodd
2026-09-24,portland-or,15,2026-09-24T22:00:00Z,295.3,0.79,2.4,0.0,2026-09-24T23:00:00Z,nodd,nodd
2026-09-24,portland-or,16,2026-09-24T23:00:00Z,295.45,2.89,7.23,0.0,2026-09-25T00:00:00Z,nodd,nodd
2026-09-24,portland-or,17,2026-09-25T00:00:00Z,294.4,1.93,7.15,0.0,2026-09-25T01:00:00Z,nodd,nodd
2026-09-24,portland-or,18,2026-09-25T01:00:00Z,293.93,0.86,2.98,0.0,2026-09-25T02:00:00Z,nodd,nodd
2026-09-24,portland-or,19,2026-09-25T02:00:00Z,292.89,0.8,0.8,0.109375,2026-09-25T03:00:00Z,nodd,nodd
2026-09-24,portland-or,20,2026-09-25T03:00:00Z,292.09,0.51,1.62,0.6875,2026-09-25T04:00:00Z,nodd,nodd
2026-09-24,portland-or,21,2026-09-25T04:00:00Z,290.66,2.52,9.25,5.625,2026-09-25T05:00:00Z,nodd,nodd
2026-09-24,portland-or,22,2026-09-25T05:00:00Z,288.12,3.55,7.54,1.40625,2026-09-25T06:00:00Z,nodd,nodd
2026-09-24,portland-or,23,2026-09-25T06:00:00Z,288.08,2.69,6.57,2.0625,2026-09-25T07:00:00Z,nodd,nodd
2026-09-24,sacramento-ca,00,2026-09-24T07:00:00Z,292.07,0.6,1.91,0.0,2026-09-24T08:00:00Z,nodd,nodd
2026-09-24,sacramento-ca,01,2026-09-24T08:00:00Z,292.17,0.43,0.43,0.0,2026-09-24T09:00:00Z,nodd,nodd
2026-09-24,sacramento-ca,02,2026-09-24T09:00:00Z,290.81,0.92,1.13,0.0,2026-09-24T10:00:00Z,nodd,nodd
2026-09-24,sacramento-ca,03,2026-09-24T10:00:00Z,290.07,0.06,1.08,0.0,2026-09-24T11:00:00Z,nodd,nodd
2026-09-24,sacramento-ca,04,2026-09-24T11:00:00Z,288.91,0.6,2.07,0.0,2026-09-24T12:00:00Z,nodd,nodd
2026-09-24,sacramento-ca,05,2026-09-24T12:00:00Z,288.59,0.45,2.05,0.0,2026-09-24T13:00:00Z,nodd,nodd
2026-09-24,sacramento-ca,06,2026-09-24T13:00:00Z,288.04,0.0,0.74,0.0,2026-09-24T14:00:00Z,nodd,nodd
2026-09-24,sacramento-ca,07,2026-09-24T14:00:00Z,288.08,0.34,1.67,0.0,2026-09-24T15:00:00Z,nodd,nodd
2026-09-24,sacramento-ca,08,2026-09-24T15:00:00Z,289.38,0.0,0.76,0.0,2026-09-24T16:00:00Z,nodd,nodd
2026-09-24,sacramento-ca,09,2026-09-24T16:00:00Z,293.07,0.34,0.9,0.0,2026-09-24T17:00:00Z,nodd,nodd
2026-09-24,sacramento-ca,10,2026-09-24T17:00:00Z,296.37,0.0,0.47,0.0,2026-09-24T18:00:00Z,nodd,nodd
2026-09-24,sacramento-ca,11,2026-09-24T18:00:00Z,299.93,1.0,1.56,0.0,2026-09-24T19:00:00Z,nodd,nodd
2026-09-24,sacramento-ca,12,2026-09-24T19:00:00Z,302.65,1.46,2.16,0.0,2026-09-24T20:00:00Z,nodd,nodd
2026-09-24,sacramento-ca,13,2026-09-24T20:00:00Z,304.83,1.05,2.76,0.0,2026-09-24T21:00:00Z,nodd,nodd
2026-09-24,sacramento-ca,14,2026-09-24T21:00:00Z,306.46,0.56,3.45,0.0,2026-09-24T22:00:00Z,nodd,nodd
2026-09-24,sacramento-ca,15,2026-09-24T22:00:00Z,307.14,2.49,5.65,0.0,2026-09-24T23:00:00Z,nodd,nodd
2026-09-24,sacramento-ca,16,2026-09-24T23:00:00Z,307.42,2.88,5.3,0.0,2026-09-25T00:00:00Z,nodd,nodd
2026-09-24,sacramento-ca,17,2026-09-25T00:00:00Z,306.85,3.25,5.64,0.0,2026-09-25T01:00:00Z,nodd,nodd
2026-09-24,sacramento-ca,18,2026-09-25T01:00:00Z,305.45,3.2,5.09,0.0,2026-09-25T02:00:00Z,nodd,nodd
2026-09-24,sacramento-ca,19,2026-09-25T02:00:00Z,301.84,3.22,8.48,0.0,2026-09-25T03:00:00Z,nodd,nodd
2026-09-24,sacramento-ca,20,2026-09-25T03:00:00Z,298.76,3.46,6.39,0.0,2026-09-25T04:00:00Z,nodd,nodd
2026-09-24,sacramento-ca,21,2026-09-25T04:00:00Z,296.08,2.68,6.35,0.0,2026-09-25T05:00:00Z,nodd,nodd
2026-09-24,sacramento-ca,22,2026-09-25T05:00:00Z,294.63,2.93,5.59,0.0,2026-09-25T06:00:00Z,nodd,nodd
2026-09-24,sacramento-ca,23,2026-09-25T06:00:00Z,293.34,3.11,5.42,0.0,2026-09-25T07:00:00Z,nodd,nodd
2026-09-24,pittsburgh-pa,00,2026-09-24T04:00:00Z,287.01,3.62,5.28,0.0,2026-09-24T05:00:00Z,nodd,nodd
2026-09-24,pittsburgh-pa,01,2026-09-24T05:00:00Z,286.25,3.09,5.08,0.0,2026-09-24T06:00:00Z,nodd,nodd
2026-09-24,pittsburgh-pa,02,2026-09-24T06:00:00Z,285.32,3.15,6.85,0.0,2026-09-24T07:00:00Z,nodd,nodd
2026-09-24,pittsburgh-pa,03,2026-09-24T07:00:00Z,284.65,2.66,4.51,0.0,2026-09-24T08:00:00Z,nodd,nodd
2026-09-24,pittsburgh-pa,04,2026-09-24T08:00:00Z,284.09,2.25,4.19,0.0,2026-09-24T09:00:00Z,nodd,nodd
2026-09-24,pittsburgh-pa,05,2026-09-24T09:00:00Z,283.54,2.18,4.44,0.0,2026-09-24T10:00:00Z,nodd,nodd
2026-09-24,pittsburgh-pa,06,2026-09-24T10:00:00Z,283.35,1.87,4.11,0.0,2026-09-24T11:00:00Z,nodd,nodd
2026-09-24,pittsburgh-pa,07,2026-09-24T11:00:00Z,282.98,2.6,5.08,0.0,2026-09-24T12:00:00Z,nodd,nodd
2026-09-24,pittsburgh-pa,08,2026-09-24T12:00:00Z,283.18,1.92,6.98,0.0,2026-09-24T13:00:00Z,nodd,nodd
2026-09-24,pittsburgh-pa,09,2026-09-24T13:00:00Z,285.16,4.87,6.97,0.0,2026-09-24T14:00:00Z,nodd,nodd
2026-09-24,pittsburgh-pa,10,2026-09-24T14:00:00Z,286.89,4.0,6.18,0.0,2026-09-24T15:00:00Z,nodd,nodd
2026-09-24,pittsburgh-pa,11,2026-09-24T15:00:00Z,288.5,4.68,5.39,0.0,2026-09-24T16:00:00Z,nodd,nodd
2026-09-24,pittsburgh-pa,12,2026-09-24T16:00:00Z,289.72,3.78,6.59,0.0,2026-09-24T17:00:00Z,nodd,nodd
2026-09-24,pittsburgh-pa,13,2026-09-24T17:00:00Z,291.1,3.18,7.99,0.0,2026-09-24T18:00:00Z,nodd,nodd
2026-09-24,pittsburgh-pa,14,2026-09-24T18:00:00Z,292.17,5.99,6.98,0.0,2026-09-24T19:00:00Z,nodd,nodd
2026-09-24,pittsburgh-pa,15,2026-09-24T19:00:00Z,293.28,3.42,7.51,0.0,2026-09-24T20:00:00Z,nodd,nodd
2026-09-24,pittsburgh-pa,16,2026-09-24T20:00:00Z,293.76,5.11,5.7,0.0,2026-09-24T21:00:00Z,nodd,nodd
2026-09-24,pittsburgh-pa,17,2026-09-24T21:00:00Z,293.73,3.97,5.57,0.0,2026-09-24T22:00:00Z,nodd,nodd
2026-09-24,pittsburgh-pa,18,2026-09-24T22:00:00Z,292.69,2.7,5.38,0.0,2026-09-24T23:00:00Z,nodd,nodd
2026-09-24,pittsburgh-pa,19,2026-09-24T23:00:00Z,290.06,2.92,4.05,0.0,2026-09-25T00:00:00Z,nodd,nodd
2026-09-24,pittsburgh-pa,20,2026-09-25T00:00:00Z,287.28,2.35,4.56,0.0,2026-09-25T01:00:00Z,nodd,nodd
2026-09-24,pittsburgh-pa,21,2026-09-25T01:00:00Z,285.53,1.12,4.54,0.0,2026-09-25T02:00:00Z,nodd,nodd
2026-09-24,pittsburgh-pa,22,2026-09-25T02:00:00Z,284.52,0.06,1.82,0.0,2026-09-25T03:00:00Z,nodd,nodd
2026-09-24,pittsburgh-pa,23,2026-09-25T03:00:00Z,283.36,0.5,2.16,0.0,2026-09-25T04:00:00Z,nodd,nodd
2026-09-24,las-vegas-nv,00,2026-09-24T07:00:00Z,299.09,2.44,2.71,0.0,2026-09-24T08:00:00Z,nodd,nodd
2026-09-24,las-vegas-nv,01,2026-09-24T08:00:00Z,297.88,1.71,1.83,0.0,2026-09-24T09:00:00Z,nodd,nodd
2026-09-24,las-vegas-nv,02,2026-09-24T09:00:00Z,297.24,2.25,2.39,0.0,2026-09-24T10:00:00Z,nodd,nodd
2026-09-24,las-vegas-nv,03,2026-09-24T10:00:00Z,296.57,2.17,2.26,0.0,2026-09-24T11:00:00Z,nodd,nodd
2026-09-24,las-vegas-nv,04,2026-09-24T11:00:00Z,295.95,2.4,2.65,0.0,2026-09-24T12:00:00Z,nodd,nodd
2026-09-24,las-vegas-nv,05,2026-09-24T12:00:00Z,295.62,2.37,3.38,0.0,2026-09-24T13:00:00Z,nodd,nodd
2026-09-24,las-vegas-nv,06,2026-09-24T13:00:00Z,294.93,1.21,2.36,0.0,2026-09-24T14:00:00Z,nodd,nodd
2026-09-24,las-vegas-nv,07,2026-09-24T14:00:00Z,294.41,0.19,1.21,0.0,2026-09-24T15:00:00Z,nodd,nodd
2026-09-24,las-vegas-nv,08,2026-09-24T15:00:00Z,296.86,1.78,1.78,0.0,2026-09-24T16:00:00Z,nodd,nodd
2026-09-24,las-vegas-nv,09,2026-09-24T16:00:00Z,300.51,1.93,1.93,0.0,2026-09-24T17:00:00Z,nodd,nodd
2026-09-24,las-vegas-nv,10,2026-09-24T17:00:00Z,303.03,2.39,3.41,0.0,2026-09-24T18:00:00Z,nodd,nodd
2026-09-24,las-vegas-nv,11,2026-09-24T18:00:00Z,304.6,1.59,2.42,0.0,2026-09-24T19:00:00Z,nodd,nodd
2026-09-24,las-vegas-nv,12,2026-09-24T19:00:00Z,305.81,2.6,3.66,0.0,2026-09-24T20:00:00Z,nodd,nodd
2026-09-24,las-vegas-nv,13,2026-09-24T20:00:00Z,306.61,1.67,3.11,0.0,2026-09-24T21:00:00Z,nodd,nodd
2026-09-24,las-vegas-nv,14,2026-09-24T21:00:00Z,307.17,3.28,6.19,0.0,2026-09-24T22:00:00Z,nodd,nodd
2026-09-24,las-vegas-nv,15,2026-09-24T22:00:00Z,308.05,1.56,5.46,0.0,2026-09-24T23:00:00Z,nodd,nodd
2026-09-24,las-vegas-nv,16,2026-09-24T23:00:00Z,308.32,0.65,4.64,0.0,2026-09-25T00:00:00Z,nodd,nodd
2026-09-24,las-vegas-nv,17,2026-09-25T00:00:00Z,307.71,2.48,7.06,0.0,2026-09-25T01:00:00Z,nodd,nodd
2026-09-24,las-vegas-nv,18,2026-09-25T01:00:00Z,306.23,7.51,10.26,0.0,2026-09-25T02:00:00Z,nodd,nodd
2026-09-24,las-vegas-nv,19,2026-09-25T02:00:00Z,305.5,3.24,6.03,0.0,2026-09-25T03:00:00Z,nodd,nodd
2026-09-24,las-vegas-nv,20,2026-09-25T03:00:00Z,304.78,2.6,7.2,0.0,2026-09-25T04:00:00Z,nodd,nodd
2026-09-24,las-vegas-nv,21,2026-09-25T04:00:00Z,303.51,1.34,5.29,0.0,2026-09-25T05:00:00Z,nodd,nodd
2026-09-24,las-vegas-nv,22,2026-09-25T05:00:00Z,302.08,1.22,1.25,0.0,2026-09-25T06:00:00Z,nodd,nodd
2026-09-24,las-vegas-nv,23,2026-09-25T06:00:00Z,301.63,2.32,3.49,0.0,2026-09-25T07:00:00Z,nodd,nodd
2026-09-24,cincinnati-oh,00,2026-09-24T04:00:00Z,290.88,1.83,4.85,0.0,2026-09-24T05:00:00Z,nodd,nodd
2026-09-24,cincinnati-oh,01,2026-09-24T05:00:00Z,290.75,0.76,5.43,0.0,2026-09-24T06:00:00Z,nodd,nodd
2026-09-24,cincinnati-oh,02,2026-09-24T06:00:00Z,290.84,2.72,5.7,0.0,2026-09-24T07:00:00Z,nodd,nodd
2026-09-24,cincinnati-oh,03,2026-09-24T07:00:00Z,290.76,1.8,5.05,0.0,2026-09-24T08:00:00Z,nodd,nodd
2026-09-24,cincinnati-oh,04,2026-09-24T08:00:00Z,290.66,1.84,5.39,0.0,2026-09-24T09:00:00Z,nodd,nodd
2026-09-24,cincinnati-oh,05,2026-09-24T09:00:00Z,290.6,2.1,5.7,0.0,2026-09-24T10:00:00Z,nodd,nodd
2026-09-24,cincinnati-oh,06,2026-09-24T10:00:00Z,290.33,1.31,5.47,0.0,2026-09-24T11:00:00Z,nodd,nodd
2026-09-24,cincinnati-oh,07,2026-09-24T11:00:00Z,290.09,1.89,4.74,0.0,2026-09-24T12:00:00Z,nodd,nodd
2026-09-24,cincinnati-oh,08,2026-09-24T12:00:00Z,290.2,2.41,5.03,0.0,2026-09-24T13:00:00Z,nodd,nodd
2026-09-24,cincinnati-oh,09,2026-09-24T13:00:00Z,290.38,2.61,4.05,0.0,2026-09-24T14:00:00Z,nodd,nodd
2026-09-24,cincinnati-oh,10,2026-09-24T14:00:00Z,290.69,2.19,5.28,0.0,2026-09-24T15:00:00Z,nodd,nodd
2026-09-24,cincinnati-oh,11,2026-09-24T15:00:00Z,290.91,1.97,4.28,0.0,2026-09-24T16:00:00Z,nodd,nodd
2026-09-24,cincinnati-oh,12,2026-09-24T16:00:00Z,291.53,2.86,4.57,0.0,2026-09-24T17:00:00Z,nodd,nodd
2026-09-24,cincinnati-oh,13,2026-09-24T17:00:00Z,292.49,2.83,4.63,0.0,2026-09-24T18:00:00Z,nodd,nodd
2026-09-24,cincinnati-oh,14,2026-09-24T18:00:00Z,292.75,3.25,4.92,0.0,2026-09-24T19:00:00Z,nodd,nodd
2026-09-24,cincinnati-oh,15,2026-09-24T19:00:00Z,292.43,3.95,5.73,0.0,2026-09-24T20:00:00Z,nodd,nodd
2026-09-24,cincinnati-oh,16,2026-09-24T20:00:00Z,293.15,3.67,6.1,0.0,2026-09-24T21:00:00Z,nodd,nodd
2026-09-24,cincinnati-oh,17,2026-09-24T21:00:00Z,292.77,4.11,7.25,0.0,2026-09-24T22:00:00Z,nodd,nodd
2026-09-24,cincinnati-oh,18,2026-09-24T22:00:00Z,292.04,3.39,5.35,0.0,2026-09-24T23:00:00Z,nodd,nodd
2026-09-24,cincinnati-oh,19,2026-09-24T23:00:00Z,290.97,2.56,4.81,0.0,2026-09-25T00:00:00Z,nodd,nodd
2026-09-24,cincinnati-oh,20,2026-09-25T00:00:00Z,290.58,2.38,4.11,0.0,2026-09-25T01:00:00Z,nodd,nodd
2026-09-24,cincinnati-oh,21,2026-09-25T01:00:00Z,289.44,1.14,1.39,0.0,2026-09-25T02:00:00Z,nodd,nodd
2026-09-24,cincinnati-oh,22,2026-09-25T02:00:00Z,288.7,0.0,1.61,0.0,2026-09-25T03:00:00Z,nodd,nodd
2026-09-24,cincinnati-oh,23,2026-09-25T03:00:00Z,287.55,0.26,1.57,0.0,2026-09-25T04:00:00Z,nodd,nodd
2026-09-24,kansas-city-mo,00,2026-09-24T05:00:00Z,290.41,2.03,3.85,0.0,2026-09-24T06:00:00Z,nodd,nodd
2026-09-24,kansas-city-mo,01,2026-09-24T06:00:00Z,289.94,2.38,2.91,0.0,2026-09-24T07:00:00Z,nodd,nodd
2026-09-24,kansas-city-mo,02,2026-09-24T07:00:00Z,289.36,2.51,3.37,0.0,2026-09-24T08:00:00Z,nodd,nodd
2026-09-24,kansas-city-mo,03,2026-09-24T08:00:00Z,289.19,2.42,3.23,0.0,2026-09-24T09:00:00Z,nodd,nodd
2026-09-24,kansas-city-mo,04,2026-09-24T09:00:00Z,288.5,1.5,3.02,0.0,2026-09-24T10:00:00Z,nodd,nodd
2026-09-24,kansas-city-mo,05,2026-09-24T10:00:00Z,288.24,2.21,2.8,0.0,2026-09-24T11:00:00Z,nodd,nodd
2026-09-24,kansas-city-mo,06,2026-09-24T11:00:00Z,287.75,1.62,2.39,0.0,2026-09-24T12:00:00Z,nodd,nodd
2026-09-24,kansas-city-mo,07,2026-09-24T12:00:00Z,287.47,0.63,1.85,0.0,2026-09-24T13:00:00Z,nodd,nodd
2026-09-24,kansas-city-mo,08,2026-09-24T13:00:00Z,288.06,1.74,1.74,0.0,2026-09-24T14:00:00Z,nodd,nodd
2026-09-24,kansas-city-mo,09,2026-09-24T14:00:00Z,289.78,1.91,4.36,0.0,2026-09-24T15:00:00Z,nodd,nodd
2026-09-24,kansas-city-mo,10,2026-09-24T15:00:00Z,291.89,1.98,4.3,0.0,2026-09-24T16:00:00Z,nodd,nodd
2026-09-24,kansas-city-mo,11,2026-09-24T16:00:00Z,293.27,2.42,3.25,0.0,2026-09-24T17:00:00Z,nodd,nodd
2026-09-24,kansas-city-mo,12,2026-09-24T17:00:00Z,294.89,1.33,3.1,0.0,2026-09-24T18:00:00Z,nodd,nodd
2026-09-24,kansas-city-mo,13,2026-09-24T18:00:00Z,295.7,2.49,2.49,0.0,2026-09-24T19:00:00Z,nodd,nodd
2026-09-24,kansas-city-mo,14,2026-09-24T19:00:00Z,296.34,2.44,3.42,0.0,2026-09-24T20:00:00Z,nodd,nodd
2026-09-24,kansas-city-mo,15,2026-09-24T20:00:00Z,296.95,3.38,4.23,0.0,2026-09-24T21:00:00Z,nodd,nodd
2026-09-24,kansas-city-mo,16,2026-09-24T21:00:00Z,296.91,3.4,4.17,0.0,2026-09-24T22:00:00Z,nodd,nodd
2026-09-24,kansas-city-mo,17,2026-09-24T22:00:00Z,296.56,3.38,4.72,0.0,2026-09-24T23:00:00Z,nodd,nodd
2026-09-24,kansas-city-mo,18,2026-09-24T23:00:00Z,296.16,3.65,5.45,0.0,2026-09-25T00:00:00Z,nodd,nodd
2026-09-24,kansas-city-mo,19,2026-09-25T00:00:00Z,294.72,4.52,9.04,0.0,2026-09-25T01:00:00Z,nodd,nodd
2026-09-24,kansas-city-mo,20,2026-09-25T01:00:00Z,293.24,4.55,9.52,0.0,2026-09-25T02:00:00Z,nodd,nodd
2026-09-24,kansas-city-mo,21,2026-09-25T02:00:00Z,292.34,3.51,9.05,0.0,2026-09-25T03:00:00Z,nodd,nodd
2026-09-24,kansas-city-mo,22,2026-09-25T03:00:00Z,291.17,4.74,9.83,0.0,2026-09-25T04:00:00Z,nodd,nodd
2026-09-24,kansas-city-mo,23,2026-09-25T04:00:00Z,290.15,3.68,6.89,0.0,2026-09-25T05:00:00Z,nodd,nodd
2026-09-24,columbus-oh,00,2026-09-24T04:00:00Z,288.45,1.93,8.34,0.0,2026-09-24T05:00:00Z,nodd,nodd
2026-09-24,columbus-oh,01,2026-09-24T05:00:00Z,288.22,2.33,8.11,0.0,2026-09-24T06:00:00Z,nodd,nodd
2026-09-24,columbus-oh,02,2026-09-24T06:00:00Z,287.89,4.07,9.07,0.0,2026-09-24T07:00:00Z,nodd,nodd
2026-09-24,columbus-oh,03,2026-09-24T07:00:00Z,287.6,2.47,7.03,0.0,2026-09-24T08:00:00Z,nodd,nodd
2026-09-24,columbus-oh,04,2026-09-24T08:00:00Z,287.24,2.3,7.04,0.0,2026-09-24T09:00:00Z,nodd,nodd
2026-09-24,columbus-oh,05,2026-09-24T09:00:00Z,286.89,2.8,6.1,0.59375,2026-09-24T10:00:00Z,nodd,nodd
2026-09-24,columbus-oh,06,2026-09-24T10:00:00Z,286.6,2.91,6.96,1.8125,2026-09-24T11:00:00Z,nodd,nodd
2026-09-24,columbus-oh,07,2026-09-24T11:00:00Z,286.57,2.94,6.03,0.0,2026-09-24T12:00:00Z,nodd,nodd
2026-09-24,columbus-oh,08,2026-09-24T12:00:00Z,286.64,2.93,5.39,0.0,2026-09-24T13:00:00Z,nodd,nodd
2026-09-24,columbus-oh,09,2026-09-24T13:00:00Z,286.64,3.53,7.19,0.0,2026-09-24T14:00:00Z,nodd,nodd
2026-09-24,columbus-oh,10,2026-09-24T14:00:00Z,286.84,3.95,7.27,0.0,2026-09-24T15:00:00Z,nodd,nodd
2026-09-24,columbus-oh,11,2026-09-24T15:00:00Z,287.97,4.6,8.73,0.0,2026-09-24T16:00:00Z,nodd,nodd
2026-09-24,columbus-oh,12,2026-09-24T16:00:00Z,288.7,3.74,7.65,0.0,2026-09-24T17:00:00Z,nodd,nodd
2026-09-24,columbus-oh,13,2026-09-24T17:00:00Z,289.15,3.33,8.44,0.0,2026-09-24T18:00:00Z,nodd,nodd
2026-09-24,columbus-oh,14,2026-09-24T18:00:00Z,291.27,4.01,7.38,0.0,2026-09-24T19:00:00Z,nodd,nodd
2026-09-24,columbus-oh,15,2026-09-24T19:00:00Z,292.97,3.19,5.82,0.0,2026-09-24T20:00:00Z,nodd,nodd
2026-09-24,columbus-oh,16,2026-09-24T20:00:00Z,293.84,3.41,7.04,0.0,2026-09-24T21:00:00Z,nodd,nodd
2026-09-24,columbus-oh,17,2026-09-24T21:00:00Z,294.16,3.03,6.05,0.0,2026-09-24T22:00:00Z,nodd,nodd
2026-09-24,columbus-oh,18,2026-09-24T22:00:00Z,293.37,3.19,5.7,0.0,2026-09-24T23:00:00Z,nodd,nodd
2026-09-24,columbus-oh,19,2026-09-24T23:00:00Z,292.44,2.49,3.61,0.0,2026-09-25T00:00:00Z,nodd,nodd
2026-09-24,columbus-oh,20,2026-09-25T00:00:00Z,289.84,2.56,3.23,0.0,2026-09-25T01:00:00Z,nodd,nodd
2026-09-24,columbus-oh,21,2026-09-25T01:00:00Z,288.16,2.61,4.79,0.0,2026-09-25T02:00:00Z,nodd,nodd
2026-09-24,columbus-oh,22,2026-09-25T02:00:00Z,287.57,2.43,4.26,0.0,2026-09-25T03:00:00Z,nodd,nodd
2026-09-24,columbus-oh,23,2026-09-25T03:00:00Z,286.4,1.62,5.28,0.0,2026-09-25T04:00:00Z,nodd,nodd
2026-09-24,indianapolis-in,00,2026-09-24T04:00:00Z,288.84,2.35,6.22,0.0,2026-09-24T05:00:00Z,nodd,nodd
2026-09-24,indianapolis-in,01,2026-09-24T05:00:00Z,288.94,2.44,6.91,0.0,2026-09-24T06:00:00Z,nodd,nodd
2026-09-24,indianapolis-in,02,2026-09-24T06:00:00Z,289.13,1.99,6.94,0.0,2026-09-24T07:00:00Z,nodd,nodd
2026-09-24,indianapolis-in,03,2026-09-24T07:00:00Z,289.02,2.32,6.13,0.0,2026-09-24T08:00:00Z,nodd,nodd
2026-09-24,indianapolis-in,04,2026-09-24T08:00:00Z,288.89,1.97,8.25,0.0,2026-09-24T09:00:00Z,nodd,nodd
2026-09-24,indianapolis-in,05,2026-09-24T09:00:00Z,288.75,2.06,7.83,0.0,2026-09-24T10:00:00Z,nodd,nodd
2026-09-24,indianapolis-in,06,2026-09-24T10:00:00Z,288.59,2.34,6.57,0.0,2026-09-24T11:00:00Z,nodd,nodd
2026-09-24,indianapolis-in,07,2026-09-24T11:00:00Z,288.62,2.09,4.33,0.0,2026-09-24T12:00:00Z,nodd,nodd
2026-09-24,indianapolis-in,08,2026-09-24T12:00:00Z,288.51,2.67,5.24,0.0,2026-09-24T13:00:00Z,nodd,nodd
2026-09-24,indianapolis-in,09,2026-09-24T13:00:00Z,288.82,2.25,5.53,0.0,2026-09-24T14:00:00Z,nodd,nodd
2026-09-24,indianapolis-in,10,2026-09-24T14:00:00Z,289.62,2.25,5.66,0.0,2026-09-24T15:00:00Z,nodd,nodd
2026-09-24,indianapolis-in,11,2026-09-24T15:00:00Z,289.72,1.99,3.16,0.0,2026-09-24T16:00:00Z,nodd,nodd
2026-09-24,indianapolis-in,12,2026-09-24T16:00:00Z,289.99,1.82,2.6,0.0,2026-09-24T17:00:00Z,nodd,nodd
2026-09-24,indianapolis-in,13,2026-09-24T17:00:00Z,291.33,2.45,4.62,0.0,2026-09-24T18:00:00Z,nodd,nodd
2026-09-24,indianapolis-in,14,2026-09-24T18:00:00Z,291.49,3.25,5.48,0.0,2026-09-24T19:00:00Z,nodd,nodd
2026-09-24,indianapolis-in,15,2026-09-24T19:00:00Z,292.18,1.97,4.53,0.0,2026-09-24T20:00:00Z,nodd,nodd
2026-09-24,indianapolis-in,16,2026-09-24T20:00:00Z,292.13,2.0,5.49,0.0,2026-09-24T21:00:00Z,nodd,nodd
2026-09-24,indianapolis-in,17,2026-09-24T21:00:00Z,291.82,2.42,4.23,0.0,2026-09-24T22:00:00Z,nodd,nodd
2026-09-24,indianapolis-in,18,2026-09-24T22:00:00Z,291.77,2.81,5.45,0.0,2026-09-24T23:00:00Z,nodd,nodd
2026-09-24,indianapolis-in,19,2026-09-24T23:00:00Z,291.69,1.41,4.0,0.0,2026-09-25T00:00:00Z,nodd,nodd
2026-09-24,indianapolis-in,20,2026-09-25T00:00:00Z,291.44,2.01,5.03,0.0,2026-09-25T01:00:00Z,nodd,nodd
2026-09-24,indianapolis-in,21,2026-09-25T01:00:00Z,291.22,2.27,5.09,0.0,2026-09-25T02:00:00Z,nodd,nodd
2026-09-24,indianapolis-in,22,2026-09-25T02:00:00Z,290.99,1.51,4.42,0.0,2026-09-25T03:00:00Z,nodd,nodd
2026-09-24,indianapolis-in,23,2026-09-25T03:00:00Z,289.94,0.99,2.39,0.0,2026-09-25T04:00:00Z,nodd,nodd
2026-09-24,cleveland-oh,00,2026-09-24T04:00:00Z,290.07,3.29,8.92,0.0,2026-09-24T05:00:00Z,nodd,nodd
2026-09-24,cleveland-oh,01,2026-09-24T05:00:00Z,289.2,2.91,7.99,0.0,2026-09-24T06:00:00Z,nodd,nodd
2026-09-24,cleveland-oh,02,2026-09-24T06:00:00Z,288.35,3.02,6.71,0.0,2026-09-24T07:00:00Z,nodd,nodd
2026-09-24,cleveland-oh,03,2026-09-24T07:00:00Z,287.61,2.53,4.45,0.0,2026-09-24T08:00:00Z,nodd,nodd
2026-09-24,cleveland-oh,04,2026-09-24T08:00:00Z,287.44,2.79,7.57,0.0,2026-09-24T09:00:00Z,nodd,nodd
2026-09-24,cleveland-oh,05,2026-09-24T09:00:00Z,287.04,2.17,6.57,0.0,2026-09-24T10:00:00Z,nodd,nodd
2026-09-24,cleveland-oh,06,2026-09-24T10:00:00Z,286.27,2.03,6.23,0.0,2026-09-24T11:00:00Z,nodd,nodd
2026-09-24,cleveland-oh,07,2026-09-24T11:00:00Z,285.46,2.2,6.16,0.0,2026-09-24T12:00:00Z,nodd,nodd
2026-09-24,cleveland-oh,08,2026-09-24T12:00:00Z,285.07,2.7,7.21,0.0,2026-09-24T13:00:00Z,nodd,nodd
2026-09-24,cleveland-oh,09,2026-09-24T13:00:00Z,286.05,3.03,9.24,0.0,2026-09-24T14:00:00Z,nodd,nodd
2026-09-24,cleveland-oh,10,2026-09-24T14:00:00Z,288.12,4.48,7.75,0.0,2026-09-24T15:00:00Z,nodd,nodd
2026-09-24,cleveland-oh,11,2026-09-24T15:00:00Z,290.08,4.07,5.38,0.0,2026-09-24T16:00:00Z,nodd,nodd
2026-09-24,cleveland-oh,12,2026-09-24T16:00:00Z,291.53,3.4,5.05,0.0,2026-09-24T17:00:00Z,nodd,nodd
2026-09-24,cleveland-oh,13,2026-09-24T17:00:00Z,293.0,3.37,7.44,0.0,2026-09-24T18:00:00Z,nodd,nodd
2026-09-24,cleveland-oh,14,2026-09-24T18:00:00Z,294.0,4.15,7.57,0.0,2026-09-24T19:00:00Z,nodd,nodd
2026-09-24,cleveland-oh,15,2026-09-24T19:00:00Z,293.39,5.55,8.71,0.0,2026-09-24T20:00:00Z,nodd,nodd
2026-09-24,cleveland-oh,16,2026-09-24T20:00:00Z,293.34,5.96,7.7,0.0,2026-09-24T21:00:00Z,nodd,nodd
2026-09-24,cleveland-oh,17,2026-09-24T21:00:00Z,293.24,5.8,7.72,0.0,2026-09-24T22:00:00Z,nodd,nodd
2026-09-24,cleveland-oh,18,2026-09-24T22:00:00Z,292.52,5.5,9.0,0.0,2026-09-24T23:00:00Z,nodd,nodd
2026-09-24,cleveland-oh,19,2026-09-24T23:00:00Z,291.23,4.22,6.84,0.0,2026-09-25T00:00:00Z,nodd,nodd
2026-09-24,cleveland-oh,20,2026-09-25T00:00:00Z,289.29,3.62,8.05,0.0,2026-09-25T01:00:00Z,nodd,nodd
2026-09-24,cleveland-oh,21,2026-09-25T01:00:00Z,288.31,3.85,6.88,0.0,2026-09-25T02:00:00Z,nodd,nodd
2026-09-24,cleveland-oh,22,2026-09-25T02:00:00Z,288.15,2.93,6.2,0.0,2026-09-25T03:00:00Z,nodd,nodd
2026-09-24,cleveland-oh,23,2026-09-25T03:00:00Z,287.1,3.09,4.47,0.0,2026-09-25T04:00:00Z,nodd,nodd
2026-09-24,nashville-tn,00,2026-09-24T05:00:00Z,292.63,3.18,3.65,0.0,2026-09-24T06:00:00Z,nodd,nodd
2026-09-24,nashville-tn,01,2026-09-24T06:00:00Z,292.36,2.17,3.83,0.0,2026-09-24T07:00:00Z,nodd,nodd
2026-09-24,nashville-tn,02,2026-09-24T07:00:00Z,292.5,1.41,3.27,0.0,2026-09-24T08:00:00Z,nodd,nodd
2026-09-24,nashville-tn,03,2026-09-24T08:00:00Z,292.31,1.61,2.78,0.0,2026-09-24T09:00:00Z,nodd,nodd
2026-09-24,nashville-tn,04,2026-09-24T09:00:00Z,292.14,1.31,3.51,0.0,2026-09-24T10:00:00Z,nodd,nodd
2026-09-24,nashville-tn,05,2026-09-24T10:00:00Z,292.26,3.05,8.94,0.0,2026-09-24T11:00:00Z,nodd,nodd
2026-09-24,nashville-tn,06,2026-09-24T11:00:00Z,292.29,2.61,4.61,0.0,2026-09-24T12:00:00Z,nodd,nodd
2026-09-24,nashville-tn,07,2026-09-24T12:00:00Z,292.48,2.85,3.99,0.0,2026-09-24T13:00:00Z,nodd,nodd
2026-09-24,nashville-tn,08,2026-09-24T13:00:00Z,292.45,2.34,3.87,0.0,2026-09-24T14:00:00Z,nodd,nodd
2026-09-24,nashville-tn,09,2026-09-24T14:00:00Z,293.15,2.71,3.65,0.0,2026-09-24T15:00:00Z,nodd,nodd
2026-09-24,nashville-tn,10,2026-09-24T15:00:00Z,294.2,2.48,3.61,0.0,2026-09-24T16:00:00Z,nodd,nodd
2026-09-24,nashville-tn,11,2026-09-24T16:00:00Z,295.72,1.94,4.0,0.0,2026-09-24T17:00:00Z,nodd,nodd
2026-09-24,nashville-tn,12,2026-09-24T17:00:00Z,297.27,2.62,3.92,0.0,2026-09-24T18:00:00Z,nodd,nodd
2026-09-24,nashville-tn,13,2026-09-24T18:00:00Z,299.44,3.34,3.34,0.0,2026-09-24T19:00:00Z,nodd,nodd
2026-09-24,nashville-tn,14,2026-09-24T19:00:00Z,299.05,4.16,5.33,0.0,2026-09-24T20:00:00Z,nodd,nodd
2026-09-24,nashville-tn,15,2026-09-24T20:00:00Z,299.84,3.32,7.6,0.0,2026-09-24T21:00:00Z,nodd,nodd
2026-09-24,nashville-tn,16,2026-09-24T21:00:00Z,300.17,3.31,5.32,0.0,2026-09-24T22:00:00Z,nodd,nodd
2026-09-24,nashville-tn,17,2026-09-24T22:00:00Z,300.1,4.4,4.4,0.0,2026-09-24T23:00:00Z,nodd,nodd
2026-09-24,nashville-tn,18,2026-09-24T23:00:00Z,298.89,3.99,7.13,0.0,2026-09-25T00:00:00Z,nodd,nodd
2026-09-24,nashville-tn,19,2026-09-25T00:00:00Z,297.45,3.26,5.29,0.0,2026-09-25T01:00:00Z,nodd,nodd
2026-09-24,nashville-tn,20,2026-09-25T01:00:00Z,296.36,5.3,7.19,0.0,2026-09-25T02:00:00Z,nodd,nodd
2026-09-24,nashville-tn,21,2026-09-25T02:00:00Z,295.34,4.05,6.45,0.0,2026-09-25T03:00:00Z,nodd,nodd
2026-09-24,nashville-tn,22,2026-09-25T03:00:00Z,294.19,4.27,6.99,0.0,2026-09-25T04:00:00Z,nodd,nodd
2026-09-24,nashville-tn,23,2026-09-25T04:00:00Z,293.05,2.82,6.42,0.0,2026-09-25T05:00:00Z,nodd,nodd
2026-09-24,san-jose-ca,00,2026-09-24T07:00:00Z,290.89,0.94,1.17,0.0,2026-09-24T08:00:00Z,nodd,nodd
2026-09-24,san-jose-ca,01,2026-09-24T08:00:00Z,289.92,0.86,0.86,0.0,2026-09-24T09:00:00Z,nodd,nodd
2026-09-24,san-jose-ca,02,2026-09-24T09:00:00Z,289.03,1.0,1.31,0.0,2026-09-24T10:00:00Z,nodd,nodd
2026-09-24,san-jose-ca,03,2026-09-24T10:00:00Z,288.36,1.18,1.84,0.0,2026-09-24T11:00:00Z,nodd,nodd
2026-09-24,san-jose-ca,04,2026-09-24T11:00:00Z,288.03,1.19,2.11,0.0,2026-09-24T12:00:00Z,nodd,nodd
2026-09-24,san-jose-ca,05,2026-09-24T12:00:00Z,287.03,0.58,1.36,0.0,2026-09-24T13:00:00Z,nodd,nodd
2026-09-24,san-jose-ca,06,2026-09-24T13:00:00Z,286.79,0.2,0.53,0.0,2026-09-24T14:00:00Z,nodd,nodd
2026-09-24,san-jose-ca,07,2026-09-24T14:00:00Z,286.44,0.0,0.2,0.0,2026-09-24T15:00:00Z,nodd,nodd
2026-09-24,san-jose-ca,08,2026-09-24T15:00:00Z,288.49,0.27,0.27,0.0,2026-09-24T16:00:00Z,nodd,nodd
2026-09-24,san-jose-ca,09,2026-09-24T16:00:00Z,293.12,0.49,1.14,0.0,2026-09-24T17:00:00Z,nodd,nodd
2026-09-24,san-jose-ca,10,2026-09-24T17:00:00Z,295.97,3.02,3.29,0.0,2026-09-24T18:00:00Z,nodd,nodd
2026-09-24,san-jose-ca,11,2026-09-24T18:00:00Z,298.76,1.23,1.23,0.0,2026-09-24T19:00:00Z,nodd,nodd
2026-09-24,san-jose-ca,12,2026-09-24T19:00:00Z,301.93,1.64,2.92,0.0,2026-09-24T20:00:00Z,nodd,nodd
2026-09-24,san-jose-ca,13,2026-09-24T20:00:00Z,304.28,2.12,3.82,0.0,2026-09-24T21:00:00Z,nodd,nodd
2026-09-24,san-jose-ca,14,2026-09-24T21:00:00Z,305.02,2.67,4.94,0.0,2026-09-24T22:00:00Z,nodd,nodd
2026-09-24,san-jose-ca,15,2026-09-24T22:00:00Z,305.14,3.73,5.68,0.0,2026-09-24T23:00:00Z,nodd,nodd
2026-09-24,san-jose-ca,16,2026-09-24T23:00:00Z,304.43,4.14,6.14,0.0,2026-09-25T00:00:00Z,nodd,nodd
2026-09-24,san-jose-ca,17,2026-09-25T00:00:00Z,302.76,4.83,9.0,0.0,2026-09-25T01:00:00Z,nodd,nodd
2026-09-24,san-jose-ca,18,2026-09-25T01:00:00Z,299.01,6.16,10.28,0.0,2026-09-25T02:00:00Z,nodd,nodd
2026-09-24,san-jose-ca,19,2026-09-25T02:00:00Z,295.72,4.32,7.74,0.0,2026-09-25T03:00:00Z,nodd,nodd
2026-09-24,san-jose-ca,20,2026-09-25T03:00:00Z,294.05,2.84,4.26,0.0,2026-09-25T04:00:00Z,nodd,nodd
2026-09-24,san-jose-ca,21,2026-09-25T04:00:00Z,292.69,1.02,3.61,0.0,2026-09-25T05:00:00Z,nodd,nodd
2026-09-24,san-jose-ca,22,2026-09-25T05:00:00Z,291.83,0.53,2.73,0.0,2026-09-25T06:00:00Z,nodd,nodd
2026-09-24,san-jose-ca,23,2026-09-25T06:00:00Z,290.7,1.63,3.58,0.0,2026-09-25T07:00:00Z,nodd,nodd
2026-09-24,norfolk-va,00,2026-09-24T04:00:00Z,292.34,7.83,13.95,0.0,2026-09-24T05:00:00Z,nodd,nodd
2026-09-24,norfolk-va,01,2026-09-24T05:00:00Z,292.52,7.17,12.76,0.28125,2026-09-24T06:00:00Z,nodd,nodd
2026-09-24,norfolk-va,02,2026-09-24T06:00:00Z,291.94,7.79,14.45,0.84375,2026-09-24T07:00:00Z,nodd,nodd
2026-09-24,norfolk-va,03,2026-09-24T07:00:00Z,291.15,7.04,13.42,0.28125,2026-09-24T08:00:00Z,nodd,nodd
2026-09-24,norfolk-va,04,2026-09-24T08:00:00Z,290.93,7.04,12.89,0.0,2026-09-24T09:00:00Z,nodd,nodd
2026-09-24,norfolk-va,05,2026-09-24T09:00:00Z,291.06,6.14,13.0,0.0,2026-09-24T10:00:00Z,nodd,nodd
2026-09-24,norfolk-va,06,2026-09-24T10:00:00Z,291.25,7.56,12.77,0.0,2026-09-24T11:00:00Z,nodd,nodd
2026-09-24,norfolk-va,07,2026-09-24T11:00:00Z,291.48,7.25,13.09,0.0,2026-09-24T12:00:00Z,nodd,nodd
2026-09-24,norfolk-va,08,2026-09-24T12:00:00Z,291.41,7.32,13.31,0.0,2026-09-24T13:00:00Z,nodd,nodd
2026-09-24,norfolk-va,09,2026-09-24T13:00:00Z,291.61,7.6,12.81,0.0,2026-09-24T14:00:00Z,nodd,nodd
2026-09-24,norfolk-va,10,2026-09-24T14:00:00Z,292.01,7.85,13.36,0.0,2026-09-24T15:00:00Z,nodd,nodd
2026-09-24,norfolk-va,11,2026-09-24T15:00:00Z,292.3,7.97,12.85,0.0,2026-09-24T16:00:00Z,nodd,nodd
2026-09-24,norfolk-va,12,2026-09-24T16:00:00Z,292.54,6.78,12.15,0.0,2026-09-24T17:00:00Z,nodd,nodd
2026-09-24,norfolk-va,13,2026-09-24T17:00:00Z,292.65,7.26,12.71,0.0,2026-09-24T18:00:00Z,nodd,nodd
2026-09-24,norfolk-va,14,2026-09-24T18:00:00Z,292.48,7.46,13.74,0.40625,2026-09-24T19:00:00Z,nodd,nodd
2026-09-24,norfolk-va,15,2026-09-24T19:00:00Z,291.33,7.05,13.13,0.625,2026-09-24T20:00:00Z,nodd,nodd
2026-09-24,norfolk-va,16,2026-09-24T20:00:00Z,291.18,7.37,13.05,0.0,2026-09-24T21:00:00Z,nodd,nodd
2026-09-24,norfolk-va,17,2026-09-24T21:00:00Z,291.38,7.57,13.78,0.546875,2026-09-24T22:00:00Z,nodd,nodd
2026-09-24,norfolk-va,18,2026-09-24T22:00:00Z,291.16,7.44,13.39,0.390625,2026-09-24T23:00:00Z,nodd,nodd
2026-09-24,norfolk-va,19,2026-09-24T23:00:00Z,291.25,7.15,13.81,0.0,2026-09-25T00:00:00Z,nodd,nodd
2026-09-24,norfolk-va,20,2026-09-25T00:00:00Z,290.86,7.44,14.15,0.0,2026-09-25T01:00:00Z,nodd,nodd
2026-09-24,norfolk-va,21,2026-09-25T01:00:00Z,290.89,7.83,14.42,0.0,2026-09-25T02:00:00Z,nodd,nodd
2026-09-24,norfolk-va,22,2026-09-25T02:00:00Z,291.02,7.57,14.55,0.0,2026-09-25T03:00:00Z,nodd,nodd
2026-09-24,norfolk-va,23,2026-09-25T03:00:00Z,290.86,6.72,12.65,0.0,2026-09-25T04:00:00Z,nodd,nodd
2026-09-24,jacksonville-fl,00,2026-09-24T04:00:00Z,298.39,5.16,8.95,0.0,2026-09-24T05:00:00Z,nodd,nodd
2026-09-24,jacksonville-fl,01,2026-09-24T05:00:00Z,297.99,5.12,6.19,0.0,2026-09-24T06:00:00Z,nodd,nodd
2026-09-24,jacksonville-fl,02,2026-09-24T06:00:00Z,297.06,5.26,7.82,0.0,2026-09-24T07:00:00Z,nodd,nodd
2026-09-24,jacksonville-fl,03,2026-09-24T07:00:00Z,296.39,5.68,7.58,0.0,2026-09-24T08:00:00Z,nodd,nodd
2026-09-24,jacksonville-fl,04,2026-09-24T08:00:00Z,295.91,5.08,7.54,0.0,2026-09-24T09:00:00Z,nodd,nodd
2026-09-24,jacksonville-fl,05,2026-09-24T09:00:00Z,295.63,6.34,8.05,0.0,2026-09-24T10:00:00Z,nodd,nodd
2026-09-24,jacksonville-fl,06,2026-09-24T10:00:00Z,294.99,5.58,8.08,0.0,2026-09-24T11:00:00Z,nodd,nodd
2026-09-24,jacksonville-fl,07,2026-09-24T11:00:00Z,294.95,6.1,8.33,0.0,2026-09-24T12:00:00Z,nodd,nodd
2026-09-24,jacksonville-fl,08,2026-09-24T12:00:00Z,294.78,5.58,8.88,0.0,2026-09-24T13:00:00Z,nodd,nodd
2026-09-24,jacksonville-fl,09,2026-09-24T13:00:00Z,295.0,6.17,8.33,0.0,2026-09-24T14:00:00Z,nodd,nodd
2026-09-24,jacksonville-fl,10,2026-09-24T14:00:00Z,295.2,6.49,9.27,0.0,2026-09-24T15:00:00Z,nodd,nodd
2026-09-24,jacksonville-fl,11,2026-09-24T15:00:00Z,296.37,6.44,9.03,0.0,2026-09-24T16:00:00Z,nodd,nodd
2026-09-24,jacksonville-fl,12,2026-09-24T16:00:00Z,297.36,6.1,7.63,0.0,2026-09-24T17:00:00Z,nodd,nodd
2026-09-24,jacksonville-fl,13,2026-09-24T17:00:00Z,297.39,6.51,8.88,0.0,2026-09-24T18:00:00Z,nodd,nodd
2026-09-24,jacksonville-fl,14,2026-09-24T18:00:00Z,296.81,6.38,7.54,0.0,2026-09-24T19:00:00Z,nodd,nodd
2026-09-24,jacksonville-fl,15,2026-09-24T19:00:00Z,297.76,6.98,10.6,0.0,2026-09-24T20:00:00Z,nodd,nodd
2026-09-24,jacksonville-fl,16,2026-09-24T20:00:00Z,298.95,7.32,10.39,0.0,2026-09-24T21:00:00Z,nodd,nodd
2026-09-24,jacksonville-fl,17,2026-09-24T21:00:00Z,298.29,6.51,8.52,0.0,2026-09-24T22:00:00Z,nodd,nodd
2026-09-24,jacksonville-fl,18,2026-09-24T22:00:00Z,297.58,5.97,7.56,0.0,2026-09-24T23:00:00Z,nodd,nodd
2026-09-24,jacksonville-fl,19,2026-09-24T23:00:00Z,297.05,6.14,7.94,0.0,2026-09-25T00:00:00Z,nodd,nodd
2026-09-24,jacksonville-fl,20,2026-09-25T00:00:00Z,296.21,5.75,6.69,0.0,2026-09-25T01:00:00Z,nodd,nodd
2026-09-24,jacksonville-fl,21,2026-09-25T01:00:00Z,295.12,6.33,9.03,0.0,2026-09-25T02:00:00Z,nodd,nodd
2026-09-24,jacksonville-fl,22,2026-09-25T02:00:00Z,294.42,6.82,8.84,0.0,2026-09-25T03:00:00Z,nodd,nodd
2026-09-24,jacksonville-fl,23,2026-09-25T03:00:00Z,293.92,6.1,7.83,0.0,2026-09-25T04:00:00Z,nodd,nodd
2026-09-24,providence-ri,00,2026-09-24T04:00:00Z,282.12,2.13,3.11,0.0,2026-09-24T05:00:00Z,nodd,nodd
2026-09-24,providence-ri,01,2026-09-24T05:00:00Z,281.99,2.03,4.37,0.0,2026-09-24T06:00:00Z,nodd,nodd
2026-09-24,providence-ri,02,2026-09-24T06:00:00Z,281.85,2.65,4.48,0.0,2026-09-24T07:00:00Z,nodd,nodd
2026-09-24,providence-ri,03,2026-09-24T07:00:00Z,282.34,2.29,4.31,0.0,2026-09-24T08:00:00Z,nodd,nodd
2026-09-24,providence-ri,04,2026-09-24T08:00:00Z,282.29,3.46,6.73,0.0,2026-09-24T09:00:00Z,nodd,nodd
2026-09-24,providence-ri,05,2026-09-24T09:00:00Z,282.23,2.54,4.84,0.0,2026-09-24T10:00:00Z,nodd,nodd
2026-09-24,providence-ri,06,2026-09-24T10:00:00Z,282.04,2.96,6.22,0.0,2026-09-24T11:00:00Z,nodd,nodd
2026-09-24,providence-ri,07,2026-09-24T11:00:00Z,282.55,4.02,7.53,0.0,2026-09-24T12:00:00Z,nodd,nodd
2026-09-24,providence-ri,08,2026-09-24T12:00:00Z,283.65,4.83,7.54,0.0,2026-09-24T13:00:00Z,nodd,nodd
2026-09-24,providence-ri,09,2026-09-24T13:00:00Z,285.83,4.31,7.66,0.0,2026-09-24T14:00:00Z,nodd,nodd
2026-09-24,providence-ri,10,2026-09-24T14:00:00Z,287.32,4.1,8.6,0.0,2026-09-24T15:00:00Z,nodd,nodd
2026-09-24,providence-ri,11,2026-09-24T15:00:00Z,288.81,5.61,10.08,0.0,2026-09-24T16:00:00Z,nodd,nodd
2026-09-24,providence-ri,12,2026-09-24T16:00:00Z,289.61,5.5,10.89,0.0,2026-09-24T17:00:00Z,nodd,nodd
2026-09-24,providence-ri,13,2026-09-24T17:00:00Z,290.81,5.76,10.34,0.0,2026-09-24T18:00:00Z,nodd,nodd
2026-09-24,providence-ri,14,2026-09-24T18:00:00Z,290.94,5.56,10.56,0.0,2026-09-24T19:00:00Z,nodd,nodd
2026-09-24,providence-ri,15,2026-09-24T19:00:00Z,290.66,6.14,10.53,0.0,2026-09-24T20:00:00Z,nodd,nodd
2026-09-24,providence-ri,16,2026-09-24T20:00:00Z,290.36,5.69,9.98,0.0,2026-09-24T21:00:00Z,nodd,nodd
2026-09-24,providence-ri,17,2026-09-24T21:00:00Z,289.51,5.03,9.36,0.0,2026-09-24T22:00:00Z,nodd,nodd
2026-09-24,providence-ri,18,2026-09-24T22:00:00Z,288.37,4.69,9.96,0.0,2026-09-24T23:00:00Z,nodd,nodd
2026-09-24,providence-ri,19,2026-09-24T23:00:00Z,286.16,3.02,7.54,0.0,2026-09-25T00:00:00Z,nodd,nodd
2026-09-24,providence-ri,20,2026-09-25T00:00:00Z,284.85,2.08,5.78,0.0,2026-09-25T01:00:00Z,nodd,nodd
2026-09-24,providence-ri,21,2026-09-25T01:00:00Z,283.78,2.1,4.77,0.0,2026-09-25T02:00:00Z,nodd,nodd
2026-09-24,providence-ri,22,2026-09-25T02:00:00Z,282.91,1.76,4.3,0.0,2026-09-25T03:00:00Z,nodd,nodd
2026-09-24,providence-ri,23,2026-09-25T03:00:00Z,282.56,1.79,4.65,0.0,2026-09-25T04:00:00Z,nodd,nodd
2026-09-24,milwaukee-wi,00,2026-09-24T05:00:00Z,288.51,3.09,3.09,0.0,2026-09-24T06:00:00Z,nodd,nodd
2026-09-24,milwaukee-wi,01,2026-09-24T06:00:00Z,288.86,4.8,9.22,0.0,2026-09-24T07:00:00Z,nodd,nodd
2026-09-24,milwaukee-wi,02,2026-09-24T07:00:00Z,288.12,2.7,2.75,0.0,2026-09-24T08:00:00Z,nodd,nodd
2026-09-24,milwaukee-wi,03,2026-09-24T08:00:00Z,288.02,2.75,4.79,0.0,2026-09-24T09:00:00Z,nodd,nodd
2026-09-24,milwaukee-wi,04,2026-09-24T09:00:00Z,288.09,3.28,5.53,0.0,2026-09-24T10:00:00Z,nodd,nodd
2026-09-24,milwaukee-wi,05,2026-09-24T10:00:00Z,287.79,2.82,5.67,0.0,2026-09-24T11:00:00Z,nodd,nodd
2026-09-24,milwaukee-wi,06,2026-09-24T11:00:00Z,287.72,3.19,5.14,0.0,2026-09-24T12:00:00Z,nodd,nodd
2026-09-24,milwaukee-wi,07,2026-09-24T12:00:00Z,287.52,2.57,4.04,0.0,2026-09-24T13:00:00Z,nodd,nodd
2026-09-24,milwaukee-wi,08,2026-09-24T13:00:00Z,288.35,1.78,3.57,0.0,2026-09-24T14:00:00Z,nodd,nodd
2026-09-24,milwaukee-wi,09,2026-09-24T14:00:00Z,289.52,3.45,3.48,0.0,2026-09-24T15:00:00Z,nodd,nodd
2026-09-24,milwaukee-wi,10,2026-09-24T15:00:00Z,289.7,3.01,3.01,0.0,2026-09-24T16:00:00Z,nodd,nodd
2026-09-24,milwaukee-wi,11,2026-09-24T16:00:00Z,290.52,2.89,2.96,0.0,2026-09-24T17:00:00Z,nodd,nodd
2026-09-24,milwaukee-wi,12,2026-09-24T17:00:00Z,290.9,1.83,2.33,0.0,2026-09-24T18:00:00Z,nodd,nodd
2026-09-24,milwaukee-wi,13,2026-09-24T18:00:00Z,290.93,3.06,3.06,0.0,2026-09-24T19:00:00Z,nodd,nodd
2026-09-24,milwaukee-wi,14,2026-09-24T19:00:00Z,290.93,3.14,3.18,0.0,2026-09-24T20:00:00Z,nodd,nodd
2026-09-24,milwaukee-wi,15,2026-09-24T20:00:00Z,291.03,2.06,3.46,0.0,2026-09-24T21:00:00Z,nodd,nodd
2026-09-24,milwaukee-wi,16,2026-09-24T21:00:00Z,290.68,3.47,4.47,0.0,2026-09-24T22:00:00Z,nodd,nodd
2026-09-24,milwaukee-wi,17,2026-09-24T22:00:00Z,290.22,2.55,2.96,0.0,2026-09-24T23:00:00Z,nodd,nodd
2026-09-24,milwaukee-wi,18,2026-09-24T23:00:00Z,289.91,2.0,2.85,0.0,2026-09-25T00:00:00Z,nodd,nodd
2026-09-24,milwaukee-wi,19,2026-09-25T00:00:00Z,288.99,1.81,2.5,0.0,2026-09-25T01:00:00Z,nodd,nodd
2026-09-24,milwaukee-wi,20,2026-09-25T01:00:00Z,288.62,1.36,2.13,0.0,2026-09-25T02:00:00Z,nodd,nodd
2026-09-24,milwaukee-wi,21,2026-09-25T02:00:00Z,288.27,0.92,2.09,0.0,2026-09-25T03:00:00Z,nodd,nodd
2026-09-24,milwaukee-wi,22,2026-09-25T03:00:00Z,288.28,0.63,1.68,0.0,2026-09-25T04:00:00Z,nodd,nodd
2026-09-24,milwaukee-wi,23,2026-09-25T04:00:00Z,287.91,0.55,1.95,0.0,2026-09-25T05:00:00Z,nodd,nodd
2026-09-24,raleigh-nc,00,2026-09-24T04:00:00Z,290.2,4.5,9.84,0.0,2026-09-24T05:00:00Z,nodd,nodd
2026-09-24,raleigh-nc,01,2026-09-24T05:00:00Z,290.02,4.68,10.39,0.0,2026-09-24T06:00:00Z,nodd,nodd
2026-09-24,raleigh-nc,02,2026-09-24T06:00:00Z,289.71,4.44,9.61,0.0,2026-09-24T07:00:00Z,nodd,nodd
2026-09-24,raleigh-nc,03,2026-09-24T07:00:00Z,289.29,4.17,9.22,0.0,2026-09-24T08:00:00Z,nodd,nodd
2026-09-24,raleigh-nc,04,2026-09-24T08:00:00Z,289.09,4.66,9.5,0.0,2026-09-24T09:00:00Z,nodd,nodd
2026-09-24,raleigh-nc,05,2026-09-24T09:00:00Z,288.98,4.01,9.62,0.0,2026-09-24T10:00:00Z,nodd,nodd
2026-09-24,raleigh-nc,06,2026-09-24T10:00:00Z,288.58,5.09,9.02,0.0,2026-09-24T11:00:00Z,nodd,nodd
2026-09-24,raleigh-nc,07,2026-09-24T11:00:00Z,288.44,4.09,8.14,0.0,2026-09-24T12:00:00Z,nodd,nodd
2026-09-24,raleigh-nc,08,2026-09-24T12:00:00Z,288.32,4.46,6.91,0.0,2026-09-24T13:00:00Z,nodd,nodd
2026-09-24,raleigh-nc,09,2026-09-24T13:00:00Z,288.24,3.82,6.61,0.0,2026-09-24T14:00:00Z,nodd,nodd
2026-09-24,raleigh-nc,10,2026-09-24T14:00:00Z,288.54,4.7,8.49,0.28125,2026-09-24T15:00:00Z,nodd,nodd
2026-09-24,raleigh-nc,11,2026-09-24T15:00:00Z,288.86,4.91,9.4,0.1875,2026-09-24T16:00:00Z,nodd,nodd
2026-09-24,raleigh-nc,12,2026-09-24T16:00:00Z,289.29,3.88,9.27,0.0,2026-09-24T17:00:00Z,nodd,nodd
2026-09-24,raleigh-nc,13,2026-09-24T17:00:00Z,289.43,4.58,8.68,0.125,2026-09-24T18:00:00Z,nodd,nodd
2026-09-24,raleigh-nc,14,2026-09-24T18:00:00Z,289.41,4.76,9.23,0.046875,2026-09-24T19:00:00Z,nodd,nodd
2026-09-24,raleigh-nc,15,2026-09-24T19:00:00Z,290.59,4.66,9.52,0.0,2026-09-24T20:00:00Z,nodd,nodd
2026-09-24,raleigh-nc,16,2026-09-24T20:00:00Z,290.53,4.93,9.26,0.0,2026-09-24T21:00:00Z,nodd,nodd
2026-09-24,raleigh-nc,17,2026-09-24T21:00:00Z,290.71,4.58,9.09,0.0,2026-09-24T22:00:00Z,nodd,nodd
2026-09-24,raleigh-nc,18,2026-09-24T22:00:00Z,290.31,4.14,8.77,0.0,2026-09-24T23:00:00Z,nodd,nodd
2026-09-24,raleigh-nc,19,2026-09-24T23:00:00Z,289.78,4.65,8.46,0.0,2026-09-25T00:00:00Z,nodd,nodd
2026-09-24,raleigh-nc,20,2026-09-25T00:00:00Z,289.55,4.14,7.33,0.0,2026-09-25T01:00:00Z,nodd,nodd
2026-09-24,raleigh-nc,21,2026-09-25T01:00:00Z,289.61,4.45,10.06,0.0,2026-09-25T02:00:00Z,nodd,nodd
2026-09-24,raleigh-nc,22,2026-09-25T02:00:00Z,289.27,4.43,7.97,0.0,2026-09-25T03:00:00Z,nodd,nodd
2026-09-24,raleigh-nc,23,2026-09-25T03:00:00Z,288.78,3.41,8.07,0.0,2026-09-25T04:00:00Z,nodd,nodd
2026-09-24,oklahoma-city-ok,00,2026-09-24T05:00:00Z,298.89,3.91,7.84,0.0,2026-09-24T06:00:00Z,nodd,nodd
2026-09-24,oklahoma-city-ok,01,2026-09-24T06:00:00Z,297.97,3.53,5.63,0.0,2026-09-24T07:00:00Z,nodd,nodd
2026-09-24,oklahoma-city-ok,02,2026-09-24T07:00:00Z,297.19,3.17,3.84,0.0,2026-09-24T08:00:00Z,nodd,nodd
2026-09-24,oklahoma-city-ok,03,2026-09-24T08:00:00Z,297.13,3.22,4.55,0.0,2026-09-24T09:00:00Z,nodd,nodd
2026-09-24,oklahoma-city-ok,04,2026-09-24T09:00:00Z,296.52,2.21,3.59,0.0,2026-09-24T10:00:00Z,nodd,nodd
2026-09-24,oklahoma-city-ok,05,2026-09-24T10:00:00Z,295.89,2.39,3.74,0.0,2026-09-24T11:00:00Z,nodd,nodd
2026-09-24,oklahoma-city-ok,06,2026-09-24T11:00:00Z,295.45,2.91,4.08,0.0,2026-09-24T12:00:00Z,nodd,nodd
2026-09-24,oklahoma-city-ok,07,2026-09-24T12:00:00Z,294.93,2.59,3.35,0.0,2026-09-24T13:00:00Z,nodd,nodd
2026-09-24,oklahoma-city-ok,08,2026-09-24T13:00:00Z,294.66,3.24,5.71,0.0,2026-09-24T14:00:00Z,nodd,nodd
2026-09-24,oklahoma-city-ok,09,2026-09-24T14:00:00Z,295.47,3.93,8.23,0.0,2026-09-24T15:00:00Z,nodd,nodd
2026-09-24,oklahoma-city-ok,10,2026-09-24T15:00:00Z,297.63,4.79,8.17,0.0,2026-09-24T16:00:00Z,nodd,nodd
2026-09-24,oklahoma-city-ok,11,2026-09-24T16:00:00Z,299.46,5.04,6.96,0.0,2026-09-24T17:00:00Z,nodd,nodd
2026-09-24,oklahoma-city-ok,12,2026-09-24T17:00:00Z,301.17,5.68,8.74,0.0,2026-09-24T18:00:00Z,nodd,nodd
2026-09-24,oklahoma-city-ok,13,2026-09-24T18:00:00Z,303.06,5.09,8.4,0.0,2026-09-24T19:00:00Z,nodd,nodd
2026-09-24,oklahoma-city-ok,14,2026-09-24T19:00:00Z,304.98,3.49,6.84,0.0,2026-09-24T20:00:00Z,nodd,nodd
2026-09-24,oklahoma-city-ok,15,2026-09-24T20:00:00Z,305.83,3.04,6.7,0.0,2026-09-24T21:00:00Z,nodd,nodd
2026-09-24,oklahoma-city-ok,16,2026-09-24T21:00:00Z,306.35,3.65,7.06,0.0,2026-09-24T22:00:00Z,nodd,nodd
2026-09-24,oklahoma-city-ok,17,2026-09-24T22:00:00Z,306.63,3.25,5.59,0.0,2026-09-24T23:00:00Z,nodd,nodd
2026-09-24,oklahoma-city-ok,18,2026-09-24T23:00:00Z,305.95,3.63,5.22,0.0,2026-09-25T00:00:00Z,nodd,nodd
2026-09-24,oklahoma-city-ok,19,2026-09-25T00:00:00Z,305.22,3.17,4.26,0.0,2026-09-25T01:00:00Z,nodd,nodd
2026-09-24,oklahoma-city-ok,20,2026-09-25T01:00:00Z,303.58,3.52,7.46,0.0,2026-09-25T02:00:00Z,nodd,nodd
2026-09-24,oklahoma-city-ok,21,2026-09-25T02:00:00Z,303.11,3.43,6.13,0.0,2026-09-25T03:00:00Z,nodd,nodd
2026-09-24,oklahoma-city-ok,22,2026-09-25T03:00:00Z,302.17,3.35,4.69,0.0,2026-09-25T04:00:00Z,nodd,nodd
2026-09-24,oklahoma-city-ok,23,2026-09-25T04:00:00Z,300.83,2.48,3.52,0.0,2026-09-25T05:00:00Z,nodd,nodd
2026-09-24,louisville-ky,00,2026-09-24T04:00:00Z,290.74,2.56,5.33,0.0,2026-09-24T05:00:00Z,nodd,nodd
2026-09-24,louisville-ky,01,2026-09-24T05:00:00Z,290.54,1.9,3.88,0.0,2026-09-24T06:00:00Z,nodd,nodd
2026-09-24,louisville-ky,02,2026-09-24T06:00:00Z,290.69,2.24,3.54,0.0,2026-09-24T07:00:00Z,nodd,nodd
2026-09-24,louisville-ky,03,2026-09-24T07:00:00Z,290.97,0.98,3.03,0.0,2026-09-24T08:00:00Z,nodd,nodd
2026-09-24,louisville-ky,04,2026-09-24T08:00:00Z,291.13,2.45,2.45,0.0,2026-09-24T09:00:00Z,nodd,nodd
2026-09-24,louisville-ky,05,2026-09-24T09:00:00Z,291.2,1.89,2.24,0.0,2026-09-24T10:00:00Z,nodd,nodd
2026-09-24,louisville-ky,06,2026-09-24T10:00:00Z,291.31,1.88,2.44,0.0,2026-09-24T11:00:00Z,nodd,nodd
2026-09-24,louisville-ky,07,2026-09-24T11:00:00Z,291.43,1.69,3.34,0.0,2026-09-24T12:00:00Z,nodd,nodd
2026-09-24,louisville-ky,08,2026-09-24T12:00:00Z,291.15,3.86,4.75,0.0,2026-09-24T13:00:00Z,nodd,nodd
2026-09-24,louisville-ky,09,2026-09-24T13:00:00Z,291.83,2.22,4.6,0.0,2026-09-24T14:00:00Z,nodd,nodd
2026-09-24,louisville-ky,10,2026-09-24T14:00:00Z,292.16,2.55,4.15,0.0,2026-09-24T15:00:00Z,nodd,nodd
2026-09-24,louisville-ky,11,2026-09-24T15:00:00Z,293.13,2.41,4.67,0.0,2026-09-24T16:00:00Z,nodd,nodd
2026-09-24,louisville-ky,12,2026-09-24T16:00:00Z,293.31,2.58,3.16,0.0,2026-09-24T17:00:00Z,nodd,nodd
2026-09-24,louisville-ky,13,2026-09-24T17:00:00Z,293.4,2.77,4.45,0.0,2026-09-24T18:00:00Z,nodd,nodd
2026-09-24,louisville-ky,14,2026-09-24T18:00:00Z,294.09,3.79,5.56,0.0,2026-09-24T19:00:00Z,nodd,nodd
2026-09-24,louisville-ky,15,2026-09-24T19:00:00Z,294.36,3.62,4.4,0.0,2026-09-24T20:00:00Z,nodd,nodd
2026-09-24,louisville-ky,16,2026-09-24T20:00:00Z,294.35,2.54,3.96,0.0,2026-09-24T21:00:00Z,nodd,nodd
2026-09-24,louisville-ky,17,2026-09-24T21:00:00Z,294.06,2.39,3.12,0.0,2026-09-24T22:00:00Z,nodd,nodd
2026-09-24,louisville-ky,18,2026-09-24T22:00:00Z,293.91,1.85,3.52,0.0,2026-09-24T23:00:00Z,nodd,nodd
2026-09-24,louisville-ky,19,2026-09-24T23:00:00Z,293.52,2.03,2.58,0.0,2026-09-25T00:00:00Z,nodd,nodd
2026-09-24,louisville-ky,20,2026-09-25T00:00:00Z,293.05,1.81,3.46,0.0,2026-09-25T01:00:00Z,nodd,nodd
2026-09-24,louisville-ky,21,2026-09-25T01:00:00Z,292.13,2.31,4.2,0.0,2026-09-25T02:00:00Z,nodd,nodd
2026-09-24,louisville-ky,22,2026-09-25T02:00:00Z,291.67,2.33,5.95,0.0,2026-09-25T03:00:00Z,nodd,nodd
2026-09-24,louisville-ky,23,2026-09-25T03:00:00Z,290.64,2.68,5.81,0.0,2026-09-25T04:00:00Z,nodd,nodd
2026-09-24,richmond-va,00,2026-09-24T04:00:00Z,289.23,3.34,9.95,0.0,2026-09-24T05:00:00Z,nodd,nodd
2026-09-24,richmond-va,01,2026-09-24T05:00:00Z,288.76,3.72,5.45,0.0,2026-09-24T06:00:00Z,nodd,nodd
2026-09-24,richmond-va,02,2026-09-24T06:00:00Z,288.44,5.15,5.15,0.0,2026-09-24T07:00:00Z,nodd,nodd
2026-09-24,richmond-va,03,2026-09-24T07:00:00Z,288.35,4.79,5.5,0.0,2026-09-24T08:00:00Z,nodd,nodd
2026-09-24,richmond-va,04,2026-09-24T08:00:00Z,287.84,5.35,7.91,0.0,2026-09-24T09:00:00Z,nodd,nodd
2026-09-24,richmond-va,05,2026-09-24T09:00:00Z,287.83,4.27,9.22,0.0,2026-09-24T10:00:00Z,nodd,nodd
2026-09-24,richmond-va,06,2026-09-24T10:00:00Z,287.61,4.52,7.12,0.0,2026-09-24T11:00:00Z,nodd,nodd
2026-09-24,richmond-va,07,2026-09-24T11:00:00Z,287.49,3.81,9.15,0.0,2026-09-24T12:00:00Z,nodd,nodd
2026-09-24,richmond-va,08,2026-09-24T12:00:00Z,287.52,4.42,9.88,0.0,2026-09-24T13:00:00Z,nodd,nodd
2026-09-24,richmond-va,09,2026-09-24T13:00:00Z,288.05,5.35,11.14,0.0,2026-09-24T14:00:00Z,nodd,nodd
2026-09-24,richmond-va,10,2026-09-24T14:00:00Z,288.41,4.45,10.1,0.0,2026-09-24T15:00:00Z,nodd,nodd
2026-09-24,richmond-va,11,2026-09-24T15:00:00Z,288.54,5.2,9.68,0.0,2026-09-24T16:00:00Z,nodd,nodd
2026-09-24,richmond-va,12,2026-09-24T16:00:00Z,288.76,4.02,8.82,0.0,2026-09-24T17:00:00Z,nodd,nodd
2026-09-24,richmond-va,13,2026-09-24T17:00:00Z,289.5,4.28,10.18,0.0,2026-09-24T18:00:00Z,nodd,nodd
2026-09-24,richmond-va,14,2026-09-24T18:00:00Z,290.26,5.81,9.8,0.0,2026-09-24T19:00:00Z,nodd,nodd
2026-09-24,richmond-va,15,2026-09-24T19:00:00Z,290.92,3.35,11.21,0.0,2026-09-24T20:00:00Z,nodd,nodd
2026-09-24,richmond-va,16,2026-09-24T20:00:00Z,290.43,4.85,9.63,0.0,2026-09-24T21:00:00Z,nodd,nodd
2026-09-24,richmond-va,17,2026-09-24T21:00:00Z,290.37,3.23,7.35,0.0,2026-09-24T22:00:00Z,nodd,nodd
2026-09-24,richmond-va,18,2026-09-24T22:00:00Z,290.01,4.69,9.12,0.0,2026-09-24T23:00:00Z,nodd,nodd
2026-09-24,richmond-va,19,2026-09-24T23:00:00Z,289.31,4.48,5.21,0.0,2026-09-25T00:00:00Z,nodd,nodd
2026-09-24,richmond-va,20,2026-09-25T00:00:00Z,288.59,3.67,5.09,0.0,2026-09-25T01:00:00Z,nodd,nodd
2026-09-24,richmond-va,21,2026-09-25T01:00:00Z,287.71,4.06,4.88,0.0,2026-09-25T02:00:00Z,nodd,nodd
2026-09-24,richmond-va,22,2026-09-25T02:00:00Z,287.19,3.35,3.35,0.0,2026-09-25T03:00:00Z,nodd,nodd
2026-09-24,richmond-va,23,2026-09-25T03:00:00Z,286.53,1.67,4.18,0.0,2026-09-25T04:00:00Z,nodd,nodd
2026-09-24,memphis-tn,00,2026-09-24T05:00:00Z,292.87,1.65,5.18,0.0,2026-09-24T06:00:00Z,nodd,nodd
2026-09-24,memphis-tn,01,2026-09-24T06:00:00Z,293.07,2.66,5.19,0.0,2026-09-24T07:00:00Z,nodd,nodd
2026-09-24,memphis-tn,02,2026-09-24T07:00:00Z,291.86,1.43,4.86,0.0,2026-09-24T08:00:00Z,nodd,nodd
2026-09-24,memphis-tn,03,2026-09-24T08:00:00Z,291.19,1.72,4.9,0.0,2026-09-24T09:00:00Z,nodd,nodd
2026-09-24,memphis-tn,04,2026-09-24T09:00:00Z,290.54,1.55,3.78,0.0,2026-09-24T10:00:00Z,nodd,nodd
2026-09-24,memphis-tn,05,2026-09-24T10:00:00Z,291.23,1.07,3.95,0.0,2026-09-24T11:00:00Z,nodd,nodd
2026-09-24,memphis-tn,06,2026-09-24T11:00:00Z,291.07,2.03,5.06,0.0,2026-09-24T12:00:00Z,nodd,nodd
2026-09-24,memphis-tn,07,2026-09-24T12:00:00Z,291.61,2.0,5.82,0.0,2026-09-24T13:00:00Z,nodd,nodd
2026-09-24,memphis-tn,08,2026-09-24T13:00:00Z,292.07,2.47,5.98,0.0,2026-09-24T14:00:00Z,nodd,nodd
2026-09-24,memphis-tn,09,2026-09-24T14:00:00Z,292.79,3.46,5.95,0.0,2026-09-24T15:00:00Z,nodd,nodd
2026-09-24,memphis-tn,10,2026-09-24T15:00:00Z,293.58,3.42,4.72,0.0,2026-09-24T16:00:00Z,nodd,nodd
2026-09-24,memphis-tn,11,2026-09-24T16:00:00Z,294.2,3.08,4.93,0.0,2026-09-24T17:00:00Z,nodd,nodd
2026-09-24,memphis-tn,12,2026-09-24T17:00:00Z,295.04,1.64,4.3,0.0,2026-09-24T18:00:00Z,nodd,nodd
2026-09-24,memphis-tn,13,2026-09-24T18:00:00Z,295.92,2.23,3.38,0.0,2026-09-24T19:00:00Z,nodd,nodd
2026-09-24,memphis-tn,14,2026-09-24T19:00:00Z,296.29,3.34,4.56,0.0,2026-09-24T20:00:00Z,nodd,nodd
2026-09-24,memphis-tn,15,2026-09-24T20:00:00Z,296.82,1.57,4.15,0.0,2026-09-24T21:00:00Z,nodd,nodd
2026-09-24,memphis-tn,16,2026-09-24T21:00:00Z,297.19,3.43,7.96,0.0,2026-09-24T22:00:00Z,nodd,nodd
2026-09-24,memphis-tn,17,2026-09-24T22:00:00Z,297.65,3.15,7.08,0.0,2026-09-24T23:00:00Z,nodd,nodd
2026-09-24,memphis-tn,18,2026-09-24T23:00:00Z,296.93,2.97,4.99,0.0,2026-09-25T00:00:00Z,nodd,nodd
2026-09-24,memphis-tn,19,2026-09-25T00:00:00Z,295.56,3.04,4.57,0.0,2026-09-25T01:00:00Z,nodd,nodd
2026-09-24,memphis-tn,20,2026-09-25T01:00:00Z,294.21,2.57,5.42,0.0,2026-09-25T02:00:00Z,nodd,nodd
2026-09-24,memphis-tn,21,2026-09-25T02:00:00Z,294.3,2.46,4.7,0.0,2026-09-25T03:00:00Z,nodd,nodd
2026-09-24,memphis-tn,22,2026-09-25T03:00:00Z,293.4,2.22,4.9,0.0,2026-09-25T04:00:00Z,nodd,nodd
2026-09-24,memphis-tn,23,2026-09-25T04:00:00Z,292.51,1.73,4.69,0.0,2026-09-25T05:00:00Z,nodd,nodd
2026-09-24,salt-lake-city-ut,00,2026-09-24T06:00:00Z,287.98,1.43,3.57,0.0,2026-09-24T07:00:00Z,nodd,nodd
2026-09-24,salt-lake-city-ut,01,2026-09-24T07:00:00Z,287.48,2.0,4.38,0.0,2026-09-24T08:00:00Z,nodd,nodd
2026-09-24,salt-lake-city-ut,02,2026-09-24T08:00:00Z,288.14,2.56,5.8,0.0,2026-09-24T09:00:00Z,nodd,nodd
2026-09-24,salt-lake-city-ut,03,2026-09-24T09:00:00Z,287.93,2.15,5.31,0.0,2026-09-24T10:00:00Z,nodd,nodd
2026-09-24,salt-lake-city-ut,04,2026-09-24T10:00:00Z,287.73,2.08,5.92,0.0,2026-09-24T11:00:00Z,nodd,nodd
2026-09-24,salt-lake-city-ut,05,2026-09-24T11:00:00Z,287.52,1.72,4.91,0.0,2026-09-24T12:00:00Z,nodd,nodd
2026-09-24,salt-lake-city-ut,06,2026-09-24T12:00:00Z,287.62,1.84,4.38,0.0,2026-09-24T13:00:00Z,nodd,nodd
2026-09-24,salt-lake-city-ut,07,2026-09-24T13:00:00Z,285.36,0.0,2.79,0.0,2026-09-24T14:00:00Z,nodd,nodd
2026-09-24,salt-lake-city-ut,08,2026-09-24T14:00:00Z,285.97,0.8,2.22,0.0,2026-09-24T15:00:00Z,nodd,nodd
2026-09-24,salt-lake-city-ut,09,2026-09-24T15:00:00Z,288.72,0.94,1.43,0.0,2026-09-24T16:00:00Z,nodd,nodd
2026-09-24,salt-lake-city-ut,10,2026-09-24T16:00:00Z,292.71,1.38,2.13,0.0,2026-09-24T17:00:00Z,nodd,nodd
2026-09-24,salt-lake-city-ut,11,2026-09-24T17:00:00Z,294.81,0.4,2.45,0.0,2026-09-24T18:00:00Z,nodd,nodd
2026-09-24,salt-lake-city-ut,12,2026-09-24T18:00:00Z,296.36,1.09,2.75,0.0,2026-09-24T19:00:00Z,nodd,nodd
2026-09-24,salt-lake-city-ut,13,2026-09-24T19:00:00Z,297.7,1.71,3.27,0.0,2026-09-24T20:00:00Z,nodd,nodd
2026-09-24,salt-lake-city-ut,14,2026-09-24T20:00:00Z,298.63,1.27,3.19,0.0,2026-09-24T21:00:00Z,nodd,nodd
2026-09-24,salt-lake-city-ut,15,2026-09-24T21:00:00Z,299.21,2.3,4.41,0.0,2026-09-24T22:00:00Z,nodd,nodd
2026-09-24,salt-lake-city-ut,16,2026-09-24T22:00:00Z,299.72,2.17,4.18,0.0,2026-09-24T23:00:00Z,nodd,nodd
2026-09-24,salt-lake-city-ut,17,2026-09-24T23:00:00Z,300.08,1.81,3.95,0.0,2026-09-25T00:00:00Z,nodd,nodd
2026-09-24,salt-lake-city-ut,18,2026-09-25T00:00:00Z,299.94,1.78,2.99,0.0,2026-09-25T01:00:00Z,nodd,nodd
2026-09-24,salt-lake-city-ut,19,2026-09-25T01:00:00Z,297.77,1.88,3.58,0.0,2026-09-25T02:00:00Z,nodd,nodd
2026-09-24,salt-lake-city-ut,20,2026-09-25T02:00:00Z,295.19,0.89,2.08,0.0,2026-09-25T03:00:00Z,nodd,nodd
2026-09-24,salt-lake-city-ut,21,2026-09-25T03:00:00Z,292.7,0.07,0.95,0.0,2026-09-25T04:00:00Z,nodd,nodd
2026-09-24,salt-lake-city-ut,22,2026-09-25T04:00:00Z,290.71,0.04,0.19,0.0,2026-09-25T05:00:00Z,nodd,nodd
2026-09-24,salt-lake-city-ut,23,2026-09-25T05:00:00Z,289.93,0.86,1.81,0.0,2026-09-25T06:00:00Z,nodd,nodd
2026-09-24,birmingham-al,00,2026-09-24T05:00:00Z,293.8,0.93,7.21,0.0,2026-09-24T06:00:00Z,nodd,nodd
2026-09-24,birmingham-al,01,2026-09-24T06:00:00Z,293.67,2.26,5.9,0.0,2026-09-24T07:00:00Z,nodd,nodd
2026-09-24,birmingham-al,02,2026-09-24T07:00:00Z,293.81,1.67,4.9,0.0,2026-09-24T08:00:00Z,nodd,nodd
2026-09-24,birmingham-al,03,2026-09-24T08:00:00Z,293.92,1.13,3.89,0.0,2026-09-24T09:00:00Z,nodd,nodd
2026-09-24,birmingham-al,04,2026-09-24T09:00:00Z,293.96,0.0,4.01,0.0,2026-09-24T10:00:00Z,nodd,nodd
2026-09-24,birmingham-al,05,2026-09-24T10:00:00Z,294.06,0.5,4.24,0.0,2026-09-24T11:00:00Z,nodd,nodd
2026-09-24,birmingham-al,06,2026-09-24T11:00:00Z,294.12,1.03,3.14,0.03125,2026-09-24T12:00:00Z,nodd,nodd
2026-09-24,birmingham-al,07,2026-09-24T12:00:00Z,294.04,0.22,4.72,0.15625,2026-09-24T13:00:00Z,nodd,nodd
2026-09-24,birmingham-al,08,2026-09-24T13:00:00Z,293.99,2.57,4.99,0.03125,2026-09-24T14:00:00Z,nodd,nodd
2026-09-24,birmingham-al,09,2026-09-24T14:00:00Z,294.43,3.61,4.23,0.0,2026-09-24T15:00:00Z,nodd,nodd
2026-09-24,birmingham-al,10,2026-09-24T15:00:00Z,294.69,4.23,4.87,0.0,2026-09-24T16:00:00Z,nodd,nodd
2026-09-24,birmingham-al,11,2026-09-24T16:00:00Z,295.43,1.94,3.84,0.0,2026-09-24T17:00:00Z,nodd,nodd
2026-09-24,birmingham-al,12,2026-09-24T17:00:00Z,296.1,2.42,3.79,0.0,2026-09-24T18:00:00Z,nodd,nodd
2026-09-24,birmingham-al,13,2026-09-24T18:00:00Z,296.93,4.22,4.22,0.0,2026-09-24T19:00:00Z,nodd,nodd
2026-09-24,birmingham-al,14,2026-09-24T19:00:00Z,298.48,2.58,3.63,0.0,2026-09-24T20:00:00Z,nodd,nodd
2026-09-24,birmingham-al,15,2026-09-24T20:00:00Z,298.39,3.76,3.76,0.0,2026-09-24T21:00:00Z,nodd,nodd
2026-09-24,birmingham-al,16,2026-09-24T21:00:00Z,298.56,2.39,4.07,0.0,2026-09-24T22:00:00Z,nodd,nodd
2026-09-24,birmingham-al,17,2026-09-24T22:00:00Z,298.05,3.3,5.12,0.0,2026-09-24T23:00:00Z,nodd,nodd
2026-09-24,birmingham-al,18,2026-09-24T23:00:00Z,296.55,2.62,4.34,0.0,2026-09-25T00:00:00Z,nodd,nodd
2026-09-24,birmingham-al,19,2026-09-25T00:00:00Z,295.08,1.79,4.75,0.0,2026-09-25T01:00:00Z,nodd,nodd
2026-09-24,birmingham-al,20,2026-09-25T01:00:00Z,293.74,1.22,5.64,0.0,2026-09-25T02:00:00Z,nodd,nodd
2026-09-24,birmingham-al,21,2026-09-25T02:00:00Z,293.21,0.28,5.03,0.0,2026-09-25T03:00:00Z,nodd,nodd
2026-09-24,birmingham-al,22,2026-09-25T03:00:00Z,292.64,0.0,3.63,0.0,2026-09-25T04:00:00Z,nodd,nodd
2026-09-24,birmingham-al,23,2026-09-25T04:00:00Z,292.36,0.07,1.28,0.0,2026-09-25T05:00:00Z,nodd,nodd
2026-09-24,fresno-ca,00,2026-09-24T07:00:00Z,296.63,0.38,2.09,0.0,2026-09-24T08:00:00Z,nodd,nodd
2026-09-24,fresno-ca,01,2026-09-24T08:00:00Z,295.69,0.57,1.18,0.0,2026-09-24T09:00:00Z,nodd,nodd
2026-09-24,fresno-ca,02,2026-09-24T09:00:00Z,295.11,1.76,1.76,0.0,2026-09-24T10:00:00Z,nodd,nodd
2026-09-24,fresno-ca,03,2026-09-24T10:00:00Z,294.13,0.0,2.0,0.0,2026-09-24T11:00:00Z,nodd,nodd
2026-09-24,fresno-ca,04,2026-09-24T11:00:00Z,293.12,0.23,1.4,0.0,2026-09-24T12:00:00Z,nodd,nodd
2026-09-24,fresno-ca,05,2026-09-24T12:00:00Z,292.4,0.63,1.74,0.0,2026-09-24T13:00:00Z,nodd,nodd
2026-09-24,fresno-ca,06,2026-09-24T13:00:00Z,292.11,0.89,2.29,0.0,2026-09-24T14:00:00Z,nodd,nodd
2026-09-24,fresno-ca,07,2026-09-24T14:00:00Z,292.38,0.9,3.51,0.0,2026-09-24T15:00:00Z,nodd,nodd
2026-09-24,fresno-ca,08,2026-09-24T15:00:00Z,293.63,0.46,1.09,0.0,2026-09-24T16:00:00Z,nodd,nodd
2026-09-24,fresno-ca,09,2026-09-24T16:00:00Z,297.41,0.69,1.38,0.0,2026-09-24T17:00:00Z,nodd,nodd
2026-09-24,fresno-ca,10,2026-09-24T17:00:00Z,299.67,0.92,2.43,0.0,2026-09-24T18:00:00Z,nodd,nodd
2026-09-24,fresno-ca,11,2026-09-24T18:00:00Z,302.28,0.6,2.59,0.0,2026-09-24T19:00:00Z,nodd,nodd
2026-09-24,fresno-ca,12,2026-09-24T19:00:00Z,304.63,1.19,3.26,0.0,2026-09-24T20:00:00Z,nodd,nodd
2026-09-24,fresno-ca,13,2026-09-24T20:00:00Z,306.26,0.89,3.33,0.0,2026-09-24T21:00:00Z,nodd,nodd
2026-09-24,fresno-ca,14,2026-09-24T21:00:00Z,307.76,1.17,3.16,0.0,2026-09-24T22:00:00Z,nodd,nodd
2026-09-24,fresno-ca,15,2026-09-24T22:00:00Z,309.08,1.09,3.44,0.0,2026-09-24T23:00:00Z,nodd,nodd
2026-09-24,fresno-ca,16,2026-09-24T23:00:00Z,309.91,0.89,2.7,0.0,2026-09-25T00:00:00Z,nodd,nodd
2026-09-24,fresno-ca,17,2026-09-25T00:00:00Z,310.21,0.88,2.99,0.0,2026-09-25T01:00:00Z,nodd,nodd
2026-09-24,fresno-ca,18,2026-09-25T01:00:00Z,309.91,1.22,1.76,0.0,2026-09-25T02:00:00Z,nodd,nodd
2026-09-24,fresno-ca,19,2026-09-25T02:00:00Z,306.57,1.41,1.41,0.0,2026-09-25T03:00:00Z,nodd,nodd
2026-09-24,fresno-ca,20,2026-09-25T03:00:00Z,304.75,3.43,5.56,0.0,2026-09-25T04:00:00Z,nodd,nodd
2026-09-24,fresno-ca,21,2026-09-25T04:00:00Z,303.45,3.51,6.07,0.0,2026-09-25T05:00:00Z,nodd,nodd
2026-09-24,fresno-ca,22,2026-09-25T05:00:00Z,301.81,3.54,6.44,0.0,2026-09-25T06:00:00Z,nodd,nodd
2026-09-24,fresno-ca,23,2026-09-25T06:00:00Z,299.75,3.66,5.33,0.0,2026-09-25T07:00:00Z,nodd,nodd
2026-09-24,grand-rapids-mi,00,2026-09-24T04:00:00Z,286.84,3.73,7.77,0.0,2026-09-24T05:00:00Z,nodd,nodd
2026-09-24,grand-rapids-mi,01,2026-09-24T05:00:00Z,286.21,2.72,7.22,0.0,2026-09-24T06:00:00Z,nodd,nodd
2026-09-24,grand-rapids-mi,02,2026-09-24T06:00:00Z,285.92,2.37,6.14,0.0,2026-09-24T07:00:00Z,nodd,nodd
2026-09-24,grand-rapids-mi,03,2026-09-24T07:00:00Z,285.3,2.25,5.07,0.0,2026-09-24T08:00:00Z,nodd,nodd
2026-09-24,grand-rapids-mi,04,2026-09-24T08:00:00Z,284.78,1.37,3.98,0.0,2026-09-24T09:00:00Z,nodd,nodd
2026-09-24,grand-rapids-mi,05,2026-09-24T09:00:00Z,284.63,1.87,4.66,0.0,2026-09-24T10:00:00Z,nodd,nodd
2026-09-24,grand-rapids-mi,06,2026-09-24T10:00:00Z,284.34,2.47,4.63,0.0,2026-09-24T11:00:00Z,nodd,nodd
2026-09-24,grand-rapids-mi,07,2026-09-24T11:00:00Z,283.8,2.18,5.58,0.0,2026-09-24T12:00:00Z,nodd,nodd
2026-09-24,grand-rapids-mi,08,2026-09-24T12:00:00Z,283.35,0.81,5.31,0.0,2026-09-24T13:00:00Z,nodd,nodd
2026-09-24,grand-rapids-mi,09,2026-09-24T13:00:00Z,284.91,3.05,7.07,0.0,2026-09-24T14:00:00Z,nodd,nodd
2026-09-24,grand-rapids-mi,10,2026-09-24T14:00:00Z,287.35,2.94,7.83,0.0,2026-09-24T15:00:00Z,nodd,nodd
2026-09-24,grand-rapids-mi,11,2026-09-24T15:00:00Z,289.9,3.6,7.33,0.0,2026-09-24T16:00:00Z,nodd,nodd
2026-09-24,grand-rapids-mi,12,2026-09-24T16:00:00Z,291.78,3.8,7.78,0.0,2026-09-24T17:00:00Z,nodd,nodd
2026-09-24,grand-rapids-mi,13,2026-09-24T17:00:00Z,293.72,4.61,9.37,0.0,2026-09-24T18:00:00Z,nodd,nodd
2026-09-24,grand-rapids-mi,14,2026-09-24T18:00:00Z,294.58,4.95,9.04,0.0,2026-09-24T19:00:00Z,nodd,nodd
2026-09-24,grand-rapids-mi,15,2026-09-24T19:00:00Z,295.12,5.91,10.88,0.0,2026-09-24T20:00:00Z,nodd,nodd
2026-09-24,grand-rapids-mi,16,2026-09-24T20:00:00Z,295.28,4.33,8.12,0.0,2026-09-24T21:00:00Z,nodd,nodd
2026-09-24,grand-rapids-mi,17,2026-09-24T21:00:00Z,295.27,4.36,9.21,0.0,2026-09-24T22:00:00Z,nodd,nodd
2026-09-24,grand-rapids-mi,18,2026-09-24T22:00:00Z,295.05,3.36,5.41,0.0,2026-09-24T23:00:00Z,nodd,nodd
2026-09-24,grand-rapids-mi,19,2026-09-24T23:00:00Z,294.08,1.77,4.67,0.0,2026-09-25T00:00:00Z,nodd,nodd
2026-09-24,grand-rapids-mi,20,2026-09-25T00:00:00Z,290.68,2.12,3.43,0.0,2026-09-25T01:00:00Z,nodd,nodd
2026-09-24,grand-rapids-mi,21,2026-09-25T01:00:00Z,288.98,2.23,3.01,0.0,2026-09-25T02:00:00Z,nodd,nodd
2026-09-24,grand-rapids-mi,22,2026-09-25T02:00:00Z,287.92,2.31,4.1,0.0,2026-09-25T03:00:00Z,nodd,nodd
2026-09-24,grand-rapids-mi,23,2026-09-25T03:00:00Z,287.21,2.49,4.83,0.0,2026-09-25T04:00:00Z,nodd,nodd
2026-09-24,hartford-ct,00,2026-09-24T04:00:00Z,282.49,3.41,5.9,0.0,2026-09-24T05:00:00Z,nodd,nodd
2026-09-24,hartford-ct,01,2026-09-24T05:00:00Z,282.19,2.55,6.79,0.0,2026-09-24T06:00:00Z,nodd,nodd
2026-09-24,hartford-ct,02,2026-09-24T06:00:00Z,281.97,3.37,6.75,0.0,2026-09-24T07:00:00Z,nodd,nodd
2026-09-24,hartford-ct,03,2026-09-24T07:00:00Z,281.72,3.69,4.43,0.0,2026-09-24T08:00:00Z,nodd,nodd
2026-09-24,hartford-ct,04,2026-09-24T08:00:00Z,281.36,2.68,6.38,0.0,2026-09-24T09:00:00Z,nodd,nodd
2026-09-24,hartford-ct,05,2026-09-24T09:00:00Z,281.36,3.94,7.25,0.0,2026-09-24T10:00:00Z,nodd,nodd
2026-09-24,hartford-ct,06,2026-09-24T10:00:00Z,281.28,3.47,7.58,0.0,2026-09-24T11:00:00Z,nodd,nodd
2026-09-24,hartford-ct,07,2026-09-24T11:00:00Z,280.95,2.92,6.57,0.0,2026-09-24T12:00:00Z,nodd,nodd
2026-09-24,hartford-ct,08,2026-09-24T12:00:00Z,281.96,3.89,5.31,0.0,2026-09-24T13:00:00Z,nodd,nodd
2026-09-24,hartford-ct,09,2026-09-24T13:00:00Z,284.18,5.01,6.4,0.0,2026-09-24T14:00:00Z,nodd,nodd
2026-09-24,hartford-ct,10,2026-09-24T14:00:00Z,286.68,5.59,8.98,0.0,2026-09-24T15:00:00Z,nodd,nodd
2026-09-24,hartford-ct,11,2026-09-24T15:00:00Z,289.06,5.45,9.07,0.0,2026-09-24T16:00:00Z,nodd,nodd
2026-09-24,hartford-ct,12,2026-09-24T16:00:00Z,291.3,6.19,9.32,0.0,2026-09-24T17:00:00Z,nodd,nodd
2026-09-24,hartford-ct,13,2026-09-24T17:00:00Z,292.57,6.29,9.76,0.0,2026-09-24T18:00:00Z,nodd,nodd
2026-09-24,hartford-ct,14,2026-09-24T18:00:00Z,293.46,5.83,9.14,0.0,2026-09-24T19:00:00Z,nodd,nodd
2026-09-24,hartford-ct,15,2026-09-24T19:00:00Z,293.66,6.28,10.64,0.0,2026-09-24T20:00:00Z,nodd,nodd
2026-09-24,hartford-ct,16,2026-09-24T20:00:00Z,293.77,6.42,9.51,0.0,2026-09-24T21:00:00Z,nodd,nodd
2026-09-24,hartford-ct,17,2026-09-24T21:00:00Z,292.82,5.62,7.7,0.0,2026-09-24T22:00:00Z,nodd,nodd
2026-09-24,hartford-ct,18,2026-09-24T22:00:00Z,291.27,4.61,7.75,0.0,2026-09-24T23:00:00Z,nodd,nodd
2026-09-24,hartford-ct,19,2026-09-24T23:00:00Z,288.8,3.08,3.08,0.0,2026-09-25T00:00:00Z,nodd,nodd
2026-09-24,hartford-ct,20,2026-09-25T00:00:00Z,287.49,3.77,7.12,0.0,2026-09-25T01:00:00Z,nodd,nodd
2026-09-24,hartford-ct,21,2026-09-25T01:00:00Z,286.33,3.24,5.46,0.0,2026-09-25T02:00:00Z,nodd,nodd
2026-09-24,hartford-ct,22,2026-09-25T02:00:00Z,284.55,2.98,6.5,0.0,2026-09-25T03:00:00Z,nodd,nodd
2026-09-24,hartford-ct,23,2026-09-25T03:00:00Z,283.7,2.84,3.38,0.0,2026-09-25T04:00:00Z,nodd,nodd
2026-09-24,omaha-ne,00,2026-09-24T05:00:00Z,290.17,2.63,3.21,0.0,2026-09-24T06:00:00Z,nodd,nodd
2026-09-24,omaha-ne,01,2026-09-24T06:00:00Z,289.88,3.0,3.76,0.0,2026-09-24T07:00:00Z,nodd,nodd
2026-09-24,omaha-ne,02,2026-09-24T07:00:00Z,289.6,2.51,4.89,0.0,2026-09-24T08:00:00Z,nodd,nodd
2026-09-24,omaha-ne,03,2026-09-24T08:00:00Z,289.39,2.0,4.62,0.0,2026-09-24T09:00:00Z,nodd,nodd
2026-09-24,omaha-ne,04,2026-09-24T09:00:00Z,289.2,2.42,7.08,0.0,2026-09-24T10:00:00Z,nodd,nodd
2026-09-24,omaha-ne,05,2026-09-24T10:00:00Z,288.96,2.81,4.89,0.0,2026-09-24T11:00:00Z,nodd,nodd
2026-09-24,omaha-ne,06,2026-09-24T11:00:00Z,289.0,2.49,6.65,0.0,2026-09-24T12:00:00Z,nodd,nodd
2026-09-24,omaha-ne,07,2026-09-24T12:00:00Z,288.83,2.67,5.6,0.0,2026-09-24T13:00:00Z,nodd,nodd
2026-09-24,omaha-ne,08,2026-09-24T13:00:00Z,288.97,0.98,2.81,0.0,2026-09-24T14:00:00Z,nodd,nodd
2026-09-24,omaha-ne,09,2026-09-24T14:00:00Z,289.39,2.57,3.51,0.0,2026-09-24T15:00:00Z,nodd,nodd
2026-09-24,omaha-ne,10,2026-09-24T15:00:00Z,290.08,2.67,4.76,0.0,2026-09-24T16:00:00Z,nodd,nodd
2026-09-24,omaha-ne,11,2026-09-24T16:00:00Z,291.1,3.21,3.96,0.0,2026-09-24T17:00:00Z,nodd,nodd
2026-09-24,omaha-ne,12,2026-09-24T17:00:00Z,291.4,3.07,5.25,0.125,2026-09-24T18:00:00Z,nodd,nodd
2026-09-24,omaha-ne,13,2026-09-24T18:00:00Z,291.34,2.33,3.97,0.296875,2026-09-24T19:00:00Z,nodd,nodd
2026-09-24,omaha-ne,14,2026-09-24T19:00:00Z,291.58,2.63,4.63,0.625,2026-09-24T20:00:00Z,nodd,nodd
2026-09-24,omaha-ne,15,2026-09-24T20:00:00Z,291.63,1.63,3.55,1.375,2026-09-24T21:00:00Z,nodd,nodd
2026-09-24,omaha-ne,16,2026-09-24T21:00:00Z,290.69,1.49,3.9,1.09375,2026-09-24T22:00:00Z,nodd,nodd
2026-09-24,omaha-ne,17,2026-09-24T22:00:00Z,290.83,2.52,3.94,0.984375,2026-09-24T23:00:00Z,nodd,nodd
2026-09-24,omaha-ne,18,2026-09-24T23:00:00Z,290.55,3.46,7.04,0.90625,2026-09-25T00:00:00Z,nodd,nodd
2026-09-24,omaha-ne,19,2026-09-25T00:00:00Z,289.9,2.6,7.35,0.0,2026-09-25T01:00:00Z,nodd,nodd
2026-09-24,omaha-ne,20,2026-09-25T01:00:00Z,289.72,1.31,1.62,0.0,2026-09-25T02:00:00Z,nodd,nodd
2026-09-24,omaha-ne,21,2026-09-25T02:00:00Z,289.81,0.47,1.91,0.0,2026-09-25T03:00:00Z,nodd,nodd
2026-09-24,omaha-ne,22,2026-09-25T03:00:00Z,289.77,1.02,1.02,0.0,2026-09-25T04:00:00Z,nodd,nodd
2026-09-24,omaha-ne,23,2026-09-25T04:00:00Z,289.59,1.55,3.32,0.3125,2026-09-25T05:00:00Z,nodd,nodd
2026-09-24,new-orleans-la,00,2026-09-24T05:00:00Z,300.36,0.89,0.89,0.0,2026-09-24T06:00:00Z,nodd,nodd
2026-09-24,new-orleans-la,01,2026-09-24T06:00:00Z,299.97,0.0,0.39,0.0,2026-09-24T07:00:00Z,nodd,nodd
2026-09-24,new-orleans-la,02,2026-09-24T07:00:00Z,299.73,0.0,0.85,0.0,2026-09-24T08:00:00Z,nodd,nodd
2026-09-24,new-orleans-la,03,2026-09-24T08:00:00Z,299.54,0.75,0.85,0.0,2026-09-24T09:00:00Z,nodd,nodd
2026-09-24,new-orleans-la,04,2026-09-24T09:00:00Z,299.89,2.35,6.42,0.0,2026-09-24T10:00:00Z,nodd,nodd
2026-09-24,new-orleans-la,05,2026-09-24T10:00:00Z,299.74,2.06,6.16,0.0,2026-09-24T11:00:00Z,nodd,nodd
2026-09-24,new-orleans-la,06,2026-09-24T11:00:00Z,298.99,3.27,8.14,0.0,2026-09-24T12:00:00Z,nodd,nodd
2026-09-24,new-orleans-la,07,2026-09-24T12:00:00Z,298.08,3.6,8.78,0.0,2026-09-24T13:00:00Z,nodd,nodd
2026-09-24,new-orleans-la,08,2026-09-24T13:00:00Z,298.32,3.19,7.38,0.0,2026-09-24T14:00:00Z,nodd,nodd
2026-09-24,new-orleans-la,09,2026-09-24T14:00:00Z,299.14,3.11,6.14,0.0,2026-09-24T15:00:00Z,nodd,nodd
2026-09-24,new-orleans-la,10,2026-09-24T15:00:00Z,300.59,2.59,4.03,0.0,2026-09-24T16:00:00Z,nodd,nodd
2026-09-24,new-orleans-la,11,2026-09-24T16:00:00Z,302.04,2.53,2.79,0.0,2026-09-24T17:00:00Z,nodd,nodd
2026-09-24,new-orleans-la,12,2026-09-24T17:00:00Z,303.22,3.2,4.15,0.0,2026-09-24T18:00:00Z,nodd,nodd
2026-09-24,new-orleans-la,13,2026-09-24T18:00:00Z,304.1,3.44,4.19,0.0,2026-09-24T19:00:00Z,nodd,nodd
2026-09-24,new-orleans-la,14,2026-09-24T19:00:00Z,304.87,3.15,4.0,0.0,2026-09-24T20:00:00Z,nodd,nodd
2026-09-24,new-orleans-la,15,2026-09-24T20:00:00Z,304.98,3.22,3.36,0.0,2026-09-24T21:00:00Z,nodd,nodd
2026-09-24,new-orleans-la,16,2026-09-24T21:00:00Z,305.13,3.81,3.81,0.0,2026-09-24T22:00:00Z,nodd,nodd
2026-09-24,new-orleans-la,17,2026-09-24T22:00:00Z,304.97,3.31,3.31,0.0,2026-09-24T23:00:00Z,nodd,nodd
2026-09-24,new-orleans-la,18,2026-09-24T23:00:00Z,303.8,2.86,5.03,0.0,2026-09-25T00:00:00Z,nodd,nodd
2026-09-24,new-orleans-la,19,2026-09-25T00:00:00Z,302.99,1.96,4.01,0.0,2026-09-25T01:00:00Z,nodd,nodd
2026-09-24,new-orleans-la,20,2026-09-25T01:00:00Z,302.39,2.72,5.62,0.0,2026-09-25T02:00:00Z,nodd,nodd
2026-09-24,new-orleans-la,21,2026-09-25T02:00:00Z,301.94,1.62,5.65,0.0,2026-09-25T03:00:00Z,nodd,nodd
2026-09-24,new-orleans-la,22,2026-09-25T03:00:00Z,301.26,1.36,6.06,0.0,2026-09-25T04:00:00Z,nodd,nodd
2026-09-24,new-orleans-la,23,2026-09-25T04:00:00Z,300.82,2.68,6.2,0.0,2026-09-25T05:00:00Z,nodd,nodd
2026-09-24,albuquerque-nm,00,2026-09-24T06:00:00Z,288.44,0.54,3.69,0.0,2026-09-24T07:00:00Z,nodd,nodd
2026-09-24,albuquerque-nm,01,2026-09-24T07:00:00Z,287.61,2.37,4.22,0.0,2026-09-24T08:00:00Z,nodd,nodd
2026-09-24,albuquerque-nm,02,2026-09-24T08:00:00Z,287.42,1.11,3.75,0.0,2026-09-24T09:00:00Z,nodd,nodd
2026-09-24,albuquerque-nm,03,2026-09-24T09:00:00Z,287.51,0.47,2.66,0.0,2026-09-24T10:00:00Z,nodd,nodd
2026-09-24,albuquerque-nm,04,2026-09-24T10:00:00Z,287.65,0.6,3.3,0.0,2026-09-24T11:00:00Z,nodd,nodd
2026-09-24,albuquerque-nm,05,2026-09-24T11:00:00Z,287.53,2.23,4.15,0.09375,2026-09-24T12:00:00Z,nodd,nodd
2026-09-24,albuquerque-nm,06,2026-09-24T12:00:00Z,287.83,1.96,1.96,0.25,2026-09-24T13:00:00Z,nodd,nodd
2026-09-24,albuquerque-nm,07,2026-09-24T13:00:00Z,287.97,1.62,1.8,0.0,2026-09-24T14:00:00Z,nodd,nodd
2026-09-24,albuquerque-nm,08,2026-09-24T14:00:00Z,288.13,1.57,2.92,0.0,2026-09-24T15:00:00Z,nodd,nodd
2026-09-24,albuquerque-nm,09,2026-09-24T15:00:00Z,289.03,1.5,2.46,0.0,2026-09-24T16:00:00Z,nodd,nodd
2026-09-24,albuquerque-nm,10,2026-09-24T16:00:00Z,290.31,1.83,3.35,0.0,2026-09-24T17:00:00Z,nodd,nodd
2026-09-24,albuquerque-nm,11,2026-09-24T17:00:00Z,292.75,2.29,4.05,0.0,2026-09-24T18:00:00Z,nodd,nodd
2026-09-24,albuquerque-nm,12,2026-09-24T18:00:00Z,294.47,3.2,4.03,0.0,2026-09-24T19:00:00Z,nodd,nodd
2026-09-24,albuquerque-nm,13,2026-09-24T19:00:00Z,296.32,2.99,3.54,0.0,2026-09-24T20:00:00Z,nodd,nodd
2026-09-24,albuquerque-nm,14,2026-09-24T20:00:00Z,296.59,3.23,4.94,0.0,2026-09-24T21:00:00Z,nodd,nodd
2026-09-24,albuquerque-nm,15,2026-09-24T21:00:00Z,297.64,2.85,6.24,0.0,2026-09-24T22:00:00Z,nodd,nodd
2026-09-24,albuquerque-nm,16,2026-09-24T22:00:00Z,297.23,3.18,6.94,0.0,2026-09-24T23:00:00Z,nodd,nodd
2026-09-24,albuquerque-nm,17,2026-09-24T23:00:00Z,297.48,2.63,6.05,0.0,2026-09-25T00:00:00Z,nodd,nodd
2026-09-24,albuquerque-nm,18,2026-09-25T00:00:00Z,296.24,0.81,4.74,0.0,2026-09-25T01:00:00Z,nodd,nodd
2026-09-24,albuquerque-nm,19,2026-09-25T01:00:00Z,295.34,0.43,2.47,0.0,2026-09-25T02:00:00Z,nodd,nodd
2026-09-24,albuquerque-nm,20,2026-09-25T02:00:00Z,293.01,0.0,0.44,0.0,2026-09-25T03:00:00Z,nodd,nodd
2026-09-24,albuquerque-nm,21,2026-09-25T03:00:00Z,291.61,1.18,1.18,0.0,2026-09-25T04:00:00Z,nodd,nodd
2026-09-24,albuquerque-nm,22,2026-09-25T04:00:00Z,290.27,2.08,2.08,0.0,2026-09-25T05:00:00Z,nodd,nodd
2026-09-24,albuquerque-nm,23,2026-09-25T05:00:00Z,290.22,2.42,2.42,0.0,2026-09-25T06:00:00Z,nodd,nodd
2026-09-24,charleston-sc,00,2026-09-24T04:00:00Z,294.1,5.59,9.58,0.0,2026-09-24T05:00:00Z,nodd,nodd
2026-09-24,charleston-sc,01,2026-09-24T05:00:00Z,293.99,6.03,9.6,0.0,2026-09-24T06:00:00Z,nodd,nodd
2026-09-24,charleston-sc,02,2026-09-24T06:00:00Z,294.04,5.81,9.38,0.0,2026-09-24T07:00:00Z,nodd,nodd
2026-09-24,charleston-sc,03,2026-09-24T07:00:00Z,293.96,5.92,9.83,0.0,2026-09-24T08:00:00Z,nodd,nodd
2026-09-24,charleston-sc,04,2026-09-24T08:00:00Z,293.71,5.05,9.82,0.0,2026-09-24T09:00:00Z,nodd,nodd
2026-09-24,charleston-sc,05,2026-09-24T09:00:00Z,293.85,5.6,9.06,0.0,2026-09-24T10:00:00Z,nodd,nodd
2026-09-24,charleston-sc,06,2026-09-24T10:00:00Z,293.99,5.36,10.34,0.0,2026-09-24T11:00:00Z,nodd,nodd
2026-09-24,charleston-sc,07,2026-09-24T11:00:00Z,293.66,5.39,9.95,0.0,2026-09-24T12:00:00Z,nodd,nodd
2026-09-24,charleston-sc,08,2026-09-24T12:00:00Z,293.54,5.23,8.8,0.0,2026-09-24T13:00:00Z,nodd,nodd
2026-09-24,charleston-sc,09,2026-09-24T13:00:00Z,293.59,6.29,10.14,0.0,2026-09-24T14:00:00Z,nodd,nodd
2026-09-24,charleston-sc,10,2026-09-24T14:00:00Z,293.76,5.33,9.54,0.0,2026-09-24T15:00:00Z,nodd,nodd
2026-09-24,charleston-sc,11,2026-09-24T15:00:00Z,293.73,5.81,10.19,0.0,2026-09-24T16:00:00Z,nodd,nodd
2026-09-24,charleston-sc,12,2026-09-24T16:00:00Z,293.95,5.77,9.66,0.0,2026-09-24T17:00:00Z,nodd,nodd
2026-09-24,charleston-sc,13,2026-09-24T17:00:00Z,294.32,6.18,9.25,0.0,2026-09-24T18:00:00Z,nodd,nodd
2026-09-24,charleston-sc,14,2026-09-24T18:00:00Z,293.76,6.46,10.94,0.0,2026-09-24T19:00:00Z,nodd,nodd
2026-09-24,charleston-sc,15,2026-09-24T19:00:00Z,293.75,6.34,10.54,0.0,2026-09-24T20:00:00Z,nodd,nodd
2026-09-24,charleston-sc,16,2026-09-24T20:00:00Z,293.13,5.78,10.04,0.0,2026-09-24T21:00:00Z,nodd,nodd
2026-09-24,charleston-sc,17,2026-09-24T21:00:00Z,292.3,6.31,10.39,0.0,2026-09-24T22:00:00Z,nodd,nodd
2026-09-24,charleston-sc,18,2026-09-24T22:00:00Z,292.32,5.41,9.43,0.828125,2026-09-24T23:00:00Z,nodd,nodd
2026-09-24,charleston-sc,19,2026-09-24T23:00:00Z,291.21,5.43,8.1,0.0,2026-09-25T00:00:00Z,nodd,nodd
2026-09-24,charleston-sc,20,2026-09-25T00:00:00Z,291.06,6.26,10.19,0.0,2026-09-25T01:00:00Z,nodd,nodd
2026-09-24,charleston-sc,21,2026-09-25T01:00:00Z,291.01,6.13,9.95,0.0,2026-09-25T02:00:00Z,nodd,nodd
2026-09-24,charleston-sc,22,2026-09-25T02:00:00Z,291.01,6.33,10.29,0.0,2026-09-25T03:00:00Z,nodd,nodd
2026-09-24,charleston-sc,23,2026-09-25T03:00:00Z,290.55,6.0,11.12,0.0,2026-09-25T04:00:00Z,nodd,nodd
2026-09-24,boise-id,00,2026-09-24T06:00:00Z,294.63,1.83,3.36,0.0,2026-09-24T07:00:00Z,nodd,nodd
2026-09-24,boise-id,01,2026-09-24T07:00:00Z,294.98,2.93,6.25,0.0,2026-09-24T08:00:00Z,nodd,nodd
2026-09-24,boise-id,02,2026-09-24T08:00:00Z,295.46,1.79,6.04,0.0,2026-09-24T09:00:00Z,nodd,nodd
2026-09-24,boise-id,03,2026-09-24T09:00:00Z,293.46,0.98,4.82,0.0,2026-09-24T10:00:00Z,nodd,nodd
2026-09-24,boise-id,04,2026-09-24T10:00:00Z,290.33,1.73,3.07,0.0,2026-09-24T11:00:00Z,nodd,nodd
2026-09-24,boise-id,05,2026-09-24T11:00:00Z,288.74,0.6,4.54,0.0,2026-09-24T12:00:00Z,nodd,nodd
2026-09-24,boise-id,06,2026-09-24T12:00:00Z,287.86,1.47,3.97,0.0,2026-09-24T13:00:00Z,nodd,nodd
2026-09-24,boise-id,07,2026-09-24T13:00:00Z,287.82,1.33,2.0,0.0,2026-09-24T14:00:00Z,nodd,nodd
2026-09-24,boise-id,08,2026-09-24T14:00:00Z,287.48,0.65,1.91,0.0,2026-09-24T15:00:00Z,nodd,nodd
2026-09-24,boise-id,09,2026-09-24T15:00:00Z,289.13,1.36,2.1,0.0,2026-09-24T16:00:00Z,nodd,nodd
2026-09-24,boise-id,10,2026-09-24T16:00:00Z,291.8,1.44,1.55,0.0,2026-09-24T17:00:00Z,nodd,nodd
2026-09-24,boise-id,11,2026-09-24T17:00:00Z,294.72,0.0,7.31,0.0,2026-09-24T18:00:00Z,nodd,nodd
2026-09-24,boise-id,12,2026-09-24T18:00:00Z,299.06,1.36,7.82,0.0,2026-09-24T19:00:00Z,nodd,nodd
2026-09-24,boise-id,13,2026-09-24T19:00:00Z,304.07,4.15,10.81,0.0,2026-09-24T20:00:00Z,nodd,nodd
2026-09-24,boise-id,14,2026-09-24T20:00:00Z,305.23,4.53,9.13,0.0,2026-09-24T21:00:00Z,nodd,nodd
2026-09-24,boise-id,15,2026-09-24T21:00:00Z,306.38,4.11,9.36,0.0,2026-09-24T22:00:00Z,nodd,nodd
2026-09-24,boise-id,16,2026-09-24T22:00:00Z,306.94,3.61,9.31,0.0,2026-09-24T23:00:00Z,nodd,nodd
2026-09-24,boise-id,17,2026-09-24T23:00:00Z,306.89,3.39,9.62,0.0,2026-09-25T00:00:00Z,nodd,nodd
2026-09-24,boise-id,18,2026-09-25T00:00:00Z,306.51,3.62,7.33,0.0,2026-09-25T01:00:00Z,nodd,nodd
2026-09-24,boise-id,19,2026-09-25T01:00:00Z,304.63,1.97,6.93,0.0,2026-09-25T02:00:00Z,nodd,nodd
2026-09-24,boise-id,20,2026-09-25T02:00:00Z,301.03,1.75,7.16,0.0,2026-09-25T03:00:00Z,nodd,nodd
2026-09-24,boise-id,21,2026-09-25T03:00:00Z,300.12,2.39,6.03,0.0,2026-09-25T04:00:00Z,nodd,nodd
2026-09-24,boise-id,22,2026-09-25T04:00:00Z,298.6,2.46,4.56,0.0,2026-09-25T05:00:00Z,nodd,nodd
2026-09-24,boise-id,23,2026-09-25T05:00:00Z,296.72,2.13,3.44,0.0,2026-09-25T06:00:00Z,nodd,nodd
2026-09-24,little-rock-ar,00,2026-09-24T05:00:00Z,293.52,2.46,3.97,0.0,2026-09-24T06:00:00Z,nodd,nodd
2026-09-24,little-rock-ar,01,2026-09-24T06:00:00Z,292.71,1.82,2.11,0.0,2026-09-24T07:00:00Z,nodd,nodd
2026-09-24,little-rock-ar,02,2026-09-24T07:00:00Z,291.79,1.64,4.17,0.0,2026-09-24T08:00:00Z,nodd,nodd
2026-09-24,little-rock-ar,03,2026-09-24T08:00:00Z,291.0,0.76,2.1,0.0,2026-09-24T09:00:00Z,nodd,nodd
2026-09-24,little-rock-ar,04,2026-09-24T09:00:00Z,290.1,1.11,2.07,0.0,2026-09-24T10:00:00Z,nodd,nodd
2026-09-24,little-rock-ar,05,2026-09-24T10:00:00Z,289.96,0.61,1.5,0.0,2026-09-24T11:00:00Z,nodd,nodd
2026-09-24,little-rock-ar,06,2026-09-24T11:00:00Z,289.47,1.13,1.46,0.0,2026-09-24T12:00:00Z,nodd,nodd
2026-09-24,little-rock-ar,07,2026-09-24T12:00:00Z,288.92,1.7,1.7,0.0,2026-09-24T13:00:00Z,nodd,nodd
2026-09-24,little-rock-ar,08,2026-09-24T13:00:00Z,290.32,2.09,4.28,0.0,2026-09-24T14:00:00Z,nodd,nodd
2026-09-24,little-rock-ar,09,2026-09-24T14:00:00Z,292.58,3.27,3.65,0.0,2026-09-24T15:00:00Z,nodd,nodd
2026-09-24,little-rock-ar,10,2026-09-24T15:00:00Z,294.33,2.03,3.19,0.0,2026-09-24T16:00:00Z,nodd,nodd
2026-09-24,little-rock-ar,11,2026-09-24T16:00:00Z,295.76,3.62,7.29,0.0,2026-09-24T17:00:00Z,nodd,nodd
2026-09-24,little-rock-ar,12,2026-09-24T17:00:00Z,296.83,3.31,7.62,0.0,2026-09-24T18:00:00Z,nodd,nodd
2026-09-24,little-rock-ar,13,2026-09-24T18:00:00Z,298.15,3.67,6.24,0.0,2026-09-24T19:00:00Z,nodd,nodd
2026-09-24,little-rock-ar,14,2026-09-24T19:00:00Z,298.93,3.59,4.41,0.0,2026-09-24T20:00:00Z,nodd,nodd
2026-09-24,little-rock-ar,15,2026-09-24T20:00:00Z,299.28,4.0,5.37,0.0,2026-09-24T21:00:00Z,nodd,nodd
2026-09-24,little-rock-ar,16,2026-09-24T21:00:00Z,298.53,4.57,7.04,0.0,2026-09-24T22:00:00Z,nodd,nodd
2026-09-24,little-rock-ar,17,2026-09-24T22:00:00Z,298.05,4.05,8.17,0.0,2026-09-24T23:00:00Z,nodd,nodd
2026-09-24,little-rock-ar,18,2026-09-24T23:00:00Z,297.17,4.23,6.6,0.0,2026-09-25T00:00:00Z,nodd,nodd
2026-09-24,little-rock-ar,19,2026-09-25T00:00:00Z,295.78,4.33,6.1,0.0,2026-09-25T01:00:00Z,nodd,nodd
2026-09-24,little-rock-ar,20,2026-09-25T01:00:00Z,294.38,2.92,4.8,0.0,2026-09-25T02:00:00Z,nodd,nodd
2026-09-24,little-rock-ar,21,2026-09-25T02:00:00Z,293.5,2.45,4.28,0.0,2026-09-25T03:00:00Z,nodd,nodd
2026-09-24,little-rock-ar,22,2026-09-25T03:00:00Z,292.55,1.58,2.98,0.0,2026-09-25T04:00:00Z,nodd,nodd
2026-09-24,little-rock-ar,23,2026-09-25T04:00:00Z,291.86,1.97,2.58,0.0,2026-09-25T05:00:00Z,nodd,nodd
2026-09-24,des-moines-ia,00,2026-09-24T05:00:00Z,287.19,1.62,1.91,0.0,2026-09-24T06:00:00Z,nodd,nodd
2026-09-24,des-moines-ia,01,2026-09-24T06:00:00Z,287.29,0.98,1.53,0.0,2026-09-24T07:00:00Z,nodd,nodd
2026-09-24,des-moines-ia,02,2026-09-24T07:00:00Z,287.44,0.75,1.1,0.0,2026-09-24T08:00:00Z,nodd,nodd
2026-09-24,des-moines-ia,03,2026-09-24T08:00:00Z,287.23,1.26,1.34,0.0,2026-09-24T09:00:00Z,nodd,nodd
2026-09-24,des-moines-ia,04,2026-09-24T09:00:00Z,287.07,1.2,2.5,0.0,2026-09-24T10:00:00Z,nodd,nodd
2026-09-24,des-moines-ia,05,2026-09-24T10:00:00Z,286.95,2.53,3.66,0.0,2026-09-24T11:00:00Z,nodd,nodd
2026-09-24,des-moines-ia,06,2026-09-24T11:00:00Z,286.76,1.97,3.28,0.0,2026-09-24T12:00:00Z,nodd,nodd
2026-09-24,des-moines-ia,07,2026-09-24T12:00:00Z,286.67,2.18,2.78,0.0,2026-09-24T13:00:00Z,nodd,nodd
2026-09-24,des-moines-ia,08,2026-09-24T13:00:00Z,287.1,2.25,3.48,0.0,2026-09-24T14:00:00Z,nodd,nodd
2026-09-24,des-moines-ia,09,2026-09-24T14:00:00Z,288.4,2.66,4.91,0.0,2026-09-24T15:00:00Z,nodd,nodd
2026-09-24,des-moines-ia,10,2026-09-24T15:00:00Z,290.6,2.07,4.92,0.0,2026-09-24T16:00:00Z,nodd,nodd
2026-09-24,des-moines-ia,11,2026-09-24T16:00:00Z,291.75,2.61,3.81,0.0,2026-09-24T17:00:00Z,nodd,nodd
2026-09-24,des-moines-ia,12,2026-09-24T17:00:00Z,292.52,2.31,3.3,0.0,2026-09-24T18:00:00Z,nodd,nodd
2026-09-24,des-moines-ia,13,2026-09-24T18:00:00Z,293.02,2.45,4.19,0.0,2026-09-24T19:00:00Z,nodd,nodd
2026-09-24,des-moines-ia,14,2026-09-24T19:00:00Z,293.38,2.55,2.95,0.0,2026-09-24T20:00:00Z,nodd,nodd
2026-09-24,des-moines-ia,15,2026-09-24T20:00:00Z,292.51,2.68,3.17,0.0,2026-09-24T21:00:00Z,nodd,nodd
2026-09-24,des-moines-ia,16,2026-09-24T21:00:00Z,292.57,1.6,2.21,0.0,2026-09-24T22:00:00Z,nodd,nodd
2026-09-24,des-moines-ia,17,2026-09-24T22:00:00Z,292.11,1.56,2.82,0.03125,2026-09-24T23:00:00Z,nodd,nodd
2026-09-24,des-moines-ia,18,2026-09-24T23:00:00Z,291.14,1.42,2.73,1.125,2026-09-25T00:00:00Z,nodd,nodd
2026-09-24,des-moines-ia,19,2026-09-25T00:00:00Z,290.11,2.63,3.5,0.5625,2026-09-25T01:00:00Z,nodd,nodd
2026-09-24,des-moines-ia,20,2026-09-25T01:00:00Z,289.36,3.42,5.27,0.390625,2026-09-25T02:00:00Z,nodd,nodd
2026-09-24,des-moines-ia,21,2026-09-25T02:00:00Z,289.13,2.27,5.53,0.0,2026-09-25T03:00:00Z,nodd,nodd
2026-09-24,des-moines-ia,22,2026-09-25T03:00:00Z,288.75,2.31,2.43,0.0,2026-09-25T04:00:00Z,nodd,nodd
2026-09-24,des-moines-ia,23,2026-09-25T04:00:00Z,288.85,1.05,1.05,0.0,2026-09-25T05:00:00Z,nodd,nodd
2026-09-24,wichita-ks,00,2026-09-24T05:00:00Z,293.42,4.18,7.92,0.0,2026-09-24T06:00:00Z,nodd,nodd
2026-09-24,wichita-ks,01,2026-09-24T06:00:00Z,292.57,3.75,5.67,0.0,2026-09-24T07:00:00Z,nodd,nodd
2026-09-24,wichita-ks,02,2026-09-24T07:00:00Z,291.59,4.11,8.89,0.0,2026-09-24T08:00:00Z,nodd,nodd
2026-09-24,wichita-ks,03,2026-09-24T08:00:00Z,291.21,4.07,8.87,0.0,2026-09-24T09:00:00Z,nodd,nodd
2026-09-24,wichita-ks,04,2026-09-24T09:00:00Z,290.63,3.22,8.24,0.0,2026-09-24T10:00:00Z,nodd,nodd
2026-09-24,wichita-ks,05,2026-09-24T10:00:00Z,290.35,3.38,5.04,0.0,2026-09-24T11:00:00Z,nodd,nodd
2026-09-24,wichita-ks,06,2026-09-24T11:00:00Z,290.34,3.73,5.24,0.0,2026-09-24T12:00:00Z,nodd,nodd
2026-09-24,wichita-ks,07,2026-09-24T12:00:00Z,290.3,3.37,4.36,0.0,2026-09-24T13:00:00Z,nodd,nodd
2026-09-24,wichita-ks,08,2026-09-24T13:00:00Z,290.25,3.54,9.6,0.0,2026-09-24T14:00:00Z,nodd,nodd
2026-09-24,wichita-ks,09,2026-09-24T14:00:00Z,291.21,3.09,7.57,0.0,2026-09-24T15:00:00Z,nodd,nodd
2026-09-24,wichita-ks,10,2026-09-24T15:00:00Z,292.79,3.81,7.68,0.0,2026-09-24T16:00:00Z,nodd,nodd
2026-09-24,wichita-ks,11,2026-09-24T16:00:00Z,295.27,3.85,7.55,0.0,2026-09-24T17:00:00Z,nodd,nodd
2026-09-24,wichita-ks,12,2026-09-24T17:00:00Z,296.81,3.91,6.2,0.0,2026-09-24T18:00:00Z,nodd,nodd
2026-09-24,wichita-ks,13,2026-09-24T18:00:00Z,299.05,3.31,7.28,0.0,2026-09-24T19:00:00Z,nodd,nodd
2026-09-24,wichita-ks,14,2026-09-24T19:00:00Z,301.0,4.75,6.81,0.0,2026-09-24T20:00:00Z,nodd,nodd
2026-09-24,wichita-ks,15,2026-09-24T20:00:00Z,302.4,4.43,7.49,0.0,2026-09-24T21:00:00Z,nodd,nodd
2026-09-24,wichita-ks,16,2026-09-24T21:00:00Z,301.68,5.08,8.79,0.0,2026-09-24T22:00:00Z,nodd,nodd
2026-09-24,wichita-ks,17,2026-09-24T22:00:00Z,300.56,4.09,5.07,0.0,2026-09-24T23:00:00Z,nodd,nodd
2026-09-24,wichita-ks,18,2026-09-24T23:00:00Z,299.4,2.58,5.84,0.0,2026-09-25T00:00:00Z,nodd,nodd
2026-09-24,wichita-ks,19,2026-09-25T00:00:00Z,298.46,3.24,8.38,0.859375,2026-09-25T01:00:00Z,nodd,nodd
2026-09-24,wichita-ks,20,2026-09-25T01:00:00Z,297.08,2.78,8.49,3.125,2026-09-25T02:00:00Z,nodd,nodd
2026-09-24,wichita-ks,21,2026-09-25T02:00:00Z,295.26,2.8,11.01,1.4375,2026-09-25T03:00:00Z,nodd,nodd
2026-09-24,wichita-ks,22,2026-09-25T03:00:00Z,294.47,4.48,7.77,0.0,2026-09-25T04:00:00Z,nodd,nodd
2026-09-24,wichita-ks,23,2026-09-25T04:00:00Z,294.36,2.98,4.34,0.0,2026-09-25T05:00:00Z,nodd,nodd
2026-09-24,jackson-ms,00,2026-09-24T05:00:00Z,297.89,3.51,8.95,0.0,2026-09-24T06:00:00Z,nodd,nodd
2026-09-24,jackson-ms,01,2026-09-24T06:00:00Z,296.61,3.49,7.97,0.0,2026-09-24T07:00:00Z,nodd,nodd
2026-09-24,jackson-ms,02,2026-09-24T07:00:00Z,295.37,3.43,8.12,0.0,2026-09-24T08:00:00Z,nodd,nodd
2026-09-24,jackson-ms,03,2026-09-24T08:00:00Z,294.56,2.28,6.61,0.0,2026-09-24T09:00:00Z,nodd,nodd
2026-09-24,jackson-ms,04,2026-09-24T09:00:00Z,293.54,2.05,6.3,0.0,2026-09-24T10:00:00Z,nodd,nodd
2026-09-24,jackson-ms,05,2026-09-24T10:00:00Z,292.83,1.48,5.54,0.0,2026-09-24T11:00:00Z,nodd,nodd
2026-09-24,jackson-ms,06,2026-09-24T11:00:00Z,291.92,1.23,5.34,0.0,2026-09-24T12:00:00Z,nodd,nodd
2026-09-24,jackson-ms,07,2026-09-24T12:00:00Z,291.63,1.75,4.7,0.0,2026-09-24T13:00:00Z,nodd,nodd
2026-09-24,jackson-ms,08,2026-09-24T13:00:00Z,292.38,1.77,4.82,0.0,2026-09-24T14:00:00Z,nodd,nodd
2026-09-24,jackson-ms,09,2026-09-24T14:00:00Z,294.44,2.95,4.07,0.0,2026-09-24T15:00:00Z,nodd,nodd
2026-09-24,jackson-ms,10,2026-09-24T15:00:00Z,296.31,2.16,2.72,0.0,2026-09-24T16:00:00Z,nodd,nodd
2026-09-24,jackson-ms,11,2026-09-24T16:00:00Z,298.23,2.87,3.47,0.0,2026-09-24T17:00:00Z,nodd,nodd
2026-09-24,jackson-ms,12,2026-09-24T17:00:00Z,299.77,3.0,4.73,0.0,2026-09-24T18:00:00Z,nodd,nodd
2026-09-24,jackson-ms,13,2026-09-24T18:00:00Z,301.28,3.43,6.19,0.0,2026-09-24T19:00:00Z,nodd,nodd
2026-09-24,jackson-ms,14,2026-09-24T19:00:00Z,302.2,2.21,4.37,0.0,2026-09-24T20:00:00Z,nodd,nodd
2026-09-24,jackson-ms,15,2026-09-24T20:00:00Z,302.55,3.13,5.41,0.0,2026-09-24T21:00:00Z,nodd,nodd
2026-09-24,jackson-ms,16,2026-09-24T21:00:00Z,302.56,3.58,5.16,0.0,2026-09-24T22:00:00Z,nodd,nodd
2026-09-24,jackson-ms,17,2026-09-24T22:00:00Z,302.13,3.06,6.48,0.0,2026-09-24T23:00:00Z,nodd,nodd
2026-09-24,jackson-ms,18,2026-09-24T23:00:00Z,301.42,2.65,4.91,0.0,2026-09-25T00:00:00Z,nodd,nodd
2026-09-24,jackson-ms,19,2026-09-25T00:00:00Z,299.57,1.99,4.16,0.0,2026-09-25T01:00:00Z,nodd,nodd
2026-09-24,jackson-ms,20,2026-09-25T01:00:00Z,298.2,1.39,4.55,0.0,2026-09-25T02:00:00Z,nodd,nodd
2026-09-24,jackson-ms,21,2026-09-25T02:00:00Z,297.21,1.01,2.73,0.0,2026-09-25T03:00:00Z,nodd,nodd
2026-09-24,jackson-ms,22,2026-09-25T03:00:00Z,296.11,1.27,2.79,0.0,2026-09-25T04:00:00Z,nodd,nodd
2026-09-24,jackson-ms,23,2026-09-25T04:00:00Z,295.45,0.77,1.7,0.0,2026-09-25T05:00:00Z,nodd,nodd
2026-09-24,portland-me,00,2026-09-24T04:00:00Z,283.16,1.7,2.95,0.0,2026-09-24T05:00:00Z,nodd,nodd
2026-09-24,portland-me,01,2026-09-24T05:00:00Z,282.98,1.4,4.26,0.0,2026-09-24T06:00:00Z,nodd,nodd
2026-09-24,portland-me,02,2026-09-24T06:00:00Z,282.35,1.18,3.89,0.0,2026-09-24T07:00:00Z,nodd,nodd
2026-09-24,portland-me,03,2026-09-24T07:00:00Z,282.57,1.83,7.64,0.0,2026-09-24T08:00:00Z,nodd,nodd
2026-09-24,portland-me,04,2026-09-24T08:00:00Z,282.24,2.28,7.1,0.0,2026-09-24T09:00:00Z,nodd,nodd
2026-09-24,portland-me,05,2026-09-24T09:00:00Z,281.65,2.28,7.22,0.0,2026-09-24T10:00:00Z,nodd,nodd
2026-09-24,portland-me,06,2026-09-24T10:00:00Z,281.49,3.01,5.78,0.0,2026-09-24T11:00:00Z,nodd,nodd
2026-09-24,portland-me,07,2026-09-24T11:00:00Z,281.43,1.73,3.87,0.0,2026-09-24T12:00:00Z,nodd,nodd
2026-09-24,portland-me,08,2026-09-24T12:00:00Z,282.63,1.74,5.22,0.0,2026-09-24T13:00:00Z,nodd,nodd
2026-09-24,portland-me,09,2026-09-24T13:00:00Z,284.27,2.74,5.16,0.0,2026-09-24T14:00:00Z,nodd,nodd
2026-09-24,portland-me,10,2026-09-24T14:00:00Z,285.96,3.86,6.18,0.0,2026-09-24T15:00:00Z,nodd,nodd
2026-09-24,portland-me,11,2026-09-24T15:00:00Z,287.6,3.68,5.13,0.0,2026-09-24T16:00:00Z,nodd,nodd
2026-09-24,portland-me,12,2026-09-24T16:00:00Z,288.56,3.59,4.59,0.0,2026-09-24T17:00:00Z,nodd,nodd
2026-09-24,portland-me,13,2026-09-24T17:00:00Z,289.02,2.39,4.98,0.0,2026-09-24T18:00:00Z,nodd,nodd
2026-09-24,portland-me,14,2026-09-24T18:00:00Z,288.99,3.67,4.87,0.0,2026-09-24T19:00:00Z,nodd,nodd
2026-09-24,portland-me,15,2026-09-24T19:00:00Z,289.23,2.82,4.46,0.0,2026-09-24T20:00:00Z,nodd,nodd
2026-09-24,portland-me,16,2026-09-24T20:00:00Z,289.32,2.35,3.51,0.0,2026-09-24T21:00:00Z,nodd,nodd
2026-09-24,portland-me,17,2026-09-24T21:00:00Z,289.04,2.95,3.1,0.0,2026-09-24T22:00:00Z,nodd,nodd
2026-09-24,portland-me,18,2026-09-24T22:00:00Z,288.82,1.9,3.36,0.0,2026-09-24T23:00:00Z,nodd,nodd
2026-09-24,portland-me,19,2026-09-24T23:00:00Z,288.08,0.0,1.64,0.0,2026-09-25T00:00:00Z,nodd,nodd
2026-09-24,portland-me,20,2026-09-25T00:00:00Z,287.04,0.09,0.58,0.0,2026-09-25T01:00:00Z,nodd,nodd
2026-09-24,portland-me,21,2026-09-25T01:00:00Z,286.26,0.74,2.2,0.0,2026-09-25T02:00:00Z,nodd,nodd
2026-09-24,portland-me,22,2026-09-25T02:00:00Z,285.6,1.13,3.07,0.0,2026-09-25T03:00:00Z,nodd,nodd
2026-09-24,portland-me,23,2026-09-25T03:00:00Z,284.89,1.08,2.78,0.0,2026-09-25T04:00:00Z,nodd,nodd
2026-09-24,manchester-nh,00,2026-09-24T04:00:00Z,279.91,0.52,0.84,0.0,2026-09-24T05:00:00Z,nodd,nodd
2026-09-24,manchester-nh,01,2026-09-24T05:00:00Z,279.86,1.43,2.04,0.0,2026-09-24T06:00:00Z,nodd,nodd
2026-09-24,manchester-nh,02,2026-09-24T06:00:00Z,279.39,1.55,1.55,0.0,2026-09-24T07:00:00Z,nodd,nodd
2026-09-24,manchester-nh,03,2026-09-24T07:00:00Z,278.96,2.0,2.0,0.0,2026-09-24T08:00:00Z,nodd,nodd
2026-09-24,manchester-nh,04,2026-09-24T08:00:00Z,279.14,1.85,1.85,0.0,2026-09-24T09:00:00Z,nodd,nodd
2026-09-24,manchester-nh,05,2026-09-24T09:00:00Z,278.7,1.62,2.28,0.0,2026-09-24T10:00:00Z,nodd,nodd
2026-09-24,manchester-nh,06,2026-09-24T10:00:00Z,278.57,1.68,1.85,0.0,2026-09-24T11:00:00Z,nodd,nodd
2026-09-24,manchester-nh,07,2026-09-24T11:00:00Z,278.43,1.69,1.69,0.0,2026-09-24T12:00:00Z,nodd,nodd
2026-09-24,manchester-nh,08,2026-09-24T12:00:00Z,279.48,0.97,2.11,0.0,2026-09-24T13:00:00Z,nodd,nodd
2026-09-24,manchester-nh,09,2026-09-24T13:00:00Z,282.0,2.61,5.53,0.0,2026-09-24T14:00:00Z,nodd,nodd
2026-09-24,manchester-nh,10,2026-09-24T14:00:00Z,286.03,1.92,4.51,0.0,2026-09-24T15:00:00Z,nodd,nodd
2026-09-24,manchester-nh,11,2026-09-24T15:00:00Z,289.71,3.44,8.15,0.0,2026-09-24T16:00:00Z,nodd,nodd
2026-09-24,manchester-nh,12,2026-09-24T16:00:00Z,291.74,3.75,7.13,0.0,2026-09-24T17:00:00Z,nodd,nodd
2026-09-24,manchester-nh,13,2026-09-24T17:00:00Z,292.58,2.69,7.77,0.0,2026-09-24T18:00:00Z,nodd,nodd
2026-09-24,manchester-nh,14,2026-09-24T18:00:00Z,293.02,3.72,4.91,0.0,2026-09-24T19:00:00Z,nodd,nodd
2026-09-24,manchester-nh,15,2026-09-24T19:00:00Z,293.46,2.81,6.0,0.0,2026-09-24T20:00:00Z,nodd,nodd
2026-09-24,manchester-nh,16,2026-09-24T20:00:00Z,292.83,3.33,7.92,0.0,2026-09-24T21:00:00Z,nodd,nodd
2026-09-24,manchester-nh,17,2026-09-24T21:00:00Z,291.48,2.36,4.64,0.0,2026-09-24T22:00:00Z,nodd,nodd
2026-09-24,manchester-nh,18,2026-09-24T22:00:00Z,289.69,0.11,1.28,0.0,2026-09-24T23:00:00Z,nodd,nodd
2026-09-24,manchester-nh,19,2026-09-24T23:00:00Z,286.95,0.73,2.33,0.0,2026-09-25T00:00:00Z,nodd,nodd
2026-09-24,manchester-nh,20,2026-09-25T00:00:00Z,284.89,0.0,1.21,0.0,2026-09-25T01:00:00Z,nodd,nodd
2026-09-24,manchester-nh,21,2026-09-25T01:00:00Z,283.38,0.07,0.26,0.0,2026-09-25T02:00:00Z,nodd,nodd
2026-09-24,manchester-nh,22,2026-09-25T02:00:00Z,282.5,0.55,1.64,0.0,2026-09-25T03:00:00Z,nodd,nodd
2026-09-24,manchester-nh,23,2026-09-25T03:00:00Z,281.38,0.77,1.12,0.0,2026-09-25T04:00:00Z,nodd,nodd
2026-09-24,huntington-wv,00,2026-09-24T04:00:00Z,290.73,1.97,4.95,0.0,2026-09-24T05:00:00Z,nodd,nodd
2026-09-24,huntington-wv,01,2026-09-24T05:00:00Z,290.18,2.08,5.69,0.0,2026-09-24T06:00:00Z,nodd,nodd
2026-09-24,huntington-wv,02,2026-09-24T06:00:00Z,289.9,1.92,4.65,0.0,2026-09-24T07:00:00Z,nodd,nodd
2026-09-24,huntington-wv,03,2026-09-24T07:00:00Z,289.62,2.88,5.14,0.0,2026-09-24T08:00:00Z,nodd,nodd
2026-09-24,huntington-wv,04,2026-09-24T08:00:00Z,289.14,2.65,6.36,0.0,2026-09-24T09:00:00Z,nodd,nodd
2026-09-24,huntington-wv,05,2026-09-24T09:00:00Z,288.93,2.49,5.38,0.0,2026-09-24T10:00:00Z,nodd,nodd
2026-09-24,huntington-wv,06,2026-09-24T10:00:00Z,288.59,3.19,5.64,0.0,2026-09-24T11:00:00Z,nodd,nodd
2026-09-24,huntington-wv,07,2026-09-24T11:00:00Z,288.3,2.88,3.94,0.0,2026-09-24T12:00:00Z,nodd,nodd
2026-09-24,huntington-wv,08,2026-09-24T12:00:00Z,288.27,3.02,5.15,0.0,2026-09-24T13:00:00Z,nodd,nodd
2026-09-24,huntington-wv,09,2026-09-24T13:00:00Z,288.5,3.28,4.55,0.0,2026-09-24T14:00:00Z,nodd,nodd
2026-09-24,huntington-wv,10,2026-09-24T14:00:00Z,289.6,3.36,5.11,0.0,2026-09-24T15:00:00Z,nodd,nodd
2026-09-24,huntington-wv,11,2026-09-24T15:00:00Z,290.65,3.16,4.63,0.0,2026-09-24T16:00:00Z,nodd,nodd
2026-09-24,huntington-wv,12,2026-09-24T16:00:00Z,291.52,2.87,4.3,0.0,2026-09-24T17:00:00Z,nodd,nodd
2026-09-24,huntington-wv,13,2026-09-24T17:00:00Z,291.42,1.82,4.07,0.0,2026-09-24T18:00:00Z,nodd,nodd
2026-09-24,huntington-wv,14,2026-09-24T18:00:00Z,292.13,3.83,6.83,0.0,2026-09-24T19:00:00Z,nodd,nodd
2026-09-24,huntington-wv,15,2026-09-24T19:00:00Z,292.26,2.88,4.17,0.0,2026-09-24T20:00:00Z,nodd,nodd
2026-09-24,huntington-wv,16,2026-09-24T20:00:00Z,292.04,3.18,4.31,0.0,2026-09-24T21:00:00Z,nodd,nodd
2026-09-24,huntington-wv,17,2026-09-24T21:00:00Z,292.28,3.0,4.51,0.0,2026-09-24T22:00:00Z,nodd,nodd
2026-09-24,huntington-wv,18,2026-09-24T22:00:00Z,292.14,1.65,3.31,0.0,2026-09-24T23:00:00Z,nodd,nodd
2026-09-24,huntington-wv,19,2026-09-24T23:00:00Z,291.19,0.81,3.1,0.0,2026-09-25T00:00:00Z,nodd,nodd
2026-09-24,huntington-wv,20,2026-09-25T00:00:00Z,288.67,1.76,2.69,0.0,2026-09-25T01:00:00Z,nodd,nodd
2026-09-24,huntington-wv,21,2026-09-25T01:00:00Z,287.79,1.53,2.69,0.0,2026-09-25T02:00:00Z,nodd,nodd
2026-09-24,huntington-wv,22,2026-09-25T02:00:00Z,287.06,1.56,3.8,0.0,2026-09-25T03:00:00Z,nodd,nodd
2026-09-24,huntington-wv,23,2026-09-25T03:00:00Z,286.39,1.15,4.04,0.0,2026-09-25T04:00:00Z,nodd,nodd
2026-09-24,sioux-falls-sd,00,2026-09-24T05:00:00Z,289.46,4.62,5.83,0.0,2026-09-24T06:00:00Z,nodd,nodd
2026-09-24,sioux-falls-sd,01,2026-09-24T06:00:00Z,289.27,4.81,7.77,0.0,2026-09-24T07:00:00Z,nodd,nodd
2026-09-24,sioux-falls-sd,02,2026-09-24T07:00:00Z,289.16,4.87,8.72,0.0,2026-09-24T08:00:00Z,nodd,nodd
2026-09-24,sioux-falls-sd,03,2026-09-24T08:00:00Z,289.21,5.2,5.45,0.0,2026-09-24T09:00:00Z,nodd,nodd
2026-09-24,sioux-falls-sd,04,2026-09-24T09:00:00Z,288.81,5.25,8.32,0.375,2026-09-24T10:00:00Z,nodd,nodd
2026-09-24,sioux-falls-sd,05,2026-09-24T10:00:00Z,288.13,5.66,10.05,1.4375,2026-09-24T11:00:00Z,nodd,nodd
2026-09-24,sioux-falls-sd,06,2026-09-24T11:00:00Z,287.79,3.94,5.69,0.625,2026-09-24T12:00:00Z,nodd,nodd
2026-09-24,sioux-falls-sd,07,2026-09-24T12:00:00Z,287.7,3.96,9.07,1.75,2026-09-24T13:00:00Z,nodd,nodd
2026-09-24,sioux-falls-sd,08,2026-09-24T13:00:00Z,287.5,5.34,9.49,2.75,2026-09-24T14:00:00Z,nodd,nodd
2026-09-24,sioux-falls-sd,09,2026-09-24T14:00:00Z,287.64,4.59,7.73,2.5625,2026-09-24T15:00:00Z,nodd,nodd
2026-09-24,sioux-falls-sd,10,2026-09-24T15:00:00Z,287.93,4.93,9.73,0.71875,2026-09-24T16:00:00Z,nodd,nodd
2026-09-24,sioux-falls-sd,11,2026-09-24T16:00:00Z,288.21,4.9,7.92,0.875,2026-09-24T17:00:00Z,nodd,nodd
2026-09-24,sioux-falls-sd,12,2026-09-24T17:00:00Z,288.5,5.01,8.25,0.8125,2026-09-24T18:00:00Z,nodd,nodd
2026-09-24,sioux-falls-sd,13,2026-09-24T18:00:00Z,288.69,5.45,10.1,0.53125,2026-09-24T19:00:00Z,nodd,nodd
2026-09-24,sioux-falls-sd,14,2026-09-24T19:00:00Z,288.81,4.98,8.31,0.0,2026-09-24T20:00:00Z,nodd,nodd
2026-09-24,sioux-falls-sd,15,2026-09-24T20:00:00Z,289.21,5.05,9.79,0.0,2026-09-24T21:00:00Z,nodd,nodd
2026-09-24,sioux-falls-sd,16,2026-09-24T21:00:00Z,289.58,5.29,9.28,0.0,2026-09-24T22:00:00Z,nodd,nodd
2026-09-24,sioux-falls-sd,17,2026-09-24T22:00:00Z,289.77,4.92,8.05,0.0,2026-09-24T23:00:00Z,nodd,nodd
2026-09-24,sioux-falls-sd,18,2026-09-24T23:00:00Z,289.6,4.69,6.96,0.0,2026-09-25T00:00:00Z,nodd,nodd
2026-09-24,sioux-falls-sd,19,2026-09-25T00:00:00Z,289.49,5.07,8.35,0.0,2026-09-25T01:00:00Z,nodd,nodd
2026-09-24,sioux-falls-sd,20,2026-09-25T01:00:00Z,289.09,4.66,6.38,0.0,2026-09-25T02:00:00Z,nodd,nodd
2026-09-24,sioux-falls-sd,21,2026-09-25T02:00:00Z,288.97,3.83,6.77,0.0,2026-09-25T03:00:00Z,nodd,nodd
2026-09-24,sioux-falls-sd,22,2026-09-25T03:00:00Z,288.69,4.72,8.81,0.0,2026-09-25T04:00:00Z,nodd,nodd
2026-09-24,sioux-falls-sd,23,2026-09-25T04:00:00Z,288.56,4.42,6.68,0.0,2026-09-25T05:00:00Z,nodd,nodd
2026-09-24,fargo-nd,00,2026-09-24T05:00:00Z,291.81,6.95,12.9,0.0,2026-09-24T06:00:00Z,nodd,nodd
2026-09-24,fargo-nd,01,2026-09-24T06:00:00Z,291.65,7.35,15.16,0.0,2026-09-24T07:00:00Z,nodd,nodd
2026-09-24,fargo-nd,02,2026-09-24T07:00:00Z,291.14,7.54,12.01,1.9375,2026-09-24T08:00:00Z,nodd,nodd
2026-09-24,fargo-nd,03,2026-09-24T08:00:00Z,289.99,5.34,9.44,5.84375,2026-09-24T09:00:00Z,nodd,nodd
2026-09-24,fargo-nd,04,2026-09-24T09:00:00Z,288.15,0.62,5.24,0.46875,2026-09-24T10:00:00Z,nodd,nodd
2026-09-24,fargo-nd,05,2026-09-24T10:00:00Z,287.37,2.46,8.09,2.46875,2026-09-24T11:00:00Z,nodd,nodd
2026-09-24,fargo-nd,06,2026-09-24T11:00:00Z,287.38,3.15,9.58,1.1875,2026-09-24T12:00:00Z,nodd,nodd
2026-09-24,fargo-nd,07,2026-09-24T12:00:00Z,287.75,5.64,8.81,0.0,2026-09-24T13:00:00Z,nodd,nodd
2026-09-24,fargo-nd,08,2026-09-24T13:00:00Z,288.29,5.03,6.94,0.0,2026-09-24T14:00:00Z,nodd,nodd
2026-09-24,fargo-nd,09,2026-09-24T14:00:00Z,288.51,5.5,9.76,0.0,2026-09-24T15:00:00Z,nodd,nodd
2026-09-24,fargo-nd,10,2026-09-24T15:00:00Z,288.77,4.96,11.3,0.0,2026-09-24T16:00:00Z,nodd,nodd
2026-09-24,fargo-nd,11,2026-09-24T16:00:00Z,289.55,5.57,9.47,0.0,2026-09-24T17:00:00Z,nodd,nodd
2026-09-24,fargo-nd,12,2026-09-24T17:00:00Z,289.98,5.53,9.53,0.0,2026-09-24T18:00:00Z,nodd,nodd
2026-09-24,fargo-nd,13,2026-09-24T18:00:00Z,289.98,4.89,9.15,0.0,2026-09-24T19:00:00Z,nodd,nodd
2026-09-24,fargo-nd,14,2026-09-24T19:00:00Z,290.26,4.23,10.24,0.0,2026-09-24T20:00:00Z,nodd,nodd
2026-09-24,fargo-nd,15,2026-09-24T20:00:00Z,291.17,5.18,8.21,0.0,2026-09-24T21:00:00Z,nodd,nodd
2026-09-24,fargo-nd,16,2026-09-24T21:00:00Z,290.93,4.52,9.64,0.0,2026-09-24T22:00:00Z,nodd,nodd
2026-09-24,fargo-nd,17,2026-09-24T22:00:00Z,291.14,4.85,9.98,0.0,2026-09-24T23:00:00Z,nodd,nodd
2026-09-24,fargo-nd,18,2026-09-24T23:00:00Z,291.06,4.5,6.99,0.0,2026-09-25T00:00:00Z,nodd,nodd
2026-09-24,fargo-nd,19,2026-09-25T00:00:00Z,290.66,5.1,7.73,0.0,2026-09-25T01:00:00Z,nodd,nodd
2026-09-24,fargo-nd,20,2026-09-25T01:00:00Z,290.32,4.77,8.14,0.0,2026-09-25T02:00:00Z,nodd,nodd
2026-09-24,fargo-nd,21,2026-09-25T02:00:00Z,290.18,5.05,7.95,0.0,2026-09-25T03:00:00Z,nodd,nodd
2026-09-24,fargo-nd,22,2026-09-25T03:00:00Z,289.71,4.82,9.41,0.0,2026-09-25T04:00:00Z,nodd,nodd
2026-09-24,fargo-nd,23,2026-09-25T04:00:00Z,289.37,4.26,8.26,0.0,2026-09-25T05:00:00Z,nodd,nodd
2026-09-24,burlington-vt,00,2026-09-24T04:00:00Z,281.81,2.07,2.07,0.0,2026-09-24T05:00:00Z,nodd,nodd
2026-09-24,burlington-vt,01,2026-09-24T05:00:00Z,280.99,1.3,1.32,0.0,2026-09-24T06:00:00Z,nodd,nodd
2026-09-24,burlington-vt,02,2026-09-24T06:00:00Z,280.11,1.41,2.12,0.0,2026-09-24T07:00:00Z,nodd,nodd
2026-09-24,burlington-vt,03,2026-09-24T07:00:00Z,279.46,1.35,2.29,0.0,2026-09-24T08:00:00Z,nodd,nodd
2026-09-24,burlington-vt,04,2026-09-24T08:00:00Z,279.01,1.76,4.18,0.0,2026-09-24T09:00:00Z,nodd,nodd
2026-09-24,burlington-vt,05,2026-09-24T09:00:00Z,278.6,1.3,4.1,0.0,2026-09-24T10:00:00Z,nodd,nodd
2026-09-24,burlington-vt,06,2026-09-24T10:00:00Z,277.95,1.18,3.36,0.0,2026-09-24T11:00:00Z,nodd,nodd
2026-09-24,burlington-vt,07,2026-09-24T11:00:00Z,277.46,2.09,3.5,0.0,2026-09-24T12:00:00Z,nodd,nodd
2026-09-24,burlington-vt,08,2026-09-24T12:00:00Z,279.84,2.03,4.58,0.0,2026-09-24T13:00:00Z,nodd,nodd
2026-09-24,burlington-vt,09,2026-09-24T13:00:00Z,282.9,1.93,2.93,0.0,2026-09-24T14:00:00Z,nodd,nodd
2026-09-24,burlington-vt,10,2026-09-24T14:00:00Z,285.06,0.95,1.5,0.0,2026-09-24T15:00:00Z,nodd,nodd
2026-09-24,burlington-vt,11,2026-09-24T15:00:00Z,287.29,2.47,2.81,0.0,2026-09-24T16:00:00Z,nodd,nodd
2026-09-24,burlington-vt,12,2026-09-24T16:00:00Z,289.05,3.58,4.93,0.0,2026-09-24T17:00:00Z,nodd,nodd
2026-09-24,burlington-vt,13,2026-09-24T17:00:00Z,290.57,3.14,4.31,0.0,2026-09-24T18:00:00Z,nodd,nodd
2026-09-24,burlington-vt,14,2026-09-24T18:00:00Z,291.36,4.6,5.7,0.0,2026-09-24T19:00:00Z,nodd,nodd
2026-09-24,burlington-vt,15,2026-09-24T19:00:00Z,292.12,3.91,4.69,0.0,2026-09-24T20:00:00Z,nodd,nodd
2026-09-24,burlington-vt,16,2026-09-24T20:00:00Z,292.84,3.39,4.0,0.0,2026-09-24T21:00:00Z,nodd,nodd
2026-09-24,burlington-vt,17,2026-09-24T21:00:00Z,292.76,2.39,3.41,0.0,2026-09-24T22:00:00Z,nodd,nodd
2026-09-24,burlington-vt,18,2026-09-24T22:00:00Z,291.88,2.6,3.26,0.0,2026-09-24T23:00:00Z,nodd,nodd
2026-09-24,burlington-vt,19,2026-09-24T23:00:00Z,288.91,1.35,2.83,0.0,2026-09-25T00:00:00Z,nodd,nodd
2026-09-24,burlington-vt,20,2026-09-25T00:00:00Z,286.86,1.19,1.89,0.0,2026-09-25T01:00:00Z,nodd,nodd
2026-09-24,burlington-vt,21,2026-09-25T01:00:00Z,285.34,1.2,2.53,0.0,2026-09-25T02:00:00Z,nodd,nodd
2026-09-24,burlington-vt,22,2026-09-25T02:00:00Z,284.46,0.96,1.76,0.0,2026-09-25T03:00:00Z,nodd,nodd
2026-09-24,burlington-vt,23,2026-09-25T03:00:00Z,283.39,1.27,3.76,0.0,2026-09-25T04:00:00Z,nodd,nodd
2026-09-24,billings-mt,00,2026-09-24T06:00:00Z,289.28,3.3,3.3,0.0,2026-09-24T07:00:00Z,nodd,nodd
2026-09-24,billings-mt,01,2026-09-24T07:00:00Z,288.21,3.61,3.61,0.0,2026-09-24T08:00:00Z,nodd,nodd
2026-09-24,billings-mt,02,2026-09-24T08:00:00Z,287.44,4.03,4.03,0.0,2026-09-24T09:00:00Z,nodd,nodd
2026-09-24,billings-mt,03,2026-09-24T09:00:00Z,286.45,3.37,3.74,0.0,2026-09-24T10:00:00Z,nodd,nodd
2026-09-24,billings-mt,04,2026-09-24T10:00:00Z,285.73,3.62,3.64,0.0,2026-09-24T11:00:00Z,nodd,nodd
2026-09-24,billings-mt,05,2026-09-24T11:00:00Z,285.06,3.37,3.37,0.0,2026-09-24T12:00:00Z,nodd,nodd
2026-09-24,billings-mt,06,2026-09-24T12:00:00Z,284.53,4.74,4.74,0.0,2026-09-24T13:00:00Z,nodd,nodd
2026-09-24,billings-mt,07,2026-09-24T13:00:00Z,284.05,3.9,3.9,0.0,2026-09-24T14:00:00Z,nodd,nodd
2026-09-24,billings-mt,08,2026-09-24T14:00:00Z,285.33,2.35,3.09,0.0,2026-09-24T15:00:00Z,nodd,nodd
2026-09-24,billings-mt,09,2026-09-24T15:00:00Z,287.53,3.13,3.14,0.0,2026-09-24T16:00:00Z,nodd,nodd
2026-09-24,billings-mt,10,2026-09-24T16:00:00Z,290.57,2.41,3.16,0.0,2026-09-24T17:00:00Z,nodd,nodd
2026-09-24,billings-mt,11,2026-09-24T17:00:00Z,293.59,3.38,3.38,0.0,2026-09-24T18:00:00Z,nodd,nodd
2026-09-24,billings-mt,12,2026-09-24T18:00:00Z,295.89,0.51,1.68,0.0,2026-09-24T19:00:00Z,nodd,nodd
2026-09-24,billings-mt,13,2026-09-24T19:00:00Z,297.57,0.65,3.65,0.0,2026-09-24T20:00:00Z,nodd,nodd
2026-09-24,billings-mt,14,2026-09-24T20:00:00Z,299.07,0.85,4.46,0.0,2026-09-24T21:00:00Z,nodd,nodd
2026-09-24,billings-mt,15,2026-09-24T21:00:00Z,300.3,1.3,3.35,0.0,2026-09-24T22:00:00Z,nodd,nodd
2026-09-24,billings-mt,16,2026-09-24T22:00:00Z,301.16,1.28,3.63,0.0,2026-09-24T23:00:00Z,nodd,nodd
2026-09-24,billings-mt,17,2026-09-24T23:00:00Z,300.42,3.94,5.44,0.0,2026-09-25T00:00:00Z,nodd,nodd
2026-09-24,billings-mt,18,2026-09-25T00:00:00Z,300.09,2.85,3.86,0.0,2026-09-25T01:00:00Z,nodd,nodd
2026-09-24,billings-mt,19,2026-09-25T01:00:00Z,297.85,0.86,2.0,0.0,2026-09-25T02:00:00Z,nodd,nodd
2026-09-24,billings-mt,20,2026-09-25T02:00:00Z,295.6,2.57,3.03,0.0,2026-09-25T03:00:00Z,nodd,nodd
2026-09-24,billings-mt,21,2026-09-25T03:00:00Z,294.13,3.42,3.42,0.0,2026-09-25T04:00:00Z,nodd,nodd
2026-09-24,billings-mt,22,2026-09-25T04:00:00Z,291.57,3.72,3.72,0.0,2026-09-25T05:00:00Z,nodd,nodd
2026-09-24,billings-mt,23,2026-09-25T05:00:00Z,290.56,1.12,1.83,0.0,2026-09-25T06:00:00Z,nodd,nodd
2026-09-24,cheyenne-wy,00,2026-09-24T06:00:00Z,285.76,1.77,2.3,0.0,2026-09-24T07:00:00Z,nodd,nodd
2026-09-24,cheyenne-wy,01,2026-09-24T07:00:00Z,285.12,1.66,2.08,0.0,2026-09-24T08:00:00Z,nodd,nodd
2026-09-24,cheyenne-wy,02,2026-09-24T08:00:00Z,284.97,1.91,3.03,0.0,2026-09-24T09:00:00Z,nodd,nodd
2026-09-24,cheyenne-wy,03,2026-09-24T09:00:00Z,285.08,2.15,2.75,0.0,2026-09-24T10:00:00Z,nodd,nodd
2026-09-24,cheyenne-wy,04,2026-09-24T10:00:00Z,285.2,1.64,2.4,0.0,2026-09-24T11:00:00Z,nodd,nodd
2026-09-24,cheyenne-wy,05,2026-09-24T11:00:00Z,285.16,2.16,2.48,0.0,2026-09-24T12:00:00Z,nodd,nodd
2026-09-24,cheyenne-wy,06,2026-09-24T12:00:00Z,284.67,2.88,3.34,0.0,2026-09-24T13:00:00Z,nodd,nodd
2026-09-24,cheyenne-wy,07,2026-09-24T13:00:00Z,283.54,2.92,3.73,0.0,2026-09-24T14:00:00Z,nodd,nodd
2026-09-24,cheyenne-wy,08,2026-09-24T14:00:00Z,285.25,2.94,3.04,0.0,2026-09-24T15:00:00Z,nodd,nodd
2026-09-24,cheyenne-wy,09,2026-09-24T15:00:00Z,288.28,3.09,7.15,0.0,2026-09-24T16:00:00Z,nodd,nodd
2026-09-24,cheyenne-wy,10,2026-09-24T16:00:00Z,289.96,3.68,7.54,0.0,2026-09-24T17:00:00Z,nodd,nodd
2026-09-24,cheyenne-wy,11,2026-09-24T17:00:00Z,291.28,5.43,8.77,0.0,2026-09-24T18:00:00Z,nodd,nodd
2026-09-24,cheyenne-wy,12,2026-09-24T18:00:00Z,292.04,5.04,9.5,0.0,2026-09-24T19:00:00Z,nodd,nodd
2026-09-24,cheyenne-wy,13,2026-09-24T19:00:00Z,293.03,5.58,8.91,0.0,2026-09-24T20:00:00Z,nodd,nodd
2026-09-24,cheyenne-wy,14,2026-09-24T20:00:00Z,293.41,5.65,8.93,0.0,2026-09-24T21:00:00Z,nodd,nodd
2026-09-24,cheyenne-wy,15,2026-09-24T21:00:00Z,293.68,4.48,8.48,0.0,2026-09-24T22:00:00Z,nodd,nodd
2026-09-24,cheyenne-wy,16,2026-09-24T22:00:00Z,292.87,4.05,6.96,0.0,2026-09-24T23:00:00Z,nodd,nodd
2026-09-24,cheyenne-wy,17,2026-09-24T23:00:00Z,292.93,4.06,5.7,0.28125,2026-09-25T00:00:00Z,nodd,nodd
2026-09-24,cheyenne-wy,18,2026-09-25T00:00:00Z,292.23,3.68,5.12,0.0,2026-09-25T01:00:00Z,nodd,nodd
2026-09-24,cheyenne-wy,19,2026-09-25T01:00:00Z,289.64,2.04,3.88,0.0,2026-09-25T02:00:00Z,nodd,nodd
2026-09-24,cheyenne-wy,20,2026-09-25T02:00:00Z,288.56,1.95,2.98,0.0,2026-09-25T03:00:00Z,nodd,nodd
2026-09-24,cheyenne-wy,21,2026-09-25T03:00:00Z,288.15,1.82,2.65,0.0,2026-09-25T04:00:00Z,nodd,nodd
2026-09-24,cheyenne-wy,22,2026-09-25T04:00:00Z,287.81,2.07,2.48,0.0,2026-09-25T05:00:00Z,nodd,nodd
2026-09-24,cheyenne-wy,23,2026-09-25T05:00:00Z,286.81,1.19,1.19,0.0,2026-09-25T06:00:00Z,nodd,nodd
