date,location,product,local_hour,valid_utc,temp_k,wind_ms,gust_ms,precip_mm,precip_file_utc,analysis_source,precip_source
2026-09-26,new-york-ny,rtma,00,2026-09-26T04:00:00Z,289.38,9.29,13.35,0.15625,2026-09-26T05:00:00Z,nodd,nodd
2026-09-26,new-york-ny,rtma,01,2026-09-26T05:00:00Z,290.63,10.13,14.17,0.53125,2026-09-26T06:00:00Z,nodd,nodd
2026-09-26,new-york-ny,rtma,02,2026-09-26T06:00:00Z,290.5,10.71,15.53,0.90625,2026-09-26T07:00:00Z,nodd,nodd
2026-09-26,new-york-ny,rtma,03,2026-09-26T07:00:00Z,289.03,10.71,12.95,0.375,2026-09-26T08:00:00Z,nodd,nodd
2026-09-26,new-york-ny,rtma,04,2026-09-26T08:00:00Z,288.33,10.4,15.41,0.328125,2026-09-26T09:00:00Z,nodd,nodd
2026-09-26,new-york-ny,rtma,05,2026-09-26T09:00:00Z,288.0,10.29,14.8,2.875,2026-09-26T10:00:00Z,nodd,nodd
2026-09-26,new-york-ny,rtma,06,2026-09-26T10:00:00Z,288.28,11.55,15.48,0.765625,2026-09-26T11:00:00Z,nodd,nodd
2026-09-26,new-york-ny,rtma,07,2026-09-26T11:00:00Z,288.68,9.75,14.69,3.28125,2026-09-26T12:00:00Z,nodd,nodd
2026-09-26,new-york-ny,rtma,08,2026-09-26T12:00:00Z,288.14,10.46,13.73,3.9375,2026-09-26T13:00:00Z,nodd,nodd
2026-09-26,new-york-ny,rtma,09,2026-09-26T13:00:00Z,287.69,9.79,15.26,0.796875,2026-09-26T14:00:00Z,nodd,nodd
2026-09-26,new-york-ny,rtma,10,2026-09-26T14:00:00Z,288.23,9.63,13.59,1.0,2026-09-26T15:00:00Z,nodd,nodd
2026-09-26,new-york-ny,rtma,11,2026-09-26T15:00:00Z,288.25,9.79,14.27,1.34375,2026-09-26T16:00:00Z,nodd,nodd
2026-09-26,new-york-ny,rtma,12,2026-09-26T16:00:00Z,288.82,9.23,13.35,0.0,2026-09-26T17:00:00Z,nodd,nodd
2026-09-26,new-york-ny,rtma,13,2026-09-26T17:00:00Z,289.7,11.2,14.68,0.0,2026-09-26T18:00:00Z,nodd,nodd
2026-09-26,new-york-ny,rtma,14,2026-09-26T18:00:00Z,291.01,11.01,15.74,0.0,2026-09-26T19:00:00Z,nodd,nodd
2026-09-26,new-york-ny,rtma,15,2026-09-26T19:00:00Z,290.38,11.16,16.8,0.0,2026-09-26T20:00:00Z,nodd,nodd
2026-09-26,new-york-ny,rtma,16,2026-09-26T20:00:00Z,290.3,10.45,15.82,0.015625,2026-09-26T21:00:00Z,nodd,nodd
2026-09-26,new-york-ny,rtma,17,2026-09-26T21:00:00Z,289.81,12.19,15.51,0.03125,2026-09-26T22:00:00Z,nodd,nodd
2026-09-26,new-york-ny,rtma,18,2026-09-26T22:00:00Z,289.83,10.0,15.08,0.84375,2026-09-26T23:00:00Z,nodd,nodd
2026-09-26,new-york-ny,rtma,19,2026-09-26T23:00:00Z,288.9,9.42,13.35,1.125,2026-09-27T00:00:00Z,nodd,nodd
2026-09-26,new-york-ny,rtma,20,2026-09-27T00:00:00Z,288.84,8.74,13.85,2.0625,2026-09-27T01:00:00Z,nodd,nodd
2026-09-26,new-york-ny,rtma,21,2026-09-27T01:00:00Z,288.52,9.72,11.86,1.265625,2026-09-27T02:00:00Z,nodd,nodd
2026-09-26,new-york-ny,rtma,22,2026-09-27T02:00:00Z,288.6,9.36,12.4,1.8125,2026-09-27T03:00:00Z,nodd,nodd
2026-09-26,new-york-ny,rtma,23,2026-09-27T03:00:00Z,288.73,9.15,13.12,3.046875,2026-09-27T04:00:00Z,nodd,nodd
2026-09-26,new-york-ny,urma,00,2026-09-26T04:00:00Z,289.36,9.16,13.6,0.0,2026-09-26T05:00:00Z,nodd,nodd
2026-09-26,new-york-ny,urma,01,2026-09-26T05:00:00Z,290.63,9.87,14.36,0.296875,2026-09-26T06:00:00Z,nodd,nodd
2026-09-26,new-york-ny,urma,02,2026-09-26T06:00:00Z,290.54,10.78,15.11,0.484375,2026-09-26T07:00:00Z,nodd,nodd
2026-09-26,new-york-ny,urma,03,2026-09-26T07:00:00Z,288.87,10.76,12.68,0.0,2026-09-26T08:00:00Z,nodd,nodd
2026-09-26,new-york-ny,urma,04,2026-09-26T08:00:00Z,288.25,10.53,14.78,0.484375,2026-09-26T09:00:00Z,nodd,nodd
2026-09-26,new-york-ny,urma,05,2026-09-26T09:00:00Z,288.0,10.8,15.51,1.984375,2026-09-26T10:00:00Z,nodd,nodd
2026-09-26,new-york-ny,urma,06,2026-09-26T10:00:00Z,288.28,11.4,15.26,0.984375,2026-09-26T11:00:00Z,nodd,nodd
2026-09-26,new-york-ny,urma,07,2026-09-26T11:00:00Z,288.61,9.83,14.99,3.265625,2026-09-26T12:00:00Z,nodd,nodd
2026-09-26,new-york-ny,urma,08,2026-09-26T12:00:00Z,288.13,10.35,13.84,3.046875,2026-09-26T13:00:00Z,nodd,nodd
2026-09-26,new-york-ny,urma,09,2026-09-26T13:00:00Z,287.6,9.73,14.85,1.28125,2026-09-26T14:00:00Z,nodd,nodd
2026-09-26,new-york-ny,urma,10,2026-09-26T14:00:00Z,288.16,9.54,13.28,0.125,2026-09-26T15:00:00Z,nodd,nodd
2026-09-26,new-york-ny,urma,11,2026-09-26T15:00:00Z,288.27,10.43,14.92,0.46875,2026-09-26T16:00:00Z,nodd,nodd
2026-09-26,new-york-ny,urma,12,2026-09-26T16:00:00Z,288.86,8.98,12.87,0.0,2026-09-26T17:00:00Z,nodd,nodd
2026-09-26,new-york-ny,urma,13,2026-09-26T17:00:00Z,289.78,11.24,14.16,0.0,2026-09-26T18:00:00Z,nodd,nodd
2026-09-26,new-york-ny,urma,14,2026-09-26T18:00:00Z,291.08,11.1,15.2,0.0,2026-09-26T19:00:00Z,nodd,nodd
2026-09-26,new-york-ny,urma,15,2026-09-26T19:00:00Z,290.25,11.03,16.14,0.0,2026-09-26T20:00:00Z,nodd,nodd
2026-09-26,new-york-ny,urma,16,2026-09-26T20:00:00Z,290.34,10.48,15.41,0.0,2026-09-26T21:00:00Z,nodd,nodd
2026-09-26,new-york-ny,urma,17,2026-09-26T21:00:00Z,289.87,12.66,16.33,0.0,2026-09-26T22:00:00Z,nodd,nodd
2026-09-26,new-york-ny,urma,18,2026-09-26T22:00:00Z,289.82,10.07,14.57,0.375,2026-09-26T23:00:00Z,nodd,nodd
2026-09-26,new-york-ny,urma,19,2026-09-26T23:00:00Z,288.91,9.56,12.86,0.5625,2026-09-27T00:00:00Z,nodd,nodd
2026-09-26,new-york-ny,urma,20,2026-09-27T00:00:00Z,288.76,8.72,13.17,1.109375,2026-09-27T01:00:00Z,nodd,nodd
2026-09-26,new-york-ny,urma,21,2026-09-27T01:00:00Z,288.51,9.75,11.51,0.546875,2026-09-27T02:00:00Z,nodd,nodd
2026-09-26,new-york-ny,urma,22,2026-09-27T02:00:00Z,288.62,9.5,12.64,0.9375,2026-09-27T03:00:00Z,nodd,nodd
2026-09-26,new-york-ny,urma,23,2026-09-27T03:00:00Z,288.78,9.72,13.29,2.453125,2026-09-27T04:00:00Z,nodd,nodd
2026-09-26,los-angeles-ca,rtma,00,2026-09-26T07:00:00Z,293.12,1.35,2.27,0.0,2026-09-26T08:00:00Z,nodd,nodd
2026-09-26,los-angeles-ca,rtma,01,2026-09-26T08:00:00Z,292.92,0.27,1.77,0.0,2026-09-26T09:00:00Z,nodd,nodd
2026-09-26,los-angeles-ca,rtma,02,2026-09-26T09:00:00Z,292.28,1.29,3.47,0.0,2026-09-26T10:00:00Z,nodd,nodd
2026-09-26,los-angeles-ca,rtma,03,2026-09-26T10:00:00Z,291.79,0.7,2.37,0.0,2026-09-26T11:00:00Z,nodd,nodd
2026-09-26,los-angeles-ca,rtma,04,2026-09-26T11:00:00Z,291.43,0.78,1.47,0.0,2026-09-26T12:00:00Z,nodd,nodd
2026-09-26,los-angeles-ca,rtma,05,2026-09-26T12:00:00Z,291.68,1.2,1.58,0.0,2026-09-26T13:00:00Z,nodd,nodd
2026-09-26,los-angeles-ca,rtma,06,2026-09-26T13:00:00Z,291.2,0.7,1.35,0.0,2026-09-26T14:00:00Z,nodd,nodd
2026-09-26,los-angeles-ca,rtma,07,2026-09-26T14:00:00Z,291.22,1.5,2.24,0.0,2026-09-26T15:00:00Z,nodd,nodd
2026-09-26,los-angeles-ca,rtma,08,2026-09-26T15:00:00Z,292.8,1.48,1.52,0.0,2026-09-26T16:00:00Z,nodd,nodd
2026-09-26,los-angeles-ca,rtma,09,2026-09-26T16:00:00Z,295.18,1.2,5.45,0.0,2026-09-26T17:00:00Z,nodd,nodd
2026-09-26,los-angeles-ca,rtma,10,2026-09-26T17:00:00Z,298.07,0.2,5.35,0.0,2026-09-26T18:00:00Z,nodd,nodd
2026-09-26,los-angeles-ca,rtma,11,2026-09-26T18:00:00Z,300.8,1.29,3.26,0.0,2026-09-26T19:00:00Z,nodd,nodd
2026-09-26,los-angeles-ca,rtma,12,2026-09-26T19:00:00Z,303.15,2.54,3.93,0.0,2026-09-26T20:00:00Z,nodd,nodd
2026-09-26,los-angeles-ca,rtma,13,2026-09-26T20:00:00Z,304.15,2.71,3.07,0.0,2026-09-26T21:00:00Z,nodd,nodd
2026-09-26,los-angeles-ca,rtma,14,2026-09-26T21:00:00Z,304.43,2.95,3.79,0.0,2026-09-26T22:00:00Z,nodd,nodd
2026-09-26,los-angeles-ca,rtma,15,2026-09-26T22:00:00Z,304.66,3.25,4.88,0.0,2026-09-26T23:00:00Z,nodd,nodd
2026-09-26,los-angeles-ca,rtma,16,2026-09-26T23:00:00Z,304.09,3.85,5.46,0.0,2026-09-27T00:00:00Z,nodd,nodd
2026-09-26,los-angeles-ca,rtma,17,2026-09-27T00:00:00Z,301.81,3.16,5.3,0.0,2026-09-27T01:00:00Z,nodd,nodd
2026-09-26,los-angeles-ca,rtma,18,2026-09-27T01:00:00Z,300.51,2.34,4.7,0.0,2026-09-27T02:00:00Z,nodd,nodd
2026-09-26,los-angeles-ca,rtma,19,2026-09-27T02:00:00Z,299.07,2.26,3.74,0.0,2026-09-27T03:00:00Z,nodd,nodd
2026-09-26,los-angeles-ca,rtma,20,2026-09-27T03:00:00Z,297.79,2.0,2.69,0.0,2026-09-27T04:00:00Z,nodd,nodd
2026-09-26,los-angeles-ca,rtma,21,2026-09-27T04:00:00Z,296.81,1.96,2.46,0.0,2026-09-27T05:00:00Z,nodd,nodd
2026-09-26,los-angeles-ca,rtma,22,2026-09-27T05:00:00Z,295.85,2.59,4.51,0.0,2026-09-27T06:00:00Z,nodd,nodd
2026-09-26,los-angeles-ca,rtma,23,2026-09-27T06:00:00Z,295.26,0.0,3.3,0.0,2026-09-27T07:00:00Z,nodd,nodd
2026-09-26,los-angeles-ca,urma,00,2026-09-26T07:00:00Z,292.97,1.36,2.24,0.0,2026-09-26T08:00:00Z,nodd,nodd
2026-09-26,los-angeles-ca,urma,01,2026-09-26T08:00:00Z,292.87,0.4,1.54,0.0,2026-09-26T09:00:00Z,nodd,nodd
2026-09-26,los-angeles-ca,urma,02,2026-09-26T09:00:00Z,292.38,1.33,3.44,0.0,2026-09-26T10:00:00Z,nodd,nodd
2026-09-26,los-angeles-ca,urma,03,2026-09-26T10:00:00Z,291.83,0.68,2.34,0.0,2026-09-26T11:00:00Z,nodd,nodd
2026-09-26,los-angeles-ca,urma,04,2026-09-26T11:00:00Z,291.49,0.79,0.99,0.0,2026-09-26T12:00:00Z,nodd,nodd
2026-09-26,los-angeles-ca,urma,05,2026-09-26T12:00:00Z,291.71,1.28,1.58,0.0,2026-09-26T13:00:00Z,nodd,nodd
2026-09-26,los-angeles-ca,urma,06,2026-09-26T13:00:00Z,291.23,0.66,1.56,0.0,2026-09-26T14:00:00Z,nodd,nodd
2026-09-26,los-angeles-ca,urma,07,2026-09-26T14:00:00Z,291.17,1.31,2.8,0.0,2026-09-26T15:00:00Z,nodd,nodd
2026-09-26,los-angeles-ca,urma,08,2026-09-26T15:00:00Z,292.96,1.34,1.71,0.0,2026-09-26T16:00:00Z,nodd,nodd
2026-09-26,los-angeles-ca,urma,09,2026-09-26T16:00:00Z,295.27,1.09,5.0,0.0,2026-09-26T17:00:00Z,nodd,nodd
2026-09-26,los-angeles-ca,urma,10,2026-09-26T17:00:00Z,298.14,0.2,5.78,0.0,2026-09-26T18:00:00Z,nodd,nodd
2026-09-26,los-angeles-ca,urma,11,2026-09-26T18:00:00Z,300.89,0.99,2.73,0.0,2026-09-26T19:00:00Z,nodd,nodd
2026-09-26,los-angeles-ca,urma,12,2026-09-26T19:00:00Z,303.09,2.0,4.6,0.0,2026-09-26T20:00:00Z,nodd,nodd
2026-09-26,los-angeles-ca,urma,13,2026-09-26T20:00:00Z,304.02,2.4,3.21,0.0,2026-09-26T21:00:00Z,nodd,nodd
2026-09-26,los-angeles-ca,urma,14,2026-09-26T21:00:00Z,304.47,2.78,4.0,0.0,2026-09-26T22:00:00Z,nodd,nodd
2026-09-26,los-angeles-ca,urma,15,2026-09-26T22:00:00Z,304.69,2.84,5.09,0.0,2026-09-26T23:00:00Z,nodd,nodd
2026-09-26,los-angeles-ca,urma,16,2026-09-26T23:00:00Z,304.32,3.48,5.71,0.0,2026-09-27T00:00:00Z,nodd,nodd
2026-09-26,los-angeles-ca,urma,17,2026-09-27T00:00:00Z,301.84,2.97,5.2,0.0,2026-09-27T01:00:00Z,nodd,nodd
2026-09-26,los-angeles-ca,urma,18,2026-09-27T01:00:00Z,300.64,2.12,4.21,0.0,2026-09-27T02:00:00Z,nodd,nodd
2026-09-26,los-angeles-ca,urma,19,2026-09-27T02:00:00Z,299.06,2.2,3.92,0.0,2026-09-27T03:00:00Z,nodd,nodd
2026-09-26,los-angeles-ca,urma,20,2026-09-27T03:00:00Z,297.96,1.76,2.0,0.0,2026-09-27T04:00:00Z,nodd,nodd
2026-09-26,los-angeles-ca,urma,21,2026-09-27T04:00:00Z,296.86,1.72,2.99,0.0,2026-09-27T05:00:00Z,nodd,nodd
2026-09-26,los-angeles-ca,urma,22,2026-09-27T05:00:00Z,296.12,2.27,4.34,0.0,2026-09-27T06:00:00Z,nodd,nodd
2026-09-26,los-angeles-ca,urma,23,2026-09-27T06:00:00Z,295.38,0.0,2.51,0.0,2026-09-27T07:00:00Z,nodd,nodd
2026-09-26,chicago-il,rtma,00,2026-09-26T05:00:00Z,287.25,2.29,3.61,0.0,2026-09-26T06:00:00Z,nodd,nodd
2026-09-26,chicago-il,rtma,01,2026-09-26T06:00:00Z,287.24,3.11,4.66,0.0,2026-09-26T07:00:00Z,nodd,nodd
2026-09-26,chicago-il,rtma,02,2026-09-26T07:00:00Z,286.85,2.3,3.78,0.0,2026-09-26T08:00:00Z,nodd,nodd
2026-09-26,chicago-il,rtma,03,2026-09-26T08:00:00Z,286.48,2.63,3.76,0.0,2026-09-26T09:00:00Z,nodd,nodd
2026-09-26,chicago-il,rtma,04,2026-09-26T09:00:00Z,286.25,1.98,3.18,0.0,2026-09-26T10:00:00Z,nodd,nodd
2026-09-26,chicago-il,rtma,05,2026-09-26T10:00:00Z,286.32,1.88,5.51,0.0,2026-09-26T11:00:00Z,nodd,nodd
2026-09-26,chicago-il,rtma,06,2026-09-26T11:00:00Z,285.85,2.29,2.3,0.0,2026-09-26T12:00:00Z,nodd,nodd
2026-09-26,chicago-il,rtma,07,2026-09-26T12:00:00Z,285.93,3.3,5.87,0.0,2026-09-26T13:00:00Z,nodd,nodd
2026-09-26,chicago-il,rtma,08,2026-09-26T13:00:00Z,287.55,3.01,3.01,0.0,2026-09-26T14:00:00Z,nodd,nodd
2026-09-26,chicago-il,rtma,09,2026-09-26T14:00:00Z,289.38,2.13,2.23,0.0,2026-09-26T15:00:00Z,nodd,nodd
2026-09-26,chicago-il,rtma,10,2026-09-26T15:00:00Z,290.23,2.88,2.88,0.0,2026-09-26T16:00:00Z,nodd,nodd
2026-09-26,chicago-il,rtma,11,2026-09-26T16:00:00Z,290.78,2.36,3.95,0.0,2026-09-26T17:00:00Z,nodd,nodd
2026-09-26,chicago-il,rtma,12,2026-09-26T17:00:00Z,291.22,2.01,3.8,0.0,2026-09-26T18:00:00Z,nodd,nodd
2026-09-26,chicago-il,rtma,13,2026-09-26T18:00:00Z,291.39,2.24,3.4,0.0,2026-09-26T19:00:00Z,nodd,nodd
2026-09-26,chicago-il,rtma,14,2026-09-26T19:00:00Z,291.06,2.76,5.89,0.0,2026-09-26T20:00:00Z,nodd,nodd
2026-09-26,chicago-il,rtma,15,2026-09-26T20:00:00Z,291.27,2.35,3.04,0.0,2026-09-26T21:00:00Z,nodd,nodd
2026-09-26,chicago-il,rtma,16,2026-09-26T21:00:00Z,290.56,2.46,3.65,0.0,2026-09-26T22:00:00Z,nodd,nodd
2026-09-26,chicago-il,rtma,17,2026-09-26T22:00:00Z,289.67,2.17,2.82,0.0,2026-09-26T23:00:00Z,nodd,nodd
2026-09-26,chicago-il,rtma,18,2026-09-26T23:00:00Z,288.67,2.17,2.88,0.0,2026-09-27T00:00:00Z,nodd,nodd
2026-09-26,chicago-il,rtma,19,2026-09-27T00:00:00Z,288.1,3.15,3.15,0.0,2026-09-27T01:00:00Z,nodd,nodd
2026-09-26,chicago-il,rtma,20,2026-09-27T01:00:00Z,287.72,2.25,2.25,0.0,2026-09-27T02:00:00Z,nodd,nodd
2026-09-26,chicago-il,rtma,21,2026-09-27T02:00:00Z,287.17,3.33,5.03,0.0,2026-09-27T03:00:00Z,nodd,nodd
2026-09-26,chicago-il,rtma,22,2026-09-27T03:00:00Z,286.95,2.63,2.63,0.0,2026-09-27T04:00:00Z,nodd,nodd
2026-09-26,chicago-il,rtma,23,2026-09-27T04:00:00Z,287.15,2.1,2.56,0.0,2026-09-27T05:00:00Z,nodd,nodd
2026-09-26,chicago-il,urma,00,2026-09-26T05:00:00Z,287.29,2.78,5.03,0.0,2026-09-26T06:00:00Z,nodd,nodd
2026-09-26,chicago-il,urma,01,2026-09-26T06:00:00Z,287.31,3.3,5.17,0.0,2026-09-26T07:00:00Z,nodd,nodd
2026-09-26,chicago-il,urma,02,2026-09-26T07:00:00Z,286.89,2.7,5.06,0.0,2026-09-26T08:00:00Z,nodd,nodd
2026-09-26,chicago-il,urma,03,2026-09-26T08:00:00Z,286.58,2.71,4.86,0.0,2026-09-26T09:00:00Z,nodd,nodd
2026-09-26,chicago-il,urma,04,2026-09-26T09:00:00Z,286.41,1.37,4.51,0.0,2026-09-26T10:00:00Z,nodd,nodd
2026-09-26,chicago-il,urma,05,2026-09-26T10:00:00Z,286.32,1.62,3.64,0.0,2026-09-26T11:00:00Z,nodd,nodd
2026-09-26,chicago-il,urma,06,2026-09-26T11:00:00Z,285.95,2.35,3.16,0.0,2026-09-26T12:00:00Z,nodd,nodd
2026-09-26,chicago-il,urma,07,2026-09-26T12:00:00Z,286.1,3.22,3.22,0.0,2026-09-26T13:00:00Z,nodd,nodd
2026-09-26,chicago-il,urma,08,2026-09-26T13:00:00Z,287.53,3.28,4.31,0.0,2026-09-26T14:00:00Z,nodd,nodd
2026-09-26,chicago-il,urma,09,2026-09-26T14:00:00Z,289.43,2.25,3.97,0.0,2026-09-26T15:00:00Z,nodd,nodd
2026-09-26,chicago-il,urma,10,2026-09-26T15:00:00Z,290.27,2.76,3.06,0.0,2026-09-26T16:00:00Z,nodd,nodd
2026-09-26,chicago-il,urma,11,2026-09-26T16:00:00Z,290.85,2.29,3.01,0.0,2026-09-26T17:00:00Z,nodd,nodd
2026-09-26,chicago-il,urma,12,2026-09-26T17:00:00Z,291.22,1.98,3.04,0.0,2026-09-26T18:00:00Z,nodd,nodd
2026-09-26,chicago-il,urma,13,2026-09-26T18:00:00Z,291.39,2.0,3.33,0.0,2026-09-26T19:00:00Z,nodd,nodd
2026-09-26,chicago-il,urma,14,2026-09-26T19:00:00Z,291.29,3.08,4.85,0.0,2026-09-26T20:00:00Z,nodd,nodd
2026-09-26,chicago-il,urma,15,2026-09-26T20:00:00Z,291.26,2.37,3.68,0.0,2026-09-26T21:00:00Z,nodd,nodd
2026-09-26,chicago-il,urma,16,2026-09-26T21:00:00Z,290.58,2.62,4.01,0.0,2026-09-26T22:00:00Z,nodd,nodd
2026-09-26,chicago-il,urma,17,2026-09-26T22:00:00Z,289.68,2.17,3.35,0.0,2026-09-26T23:00:00Z,nodd,nodd
2026-09-26,chicago-il,urma,18,2026-09-26T23:00:00Z,288.65,2.32,3.36,0.0,2026-09-27T00:00:00Z,nodd,nodd
2026-09-26,chicago-il,urma,19,2026-09-27T00:00:00Z,288.08,2.94,2.94,0.0,2026-09-27T01:00:00Z,nodd,nodd
2026-09-26,chicago-il,urma,20,2026-09-27T01:00:00Z,287.61,2.19,2.58,0.0,2026-09-27T02:00:00Z,nodd,nodd
2026-09-26,chicago-il,urma,21,2026-09-27T02:00:00Z,287.24,3.31,3.41,0.0,2026-09-27T03:00:00Z,nodd,nodd
2026-09-26,chicago-il,urma,22,2026-09-27T03:00:00Z,287.14,2.89,3.47,0.0,2026-09-27T04:00:00Z,nodd,nodd
2026-09-26,chicago-il,urma,23,2026-09-27T04:00:00Z,287.27,2.39,3.66,0.0,2026-09-27T05:00:00Z,nodd,nodd
2026-09-26,dallas-tx,rtma,00,2026-09-26T05:00:00Z,299.92,2.35,5.43,0.0,2026-09-26T06:00:00Z,nodd,nodd
2026-09-26,dallas-tx,rtma,01,2026-09-26T06:00:00Z,299.12,2.15,3.8,0.0,2026-09-26T07:00:00Z,nodd,nodd
2026-09-26,dallas-tx,rtma,02,2026-09-26T07:00:00Z,298.12,1.85,4.07,0.0,2026-09-26T08:00:00Z,nodd,nodd
2026-09-26,dallas-tx,rtma,03,2026-09-26T08:00:00Z,297.17,1.88,4.19,0.0,2026-09-26T09:00:00Z,nodd,nodd
2026-09-26,dallas-tx,rtma,04,2026-09-26T09:00:00Z,296.53,1.36,3.56,0.0,2026-09-26T10:00:00Z,nodd,nodd
2026-09-26,dallas-tx,rtma,05,2026-09-26T10:00:00Z,295.78,1.08,2.77,0.0,2026-09-26T11:00:00Z,nodd,nodd
2026-09-26,dallas-tx,rtma,06,2026-09-26T11:00:00Z,295.31,1.52,1.91,0.0,2026-09-26T12:00:00Z,nodd,nodd
2026-09-26,dallas-tx,rtma,07,2026-09-26T12:00:00Z,295.13,2.51,2.51,0.0,2026-09-26T13:00:00Z,nodd,nodd
2026-09-26,dallas-tx,rtma,08,2026-09-26T13:00:00Z,295.16,1.51,1.87,0.0,2026-09-26T14:00:00Z,nodd,nodd
2026-09-26,dallas-tx,rtma,09,2026-09-26T14:00:00Z,296.87,1.92,2.83,0.0,2026-09-26T15:00:00Z,nodd,nodd
2026-09-26,dallas-tx,rtma,10,2026-09-26T15:00:00Z,299.34,2.28,3.7,0.0,2026-09-26T16:00:00Z,nodd,nodd
2026-09-26,dallas-tx,rtma,11,2026-09-26T16:00:00Z,301.53,2.0,3.7,0.0,2026-09-26T17:00:00Z,nodd,nodd
2026-09-26,dallas-tx,rtma,12,2026-09-26T17:00:00Z,303.35,2.54,7.75,0.0,2026-09-26T18:00:00Z,nodd,nodd
2026-09-26,dallas-tx,rtma,13,2026-09-26T18:00:00Z,305.26,2.75,6.13,0.0,2026-09-26T19:00:00Z,nodd,nodd
2026-09-26,dallas-tx,rtma,14,2026-09-26T19:00:00Z,306.72,2.84,5.81,0.0,2026-09-26T20:00:00Z,nodd,nodd
2026-09-26,dallas-tx,rtma,15,2026-09-26T20:00:00Z,307.6,3.32,6.09,0.0,2026-09-26T21:00:00Z,nodd,nodd
2026-09-26,dallas-tx,rtma,16,2026-09-26T21:00:00Z,307.97,2.66,6.98,0.0,2026-09-26T22:00:00Z,nodd,nodd
2026-09-26,dallas-tx,rtma,17,2026-09-26T22:00:00Z,308.12,3.24,5.63,0.0,2026-09-26T23:00:00Z,nodd,nodd
2026-09-26,dallas-tx,rtma,18,2026-09-26T23:00:00Z,307.34,3.57,7.65,0.0,2026-09-27T00:00:00Z,nodd,nodd
2026-09-26,dallas-tx,rtma,19,2026-09-27T00:00:00Z,305.58,4.77,7.06,0.0,2026-09-27T01:00:00Z,nodd,nodd
2026-09-26,dallas-tx,rtma,20,2026-09-27T01:00:00Z,303.75,3.71,8.03,0.0,2026-09-27T02:00:00Z,nodd,nodd
2026-09-26,dallas-tx,rtma,21,2026-09-27T02:00:00Z,302.61,4.51,8.59,0.0,2026-09-27T03:00:00Z,nodd,nodd
2026-09-26,dallas-tx,rtma,22,2026-09-27T03:00:00Z,301.82,3.72,7.48,0.0,2026-09-27T04:00:00Z,nodd,nodd
2026-09-26,dallas-tx,rtma,23,2026-09-27T04:00:00Z,300.75,2.21,4.21,0.0,2026-09-27T05:00:00Z,nodd,nodd
2026-09-26,dallas-tx,urma,00,2026-09-26T05:00:00Z,299.91,2.32,4.7,0.0,2026-09-26T06:00:00Z,nodd,nodd
2026-09-26,dallas-tx,urma,01,2026-09-26T06:00:00Z,299.1,1.98,3.8,0.0,2026-09-26T07:00:00Z,nodd,nodd
2026-09-26,dallas-tx,urma,02,2026-09-26T07:00:00Z,297.95,1.82,3.91,0.0,2026-09-26T08:00:00Z,nodd,nodd
2026-09-26,dallas-tx,urma,03,2026-09-26T08:00:00Z,297.17,1.82,3.45,0.0,2026-09-26T09:00:00Z,nodd,nodd
2026-09-26,dallas-tx,urma,04,2026-09-26T09:00:00Z,296.59,1.41,3.09,0.0,2026-09-26T10:00:00Z,nodd,nodd
2026-09-26,dallas-tx,urma,05,2026-09-26T10:00:00Z,295.79,0.97,2.36,0.0,2026-09-26T11:00:00Z,nodd,nodd
2026-09-26,dallas-tx,urma,06,2026-09-26T11:00:00Z,295.32,1.49,1.55,0.0,2026-09-26T12:00:00Z,nodd,nodd
2026-09-26,dallas-tx,urma,07,2026-09-26T12:00:00Z,295.09,2.4,2.4,0.0,2026-09-26T13:00:00Z,nodd,nodd
2026-09-26,dallas-tx,urma,08,2026-09-26T13:00:00Z,295.14,1.41,1.69,0.0,2026-09-26T14:00:00Z,nodd,nodd
2026-09-26,dallas-tx,urma,09,2026-09-26T14:00:00Z,296.9,1.84,2.77,0.0,2026-09-26T15:00:00Z,nodd,nodd
2026-09-26,dallas-tx,urma,10,2026-09-26T15:00:00Z,299.34,2.24,3.67,0.0,2026-09-26T16:00:00Z,nodd,nodd
2026-09-26,dallas-tx,urma,11,2026-09-26T16:00:00Z,301.59,2.01,3.96,0.0,2026-09-26T17:00:00Z,nodd,nodd
2026-09-26,dallas-tx,urma,12,2026-09-26T17:00:00Z,303.36,2.44,7.74,0.0,2026-09-26T18:00:00Z,nodd,nodd
2026-09-26,dallas-tx,urma,13,2026-09-26T18:00:00Z,305.31,2.72,5.89,0.0,2026-09-26T19:00:00Z,nodd,nodd
2026-09-26,dallas-tx,urma,14,2026-09-26T19:00:00Z,306.72,2.78,5.54,0.0,2026-09-26T20:00:00Z,nodd,nodd
2026-09-26,dallas-tx,urma,15,2026-09-26T20:00:00Z,307.56,3.38,7.29,0.0,2026-09-26T21:00:00Z,nodd,nodd
2026-09-26,dallas-tx,urma,16,2026-09-26T21:00:00Z,307.93,2.41,6.45,0.0,2026-09-26T22:00:00Z,nodd,nodd
2026-09-26,dallas-tx,urma,17,2026-09-26T22:00:00Z,308.07,3.04,5.05,0.0,2026-09-26T23:00:00Z,nodd,nodd
2026-09-26,dallas-tx,urma,18,2026-09-26T23:00:00Z,307.3,3.39,7.67,0.0,2026-09-27T00:00:00Z,nodd,nodd
2026-09-26,dallas-tx,urma,19,2026-09-27T00:00:00Z,305.56,4.77,6.53,0.0,2026-09-27T01:00:00Z,nodd,nodd
2026-09-26,dallas-tx,urma,20,2026-09-27T01:00:00Z,303.67,3.84,6.58,0.0,2026-09-27T02:00:00Z,nodd,nodd
2026-09-26,dallas-tx,urma,21,2026-09-27T02:00:00Z,302.55,4.65,8.0,0.0,2026-09-27T03:00:00Z,nodd,nodd
2026-09-26,dallas-tx,urma,22,2026-09-27T03:00:00Z,301.81,3.82,7.41,0.0,2026-09-27T04:00:00Z,nodd,nodd
2026-09-26,dallas-tx,urma,23,2026-09-27T04:00:00Z,300.72,2.08,3.19,0.0,2026-09-27T05:00:00Z,nodd,nodd
2026-09-26,houston-tx,rtma,00,2026-09-26T05:00:00Z,297.54,1.09,1.09,0.0,2026-09-26T06:00:00Z,nodd,nodd
2026-09-26,houston-tx,rtma,01,2026-09-26T06:00:00Z,296.83,0.0,0.0,0.0,2026-09-26T07:00:00Z,nodd,nodd
2026-09-26,houston-tx,rtma,02,2026-09-26T07:00:00Z,296.49,0.91,1.4,0.0,2026-09-26T08:00:00Z,nodd,nodd
2026-09-26,houston-tx,rtma,03,2026-09-26T08:00:00Z,296.12,0.93,1.46,0.0,2026-09-26T09:00:00Z,nodd,nodd
2026-09-26,houston-tx,rtma,04,2026-09-26T09:00:00Z,295.94,0.49,1.76,0.0,2026-09-26T10:00:00Z,nodd,nodd
2026-09-26,houston-tx,rtma,05,2026-09-26T10:00:00Z,295.82,1.09,2.43,0.0,2026-09-26T11:00:00Z,nodd,nodd
2026-09-26,houston-tx,rtma,06,2026-09-26T11:00:00Z,295.66,0.81,1.98,0.0,2026-09-26T12:00:00Z,nodd,nodd
2026-09-26,houston-tx,rtma,07,2026-09-26T12:00:00Z,295.66,0.66,1.03,0.0,2026-09-26T13:00:00Z,nodd,nodd
2026-09-26,houston-tx,rtma,08,2026-09-26T13:00:00Z,296.24,1.82,3.11,0.0,2026-09-26T14:00:00Z,nodd,nodd
2026-09-26,houston-tx,rtma,09,2026-09-26T14:00:00Z,298.22,2.42,3.87,0.0,2026-09-26T15:00:00Z,nodd,nodd
2026-09-26,houston-tx,rtma,10,2026-09-26T15:00:00Z,299.86,1.21,4.22,0.0,2026-09-26T16:00:00Z,nodd,nodd
2026-09-26,houston-tx,rtma,11,2026-09-26T16:00:00Z,301.59,1.33,3.78,0.0,2026-09-26T17:00:00Z,nodd,nodd
2026-09-26,houston-tx,rtma,12,2026-09-26T17:00:00Z,302.65,2.81,4.61,0.0,2026-09-26T18:00:00Z,nodd,nodd
2026-09-26,houston-tx,rtma,13,2026-09-26T18:00:00Z,303.28,3.26,3.66,0.0,2026-09-26T19:00:00Z,nodd,nodd
2026-09-26,houston-tx,rtma,14,2026-09-26T19:00:00Z,304.0,2.96,5.24,0.0,2026-09-26T20:00:00Z,nodd,nodd
2026-09-26,houston-tx,rtma,15,2026-09-26T20:00:00Z,304.66,3.39,6.82,0.0,2026-09-26T21:00:00Z,nodd,nodd
2026-09-26,houston-tx,rtma,16,2026-09-26T21:00:00Z,303.83,5.0,8.48,0.0,2026-09-26T22:00:00Z,nodd,nodd
2026-09-26,houston-tx,rtma,17,2026-09-26T22:00:00Z,302.79,3.55,5.95,0.0,2026-09-26T23:00:00Z,nodd,nodd
2026-09-26,houston-tx,rtma,18,2026-09-26T23:00:00Z,301.72,2.99,4.64,0.0,2026-09-27T00:00:00Z,nodd,nodd
2026-09-26,houston-tx,rtma,19,2026-09-27T00:00:00Z,301.28,2.71,3.96,0.0,2026-09-27T01:00:00Z,nodd,nodd
2026-09-26,houston-tx,rtma,20,2026-09-27T01:00:00Z,300.59,2.15,4.56,0.0,2026-09-27T02:00:00Z,nodd,nodd
2026-09-26,houston-tx,rtma,21,2026-09-27T02:00:00Z,300.94,2.65,2.99,0.0,2026-09-27T03:00:00Z,nodd,nodd
2026-09-26,houston-tx,rtma,22,2026-09-27T03:00:00Z,300.51,2.18,2.18,0.0,2026-09-27T04:00:00Z,nodd,nodd
2026-09-26,houston-tx,rtma,23,2026-09-27T04:00:00Z,300.15,1.51,2.15,0.0,2026-09-27T05:00:00Z,nodd,nodd
2026-09-26,houston-tx,urma,00,2026-09-26T05:00:00Z,297.54,1.01,1.01,0.0,2026-09-26T06:00:00Z,nodd,nodd
2026-09-26,houston-tx,urma,01,2026-09-26T06:00:00Z,296.8,0.03,0.27,0.0,2026-09-26T07:00:00Z,nodd,nodd
2026-09-26,houston-tx,urma,02,2026-09-26T07:00:00Z,296.72,0.89,1.15,0.0,2026-09-26T08:00:00Z,nodd,nodd
2026-09-26,houston-tx,urma,03,2026-09-26T08:00:00Z,296.11,1.06,1.79,0.0,2026-09-26T09:00:00Z,nodd,nodd
2026-09-26,houston-tx,urma,04,2026-09-26T09:00:00Z,295.95,0.44,1.09,0.0,2026-09-26T10:00:00Z,nodd,nodd
2026-09-26,houston-tx,urma,05,2026-09-26T10:00:00Z,295.81,1.03,1.32,0.0,2026-09-26T11:00:00Z,nodd,nodd
2026-09-26,houston-tx,urma,06,2026-09-26T11:00:00Z,295.65,0.76,2.13,0.0,2026-09-26T12:00:00Z,nodd,nodd
2026-09-26,houston-tx,urma,07,2026-09-26T12:00:00Z,295.66,0.59,0.88,0.0,2026-09-26T13:00:00Z,nodd,nodd
2026-09-26,houston-tx,urma,08,2026-09-26T13:00:00Z,296.45,1.89,3.42,0.0,2026-09-26T14:00:00Z,nodd,nodd
2026-09-26,houston-tx,urma,09,2026-09-26T14:00:00Z,298.21,2.36,4.31,0.0,2026-09-26T15:00:00Z,nodd,nodd
2026-09-26,houston-tx,urma,10,2026-09-26T15:00:00Z,299.85,1.19,4.55,0.0,2026-09-26T16:00:00Z,nodd,nodd
2026-09-26,houston-tx,urma,11,2026-09-26T16:00:00Z,301.6,1.14,3.26,0.0,2026-09-26T17:00:00Z,nodd,nodd
2026-09-26,houston-tx,urma,12,2026-09-26T17:00:00Z,302.67,2.84,4.15,0.0,2026-09-26T18:00:00Z,nodd,nodd
2026-09-26,houston-tx,urma,13,2026-09-26T18:00:00Z,303.29,3.08,3.61,0.0,2026-09-26T19:00:00Z,nodd,nodd
2026-09-26,houston-tx,urma,14,2026-09-26T19:00:00Z,304.32,2.89,5.19,0.0,2026-09-26T20:00:00Z,nodd,nodd
2026-09-26,houston-tx,urma,15,2026-09-26T20:00:00Z,304.68,3.31,6.56,0.0,2026-09-26T21:00:00Z,nodd,nodd
2026-09-26,houston-tx,urma,16,2026-09-26T21:00:00Z,303.82,5.15,8.44,0.0,2026-09-26T22:00:00Z,nodd,nodd
2026-09-26,houston-tx,urma,17,2026-09-26T22:00:00Z,302.79,3.76,7.77,0.0,2026-09-26T23:00:00Z,nodd,nodd
2026-09-26,houston-tx,urma,18,2026-09-26T23:00:00Z,301.74,3.03,4.74,0.0,2026-09-27T00:00:00Z,nodd,nodd
2026-09-26,houston-tx,urma,19,2026-09-27T00:00:00Z,301.29,2.85,4.57,0.0,2026-09-27T01:00:00Z,nodd,nodd
2026-09-26,houston-tx,urma,20,2026-09-27T01:00:00Z,300.86,2.09,3.22,0.0,2026-09-27T02:00:00Z,nodd,nodd
2026-09-26,houston-tx,urma,21,2026-09-27T02:00:00Z,300.95,2.71,2.71,0.0,2026-09-27T03:00:00Z,nodd,nodd
2026-09-26,houston-tx,urma,22,2026-09-27T03:00:00Z,300.52,2.39,2.39,0.0,2026-09-27T04:00:00Z,nodd,nodd
2026-09-26,houston-tx,urma,23,2026-09-27T04:00:00Z,300.13,1.65,2.47,0.0,2026-09-27T05:00:00Z,nodd,nodd
2026-09-26,miami-fl,rtma,00,2026-09-26T04:00:00Z,298.44,2.39,5.47,0.0,2026-09-26T05:00:00Z,nodd,nodd
2026-09-26,miami-fl,rtma,01,2026-09-26T05:00:00Z,297.82,3.01,6.46,0.0,2026-09-26T06:00:00Z,nodd,nodd
2026-09-26,miami-fl,rtma,02,2026-09-26T06:00:00Z,297.72,3.3,6.54,0.0,2026-09-26T07:00:00Z,nodd,nodd
2026-09-26,miami-fl,rtma,03,2026-09-26T07:00:00Z,297.46,2.71,7.6,0.0,2026-09-26T08:00:00Z,nodd,nodd
2026-09-26,miami-fl,rtma,04,2026-09-26T08:00:00Z,297.3,3.03,7.11,0.0,2026-09-26T09:00:00Z,nodd,nodd
2026-09-26,miami-fl,rtma,05,2026-09-26T09:00:00Z,296.91,2.46,6.05,0.0,2026-09-26T10:00:00Z,nodd,nodd
2026-09-26,miami-fl,rtma,06,2026-09-26T10:00:00Z,296.71,1.51,5.29,0.0,2026-09-26T11:00:00Z,nodd,nodd
2026-09-26,miami-fl,rtma,07,2026-09-26T11:00:00Z,296.43,2.08,5.92,0.0,2026-09-26T12:00:00Z,nodd,nodd
2026-09-26,miami-fl,rtma,08,2026-09-26T12:00:00Z,297.02,3.09,6.22,0.0,2026-09-26T13:00:00Z,nodd,nodd
2026-09-26,miami-fl,rtma,09,2026-09-26T13:00:00Z,298.88,3.27,6.21,0.0,2026-09-26T14:00:00Z,nodd,nodd
2026-09-26,miami-fl,rtma,10,2026-09-26T14:00:00Z,300.51,3.22,4.31,0.0,2026-09-26T15:00:00Z,nodd,nodd
2026-09-26,miami-fl,rtma,11,2026-09-26T15:00:00Z,301.98,3.26,5.02,0.0,2026-09-26T16:00:00Z,nodd,nodd
2026-09-26,miami-fl,rtma,12,2026-09-26T16:00:00Z,303.1,2.63,3.65,0.0,2026-09-26T17:00:00Z,nodd,nodd
2026-09-26,miami-fl,rtma,13,2026-09-26T17:00:00Z,303.57,2.12,4.41,0.0,2026-09-26T18:00:00Z,nodd,nodd
2026-09-26,miami-fl,rtma,14,2026-09-26T18:00:00Z,303.38,2.82,6.38,0.0,2026-09-26T19:00:00Z,nodd,nodd
2026-09-26,miami-fl,rtma,15,2026-09-26T19:00:00Z,303.3,2.77,4.08,0.0,2026-09-26T20:00:00Z,nodd,nodd
2026-09-26,miami-fl,rtma,16,2026-09-26T20:00:00Z,303.74,1.13,3.6,0.0,2026-09-26T21:00:00Z,nodd,nodd
2026-09-26,miami-fl,rtma,17,2026-09-26T21:00:00Z,303.66,3.01,4.04,0.0,2026-09-26T22:00:00Z,nodd,nodd
2026-09-26,miami-fl,rtma,18,2026-09-26T22:00:00Z,302.76,1.6,2.62,0.0,2026-09-26T23:00:00Z,nodd,nodd
2026-09-26,miami-fl,rtma,19,2026-09-26T23:00:00Z,301.6,2.54,3.28,0.0,2026-09-27T00:00:00Z,nodd,nodd
2026-09-26,miami-fl,rtma,20,2026-09-27T00:00:00Z,300.5,2.54,2.54,0.0,2026-09-27T01:00:00Z,nodd,nodd
2026-09-26,miami-fl,rtma,21,2026-09-27T01:00:00Z,300.34,1.79,2.67,0.0,2026-09-27T02:00:00Z,nodd,nodd
2026-09-26,miami-fl,rtma,22,2026-09-27T02:00:00Z,299.66,2.57,3.39,0.0,2026-09-27T03:00:00Z,nodd,nodd
2026-09-26,miami-fl,rtma,23,2026-09-27T03:00:00Z,299.02,1.33,2.49,0.0,2026-09-27T04:00:00Z,nodd,nodd
2026-09-26,miami-fl,urma,00,2026-09-26T04:00:00Z,298.44,2.46,4.62,0.0,2026-09-26T05:00:00Z,nodd,nodd
2026-09-26,miami-fl,urma,01,2026-09-26T05:00:00Z,297.83,3.18,5.79,0.0,2026-09-26T06:00:00Z,nodd,nodd
2026-09-26,miami-fl,urma,02,2026-09-26T06:00:00Z,297.75,3.17,6.61,0.0,2026-09-26T07:00:00Z,nodd,nodd
2026-09-26,miami-fl,urma,03,2026-09-26T07:00:00Z,297.39,2.91,7.63,0.0,2026-09-26T08:00:00Z,nodd,nodd
2026-09-26,miami-fl,urma,04,2026-09-26T08:00:00Z,297.34,3.08,6.84,0.0,2026-09-26T09:00:00Z,nodd,nodd
2026-09-26,miami-fl,urma,05,2026-09-26T09:00:00Z,296.97,2.31,5.98,0.0,2026-09-26T10:00:00Z,nodd,nodd
2026-09-26,miami-fl,urma,06,2026-09-26T10:00:00Z,296.72,1.51,5.0,0.0,2026-09-26T11:00:00Z,nodd,nodd
2026-09-26,miami-fl,urma,07,2026-09-26T11:00:00Z,296.49,1.95,5.65,0.0,2026-09-26T12:00:00Z,nodd,nodd
2026-09-26,miami-fl,urma,08,2026-09-26T12:00:00Z,297.09,3.05,5.61,0.0,2026-09-26T13:00:00Z,nodd,nodd
2026-09-26,miami-fl,urma,09,2026-09-26T13:00:00Z,298.85,3.29,6.0,0.0,2026-09-26T14:00:00Z,nodd,nodd
2026-09-26,miami-fl,urma,10,2026-09-26T14:00:00Z,300.55,3.22,4.67,0.0,2026-09-26T15:00:00Z,nodd,nodd
2026-09-26,miami-fl,urma,11,2026-09-26T15:00:00Z,301.95,3.15,4.41,0.0,2026-09-26T16:00:00Z,nodd,nodd
2026-09-26,miami-fl,urma,12,2026-09-26T16:00:00Z,303.06,2.6,4.39,0.0,2026-09-26T17:00:00Z,nodd,nodd
2026-09-26,miami-fl,urma,13,2026-09-26T17:00:00Z,303.58,2.15,3.29,0.0,2026-09-26T18:00:00Z,nodd,nodd
2026-09-26,miami-fl,urma,14,2026-09-26T18:00:00Z,303.33,2.79,6.43,0.0,2026-09-26T19:00:00Z,nodd,nodd
2026-09-26,miami-fl,urma,15,2026-09-26T19:00:00Z,303.51,2.83,4.56,0.0,2026-09-26T20:00:00Z,nodd,nodd
2026-09-26,miami-fl,urma,16,2026-09-26T20:00:00Z,303.66,1.18,3.71,0.0,2026-09-26T21:00:00Z,nodd,nodd
2026-09-26,miami-fl,urma,17,2026-09-26T21:00:00Z,303.64,2.87,2.98,0.0,2026-09-26T22:00:00Z,nodd,nodd
2026-09-26,miami-fl,urma,18,2026-09-26T22:00:00Z,302.85,1.58,2.49,0.0,2026-09-26T23:00:00Z,nodd,nodd
2026-09-26,miami-fl,urma,19,2026-09-26T23:00:00Z,301.67,2.49,3.46,0.0,2026-09-27T00:00:00Z,nodd,nodd
2026-09-26,miami-fl,urma,20,2026-09-27T00:00:00Z,300.57,2.37,2.37,0.0,2026-09-27T01:00:00Z,nodd,nodd
2026-09-26,miami-fl,urma,21,2026-09-27T01:00:00Z,300.67,1.76,2.18,0.0,2026-09-27T02:00:00Z,nodd,nodd
2026-09-26,miami-fl,urma,22,2026-09-27T02:00:00Z,299.66,2.6,2.6,0.0,2026-09-27T03:00:00Z,nodd,nodd
2026-09-26,miami-fl,urma,23,2026-09-27T03:00:00Z,299.06,1.52,2.76,0.0,2026-09-27T04:00:00Z,nodd,nodd
2026-09-26,washington-dc,rtma,00,2026-09-26T04:00:00Z,290.91,5.48,8.82,0.0,2026-09-26T05:00:00Z,nodd,nodd
2026-09-26,washington-dc,rtma,01,2026-09-26T05:00:00Z,290.44,5.52,9.37,0.0,2026-09-26T06:00:00Z,nodd,nodd
2026-09-26,washington-dc,rtma,02,2026-09-26T06:00:00Z,290.3,5.15,8.76,0.0,2026-09-26T07:00:00Z,nodd,nodd
2026-09-26,washington-dc,rtma,03,2026-09-26T07:00:00Z,290.05,4.62,6.76,0.0,2026-09-26T08:00:00Z,nodd,nodd
2026-09-26,washington-dc,rtma,04,2026-09-26T08:00:00Z,289.62,4.88,8.4,0.0,2026-09-26T09:00:00Z,nodd,nodd
2026-09-26,washington-dc,rtma,05,2026-09-26T09:00:00Z,289.66,5.68,8.72,0.0,2026-09-26T10:00:00Z,nodd,nodd
2026-09-26,washington-dc,rtma,06,2026-09-26T10:00:00Z,289.67,5.22,9.66,0.0,2026-09-26T11:00:00Z,nodd,nodd
2026-09-26,washington-dc,rtma,07,2026-09-26T11:00:00Z,289.5,5.48,7.78,0.0,2026-09-26T12:00:00Z,nodd,nodd
2026-09-26,washington-dc,rtma,08,2026-09-26T12:00:00Z,289.91,5.93,10.87,0.0,2026-09-26T13:00:00Z,nodd,nodd
2026-09-26,washington-dc,rtma,09,2026-09-26T13:00:00Z,290.24,5.69,8.71,0.0,2026-09-26T14:00:00Z,nodd,nodd
2026-09-26,washington-dc,rtma,10,2026-09-26T14:00:00Z,291.57,5.59,11.29,0.0,2026-09-26T15:00:00Z,nodd,nodd
2026-09-26,washington-dc,rtma,11,2026-09-26T15:00:00Z,292.17,6.18,10.49,0.09375,2026-09-26T16:00:00Z,nodd,nodd
2026-09-26,washington-dc,rtma,12,2026-09-26T16:00:00Z,292.35,5.98,9.68,0.75,2026-09-26T17:00:00Z,nodd,nodd
2026-09-26,washington-dc,rtma,13,2026-09-26T17:00:00Z,292.47,7.05,12.31,1.453125,2026-09-26T18:00:00Z,nodd,nodd
2026-09-26,washington-dc,rtma,14,2026-09-26T18:00:00Z,291.95,6.19,13.09,0.65625,2026-09-26T19:00:00Z,nodd,nodd
2026-09-26,washington-dc,rtma,15,2026-09-26T19:00:00Z,291.43,6.47,12.6,1.203125,2026-09-26T20:00:00Z,nodd,nodd
2026-09-26,washington-dc,rtma,16,2026-09-26T20:00:00Z,288.59,6.11,11.44,2.859375,2026-09-26T21:00:00Z,nodd,nodd
2026-09-26,washington-dc,rtma,17,2026-09-26T21:00:00Z,287.79,5.88,11.97,4.09375,2026-09-26T22:00:00Z,nodd,nodd
2026-09-26,washington-dc,rtma,18,2026-09-26T22:00:00Z,287.62,4.51,10.56,2.0,2026-09-26T23:00:00Z,nodd,nodd
2026-09-26,washington-dc,rtma,19,2026-09-26T23:00:00Z,287.45,5.05,10.62,0.84375,2026-09-27T00:00:00Z,nodd,nodd
2026-09-26,washington-dc,rtma,20,2026-09-27T00:00:00Z,287.4,4.02,8.12,0.65625,2026-09-27T01:00:00Z,nodd,nodd
2026-09-26,washington-dc,rtma,21,2026-09-27T01:00:00Z,287.68,3.55,10.23,0.40625,2026-09-27T02:00:00Z,nodd,nodd
2026-09-26,washington-dc,rtma,22,2026-09-27T02:00:00Z,287.87,4.95,8.9,0.0,2026-09-27T03:00:00Z,nodd,nodd
2026-09-26,washington-dc,rtma,23,2026-09-27T03:00:00Z,288.43,4.35,9.14,0.0,2026-09-27T04:00:00Z,nodd,nodd
2026-09-26,washington-dc,urma,00,2026-09-26T04:00:00Z,290.91,4.96,8.75,0.0,2026-09-26T05:00:00Z,nodd,nodd
2026-09-26,washington-dc,urma,01,2026-09-26T05:00:00Z,290.51,5.36,9.53,0.0,2026-09-26T06:00:00Z,nodd,nodd
2026-09-26,washington-dc,urma,02,2026-09-26T06:00:00Z,290.3,4.96,8.45,0.0,2026-09-26T07:00:00Z,nodd,nodd
2026-09-26,washington-dc,urma,03,2026-09-26T07:00:00Z,289.75,4.2,7.04,0.0,2026-09-26T08:00:00Z,nodd,nodd
2026-09-26,washington-dc,urma,04,2026-09-26T08:00:00Z,289.64,4.66,8.49,0.0,2026-09-26T09:00:00Z,nodd,nodd
2026-09-26,washington-dc,urma,05,2026-09-26T09:00:00Z,289.64,5.55,8.61,0.0,2026-09-26T10:00:00Z,nodd,nodd
2026-09-26,washington-dc,urma,06,2026-09-26T10:00:00Z,289.71,4.81,9.55,0.0,2026-09-26T11:00:00Z,nodd,nodd
2026-09-26,washington-dc,urma,07,2026-09-26T11:00:00Z,289.59,5.3,8.04,0.0,2026-09-26T12:00:00Z,nodd,nodd
2026-09-26,washington-dc,urma,08,2026-09-26T12:00:00Z,289.9,5.57,11.03,0.0,2026-09-26T13:00:00Z,nodd,nodd
2026-09-26,washington-dc,urma,09,2026-09-26T13:00:00Z,290.01,5.46,8.84,0.0,2026-09-26T14:00:00Z,nodd,nodd
2026-09-26,washington-dc,urma,10,2026-09-26T14:00:00Z,291.58,5.32,11.48,0.0,2026-09-26T15:00:00Z,nodd,nodd
2026-09-26,washington-dc,urma,11,2026-09-26T15:00:00Z,292.2,6.26,10.69,0.0,2026-09-26T16:00:00Z,nodd,nodd
2026-09-26,washington-dc,urma,12,2026-09-26T16:00:00Z,292.33,5.57,9.27,0.515625,2026-09-26T17:00:00Z,nodd,nodd
2026-09-26,washington-dc,urma,13,2026-09-26T17:00:00Z,292.46,6.7,12.52,1.546875,2026-09-26T18:00:00Z,nodd,nodd
2026-09-26,washington-dc,urma,14,2026-09-26T18:00:00Z,291.96,6.14,13.01,0.453125,2026-09-26T19:00:00Z,nodd,nodd
2026-09-26,washington-dc,urma,15,2026-09-26T19:00:00Z,291.18,6.26,12.55,0.0,2026-09-26T20:00:00Z,nodd,nodd
2026-09-26,washington-dc,urma,16,2026-09-26T20:00:00Z,288.6,5.92,11.47,2.4375,2026-09-26T21:00:00Z,nodd,nodd
2026-09-26,washington-dc,urma,17,2026-09-26T21:00:00Z,287.78,6.11,12.41,3.421875,2026-09-26T22:00:00Z,nodd,nodd
2026-09-26,washington-dc,urma,18,2026-09-26T22:00:00Z,287.59,4.38,10.61,1.828125,2026-09-26T23:00:00Z,nodd,nodd
2026-09-26,washington-dc,urma,19,2026-09-26T23:00:00Z,287.43,4.91,10.61,0.828125,2026-09-27T00:00:00Z,nodd,nodd
2026-09-26,washington-dc,urma,20,2026-09-27T00:00:00Z,287.39,3.97,8.84,0.546875,2026-09-27T01:00:00Z,nodd,nodd
2026-09-26,washington-dc,urma,21,2026-09-27T01:00:00Z,287.73,3.05,10.19,0.265625,2026-09-27T02:00:00Z,nodd,nodd
2026-09-26,washington-dc,urma,22,2026-09-27T02:00:00Z,287.84,4.38,9.07,0.0,2026-09-27T03:00:00Z,nodd,nodd
2026-09-26,washington-dc,urma,23,2026-09-27T03:00:00Z,288.42,4.47,9.51,0.0,2026-09-27T04:00:00Z,nodd,nodd
2026-09-26,atlanta-ga,rtma,00,2026-09-26T04:00:00Z,291.21,1.34,1.96,0.0,2026-09-26T05:00:00Z,nodd,nodd
2026-09-26,atlanta-ga,rtma,01,2026-09-26T05:00:00Z,290.59,1.2,3.01,0.0,2026-09-26T06:00:00Z,nodd,nodd
2026-09-26,atlanta-ga,rtma,02,2026-09-26T06:00:00Z,290.05,1.51,3.25,0.0,2026-09-26T07:00:00Z,nodd,nodd
2026-09-26,atlanta-ga,rtma,03,2026-09-26T07:00:00Z,289.45,1.18,3.47,0.0,2026-09-26T08:00:00Z,nodd,nodd
2026-09-26,atlanta-ga,rtma,04,2026-09-26T08:00:00Z,289.29,1.04,5.05,0.0,2026-09-26T09:00:00Z,nodd,nodd
2026-09-26,atlanta-ga,rtma,05,2026-09-26T09:00:00Z,288.89,1.07,4.58,0.0,2026-09-26T10:00:00Z,nodd,nodd
2026-09-26,atlanta-ga,rtma,06,2026-09-26T10:00:00Z,288.24,0.48,3.14,0.0,2026-09-26T11:00:00Z,nodd,nodd
2026-09-26,atlanta-ga,rtma,07,2026-09-26T11:00:00Z,287.67,0.77,2.67,0.0,2026-09-26T12:00:00Z,nodd,nodd
2026-09-26,atlanta-ga,rtma,08,2026-09-26T12:00:00Z,287.54,0.48,1.49,0.0,2026-09-26T13:00:00Z,nodd,nodd
2026-09-26,atlanta-ga,rtma,09,2026-09-26T13:00:00Z,290.43,0.56,1.66,0.0,2026-09-26T14:00:00Z,nodd,nodd
2026-09-26,atlanta-ga,rtma,10,2026-09-26T14:00:00Z,294.04,0.65,1.75,0.0,2026-09-26T15:00:00Z,nodd,nodd
2026-09-26,atlanta-ga,rtma,11,2026-09-26T15:00:00Z,296.6,1.31,2.06,0.0,2026-09-26T16:00:00Z,nodd,nodd
2026-09-26,atlanta-ga,rtma,12,2026-09-26T16:00:00Z,297.98,2.33,3.17,0.0,2026-09-26T17:00:00Z,nodd,nodd
2026-09-26,atlanta-ga,rtma,13,2026-09-26T17:00:00Z,298.58,2.49,5.21,0.0,2026-09-26T18:00:00Z,nodd,nodd
2026-09-26,atlanta-ga,rtma,14,2026-09-26T18:00:00Z,298.82,3.79,5.39,0.0,2026-09-26T19:00:00Z,nodd,nodd
2026-09-26,atlanta-ga,rtma,15,2026-09-26T19:00:00Z,299.74,2.3,4.88,0.0,2026-09-26T20:00:00Z,nodd,nodd
2026-09-26,atlanta-ga,rtma,16,2026-09-26T20:00:00Z,300.06,3.5,6.72,0.0,2026-09-26T21:00:00Z,nodd,nodd
2026-09-26,atlanta-ga,rtma,17,2026-09-26T21:00:00Z,300.12,3.58,8.26,0.0,2026-09-26T22:00:00Z,nodd,nodd
2026-09-26,atlanta-ga,rtma,18,2026-09-26T22:00:00Z,299.64,3.97,6.6,0.0,2026-09-26T23:00:00Z,nodd,nodd
2026-09-26,atlanta-ga,rtma,19,2026-09-26T23:00:00Z,298.15,3.95,5.43,0.0,2026-09-27T00:00:00Z,nodd,nodd
2026-09-26,atlanta-ga,rtma,20,2026-09-27T00:00:00Z,295.76,1.82,4.46,0.0,2026-09-27T01:00:00Z,nodd,nodd
2026-09-26,atlanta-ga,rtma,21,2026-09-27T01:00:00Z,294.78,1.88,4.66,0.0,2026-09-27T02:00:00Z,nodd,nodd
2026-09-26,atlanta-ga,rtma,22,2026-09-27T02:00:00Z,293.68,2.11,5.62,0.0,2026-09-27T03:00:00Z,nodd,nodd
2026-09-26,atlanta-ga,rtma,23,2026-09-27T03:00:00Z,292.74,1.98,4.65,0.0,2026-09-27T04:00:00Z,nodd,nodd
2026-09-26,atlanta-ga,urma,00,2026-09-26T04:00:00Z,291.23,1.21,1.99,0.0,2026-09-26T05:00:00Z,nodd,nodd
2026-09-26,atlanta-ga,urma,01,2026-09-26T05:00:00Z,290.6,1.3,3.05,0.0,2026-09-26T06:00:00Z,nodd,nodd
2026-09-26,atlanta-ga,urma,02,2026-09-26T06:00:00Z,290.09,1.58,3.31,0.0,2026-09-26T07:00:00Z,nodd,nodd
2026-09-26,atlanta-ga,urma,03,2026-09-26T07:00:00Z,289.62,1.06,3.52,0.0,2026-09-26T08:00:00Z,nodd,nodd
2026-09-26,atlanta-ga,urma,04,2026-09-26T08:00:00Z,289.28,0.99,5.09,0.0,2026-09-26T09:00:00Z,nodd,nodd
2026-09-26,atlanta-ga,urma,05,2026-09-26T09:00:00Z,288.92,1.27,4.57,0.0,2026-09-26T10:00:00Z,nodd,nodd
2026-09-26,atlanta-ga,urma,06,2026-09-26T10:00:00Z,288.24,0.62,3.18,0.0,2026-09-26T11:00:00Z,nodd,nodd
2026-09-26,atlanta-ga,urma,07,2026-09-26T11:00:00Z,287.65,0.81,2.66,0.0,2026-09-26T12:00:00Z,nodd,nodd
2026-09-26,atlanta-ga,urma,08,2026-09-26T12:00:00Z,287.67,0.48,1.51,0.0,2026-09-26T13:00:00Z,nodd,nodd
2026-09-26,atlanta-ga,urma,09,2026-09-26T13:00:00Z,290.66,0.52,1.67,0.0,2026-09-26T14:00:00Z,nodd,nodd
2026-09-26,atlanta-ga,urma,10,2026-09-26T14:00:00Z,294.2,0.7,1.72,0.0,2026-09-26T15:00:00Z,nodd,nodd
2026-09-26,atlanta-ga,urma,11,2026-09-26T15:00:00Z,296.59,1.39,2.08,0.0,2026-09-26T16:00:00Z,nodd,nodd
2026-09-26,atlanta-ga,urma,12,2026-09-26T16:00:00Z,297.97,2.32,3.13,0.0,2026-09-26T17:00:00Z,nodd,nodd
2026-09-26,atlanta-ga,urma,13,2026-09-26T17:00:00Z,298.58,2.36,5.41,0.0,2026-09-26T18:00:00Z,nodd,nodd
2026-09-26,atlanta-ga,urma,14,2026-09-26T18:00:00Z,298.78,3.88,5.58,0.0,2026-09-26T19:00:00Z,nodd,nodd
2026-09-26,atlanta-ga,urma,15,2026-09-26T19:00:00Z,299.69,2.38,4.89,0.0,2026-09-26T20:00:00Z,nodd,nodd
2026-09-26,atlanta-ga,urma,16,2026-09-26T20:00:00Z,300.04,3.52,7.04,0.0,2026-09-26T21:00:00Z,nodd,nodd
2026-09-26,atlanta-ga,urma,17,2026-09-26T21:00:00Z,300.08,3.59,8.38,0.0,2026-09-26T22:00:00Z,nodd,nodd
2026-09-26,atlanta-ga,urma,18,2026-09-26T22:00:00Z,299.63,4.03,6.62,0.0,2026-09-26T23:00:00Z,nodd,nodd
2026-09-26,atlanta-ga,urma,19,2026-09-26T23:00:00Z,298.15,3.98,5.48,0.0,2026-09-27T00:00:00Z,nodd,nodd
2026-09-26,atlanta-ga,urma,20,2026-09-27T00:00:00Z,295.74,1.91,4.49,0.0,2026-09-27T01:00:00Z,nodd,nodd
2026-09-26,atlanta-ga,urma,21,2026-09-27T01:00:00Z,294.89,2.03,4.69,0.0,2026-09-27T02:00:00Z,nodd,nodd
2026-09-26,atlanta-ga,urma,22,2026-09-27T02:00:00Z,293.69,1.99,5.25,0.0,2026-09-27T03:00:00Z,nodd,nodd
2026-09-26,atlanta-ga,urma,23,2026-09-27T03:00:00Z,292.81,2.31,4.65,0.0,2026-09-27T04:00:00Z,nodd,nodd
2026-09-26,philadelphia-pa,rtma,00,2026-09-26T04:00:00Z,293.43,7.25,11.31,0.0,2026-09-26T05:00:00Z,nodd,nodd
2026-09-26,philadelphia-pa,rtma,01,2026-09-26T05:00:00Z,292.34,6.43,15.88,0.0,2026-09-26T06:00:00Z,nodd,nodd
2026-09-26,philadelphia-pa,rtma,02,2026-09-26T06:00:00Z,292.6,7.63,16.19,0.140625,2026-09-26T07:00:00Z,nodd,nodd
2026-09-26,philadelphia-pa,rtma,03,2026-09-26T07:00:00Z,291.87,8.2,13.58,0.484375,2026-09-26T08:00:00Z,nodd,nodd
2026-09-26,philadelphia-pa,rtma,04,2026-09-26T08:00:00Z,289.94,6.41,14.05,2.09375,2026-09-26T09:00:00Z,nodd,nodd
2026-09-26,philadelphia-pa,rtma,05,2026-09-26T09:00:00Z,288.0,6.77,13.19,0.640625,2026-09-26T10:00:00Z,nodd,nodd
2026-09-26,philadelphia-pa,rtma,06,2026-09-26T10:00:00Z,287.49,4.79,12.44,0.953125,2026-09-26T11:00:00Z,nodd,nodd
2026-09-26,philadelphia-pa,rtma,07,2026-09-26T11:00:00Z,286.99,4.55,11.7,0.453125,2026-09-26T12:00:00Z,nodd,nodd
2026-09-26,philadelphia-pa,rtma,08,2026-09-26T12:00:00Z,287.02,5.62,13.84,0.671875,2026-09-26T13:00:00Z,nodd,nodd
2026-09-26,philadelphia-pa,rtma,09,2026-09-26T13:00:00Z,286.82,5.02,11.66,1.578125,2026-09-26T14:00:00Z,nodd,nodd
2026-09-26,philadelphia-pa,rtma,10,2026-09-26T14:00:00Z,287.24,4.88,11.54,1.6875,2026-09-26T15:00:00Z,nodd,nodd
2026-09-26,philadelphia-pa,rtma,11,2026-09-26T15:00:00Z,286.73,5.05,12.24,4.53125,2026-09-26T16:00:00Z,nodd,nodd
2026-09-26,philadelphia-pa,rtma,12,2026-09-26T16:00:00Z,286.65,5.39,11.55,1.859375,2026-09-26T17:00:00Z,nodd,nodd
2026-09-26,philadelphia-pa,rtma,13,2026-09-26T17:00:00Z,286.63,4.02,9.66,0.359375,2026-09-26T18:00:00Z,nodd,nodd
2026-09-26,philadelphia-pa,rtma,14,2026-09-26T18:00:00Z,287.34,3.79,9.98,0.125,2026-09-26T19:00:00Z,nodd,nodd
2026-09-26,philadelphia-pa,rtma,15,2026-09-26T19:00:00Z,287.77,3.91,9.47,0.65625,2026-09-26T20:00:00Z,nodd,nodd
2026-09-26,philadelphia-pa,rtma,16,2026-09-26T20:00:00Z,288.85,4.07,10.37,0.390625,2026-09-26T21:00:00Z,nodd,nodd
2026-09-26,philadelphia-pa,rtma,17,2026-09-26T21:00:00Z,289.39,3.94,8.97,1.609375,2026-09-26T22:00:00Z,nodd,nodd
2026-09-26,philadelphia-pa,rtma,18,2026-09-26T22:00:00Z,289.5,4.48,11.32,0.0,2026-09-26T23:00:00Z,nodd,nodd
2026-09-26,philadelphia-pa,rtma,19,2026-09-26T23:00:00Z,289.45,3.88,9.58,0.6875,2026-09-27T00:00:00Z,nodd,nodd
2026-09-26,philadelphia-pa,rtma,20,2026-09-27T00:00:00Z,289.17,4.11,11.79,0.65625,2026-09-27T01:00:00Z,nodd,nodd
2026-09-26,philadelphia-pa,rtma,21,2026-09-27T01:00:00Z,288.63,5.08,10.36,0.546875,2026-09-27T02:00:00Z,nodd,nodd
2026-09-26,philadelphia-pa,rtma,22,2026-09-27T02:00:00Z,288.34,3.42,6.87,1.375,2026-09-27T03:00:00Z,nodd,nodd
2026-09-26,philadelphia-pa,rtma,23,2026-09-27T03:00:00Z,288.07,3.69,9.08,1.65625,2026-09-27T04:00:00Z,nodd,nodd
2026-09-26,philadelphia-pa,urma,00,2026-09-26T04:00:00Z,293.57,7.05,11.14,0.0,2026-09-26T05:00:00Z,nodd,nodd
2026-09-26,philadelphia-pa,urma,01,2026-09-26T05:00:00Z,292.45,6.51,15.64,0.0,2026-09-26T06:00:00Z,nodd,nodd
2026-09-26,philadelphia-pa,urma,02,2026-09-26T06:00:00Z,292.65,7.94,15.82,0.125,2026-09-26T07:00:00Z,nodd,nodd
2026-09-26,philadelphia-pa,urma,03,2026-09-26T07:00:00Z,291.62,8.23,13.07,0.5,2026-09-26T08:00:00Z,nodd,nodd
2026-09-26,philadelphia-pa,urma,04,2026-09-26T08:00:00Z,289.96,6.52,13.8,1.171875,2026-09-26T09:00:00Z,nodd,nodd
2026-09-26,philadelphia-pa,urma,05,2026-09-26T09:00:00Z,287.98,7.05,17.23,0.484375,2026-09-26T10:00:00Z,nodd,nodd
2026-09-26,philadelphia-pa,urma,06,2026-09-26T10:00:00Z,287.41,4.63,11.89,0.6875,2026-09-26T11:00:00Z,nodd,nodd
2026-09-26,philadelphia-pa,urma,07,2026-09-26T11:00:00Z,286.87,4.95,12.11,0.421875,2026-09-26T12:00:00Z,nodd,nodd
2026-09-26,philadelphia-pa,urma,08,2026-09-26T12:00:00Z,286.98,5.65,13.99,0.59375,2026-09-26T13:00:00Z,nodd,nodd
2026-09-26,philadelphia-pa,urma,09,2026-09-26T13:00:00Z,286.78,4.9,11.17,1.46875,2026-09-26T14:00:00Z,nodd,nodd
2026-09-26,philadelphia-pa,urma,10,2026-09-26T14:00:00Z,287.21,4.74,11.17,1.4375,2026-09-26T15:00:00Z,nodd,nodd
2026-09-26,philadelphia-pa,urma,11,2026-09-26T15:00:00Z,286.7,5.59,12.81,2.484375,2026-09-26T16:00:00Z,nodd,nodd
2026-09-26,philadelphia-pa,urma,12,2026-09-26T16:00:00Z,286.58,5.19,10.11,0.734375,2026-09-26T17:00:00Z,nodd,nodd
2026-09-26,philadelphia-pa,urma,13,2026-09-26T17:00:00Z,286.6,3.96,9.96,0.578125,2026-09-26T18:00:00Z,nodd,nodd
2026-09-26,philadelphia-pa,urma,14,2026-09-26T18:00:00Z,287.3,3.88,9.71,0.15625,2026-09-26T19:00:00Z,nodd,nodd
2026-09-26,philadelphia-pa,urma,15,2026-09-26T19:00:00Z,287.79,3.95,8.98,0.609375,2026-09-26T20:00:00Z,nodd,nodd
2026-09-26,philadelphia-pa,urma,16,2026-09-26T20:00:00Z,288.83,4.02,9.95,0.28125,2026-09-26T21:00:00Z,nodd,nodd
2026-09-26,philadelphia-pa,urma,17,2026-09-26T21:00:00Z,289.4,4.21,9.18,1.078125,2026-09-26T22:00:00Z,nodd,nodd
2026-09-26,philadelphia-pa,urma,18,2026-09-26T22:00:00Z,289.56,4.33,10.9,0.0,2026-09-26T23:00:00Z,nodd,nodd
2026-09-26,philadelphia-pa,urma,19,2026-09-26T23:00:00Z,289.43,3.98,9.3,0.421875,2026-09-27T00:00:00Z,nodd,nodd
2026-09-26,philadelphia-pa,urma,20,2026-09-27T00:00:00Z,289.24,4.0,11.59,0.34375,2026-09-27T01:00:00Z,nodd,nodd
2026-09-26,philadelphia-pa,urma,21,2026-09-27T01:00:00Z,288.66,5.05,10.25,0.34375,2026-09-27T02:00:00Z,nodd,nodd
2026-09-26,philadelphia-pa,urma,22,2026-09-27T02:00:00Z,288.37,3.38,6.45,0.796875,2026-09-27T03:00:00Z,nodd,nodd
2026-09-26,philadelphia-pa,urma,23,2026-09-27T03:00:00Z,288.04,3.85,8.57,0.953125,2026-09-27T04:00:00Z,nodd,nodd
2026-09-26,phoenix-az,rtma,00,2026-09-26T07:00:00Z,300.75,0.9,1.38,0.0,2026-09-26T08:00:00Z,nodd,nodd
2026-09-26,phoenix-az,rtma,01,2026-09-26T08:00:00Z,300.42,1.09,2.46,0.0,2026-09-26T09:00:00Z,nodd,nodd
2026-09-26,phoenix-az,rtma,02,2026-09-26T09:00:00Z,299.55,0.24,2.99,0.0,2026-09-26T10:00:00Z,nodd,nodd
2026-09-26,phoenix-az,rtma,03,2026-09-26T10:00:00Z,298.69,1.23,1.68,0.0,2026-09-26T11:00:00Z,nodd,nodd
2026-09-26,phoenix-az,rtma,04,2026-09-26T11:00:00Z,298.17,0.46,3.25,0.0,2026-09-26T12:00:00Z,nodd,nodd
2026-09-26,phoenix-az,rtma,05,2026-09-26T12:00:00Z,297.95,1.61,3.87,0.0,2026-09-26T13:00:00Z,nodd,nodd
2026-09-26,phoenix-az,rtma,06,2026-09-26T13:00:00Z,297.8,1.57,3.24,0.0,2026-09-26T14:00:00Z,nodd,nodd
2026-09-26,phoenix-az,rtma,07,2026-09-26T14:00:00Z,298.04,1.12,3.09,0.0,2026-09-26T15:00:00Z,nodd,nodd
2026-09-26,phoenix-az,rtma,08,2026-09-26T15:00:00Z,299.97,2.38,4.52,0.0,2026-09-26T16:00:00Z,nodd,nodd
2026-09-26,phoenix-az,rtma,09,2026-09-26T16:00:00Z,302.2,2.25,2.52,0.0,2026-09-26T17:00:00Z,nodd,nodd
2026-09-26,phoenix-az,rtma,10,2026-09-26T17:00:00Z,304.2,1.46,2.41,0.0,2026-09-26T18:00:00Z,nodd,nodd
2026-09-26,phoenix-az,rtma,11,2026-09-26T18:00:00Z,306.23,0.93,2.31,0.0,2026-09-26T19:00:00Z,nodd,nodd
2026-09-26,phoenix-az,rtma,12,2026-09-26T19:00:00Z,307.65,1.41,2.66,0.0,2026-09-26T20:00:00Z,nodd,nodd
2026-09-26,phoenix-az,rtma,13,2026-09-26T20:00:00Z,308.64,1.01,1.89,0.0,2026-09-26T21:00:00Z,nodd,nodd
2026-09-26,phoenix-az,rtma,14,2026-09-26T21:00:00Z,309.45,0.54,2.39,0.0,2026-09-26T22:00:00Z,nodd,nodd
2026-09-26,phoenix-az,rtma,15,2026-09-26T22:00:00Z,309.79,1.08,2.52,0.0,2026-09-26T23:00:00Z,nodd,nodd
2026-09-26,phoenix-az,rtma,16,2026-09-26T23:00:00Z,309.72,1.42,1.91,0.0,2026-09-27T00:00:00Z,nodd,nodd
2026-09-26,phoenix-az,rtma,17,2026-09-27T00:00:00Z,309.25,1.55,2.24,0.0,2026-09-27T01:00:00Z,nodd,nodd
2026-09-26,phoenix-az,rtma,18,2026-09-27T01:00:00Z,308.02,1.16,1.96,0.0,2026-09-27T02:00:00Z,nodd,nodd
2026-09-26,phoenix-az,rtma,19,2026-09-27T02:00:00Z,306.45,1.26,3.18,0.0,2026-09-27T03:00:00Z,nodd,nodd
2026-09-26,phoenix-az,rtma,20,2026-09-27T03:00:00Z,305.53,0.78,2.76,0.0,2026-09-27T04:00:00Z,nodd,nodd
2026-09-26,phoenix-az,rtma,21,2026-09-27T04:00:00Z,304.55,1.1,3.99,0.0,2026-09-27T05:00:00Z,nodd,nodd
2026-09-26,phoenix-az,rtma,22,2026-09-27T05:00:00Z,303.6,0.42,0.95,0.0,2026-09-27T06:00:00Z,nodd,nodd
2026-09-26,phoenix-az,rtma,23,2026-09-27T06:00:00Z,302.96,0.28,0.83,0.0,2026-09-27T07:00:00Z,nodd,nodd
2026-09-26,phoenix-az,urma,00,2026-09-26T07:00:00Z,300.81,0.84,1.05,0.0,2026-09-26T08:00:00Z,nodd,nodd
2026-09-26,phoenix-az,urma,01,2026-09-26T08:00:00Z,300.36,1.13,2.11,0.0,2026-09-26T09:00:00Z,nodd,nodd
2026-09-26,phoenix-az,urma,02,2026-09-26T09:00:00Z,299.58,0.19,1.99,0.0,2026-09-26T10:00:00Z,nodd,nodd
2026-09-26,phoenix-az,urma,03,2026-09-26T10:00:00Z,298.64,1.15,1.38,0.0,2026-09-26T11:00:00Z,nodd,nodd
2026-09-26,phoenix-az,urma,04,2026-09-26T11:00:00Z,298.12,0.57,2.02,0.0,2026-09-26T12:00:00Z,nodd,nodd
2026-09-26,phoenix-az,urma,05,2026-09-26T12:00:00Z,297.92,1.46,2.61,0.0,2026-09-26T13:00:00Z,nodd,nodd
2026-09-26,phoenix-az,urma,06,2026-09-26T13:00:00Z,297.64,1.58,2.71,0.0,2026-09-26T14:00:00Z,nodd,nodd
2026-09-26,phoenix-az,urma,07,2026-09-26T14:00:00Z,298.08,1.15,2.44,0.0,2026-09-26T15:00:00Z,nodd,nodd
2026-09-26,phoenix-az,urma,08,2026-09-26T15:00:00Z,299.97,2.4,2.9,0.0,2026-09-26T16:00:00Z,nodd,nodd
2026-09-26,phoenix-az,urma,09,2026-09-26T16:00:00Z,302.12,2.15,2.83,0.0,2026-09-26T17:00:00Z,nodd,nodd
2026-09-26,phoenix-az,urma,10,2026-09-26T17:00:00Z,304.16,1.56,2.86,0.0,2026-09-26T18:00:00Z,nodd,nodd
2026-09-26,phoenix-az,urma,11,2026-09-26T18:00:00Z,306.17,1.06,2.39,0.0,2026-09-26T19:00:00Z,nodd,nodd
2026-09-26,phoenix-az,urma,12,2026-09-26T19:00:00Z,307.66,1.47,2.78,0.0,2026-09-26T20:00:00Z,nodd,nodd
2026-09-26,phoenix-az,urma,13,2026-09-26T20:00:00Z,308.75,1.15,2.67,0.0,2026-09-26T21:00:00Z,nodd,nodd
2026-09-26,phoenix-az,urma,14,2026-09-26T21:00:00Z,309.35,0.66,2.92,0.0,2026-09-26T22:00:00Z,nodd,nodd
2026-09-26,phoenix-az,urma,15,2026-09-26T22:00:00Z,309.77,1.04,2.77,0.0,2026-09-26T23:00:00Z,nodd,nodd
2026-09-26,phoenix-az,urma,16,2026-09-26T23:00:00Z,309.67,1.5,2.21,0.0,2026-09-27T00:00:00Z,nodd,nodd
2026-09-26,phoenix-az,urma,17,2026-09-27T00:00:00Z,309.31,1.42,2.37,0.0,2026-09-27T01:00:00Z,nodd,nodd
2026-09-26,phoenix-az,urma,18,2026-09-27T01:00:00Z,308.12,1.2,1.79,0.0,2026-09-27T02:00:00Z,nodd,nodd
2026-09-26,phoenix-az,urma,19,2026-09-27T02:00:00Z,306.55,0.94,2.7,0.0,2026-09-27T03:00:00Z,nodd,nodd
2026-09-26,phoenix-az,urma,20,2026-09-27T03:00:00Z,305.6,0.69,2.45,0.0,2026-09-27T04:00:00Z,nodd,nodd
2026-09-26,phoenix-az,urma,21,2026-09-27T04:00:00Z,304.61,0.77,2.25,0.0,2026-09-27T05:00:00Z,nodd,nodd
2026-09-26,phoenix-az,urma,22,2026-09-27T05:00:00Z,303.52,0.42,0.8,0.0,2026-09-27T06:00:00Z,nodd,nodd
2026-09-26,phoenix-az,urma,23,2026-09-27T06:00:00Z,302.99,0.26,0.53,0.0,2026-09-27T07:00:00Z,nodd,nodd
2026-09-26,boston-ma,rtma,00,2026-09-26T04:00:00Z,289.45,5.49,9.44,0.09375,2026-09-26T05:00:00Z,nodd,nodd
2026-09-26,boston-ma,rtma,01,2026-09-26T05:00:00Z,289.29,5.28,11.14,0.21875,2026-09-26T06:00:00Z,nodd,nodd
2026-09-26,boston-ma,rtma,02,2026-09-26T06:00:00Z,289.17,5.31,11.35,1.328125,2026-09-26T07:00:00Z,nodd,nodd
2026-09-26,boston-ma,rtma,03,2026-09-26T07:00:00Z,288.53,5.26,11.23,0.75,2026-09-26T08:00:00Z,nodd,nodd
2026-09-26,boston-ma,rtma,04,2026-09-26T08:00:00Z,288.27,5.49,11.67,1.21875,2026-09-26T09:00:00Z,nodd,nodd
2026-09-26,boston-ma,rtma,05,2026-09-26T09:00:00Z,287.79,4.55,10.39,1.625,2026-09-26T10:00:00Z,nodd,nodd
2026-09-26,boston-ma,rtma,06,2026-09-26T10:00:00Z,287.58,5.0,10.77,1.984375,2026-09-26T11:00:00Z,nodd,nodd
2026-09-26,boston-ma,rtma,07,2026-09-26T11:00:00Z,286.87,4.91,11.25,0.578125,2026-09-26T12:00:00Z,nodd,nodd
2026-09-26,boston-ma,rtma,08,2026-09-26T12:00:00Z,287.15,5.82,12.81,1.765625,2026-09-26T13:00:00Z,nodd,nodd
2026-09-26,boston-ma,rtma,09,2026-09-26T13:00:00Z,287.19,7.89,14.98,1.09375,2026-09-26T14:00:00Z,nodd,nodd
2026-09-26,boston-ma,rtma,10,2026-09-26T14:00:00Z,287.81,7.33,14.48,1.53125,2026-09-26T15:00:00Z,nodd,nodd
2026-09-26,boston-ma,rtma,11,2026-09-26T15:00:00Z,287.28,7.38,15.7,1.59375,2026-09-26T16:00:00Z,nodd,nodd
2026-09-26,boston-ma,rtma,12,2026-09-26T16:00:00Z,287.22,7.1,14.98,1.328125,2026-09-26T17:00:00Z,nodd,nodd
2026-09-26,boston-ma,rtma,13,2026-09-26T17:00:00Z,286.45,7.51,15.09,1.765625,2026-09-26T18:00:00Z,nodd,nodd
2026-09-26,boston-ma,rtma,14,2026-09-26T18:00:00Z,285.93,6.53,14.14,1.125,2026-09-26T19:00:00Z,nodd,nodd
2026-09-26,boston-ma,rtma,15,2026-09-26T19:00:00Z,286.2,7.03,13.75,0.375,2026-09-26T20:00:00Z,nodd,nodd
2026-09-26,boston-ma,rtma,16,2026-09-26T20:00:00Z,286.4,7.21,15.11,0.453125,2026-09-26T21:00:00Z,nodd,nodd
2026-09-26,boston-ma,rtma,17,2026-09-26T21:00:00Z,286.46,6.51,12.57,2.875,2026-09-26T22:00:00Z,nodd,nodd
2026-09-26,boston-ma,rtma,18,2026-09-26T22:00:00Z,286.84,8.55,15.83,8.375,2026-09-26T23:00:00Z,nodd,nodd
2026-09-26,boston-ma,rtma,19,2026-09-26T23:00:00Z,286.78,8.65,17.86,2.59375,2026-09-27T00:00:00Z,nodd,nodd
2026-09-26,boston-ma,rtma,20,2026-09-27T00:00:00Z,287.27,9.25,17.93,4.34375,2026-09-27T01:00:00Z,nodd,nodd
2026-09-26,boston-ma,rtma,21,2026-09-27T01:00:00Z,287.4,9.22,16.95,2.984375,2026-09-27T02:00:00Z,nodd,nodd
2026-09-26,boston-ma,rtma,22,2026-09-27T02:00:00Z,287.25,7.8,16.37,1.015625,2026-09-27T03:00:00Z,nodd,nodd
2026-09-26,boston-ma,rtma,23,2026-09-27T03:00:00Z,287.55,8.18,16.7,0.828125,2026-09-27T04:00:00Z,nodd,nodd
2026-09-26,boston-ma,urma,00,2026-09-26T04:00:00Z,289.39,5.31,9.62,0.0,2026-09-26T05:00:00Z,nodd,nodd
2026-09-26,boston-ma,urma,01,2026-09-26T05:00:00Z,289.32,5.34,11.28,0.0,2026-09-26T06:00:00Z,nodd,nodd
2026-09-26,boston-ma,urma,02,2026-09-26T06:00:00Z,289.17,5.2,11.14,0.367188,2026-09-26T07:00:00Z,nodd,nodd
2026-09-26,boston-ma,urma,03,2026-09-26T07:00:00Z,288.67,5.33,11.23,0.125,2026-09-26T08:00:00Z,nodd,nodd
2026-09-26,boston-ma,urma,04,2026-09-26T08:00:00Z,288.24,5.14,11.58,0.515625,2026-09-26T09:00:00Z,nodd,nodd
2026-09-26,boston-ma,urma,05,2026-09-26T09:00:00Z,287.76,4.45,10.36,0.703125,2026-09-26T10:00:00Z,nodd,nodd
2026-09-26,boston-ma,urma,06,2026-09-26T10:00:00Z,287.55,4.92,10.66,1.21875,2026-09-26T11:00:00Z,nodd,nodd
2026-09-26,boston-ma,urma,07,2026-09-26T11:00:00Z,286.86,4.87,11.4,0.265625,2026-09-26T12:00:00Z,nodd,nodd
2026-09-26,boston-ma,urma,08,2026-09-26T12:00:00Z,287.15,5.83,12.88,0.5625,2026-09-26T13:00:00Z,nodd,nodd
2026-09-26,boston-ma,urma,09,2026-09-26T13:00:00Z,287.27,7.8,14.19,0.484375,2026-09-26T14:00:00Z,nodd,nodd
2026-09-26,boston-ma,urma,10,2026-09-26T14:00:00Z,287.9,7.11,14.51,0.625,2026-09-26T15:00:00Z,nodd,nodd
2026-09-26,boston-ma,urma,11,2026-09-26T15:00:00Z,287.2,7.02,15.49,1.203125,2026-09-26T16:00:00Z,nodd,nodd
2026-09-26,boston-ma,urma,12,2026-09-26T16:00:00Z,287.16,7.29,15.51,1.0,2026-09-26T17:00:00Z,nodd,nodd
2026-09-26,boston-ma,urma,13,2026-09-26T17:00:00Z,286.35,7.33,14.85,1.578125,2026-09-26T18:00:00Z,nodd,nodd
2026-09-26,boston-ma,urma,14,2026-09-26T18:00:00Z,285.83,6.27,13.8,1.140625,2026-09-26T19:00:00Z,nodd,nodd
2026-09-26,boston-ma,urma,15,2026-09-26T19:00:00Z,286.16,6.9,13.3,0.328125,2026-09-26T20:00:00Z,nodd,nodd
2026-09-26,boston-ma,urma,16,2026-09-26T20:00:00Z,286.3,6.94,14.81,0.5625,2026-09-26T21:00:00Z,nodd,nodd
2026-09-26,boston-ma,urma,17,2026-09-26T21:00:00Z,286.42,6.66,12.96,2.078125,2026-09-26T22:00:00Z,nodd,nodd
2026-09-26,boston-ma,urma,18,2026-09-26T22:00:00Z,286.81,8.14,15.42,6.65625,2026-09-26T23:00:00Z,nodd,nodd
2026-09-26,boston-ma,urma,19,2026-09-26T23:00:00Z,286.77,8.65,17.81,1.59375,2026-09-27T00:00:00Z,nodd,nodd
2026-09-26,boston-ma,urma,20,2026-09-27T00:00:00Z,287.36,9.15,17.93,2.0625,2026-09-27T01:00:00Z,nodd,nodd
2026-09-26,boston-ma,urma,21,2026-09-27T01:00:00Z,287.43,9.09,16.77,1.90625,2026-09-27T02:00:00Z,nodd,nodd
2026-09-26,boston-ma,urma,22,2026-09-27T02:00:00Z,287.27,7.82,16.08,0.75,2026-09-27T03:00:00Z,nodd,nodd
2026-09-26,boston-ma,urma,23,2026-09-27T03:00:00Z,287.54,8.23,16.32,0.671875,2026-09-27T04:00:00Z,nodd,nodd
2026-09-26,riverside-ca,rtma,00,2026-09-26T07:00:00Z,296.41,0.36,1.57,0.0,2026-09-26T08:00:00Z,nodd,nodd
2026-09-26,riverside-ca,rtma,01,2026-09-26T08:00:00Z,295.66,0.72,2.04,0.0,2026-09-26T09:00:00Z,nodd,nodd
2026-09-26,riverside-ca,rtma,02,2026-09-26T09:00:00Z,294.92,0.39,2.07,0.0,2026-09-26T10:00:00Z,nodd,nodd
2026-09-26,riverside-ca,rtma,03,2026-09-26T10:00:00Z,294.2,0.46,1.56,0.0,2026-09-26T11:00:00Z,nodd,nodd
2026-09-26,riverside-ca,rtma,04,2026-09-26T11:00:00Z,293.36,1.37,2.86,0.0,2026-09-26T12:00:00Z,nodd,nodd
2026-09-26,riverside-ca,rtma,05,2026-09-26T12:00:00Z,292.99,0.0,0.77,0.0,2026-09-26T13:00:00Z,nodd,nodd
2026-09-26,riverside-ca,rtma,06,2026-09-26T13:00:00Z,292.52,0.0,0.79,0.0,2026-09-26T14:00:00Z,nodd,nodd
2026-09-26,riverside-ca,rtma,07,2026-09-26T14:00:00Z,292.4,0.68,1.39,0.0,2026-09-26T15:00:00Z,nodd,nodd
2026-09-26,riverside-ca,rtma,08,2026-09-26T15:00:00Z,294.54,0.99,3.2,0.0,2026-09-26T16:00:00Z,nodd,nodd
2026-09-26,riverside-ca,rtma,09,2026-09-26T16:00:00Z,297.73,0.53,2.45,0.0,2026-09-26T17:00:00Z,nodd,nodd
2026-09-26,riverside-ca,rtma,10,2026-09-26T17:00:00Z,301.08,0.95,3.61,0.0,2026-09-26T18:00:00Z,nodd,nodd
2026-09-26,riverside-ca,rtma,11,2026-09-26T18:00:00Z,304.65,0.93,3.63,0.0,2026-09-26T19:00:00Z,nodd,nodd
2026-09-26,riverside-ca,rtma,12,2026-09-26T19:00:00Z,307.2,1.41,3.42,0.0,2026-09-26T20:00:00Z,nodd,nodd
2026-09-26,riverside-ca,rtma,13,2026-09-26T20:00:00Z,308.49,2.89,7.36,0.0,2026-09-26T21:00:00Z,nodd,nodd
2026-09-26,riverside-ca,rtma,14,2026-09-26T21:00:00Z,309.04,3.42,9.29,0.0,2026-09-26T22:00:00Z,nodd,nodd
2026-09-26,riverside-ca,rtma,15,2026-09-26T22:00:00Z,308.92,5.21,9.69,0.0,2026-09-26T23:00:00Z,nodd,nodd
2026-09-26,riverside-ca,rtma,16,2026-09-26T23:00:00Z,309.03,4.85,9.6,0.0,2026-09-27T00:00:00Z,nodd,nodd
2026-09-26,riverside-ca,rtma,17,2026-09-27T00:00:00Z,308.24,5.83,11.08,0.0,2026-09-27T01:00:00Z,nodd,nodd
2026-09-26,riverside-ca,rtma,18,2026-09-27T01:00:00Z,306.1,4.74,10.5,0.0,2026-09-27T02:00:00Z,nodd,nodd
2026-09-26,riverside-ca,rtma,19,2026-09-27T02:00:00Z,304.29,1.7,3.73,0.0,2026-09-27T03:00:00Z,nodd,nodd
2026-09-26,riverside-ca,rtma,20,2026-09-27T03:00:00Z,302.66,0.5,4.59,0.0,2026-09-27T04:00:00Z,nodd,nodd
2026-09-26,riverside-ca,rtma,21,2026-09-27T04:00:00Z,301.57,0.22,3.75,0.0,2026-09-27T05:00:00Z,nodd,nodd
2026-09-26,riverside-ca,rtma,22,2026-09-27T05:00:00Z,300.91,0.82,1.41,0.0,2026-09-27T06:00:00Z,nodd,nodd
2026-09-26,riverside-ca,rtma,23,2026-09-27T06:00:00Z,300.38,1.42,1.73,0.0,2026-09-27T07:00:00Z,nodd,nodd
2026-09-26,riverside-ca,urma,00,2026-09-26T07:00:00Z,296.55,0.41,1.54,0.0,2026-09-26T08:00:00Z,nodd,nodd
2026-09-26,riverside-ca,urma,01,2026-09-26T08:00:00Z,295.66,0.69,1.98,0.0,2026-09-26T09:00:00Z,nodd,nodd
2026-09-26,riverside-ca,urma,02,2026-09-26T09:00:00Z,295.05,0.38,1.69,0.0,2026-09-26T10:00:00Z,nodd,nodd
2026-09-26,riverside-ca,urma,03,2026-09-26T10:00:00Z,294.22,0.44,1.54,0.0,2026-09-26T11:00:00Z,nodd,nodd
2026-09-26,riverside-ca,urma,04,2026-09-26T11:00:00Z,293.35,1.18,3.0,0.0,2026-09-26T12:00:00Z,nodd,nodd
2026-09-26,riverside-ca,urma,05,2026-09-26T12:00:00Z,293.1,0.0,0.7,0.0,2026-09-26T13:00:00Z,nodd,nodd
2026-09-26,riverside-ca,urma,06,2026-09-26T13:00:00Z,292.79,0.0,1.17,0.0,2026-09-26T14:00:00Z,nodd,nodd
2026-09-26,riverside-ca,urma,07,2026-09-26T14:00:00Z,292.44,0.51,1.32,0.0,2026-09-26T15:00:00Z,nodd,nodd
2026-09-26,riverside-ca,urma,08,2026-09-26T15:00:00Z,294.58,0.74,2.63,0.0,2026-09-26T16:00:00Z,nodd,nodd
2026-09-26,riverside-ca,urma,09,2026-09-26T16:00:00Z,297.76,0.41,1.99,0.0,2026-09-26T17:00:00Z,nodd,nodd
2026-09-26,riverside-ca,urma,10,2026-09-26T17:00:00Z,301.14,0.62,3.68,0.0,2026-09-26T18:00:00Z,nodd,nodd
2026-09-26,riverside-ca,urma,11,2026-09-26T18:00:00Z,304.67,0.85,3.58,0.0,2026-09-26T19:00:00Z,nodd,nodd
2026-09-26,riverside-ca,urma,12,2026-09-26T19:00:00Z,307.09,1.2,3.55,0.0,2026-09-26T20:00:00Z,nodd,nodd
2026-09-26,riverside-ca,urma,13,2026-09-26T20:00:00Z,308.6,2.58,7.42,0.0,2026-09-26T21:00:00Z,nodd,nodd
2026-09-26,riverside-ca,urma,14,2026-09-26T21:00:00Z,308.98,3.09,9.38,0.0,2026-09-26T22:00:00Z,nodd,nodd
2026-09-26,riverside-ca,urma,15,2026-09-26T22:00:00Z,308.94,4.49,9.72,0.0,2026-09-26T23:00:00Z,nodd,nodd
2026-09-26,riverside-ca,urma,16,2026-09-26T23:00:00Z,309.03,4.63,9.66,0.0,2026-09-27T00:00:00Z,nodd,nodd
2026-09-26,riverside-ca,urma,17,2026-09-27T00:00:00Z,308.1,4.98,10.71,0.0,2026-09-27T01:00:00Z,nodd,nodd
2026-09-26,riverside-ca,urma,18,2026-09-27T01:00:00Z,306.31,4.59,10.64,0.0,2026-09-27T02:00:00Z,nodd,nodd
2026-09-26,riverside-ca,urma,19,2026-09-27T02:00:00Z,304.46,1.68,6.18,0.0,2026-09-27T03:00:00Z,nodd,nodd
2026-09-26,riverside-ca,urma,20,2026-09-27T03:00:00Z,302.75,0.42,4.84,0.0,2026-09-27T04:00:00Z,nodd,nodd
2026-09-26,riverside-ca,urma,21,2026-09-27T04:00:00Z,301.56,0.31,3.48,0.0,2026-09-27T05:00:00Z,nodd,nodd
2026-09-26,riverside-ca,urma,22,2026-09-27T05:00:00Z,300.97,0.74,1.44,0.0,2026-09-27T06:00:00Z,nodd,nodd
2026-09-26,riverside-ca,urma,23,2026-09-27T06:00:00Z,300.46,1.33,1.6,0.0,2026-09-27T07:00:00Z,nodd,nodd
2026-09-26,san-francisco-ca,rtma,00,2026-09-26T07:00:00Z,287.09,2.2,6.17,0.0,2026-09-26T08:00:00Z,nodd,nodd
2026-09-26,san-francisco-ca,rtma,01,2026-09-26T08:00:00Z,286.77,1.22,5.17,0.0,2026-09-26T09:00:00Z,nodd,nodd
2026-09-26,san-francisco-ca,rtma,02,2026-09-26T09:00:00Z,286.34,0.9,4.86,0.0,2026-09-26T10:00:00Z,nodd,nodd
2026-09-26,san-francisco-ca,rtma,03,2026-09-26T10:00:00Z,286.21,1.11,5.6,0.0,2026-09-26T11:00:00Z,nodd,nodd
2026-09-26,san-francisco-ca,rtma,04,2026-09-26T11:00:00Z,285.92,1.72,5.45,0.0,2026-09-26T12:00:00Z,nodd,nodd
2026-09-26,san-francisco-ca,rtma,05,2026-09-26T12:00:00Z,286.03,1.97,6.45,0.0,2026-09-26T13:00:00Z,nodd,nodd
2026-09-26,san-francisco-ca,rtma,06,2026-09-26T13:00:00Z,285.61,2.0,5.52,0.0,2026-09-26T14:00:00Z,nodd,nodd
2026-09-26,san-francisco-ca,rtma,07,2026-09-26T14:00:00Z,286.06,2.23,4.75,0.0,2026-09-26T15:00:00Z,nodd,nodd
2026-09-26,san-francisco-ca,rtma,08,2026-09-26T15:00:00Z,286.74,1.46,4.78,0.0,2026-09-26T16:00:00Z,nodd,nodd
2026-09-26,san-francisco-ca,rtma,09,2026-09-26T16:00:00Z,287.66,1.72,4.1,0.0,2026-09-26T17:00:00Z,nodd,nodd
2026-09-26,san-francisco-ca,rtma,10,2026-09-26T17:00:00Z,288.98,1.82,3.44,0.0,2026-09-26T18:00:00Z,nodd,nodd
2026-09-26,san-francisco-ca,rtma,11,2026-09-26T18:00:00Z,290.4,1.59,2.33,0.0,2026-09-26T19:00:00Z,nodd,nodd
2026-09-26,san-francisco-ca,rtma,12,2026-09-26T19:00:00Z,291.61,1.54,3.61,0.0,2026-09-26T20:00:00Z,nodd,nodd
2026-09-26,san-francisco-ca,rtma,13,2026-09-26T20:00:00Z,292.59,2.18,3.37,0.0,2026-09-26T21:00:00Z,nodd,nodd
2026-09-26,san-francisco-ca,rtma,14,2026-09-26T21:00:00Z,292.64,3.5,5.18,0.0,2026-09-26T22:00:00Z,nodd,nodd
2026-09-26,san-francisco-ca,rtma,15,2026-09-26T22:00:00Z,292.08,4.74,6.49,0.0,2026-09-26T23:00:00Z,nodd,nodd
2026-09-26,san-francisco-ca,rtma,16,2026-09-26T23:00:00Z,291.76,4.87,6.64,0.0,2026-09-27T00:00:00Z,nodd,nodd
2026-09-26,san-francisco-ca,rtma,17,2026-09-27T00:00:00Z,290.9,5.35,6.98,0.0,2026-09-27T01:00:00Z,nodd,nodd
2026-09-26,san-francisco-ca,rtma,18,2026-09-27T01:00:00Z,289.41,5.52,8.17,0.0,2026-09-27T02:00:00Z,nodd,nodd
2026-09-26,san-francisco-ca,rtma,19,2026-09-27T02:00:00Z,288.22,5.5,8.36,0.0,2026-09-27T03:00:00Z,nodd,nodd
2026-09-26,san-francisco-ca,rtma,20,2026-09-27T03:00:00Z,287.76,5.07,7.75,0.0,2026-09-27T04:00:00Z,nodd,nodd
2026-09-26,san-francisco-ca,rtma,21,2026-09-27T04:00:00Z,287.45,5.15,8.32,0.0,2026-09-27T05:00:00Z,nodd,nodd
2026-09-26,san-francisco-ca,rtma,22,2026-09-27T05:00:00Z,287.14,3.97,7.09,0.0,2026-09-27T06:00:00Z,nodd,nodd
2026-09-26,san-francisco-ca,rtma,23,2026-09-27T06:00:00Z,287.23,4.39,7.75,0.0,2026-09-27T07:00:00Z,nodd,nodd
2026-09-26,san-francisco-ca,urma,00,2026-09-26T07:00:00Z,287.32,2.15,6.41,0.0,2026-09-26T08:00:00Z,nodd,nodd
2026-09-26,san-francisco-ca,urma,01,2026-09-26T08:00:00Z,286.82,1.16,4.95,0.0,2026-09-26T09:00:00Z,nodd,nodd
2026-09-26,san-francisco-ca,urma,02,2026-09-26T09:00:00Z,286.35,0.99,4.97,0.0,2026-09-26T10:00:00Z,nodd,nodd
2026-09-26,san-francisco-ca,urma,03,2026-09-26T10:00:00Z,286.25,1.2,5.91,0.0,2026-09-26T11:00:00Z,nodd,nodd
2026-09-26,san-francisco-ca,urma,04,2026-09-26T11:00:00Z,285.98,1.71,5.75,0.0,2026-09-26T12:00:00Z,nodd,nodd
2026-09-26,san-francisco-ca,urma,05,2026-09-26T12:00:00Z,286.08,1.95,6.33,0.0,2026-09-26T13:00:00Z,nodd,nodd
2026-09-26,san-francisco-ca,urma,06,2026-09-26T13:00:00Z,286.09,2.1,5.84,0.0,2026-09-26T14:00:00Z,nodd,nodd
2026-09-26,san-francisco-ca,urma,07,2026-09-26T14:00:00Z,286.04,2.17,4.44,0.0,2026-09-26T15:00:00Z,nodd,nodd
2026-09-26,san-francisco-ca,urma,08,2026-09-26T15:00:00Z,286.76,1.58,4.97,0.0,2026-09-26T16:00:00Z,nodd,nodd
2026-09-26,san-francisco-ca,urma,09,2026-09-26T16:00:00Z,287.75,1.77,4.04,0.0,2026-09-26T17:00:00Z,nodd,nodd
2026-09-26,san-francisco-ca,urma,10,2026-09-26T17:00:00Z,289.06,1.73,2.95,0.0,2026-09-26T18:00:00Z,nodd,nodd
2026-09-26,san-francisco-ca,urma,11,2026-09-26T18:00:00Z,290.5,1.51,2.35,0.0,2026-09-26T19:00:00Z,nodd,nodd
2026-09-26,san-francisco-ca,urma,12,2026-09-26T19:00:00Z,291.79,1.73,3.92,0.0,2026-09-26T20:00:00Z,nodd,nodd
2026-09-26,san-francisco-ca,urma,13,2026-09-26T20:00:00Z,292.57,2.21,3.56,0.0,2026-09-26T21:00:00Z,nodd,nodd
2026-09-26,san-francisco-ca,urma,14,2026-09-26T21:00:00Z,292.73,3.63,5.18,0.0,2026-09-26T22:00:00Z,nodd,nodd
2026-09-26,san-francisco-ca,urma,15,2026-09-26T22:00:00Z,292.19,4.65,6.29,0.0,2026-09-26T23:00:00Z,nodd,nodd
2026-09-26,san-francisco-ca,urma,16,2026-09-26T23:00:00Z,291.71,4.91,6.8,0.0,2026-09-27T00:00:00Z,nodd,nodd
2026-09-26,san-francisco-ca,urma,17,2026-09-27T00:00:00Z,291.01,5.36,7.16,0.0,2026-09-27T01:00:00Z,nodd,nodd
2026-09-26,san-francisco-ca,urma,18,2026-09-27T01:00:00Z,289.18,5.68,8.12,0.0,2026-09-27T02:00:00Z,nodd,nodd
2026-09-26,san-francisco-ca,urma,19,2026-09-27T02:00:00Z,288.27,5.56,8.41,0.0,2026-09-27T03:00:00Z,nodd,nodd
2026-09-26,san-francisco-ca,urma,20,2026-09-27T03:00:00Z,287.74,5.2,8.24,0.0,2026-09-27T04:00:00Z,nodd,nodd
2026-09-26,san-francisco-ca,urma,21,2026-09-27T04:00:00Z,287.39,5.1,8.28,0.0,2026-09-27T05:00:00Z,nodd,nodd
2026-09-26,san-francisco-ca,urma,22,2026-09-27T05:00:00Z,287.14,4.05,7.9,0.0,2026-09-27T06:00:00Z,nodd,nodd
2026-09-26,san-francisco-ca,urma,23,2026-09-27T06:00:00Z,287.19,4.41,7.83,0.0,2026-09-27T07:00:00Z,nodd,nodd
2026-09-26,detroit-mi,rtma,00,2026-09-26T04:00:00Z,285.22,1.9,4.04,0.0,2026-09-26T05:00:00Z,nodd,nodd
2026-09-26,detroit-mi,rtma,01,2026-09-26T05:00:00Z,284.5,2.84,7.17,0.0,2026-09-26T06:00:00Z,nodd,nodd
2026-09-26,detroit-mi,rtma,02,2026-09-26T06:00:00Z,285.0,3.07,6.88,0.0,2026-09-26T07:00:00Z,nodd,nodd
2026-09-26,detroit-mi,rtma,03,2026-09-26T07:00:00Z,285.01,2.59,6.36,0.0,2026-09-26T08:00:00Z,nodd,nodd
2026-09-26,detroit-mi,rtma,04,2026-09-26T08:00:00Z,284.39,2.91,7.79,0.0,2026-09-26T09:00:00Z,nodd,nodd
2026-09-26,detroit-mi,rtma,05,2026-09-26T09:00:00Z,283.91,3.26,7.74,0.0,2026-09-26T10:00:00Z,nodd,nodd
2026-09-26,detroit-mi,rtma,06,2026-09-26T10:00:00Z,283.75,3.17,7.78,0.0,2026-09-26T11:00:00Z,nodd,nodd
2026-09-26,detroit-mi,rtma,07,2026-09-26T11:00:00Z,283.25,2.62,7.52,0.0,2026-09-26T12:00:00Z,nodd,nodd
2026-09-26,detroit-mi,rtma,08,2026-09-26T12:00:00Z,283.15,2.37,5.11,0.0,2026-09-26T13:00:00Z,nodd,nodd
2026-09-26,detroit-mi,rtma,09,2026-09-26T13:00:00Z,285.86,2.53,4.95,0.0,2026-09-26T14:00:00Z,nodd,nodd
2026-09-26,detroit-mi,rtma,10,2026-09-26T14:00:00Z,288.41,3.03,3.19,0.0,2026-09-26T15:00:00Z,nodd,nodd
2026-09-26,detroit-mi,rtma,11,2026-09-26T15:00:00Z,290.63,2.74,5.36,0.0,2026-09-26T16:00:00Z,nodd,nodd
2026-09-26,detroit-mi,rtma,12,2026-09-26T16:00:00Z,292.32,3.02,3.25,0.0,2026-09-26T17:00:00Z,nodd,nodd
2026-09-26,detroit-mi,rtma,13,2026-09-26T17:00:00Z,293.63,2.9,6.76,0.0,2026-09-26T18:00:00Z,nodd,nodd
2026-09-26,detroit-mi,rtma,14,2026-09-26T18:00:00Z,294.78,2.63,4.7,0.0,2026-09-26T19:00:00Z,nodd,nodd
2026-09-26,detroit-mi,rtma,15,2026-09-26T19:00:00Z,295.47,3.4,4.29,0.0,2026-09-26T20:00:00Z,nodd,nodd
2026-09-26,detroit-mi,rtma,16,2026-09-26T20:00:00Z,296.22,3.83,6.81,0.0,2026-09-26T21:00:00Z,nodd,nodd
2026-09-26,detroit-mi,rtma,17,2026-09-26T21:00:00Z,295.62,3.88,4.67,0.0,2026-09-26T22:00:00Z,nodd,nodd
2026-09-26,detroit-mi,rtma,18,2026-09-26T22:00:00Z,294.53,4.4,5.89,0.0,2026-09-26T23:00:00Z,nodd,nodd
2026-09-26,detroit-mi,rtma,19,2026-09-26T23:00:00Z,292.13,4.48,7.97,0.0,2026-09-27T00:00:00Z,nodd,nodd
2026-09-26,detroit-mi,rtma,20,2026-09-27T00:00:00Z,289.96,4.13,7.09,0.0,2026-09-27T01:00:00Z,nodd,nodd
2026-09-26,detroit-mi,rtma,21,2026-09-27T01:00:00Z,288.62,2.08,5.83,0.0,2026-09-27T02:00:00Z,nodd,nodd
2026-09-26,detroit-mi,rtma,22,2026-09-27T02:00:00Z,287.44,2.1,5.1,0.0,2026-09-27T03:00:00Z,nodd,nodd
2026-09-26,detroit-mi,rtma,23,2026-09-27T03:00:00Z,286.52,2.49,6.08,0.0,2026-09-27T04:00:00Z,nodd,nodd
2026-09-26,detroit-mi,urma,00,2026-09-26T04:00:00Z,285.27,1.9,4.68,0.0,2026-09-26T05:00:00Z,nodd,nodd
2026-09-26,detroit-mi,urma,01,2026-09-26T05:00:00Z,284.59,2.75,6.51,0.0,2026-09-26T06:00:00Z,nodd,nodd
2026-09-26,detroit-mi,urma,02,2026-09-26T06:00:00Z,285.1,2.99,7.04,0.0,2026-09-26T07:00:00Z,nodd,nodd
2026-09-26,detroit-mi,urma,03,2026-09-26T07:00:00Z,285.11,2.49,6.58,0.0,2026-09-26T08:00:00Z,nodd,nodd
2026-09-26,detroit-mi,urma,04,2026-09-26T08:00:00Z,284.48,2.88,5.7,0.0,2026-09-26T09:00:00Z,nodd,nodd
2026-09-26,detroit-mi,urma,05,2026-09-26T09:00:00Z,284.03,3.36,8.0,0.0,2026-09-26T10:00:00Z,nodd,nodd
2026-09-26,detroit-mi,urma,06,2026-09-26T10:00:00Z,283.84,3.14,7.77,0.0,2026-09-26T11:00:00Z,nodd,nodd
2026-09-26,detroit-mi,urma,07,2026-09-26T11:00:00Z,283.36,2.49,6.95,0.0,2026-09-26T12:00:00Z,nodd,nodd
2026-09-26,detroit-mi,urma,08,2026-09-26T12:00:00Z,283.33,2.38,5.08,0.0,2026-09-26T13:00:00Z,nodd,nodd
2026-09-26,detroit-mi,urma,09,2026-09-26T13:00:00Z,286.06,2.57,4.17,0.0,2026-09-26T14:00:00Z,nodd,nodd
2026-09-26,detroit-mi,urma,10,2026-09-26T14:00:00Z,288.57,2.95,3.34,0.0,2026-09-26T15:00:00Z,nodd,nodd
2026-09-26,detroit-mi,urma,11,2026-09-26T15:00:00Z,290.74,2.63,5.68,0.0,2026-09-26T16:00:00Z,nodd,nodd
2026-09-26,detroit-mi,urma,12,2026-09-26T16:00:00Z,292.49,2.96,3.6,0.0,2026-09-26T17:00:00Z,nodd,nodd
2026-09-26,detroit-mi,urma,13,2026-09-26T17:00:00Z,293.72,2.86,6.7,0.0,2026-09-26T18:00:00Z,nodd,nodd
2026-09-26,detroit-mi,urma,14,2026-09-26T18:00:00Z,294.9,2.55,4.76,0.0,2026-09-26T19:00:00Z,nodd,nodd
2026-09-26,detroit-mi,urma,15,2026-09-26T19:00:00Z,295.53,3.36,4.46,0.0,2026-09-26T20:00:00Z,nodd,nodd
2026-09-26,detroit-mi,urma,16,2026-09-26T20:00:00Z,296.19,3.77,6.51,0.0,2026-09-26T21:00:00Z,nodd,nodd
2026-09-26,detroit-mi,urma,17,2026-09-26T21:00:00Z,295.61,3.9,4.42,0.0,2026-09-26T22:00:00Z,nodd,nodd
2026-09-26,detroit-mi,urma,18,2026-09-26T22:00:00Z,294.49,4.39,6.15,0.0,2026-09-26T23:00:00Z,nodd,nodd
2026-09-26,detroit-mi,urma,19,2026-09-26T23:00:00Z,292.2,4.4,7.92,0.0,2026-09-27T00:00:00Z,nodd,nodd
2026-09-26,detroit-mi,urma,20,2026-09-27T00:00:00Z,290.04,4.09,7.01,0.0,2026-09-27T01:00:00Z,nodd,nodd
2026-09-26,detroit-mi,urma,21,2026-09-27T01:00:00Z,288.9,2.11,5.79,0.0,2026-09-27T02:00:00Z,nodd,nodd
2026-09-26,detroit-mi,urma,22,2026-09-27T02:00:00Z,287.6,2.19,4.77,0.0,2026-09-27T03:00:00Z,nodd,nodd
2026-09-26,detroit-mi,urma,23,2026-09-27T03:00:00Z,286.66,2.4,5.87,0.0,2026-09-27T04:00:00Z,nodd,nodd
2026-09-26,seattle-wa,rtma,00,2026-09-26T07:00:00Z,284.37,3.94,5.79,0.0,2026-09-26T08:00:00Z,nodd,nodd
2026-09-26,seattle-wa,rtma,01,2026-09-26T08:00:00Z,284.44,3.23,4.37,0.0,2026-09-26T09:00:00Z,nodd,nodd
2026-09-26,seattle-wa,rtma,02,2026-09-26T09:00:00Z,284.24,2.53,6.25,0.0,2026-09-26T10:00:00Z,nodd,nodd
2026-09-26,seattle-wa,rtma,03,2026-09-26T10:00:00Z,283.84,2.79,5.66,0.0,2026-09-26T11:00:00Z,nodd,nodd
2026-09-26,seattle-wa,rtma,04,2026-09-26T11:00:00Z,283.52,1.93,5.66,0.0,2026-09-26T12:00:00Z,nodd,nodd
2026-09-26,seattle-wa,rtma,05,2026-09-26T12:00:00Z,283.11,1.02,2.83,0.0,2026-09-26T13:00:00Z,nodd,nodd
2026-09-26,seattle-wa,rtma,06,2026-09-26T13:00:00Z,283.24,0.79,2.33,0.0,2026-09-26T14:00:00Z,nodd,nodd
2026-09-26,seattle-wa,rtma,07,2026-09-26T14:00:00Z,282.86,0.51,1.0,0.0,2026-09-26T15:00:00Z,nodd,nodd
2026-09-26,seattle-wa,rtma,08,2026-09-26T15:00:00Z,282.78,0.62,2.11,0.0,2026-09-26T16:00:00Z,nodd,nodd
2026-09-26,seattle-wa,rtma,09,2026-09-26T16:00:00Z,284.45,0.6,2.08,0.0,2026-09-26T17:00:00Z,nodd,nodd
2026-09-26,seattle-wa,rtma,10,2026-09-26T17:00:00Z,285.28,0.25,0.25,0.0,2026-09-26T18:00:00Z,nodd,nodd
2026-09-26,seattle-wa,rtma,11,2026-09-26T18:00:00Z,286.02,0.56,1.41,0.0,2026-09-26T19:00:00Z,nodd,nodd
2026-09-26,seattle-wa,rtma,12,2026-09-26T19:00:00Z,286.78,0.65,1.95,0.0,2026-09-26T20:00:00Z,nodd,nodd
2026-09-26,seattle-wa,rtma,13,2026-09-26T20:00:00Z,287.8,1.27,2.32,0.0,2026-09-26T21:00:00Z,nodd,nodd
2026-09-26,seattle-wa,rtma,14,2026-09-26T21:00:00Z,288.22,1.99,1.99,0.0,2026-09-26T22:00:00Z,nodd,nodd
2026-09-26,seattle-wa,rtma,15,2026-09-26T22:00:00Z,289.31,2.99,2.99,0.0,2026-09-26T23:00:00Z,nodd,nodd
2026-09-26,seattle-wa,rtma,16,2026-09-26T23:00:00Z,290.36,3.64,4.59,0.0,2026-09-27T00:00:00Z,nodd,nodd
2026-09-26,seattle-wa,rtma,17,2026-09-27T00:00:00Z,289.95,3.96,6.5,0.0,2026-09-27T01:00:00Z,nodd,nodd
2026-09-26,seattle-wa,rtma,18,2026-09-27T01:00:00Z,288.84,5.27,6.97,0.0,2026-09-27T02:00:00Z,nodd,nodd
2026-09-26,seattle-wa,rtma,19,2026-09-27T02:00:00Z,287.39,5.31,5.31,0.0,2026-09-27T03:00:00Z,nodd,nodd
2026-09-26,seattle-wa,rtma,20,2026-09-27T03:00:00Z,286.65,5.29,5.29,0.0,2026-09-27T04:00:00Z,nodd,nodd
2026-09-26,seattle-wa,rtma,21,2026-09-27T04:00:00Z,286.11,3.97,5.82,0.0,2026-09-27T05:00:00Z,nodd,nodd
2026-09-26,seattle-wa,rtma,22,2026-09-27T05:00:00Z,285.48,4.35,6.57,0.0,2026-09-27T06:00:00Z,nodd,nodd
2026-09-26,seattle-wa,rtma,23,2026-09-27T06:00:00Z,284.99,2.92,5.88,0.0,2026-09-27T07:00:00Z,nodd,nodd
2026-09-26,seattle-wa,urma,00,2026-09-26T07:00:00Z,284.63,3.97,5.36,0.0,2026-09-26T08:00:00Z,nodd,nodd
2026-09-26,seattle-wa,urma,01,2026-09-26T08:00:00Z,284.44,3.41,4.42,0.0,2026-09-26T09:00:00Z,nodd,nodd
2026-09-26,seattle-wa,urma,02,2026-09-26T09:00:00Z,284.3,2.52,6.04,0.0,2026-09-26T10:00:00Z,nodd,nodd
2026-09-26,seattle-wa,urma,03,2026-09-26T10:00:00Z,283.99,2.68,5.73,0.0,2026-09-26T11:00:00Z,nodd,nodd
2026-09-26,seattle-wa,urma,04,2026-09-26T11:00:00Z,283.51,1.97,5.69,0.0,2026-09-26T12:00:00Z,nodd,nodd
2026-09-26,seattle-wa,urma,05,2026-09-26T12:00:00Z,283.12,0.91,2.87,0.0,2026-09-26T13:00:00Z,nodd,nodd
2026-09-26,seattle-wa,urma,06,2026-09-26T13:00:00Z,283.41,0.73,2.42,0.0,2026-09-26T14:00:00Z,nodd,nodd
2026-09-26,seattle-wa,urma,07,2026-09-26T14:00:00Z,282.85,0.62,1.06,0.0,2026-09-26T15:00:00Z,nodd,nodd
2026-09-26,seattle-wa,urma,08,2026-09-26T15:00:00Z,282.79,0.65,2.08,0.0,2026-09-26T16:00:00Z,nodd,nodd
2026-09-26,seattle-wa,urma,09,2026-09-26T16:00:00Z,284.53,0.55,1.82,0.0,2026-09-26T17:00:00Z,nodd,nodd
2026-09-26,seattle-wa,urma,10,2026-09-26T17:00:00Z,285.33,0.16,0.31,0.0,2026-09-26T18:00:00Z,nodd,nodd
2026-09-26,seattle-wa,urma,11,2026-09-26T18:00:00Z,286.03,0.41,1.3,0.0,2026-09-26T19:00:00Z,nodd,nodd
2026-09-26,seattle-wa,urma,12,2026-09-26T19:00:00Z,286.76,0.59,1.88,0.0,2026-09-26T20:00:00Z,nodd,nodd
2026-09-26,seattle-wa,urma,13,2026-09-26T20:00:00Z,287.66,1.24,2.08,0.0,2026-09-26T21:00:00Z,nodd,nodd
2026-09-26,seattle-wa,urma,14,2026-09-26T21:00:00Z,288.31,2.1,2.1,0.0,2026-09-26T22:00:00Z,nodd,nodd
2026-09-26,seattle-wa,urma,15,2026-09-26T22:00:00Z,289.26,2.98,2.98,0.0,2026-09-26T23:00:00Z,nodd,nodd
2026-09-26,seattle-wa,urma,16,2026-09-26T23:00:00Z,290.23,3.59,4.38,0.0,2026-09-27T00:00:00Z,nodd,nodd
2026-09-26,seattle-wa,urma,17,2026-09-27T00:00:00Z,289.87,3.66,6.52,0.0,2026-09-27T01:00:00Z,nodd,nodd
2026-09-26,seattle-wa,urma,18,2026-09-27T01:00:00Z,289.06,5.09,6.89,0.0,2026-09-27T02:00:00Z,nodd,nodd
2026-09-26,seattle-wa,urma,19,2026-09-27T02:00:00Z,287.48,5.07,5.07,0.0,2026-09-27T03:00:00Z,nodd,nodd
2026-09-26,seattle-wa,urma,20,2026-09-27T03:00:00Z,286.66,5.32,5.32,0.0,2026-09-27T04:00:00Z,nodd,nodd
2026-09-26,seattle-wa,urma,21,2026-09-27T04:00:00Z,286.12,3.97,5.71,0.0,2026-09-27T05:00:00Z,nodd,nodd
2026-09-26,seattle-wa,urma,22,2026-09-27T05:00:00Z,285.52,4.43,7.61,0.0,2026-09-27T06:00:00Z,nodd,nodd
2026-09-26,seattle-wa,urma,23,2026-09-27T06:00:00Z,285.2,2.76,5.61,0.0,2026-09-27T07:00:00Z,nodd,nodd
2026-09-26,minneapolis-mn,rtma,00,2026-09-26T05:00:00Z,289.42,1.91,2.81,0.0,2026-09-26T06:00:00Z,nodd,nodd
2026-09-26,minneapolis-mn,rtma,01,2026-09-26T06:00:00Z,289.02,1.94,3.58,0.0,2026-09-26T07:00:00Z,nodd,nodd
2026-09-26,minneapolis-mn,rtma,02,2026-09-26T07:00:00Z,288.8,2.71,4.02,0.0,2026-09-26T08:00:00Z,nodd,nodd
2026-09-26,minneapolis-mn,rtma,03,2026-09-26T08:00:00Z,288.3,2.95,3.51,0.0,2026-09-26T09:00:00Z,nodd,nodd
2026-09-26,minneapolis-mn,rtma,04,2026-09-26T09:00:00Z,288.08,2.92,4.2,0.0,2026-09-26T10:00:00Z,nodd,nodd
2026-09-26,minneapolis-mn,rtma,05,2026-09-26T10:00:00Z,288.06,3.19,4.82,0.0,2026-09-26T11:00:00Z,nodd,nodd
2026-09-26,minneapolis-mn,rtma,06,2026-09-26T11:00:00Z,287.96,3.28,3.93,0.0,2026-09-26T12:00:00Z,nodd,nodd
2026-09-26,minneapolis-mn,rtma,07,2026-09-26T12:00:00Z,288.01,3.46,6.23,0.0,2026-09-26T13:00:00Z,nodd,nodd
2026-09-26,minneapolis-mn,rtma,08,2026-09-26T13:00:00Z,287.98,3.74,6.0,0.0,2026-09-26T14:00:00Z,nodd,nodd
2026-09-26,minneapolis-mn,rtma,09,2026-09-26T14:00:00Z,288.56,3.11,6.46,0.0,2026-09-26T15:00:00Z,nodd,nodd
2026-09-26,minneapolis-mn,rtma,10,2026-09-26T15:00:00Z,289.33,4.01,6.88,0.015625,2026-09-26T16:00:00Z,nodd,nodd
2026-09-26,minneapolis-mn,rtma,11,2026-09-26T16:00:00Z,288.83,3.9,7.86,0.046875,2026-09-26T17:00:00Z,nodd,nodd
2026-09-26,minneapolis-mn,rtma,12,2026-09-26T17:00:00Z,288.34,4.33,7.32,0.296875,2026-09-26T18:00:00Z,nodd,nodd
2026-09-26,minneapolis-mn,rtma,13,2026-09-26T18:00:00Z,288.49,3.59,8.56,0.609375,2026-09-26T19:00:00Z,nodd,nodd
2026-09-26,minneapolis-mn,rtma,14,2026-09-26T19:00:00Z,289.12,3.9,8.54,0.40625,2026-09-26T20:00:00Z,nodd,nodd
2026-09-26,minneapolis-mn,rtma,15,2026-09-26T20:00:00Z,288.12,3.89,8.02,0.234375,2026-09-26T21:00:00Z,nodd,nodd
2026-09-26,minneapolis-mn,rtma,16,2026-09-26T21:00:00Z,288.14,4.95,10.43,0.921875,2026-09-26T22:00:00Z,nodd,nodd
2026-09-26,minneapolis-mn,rtma,17,2026-09-26T22:00:00Z,287.91,3.75,7.51,0.0,2026-09-26T23:00:00Z,nodd,nodd
2026-09-26,minneapolis-mn,rtma,18,2026-09-26T23:00:00Z,287.78,2.6,5.55,0.0,2026-09-27T00:00:00Z,nodd,nodd
2026-09-26,minneapolis-mn,rtma,19,2026-09-27T00:00:00Z,288.08,2.11,4.43,0.0,2026-09-27T01:00:00Z,nodd,nodd
2026-09-26,minneapolis-mn,rtma,20,2026-09-27T01:00:00Z,288.32,2.37,5.06,0.0,2026-09-27T02:00:00Z,nodd,nodd
2026-09-26,minneapolis-mn,rtma,21,2026-09-27T02:00:00Z,288.53,2.04,2.04,0.0,2026-09-27T03:00:00Z,nodd,nodd
2026-09-26,minneapolis-mn,rtma,22,2026-09-27T03:00:00Z,288.67,2.79,7.98,0.0,2026-09-27T04:00:00Z,nodd,nodd
2026-09-26,minneapolis-mn,rtma,23,2026-09-27T04:00:00Z,288.79,2.83,4.56,0.0,2026-09-27T05:00:00Z,nodd,nodd
2026-09-26,minneapolis-mn,urma,00,2026-09-26T05:00:00Z,289.43,1.91,2.94,0.0,2026-09-26T06:00:00Z,nodd,nodd
2026-09-26,minneapolis-mn,urma,01,2026-09-26T06:00:00Z,289.02,1.94,3.64,0.0,2026-09-26T07:00:00Z,nodd,nodd
2026-09-26,minneapolis-mn,urma,02,2026-09-26T07:00:00Z,288.72,2.76,4.14,0.0,2026-09-26T08:00:00Z,nodd,nodd
2026-09-26,minneapolis-mn,urma,03,2026-09-26T08:00:00Z,288.31,3.01,3.76,0.0,2026-09-26T09:00:00Z,nodd,nodd
2026-09-26,minneapolis-mn,urma,04,2026-09-26T09:00:00Z,288.09,3.06,4.29,0.0,2026-09-26T10:00:00Z,nodd,nodd
2026-09-26,minneapolis-mn,urma,05,2026-09-26T10:00:00Z,288.05,3.15,4.97,0.0,2026-09-26T11:00:00Z,nodd,nodd
2026-09-26,minneapolis-mn,urma,06,2026-09-26T11:00:00Z,287.97,3.31,4.11,0.0,2026-09-26T12:00:00Z,nodd,nodd
2026-09-26,minneapolis-mn,urma,07,2026-09-26T12:00:00Z,288.04,3.45,6.52,0.0,2026-09-26T13:00:00Z,nodd,nodd
2026-09-26,minneapolis-mn,urma,08,2026-09-26T13:00:00Z,288.15,3.69,6.25,0.0,2026-09-26T14:00:00Z,nodd,nodd
2026-09-26,minneapolis-mn,urma,09,2026-09-26T14:00:00Z,288.56,3.12,6.64,0.0,2026-09-26T15:00:00Z,nodd,nodd
2026-09-26,minneapolis-mn,urma,10,2026-09-26T15:00:00Z,289.31,4.17,7.04,0.015625,2026-09-26T16:00:00Z,nodd,nodd
2026-09-26,minneapolis-mn,urma,11,2026-09-26T16:00:00Z,288.82,3.93,7.7,0.15625,2026-09-26T17:00:00Z,nodd,nodd
2026-09-26,minneapolis-mn,urma,12,2026-09-26T17:00:00Z,288.35,4.36,7.62,0.265625,2026-09-26T18:00:00Z,nodd,nodd
2026-09-26,minneapolis-mn,urma,13,2026-09-26T18:00:00Z,288.49,3.51,8.5,0.640625,2026-09-26T19:00:00Z,nodd,nodd
2026-09-26,minneapolis-mn,urma,14,2026-09-26T19:00:00Z,289.06,3.94,8.66,0.71875,2026-09-26T20:00:00Z,nodd,nodd
2026-09-26,minneapolis-mn,urma,15,2026-09-26T20:00:00Z,288.12,4.08,8.14,0.296875,2026-09-26T21:00:00Z,nodd,nodd
2026-09-26,minneapolis-mn,urma,16,2026-09-26T21:00:00Z,288.17,5.09,10.61,1.03125,2026-09-26T22:00:00Z,nodd,nodd
2026-09-26,minneapolis-mn,urma,17,2026-09-26T22:00:00Z,287.91,3.83,7.7,0.0,2026-09-26T23:00:00Z,nodd,nodd
2026-09-26,minneapolis-mn,urma,18,2026-09-26T23:00:00Z,287.78,2.58,5.69,0.0,2026-09-27T00:00:00Z,nodd,nodd
2026-09-26,minneapolis-mn,urma,19,2026-09-27T00:00:00Z,288.08,2.02,4.63,0.0,2026-09-27T01:00:00Z,nodd,nodd
2026-09-26,minneapolis-mn,urma,20,2026-09-27T01:00:00Z,288.4,2.43,5.34,0.0,2026-09-27T02:00:00Z,nodd,nodd
2026-09-26,minneapolis-mn,urma,21,2026-09-27T02:00:00Z,288.54,2.03,2.31,0.0,2026-09-27T03:00:00Z,nodd,nodd
2026-09-26,minneapolis-mn,urma,22,2026-09-27T03:00:00Z,288.69,2.78,7.3,0.0,2026-09-27T04:00:00Z,nodd,nodd
2026-09-26,minneapolis-mn,urma,23,2026-09-27T04:00:00Z,288.8,2.81,4.69,0.0,2026-09-27T05:00:00Z,nodd,nodd
2026-09-26,tampa-fl,rtma,00,2026-09-26T04:00:00Z,294.4,3.0,6.67,0.0,2026-09-26T05:00:00Z,nodd,nodd
2026-09-26,tampa-fl,rtma,01,2026-09-26T05:00:00Z,293.73,2.12,6.65,0.0,2026-09-26T06:00:00Z,nodd,nodd
2026-09-26,tampa-fl,rtma,02,2026-09-26T06:00:00Z,293.4,2.1,5.44,0.0,2026-09-26T07:00:00Z,nodd,nodd
2026-09-26,tampa-fl,rtma,03,2026-09-26T07:00:00Z,292.95,1.5,5.68,0.0,2026-09-26T08:00:00Z,nodd,nodd
2026-09-26,tampa-fl,rtma,04,2026-09-26T08:00:00Z,292.67,1.71,5.42,0.0,2026-09-26T09:00:00Z,nodd,nodd
2026-09-26,tampa-fl,rtma,05,2026-09-26T09:00:00Z,292.18,1.48,3.8,0.0,2026-09-26T10:00:00Z,nodd,nodd
2026-09-26,tampa-fl,rtma,06,2026-09-26T10:00:00Z,292.02,1.18,4.54,0.0,2026-09-26T11:00:00Z,nodd,nodd
2026-09-26,tampa-fl,rtma,07,2026-09-26T11:00:00Z,291.47,0.77,3.58,0.0,2026-09-26T12:00:00Z,nodd,nodd
2026-09-26,tampa-fl,rtma,08,2026-09-26T12:00:00Z,292.13,0.71,2.55,0.0,2026-09-26T13:00:00Z,nodd,nodd
2026-09-26,tampa-fl,rtma,09,2026-09-26T13:00:00Z,294.65,1.61,3.74,0.0,2026-09-26T14:00:00Z,nodd,nodd
2026-09-26,tampa-fl,rtma,10,2026-09-26T14:00:00Z,296.15,2.19,3.89,0.0,2026-09-26T15:00:00Z,nodd,nodd
2026-09-26,tampa-fl,rtma,11,2026-09-26T15:00:00Z,297.59,1.67,3.27,0.0,2026-09-26T16:00:00Z,nodd,nodd
2026-09-26,tampa-fl,rtma,12,2026-09-26T16:00:00Z,298.67,2.13,3.85,0.0,2026-09-26T17:00:00Z,nodd,nodd
2026-09-26,tampa-fl,rtma,13,2026-09-26T17:00:00Z,299.65,2.57,4.2,0.0,2026-09-26T18:00:00Z,nodd,nodd
2026-09-26,tampa-fl,rtma,14,2026-09-26T18:00:00Z,301.36,1.19,3.4,0.0,2026-09-26T19:00:00Z,nodd,nodd
2026-09-26,tampa-fl,rtma,15,2026-09-26T19:00:00Z,301.56,3.12,4.34,0.0,2026-09-26T20:00:00Z,nodd,nodd
2026-09-26,tampa-fl,rtma,16,2026-09-26T20:00:00Z,301.36,2.68,4.41,0.0,2026-09-26T21:00:00Z,nodd,nodd
2026-09-26,tampa-fl,rtma,17,2026-09-26T21:00:00Z,301.42,2.72,3.23,0.0,2026-09-26T22:00:00Z,nodd,nodd
2026-09-26,tampa-fl,rtma,18,2026-09-26T22:00:00Z,301.15,2.4,3.59,0.0,2026-09-26T23:00:00Z,nodd,nodd
2026-09-26,tampa-fl,rtma,19,2026-09-26T23:00:00Z,299.57,2.2,3.51,0.0,2026-09-27T00:00:00Z,nodd,nodd
2026-09-26,tampa-fl,rtma,20,2026-09-27T00:00:00Z,297.02,2.8,7.54,0.0,2026-09-27T01:00:00Z,nodd,nodd
2026-09-26,tampa-fl,rtma,21,2026-09-27T01:00:00Z,296.43,1.54,5.22,0.0,2026-09-27T02:00:00Z,nodd,nodd
2026-09-26,tampa-fl,rtma,22,2026-09-27T02:00:00Z,295.82,1.66,6.04,0.0,2026-09-27T03:00:00Z,nodd,nodd
2026-09-26,tampa-fl,rtma,23,2026-09-27T03:00:00Z,294.95,0.99,3.51,0.0,2026-09-27T04:00:00Z,nodd,nodd
2026-09-26,tampa-fl,urma,00,2026-09-26T04:00:00Z,294.42,3.22,7.54,0.0,2026-09-26T05:00:00Z,nodd,nodd
2026-09-26,tampa-fl,urma,01,2026-09-26T05:00:00Z,293.74,2.06,6.07,0.0,2026-09-26T06:00:00Z,nodd,nodd
2026-09-26,tampa-fl,urma,02,2026-09-26T06:00:00Z,293.39,2.18,5.33,0.0,2026-09-26T07:00:00Z,nodd,nodd
2026-09-26,tampa-fl,urma,03,2026-09-26T07:00:00Z,292.91,1.61,5.68,0.0,2026-09-26T08:00:00Z,nodd,nodd
2026-09-26,tampa-fl,urma,04,2026-09-26T08:00:00Z,292.64,1.53,4.02,0.0,2026-09-26T09:00:00Z,nodd,nodd
2026-09-26,tampa-fl,urma,05,2026-09-26T09:00:00Z,292.25,1.4,3.12,0.0,2026-09-26T10:00:00Z,nodd,nodd
2026-09-26,tampa-fl,urma,06,2026-09-26T10:00:00Z,292.0,1.14,3.87,0.0,2026-09-26T11:00:00Z,nodd,nodd
2026-09-26,tampa-fl,urma,07,2026-09-26T11:00:00Z,291.47,0.74,2.86,0.0,2026-09-26T12:00:00Z,nodd,nodd
2026-09-26,tampa-fl,urma,08,2026-09-26T12:00:00Z,292.12,0.8,2.21,0.0,2026-09-26T13:00:00Z,nodd,nodd
2026-09-26,tampa-fl,urma,09,2026-09-26T13:00:00Z,294.82,1.53,3.48,0.0,2026-09-26T14:00:00Z,nodd,nodd
2026-09-26,tampa-fl,urma,10,2026-09-26T14:00:00Z,296.14,2.12,3.62,0.0,2026-09-26T15:00:00Z,nodd,nodd
2026-09-26,tampa-fl,urma,11,2026-09-26T15:00:00Z,297.73,1.58,3.07,0.0,2026-09-26T16:00:00Z,nodd,nodd
2026-09-26,tampa-fl,urma,12,2026-09-26T16:00:00Z,298.7,2.19,3.87,0.0,2026-09-26T17:00:00Z,nodd,nodd
2026-09-26,tampa-fl,urma,13,2026-09-26T17:00:00Z,299.65,2.3,3.63,0.0,2026-09-26T18:00:00Z,nodd,nodd
2026-09-26,tampa-fl,urma,14,2026-09-26T18:00:00Z,301.37,1.37,3.5,0.0,2026-09-26T19:00:00Z,nodd,nodd
2026-09-26,tampa-fl,urma,15,2026-09-26T19:00:00Z,301.07,2.98,4.51,0.0,2026-09-26T20:00:00Z,nodd,nodd
2026-09-26,tampa-fl,urma,16,2026-09-26T20:00:00Z,301.43,2.61,4.31,0.0,2026-09-26T21:00:00Z,nodd,nodd
2026-09-26,tampa-fl,urma,17,2026-09-26T21:00:00Z,301.59,2.71,3.69,0.0,2026-09-26T22:00:00Z,nodd,nodd
2026-09-26,tampa-fl,urma,18,2026-09-26T22:00:00Z,301.07,2.42,3.82,0.0,2026-09-26T23:00:00Z,nodd,nodd
2026-09-26,tampa-fl,urma,19,2026-09-26T23:00:00Z,299.41,2.26,4.03,0.0,2026-09-27T00:00:00Z,nodd,nodd
2026-09-26,tampa-fl,urma,20,2026-09-27T00:00:00Z,297.01,2.72,7.24,0.0,2026-09-27T01:00:00Z,nodd,nodd
2026-09-26,tampa-fl,urma,21,2026-09-27T01:00:00Z,296.38,1.52,4.96,0.0,2026-09-27T02:00:00Z,nodd,nodd
2026-09-26,tampa-fl,urma,22,2026-09-27T02:00:00Z,295.81,1.6,5.42,0.0,2026-09-27T03:00:00Z,nodd,nodd
2026-09-26,tampa-fl,urma,23,2026-09-27T03:00:00Z,294.9,0.99,3.43,0.0,2026-09-27T04:00:00Z,nodd,nodd
2026-09-26,san-diego-ca,rtma,00,2026-09-26T07:00:00Z,293.74,1.38,1.74,0.0,2026-09-26T08:00:00Z,nodd,nodd
2026-09-26,san-diego-ca,rtma,01,2026-09-26T08:00:00Z,293.74,0.76,1.34,0.0,2026-09-26T09:00:00Z,nodd,nodd
2026-09-26,san-diego-ca,rtma,02,2026-09-26T09:00:00Z,293.4,1.85,2.58,0.0,2026-09-26T10:00:00Z,nodd,nodd
2026-09-26,san-diego-ca,rtma,03,2026-09-26T10:00:00Z,292.97,1.25,2.7,0.0,2026-09-26T11:00:00Z,nodd,nodd
2026-09-26,san-diego-ca,rtma,04,2026-09-26T11:00:00Z,292.52,1.15,1.76,0.0,2026-09-26T12:00:00Z,nodd,nodd
2026-09-26,san-diego-ca,rtma,05,2026-09-26T12:00:00Z,292.07,1.18,2.16,0.0,2026-09-26T13:00:00Z,nodd,nodd
2026-09-26,san-diego-ca,rtma,06,2026-09-26T13:00:00Z,292.25,2.07,2.82,0.0,2026-09-26T14:00:00Z,nodd,nodd
2026-09-26,san-diego-ca,rtma,07,2026-09-26T14:00:00Z,291.77,1.85,2.1,0.0,2026-09-26T15:00:00Z,nodd,nodd
2026-09-26,san-diego-ca,rtma,08,2026-09-26T15:00:00Z,292.99,1.77,2.71,0.0,2026-09-26T16:00:00Z,nodd,nodd
2026-09-26,san-diego-ca,rtma,09,2026-09-26T16:00:00Z,296.11,0.96,1.47,0.0,2026-09-26T17:00:00Z,nodd,nodd
2026-09-26,san-diego-ca,rtma,10,2026-09-26T17:00:00Z,299.67,1.08,1.27,0.0,2026-09-26T18:00:00Z,nodd,nodd
2026-09-26,san-diego-ca,rtma,11,2026-09-26T18:00:00Z,300.37,2.82,3.4,0.0,2026-09-26T19:00:00Z,nodd,nodd
2026-09-26,san-diego-ca,rtma,12,2026-09-26T19:00:00Z,301.83,2.76,3.25,0.0,2026-09-26T20:00:00Z,nodd,nodd
2026-09-26,san-diego-ca,rtma,13,2026-09-26T20:00:00Z,302.58,3.11,3.99,0.0,2026-09-26T21:00:00Z,nodd,nodd
2026-09-26,san-diego-ca,rtma,14,2026-09-26T21:00:00Z,301.86,4.49,6.31,0.0,2026-09-26T22:00:00Z,nodd,nodd
2026-09-26,san-diego-ca,rtma,15,2026-09-26T22:00:00Z,300.06,4.02,6.55,0.0,2026-09-26T23:00:00Z,nodd,nodd
2026-09-26,san-diego-ca,rtma,16,2026-09-26T23:00:00Z,299.64,3.5,4.43,0.0,2026-09-27T00:00:00Z,nodd,nodd
2026-09-26,san-diego-ca,rtma,17,2026-09-27T00:00:00Z,298.68,2.01,3.7,0.0,2026-09-27T01:00:00Z,nodd,nodd
2026-09-26,san-diego-ca,rtma,18,2026-09-27T01:00:00Z,297.61,0.91,1.43,0.0,2026-09-27T02:00:00Z,nodd,nodd
2026-09-26,san-diego-ca,rtma,19,2026-09-27T02:00:00Z,297.05,0.59,1.28,0.0,2026-09-27T03:00:00Z,nodd,nodd
2026-09-26,san-diego-ca,rtma,20,2026-09-27T03:00:00Z,297.04,0.75,1.58,0.0,2026-09-27T04:00:00Z,nodd,nodd
2026-09-26,san-diego-ca,rtma,21,2026-09-27T04:00:00Z,296.43,1.41,1.82,0.0,2026-09-27T05:00:00Z,nodd,nodd
2026-09-26,san-diego-ca,rtma,22,2026-09-27T05:00:00Z,296.18,1.64,1.67,0.0,2026-09-27T06:00:00Z,nodd,nodd
2026-09-26,san-diego-ca,rtma,23,2026-09-27T06:00:00Z,295.83,2.12,2.55,0.0,2026-09-27T07:00:00Z,nodd,nodd
2026-09-26,san-diego-ca,urma,00,2026-09-26T07:00:00Z,293.69,1.36,1.5,0.0,2026-09-26T08:00:00Z,nodd,nodd
2026-09-26,san-diego-ca,urma,01,2026-09-26T08:00:00Z,293.75,0.82,1.72,0.0,2026-09-26T09:00:00Z,nodd,nodd
2026-09-26,san-diego-ca,urma,02,2026-09-26T09:00:00Z,293.42,1.9,2.28,0.0,2026-09-26T10:00:00Z,nodd,nodd
2026-09-26,san-diego-ca,urma,03,2026-09-26T10:00:00Z,292.93,1.14,2.12,0.0,2026-09-26T11:00:00Z,nodd,nodd
2026-09-26,san-diego-ca,urma,04,2026-09-26T11:00:00Z,292.45,1.14,1.73,0.0,2026-09-26T12:00:00Z,nodd,nodd
2026-09-26,san-diego-ca,urma,05,2026-09-26T12:00:00Z,292.01,1.29,2.27,0.0,2026-09-26T13:00:00Z,nodd,nodd
2026-09-26,san-diego-ca,urma,06,2026-09-26T13:00:00Z,292.13,1.93,2.61,0.0,2026-09-26T14:00:00Z,nodd,nodd
2026-09-26,san-diego-ca,urma,07,2026-09-26T14:00:00Z,291.73,1.89,2.25,0.0,2026-09-26T15:00:00Z,nodd,nodd
2026-09-26,san-diego-ca,urma,08,2026-09-26T15:00:00Z,292.9,1.78,2.93,0.0,2026-09-26T16:00:00Z,nodd,nodd
2026-09-26,san-diego-ca,urma,09,2026-09-26T16:00:00Z,296.13,0.97,1.54,0.0,2026-09-26T17:00:00Z,nodd,nodd
2026-09-26,san-diego-ca,urma,10,2026-09-26T17:00:00Z,299.5,0.97,1.28,0.0,2026-09-26T18:00:00Z,nodd,nodd
2026-09-26,san-diego-ca,urma,11,2026-09-26T18:00:00Z,300.43,2.62,2.99,0.0,2026-09-26T19:00:00Z,nodd,nodd
2026-09-26,san-diego-ca,urma,12,2026-09-26T19:00:00Z,301.99,2.64,3.15,0.0,2026-09-26T20:00:00Z,nodd,nodd
2026-09-26,san-diego-ca,urma,13,2026-09-26T20:00:00Z,302.5,3.06,4.24,0.0,2026-09-26T21:00:00Z,nodd,nodd
2026-09-26,san-diego-ca,urma,14,2026-09-26T21:00:00Z,301.72,4.48,6.34,0.0,2026-09-26T22:00:00Z,nodd,nodd
2026-09-26,san-diego-ca,urma,15,2026-09-26T22:00:00Z,299.99,4.0,6.54,0.0,2026-09-26T23:00:00Z,nodd,nodd
2026-09-26,san-diego-ca,urma,16,2026-09-26T23:00:00Z,299.47,3.53,4.75,0.0,2026-09-27T00:00:00Z,nodd,nodd
2026-09-26,san-diego-ca,urma,17,2026-09-27T00:00:00Z,298.61,2.0,3.54,0.0,2026-09-27T01:00:00Z,nodd,nodd
2026-09-26,san-diego-ca,urma,18,2026-09-27T01:00:00Z,297.62,0.98,1.38,0.0,2026-09-27T02:00:00Z,nodd,nodd
2026-09-26,san-diego-ca,urma,19,2026-09-27T02:00:00Z,297.13,0.71,1.15,0.0,2026-09-27T03:00:00Z,nodd,nodd
2026-09-26,san-diego-ca,urma,20,2026-09-27T03:00:00Z,297.09,0.63,1.31,0.0,2026-09-27T04:00:00Z,nodd,nodd
2026-09-26,san-diego-ca,urma,21,2026-09-27T04:00:00Z,296.5,1.24,1.86,0.0,2026-09-27T05:00:00Z,nodd,nodd
2026-09-26,san-diego-ca,urma,22,2026-09-27T05:00:00Z,296.3,1.54,1.74,0.0,2026-09-27T06:00:00Z,nodd,nodd
2026-09-26,san-diego-ca,urma,23,2026-09-27T06:00:00Z,295.88,2.05,2.82,0.0,2026-09-27T07:00:00Z,nodd,nodd
2026-09-26,denver-co,rtma,00,2026-09-26T06:00:00Z,286.52,1.06,3.2,0.0,2026-09-26T07:00:00Z,nodd,nodd
2026-09-26,denver-co,rtma,01,2026-09-26T07:00:00Z,285.98,1.71,3.32,0.0,2026-09-26T08:00:00Z,nodd,nodd
2026-09-26,denver-co,rtma,02,2026-09-26T08:00:00Z,285.55,2.5,5.59,0.0,2026-09-26T09:00:00Z,nodd,nodd
2026-09-26,denver-co,rtma,03,2026-09-26T09:00:00Z,285.19,2.25,4.84,0.0,2026-09-26T10:00:00Z,nodd,nodd
2026-09-26,denver-co,rtma,04,2026-09-26T10:00:00Z,285.1,2.08,4.52,0.0,2026-09-26T11:00:00Z,nodd,nodd
2026-09-26,denver-co,rtma,05,2026-09-26T11:00:00Z,284.92,2.12,2.89,0.0,2026-09-26T12:00:00Z,nodd,nodd
2026-09-26,denver-co,rtma,06,2026-09-26T12:00:00Z,284.36,2.14,2.14,0.0,2026-09-26T13:00:00Z,nodd,nodd
2026-09-26,denver-co,rtma,07,2026-09-26T13:00:00Z,284.26,1.74,2.2,0.0,2026-09-26T14:00:00Z,nodd,nodd
2026-09-26,denver-co,rtma,08,2026-09-26T14:00:00Z,286.88,2.31,3.47,0.0,2026-09-26T15:00:00Z,nodd,nodd
2026-09-26,denver-co,rtma,09,2026-09-26T15:00:00Z,290.21,1.54,1.54,0.0,2026-09-26T16:00:00Z,nodd,nodd
2026-09-26,denver-co,rtma,10,2026-09-26T16:00:00Z,293.69,1.94,2.76,0.0,2026-09-26T17:00:00Z,nodd,nodd
2026-09-26,denver-co,rtma,11,2026-09-26T17:00:00Z,297.02,2.42,5.0,0.0,2026-09-26T18:00:00Z,nodd,nodd
2026-09-26,denver-co,rtma,12,2026-09-26T18:00:00Z,300.05,1.95,3.91,0.0,2026-09-26T19:00:00Z,nodd,nodd
2026-09-26,denver-co,rtma,13,2026-09-26T19:00:00Z,301.22,1.12,3.22,0.0,2026-09-26T20:00:00Z,nodd,nodd
2026-09-26,denver-co,rtma,14,2026-09-26T20:00:00Z,301.62,2.0,5.41,0.0,2026-09-26T21:00:00Z,nodd,nodd
2026-09-26,denver-co,rtma,15,2026-09-26T21:00:00Z,301.87,4.0,6.42,0.0,2026-09-26T22:00:00Z,nodd,nodd
2026-09-26,denver-co,rtma,16,2026-09-26T22:00:00Z,301.44,1.63,7.99,0.0,2026-09-26T23:00:00Z,nodd,nodd
2026-09-26,denver-co,rtma,17,2026-09-26T23:00:00Z,301.1,2.03,5.99,0.0,2026-09-27T00:00:00Z,nodd,nodd
2026-09-26,denver-co,rtma,18,2026-09-27T00:00:00Z,299.97,2.78,4.55,0.0,2026-09-27T01:00:00Z,nodd,nodd
2026-09-26,denver-co,rtma,19,2026-09-27T01:00:00Z,297.76,0.87,0.87,0.0,2026-09-27T02:00:00Z,nodd,nodd
2026-09-26,denver-co,rtma,20,2026-09-27T02:00:00Z,295.99,2.86,2.86,0.0,2026-09-27T03:00:00Z,nodd,nodd
2026-09-26,denver-co,rtma,21,2026-09-27T03:00:00Z,293.89,1.79,3.76,0.0,2026-09-27T04:00:00Z,nodd,nodd
2026-09-26,denver-co,rtma,22,2026-09-27T04:00:00Z,292.64,1.73,3.46,0.0,2026-09-27T05:00:00Z,nodd,nodd
2026-09-26,denver-co,rtma,23,2026-09-27T05:00:00Z,290.95,2.46,3.2,0.0,2026-09-27T06:00:00Z,nodd,nodd
2026-09-26,denver-co,urma,00,2026-09-26T06:00:00Z,286.52,0.95,2.58,0.0,2026-09-26T07:00:00Z,nodd,nodd
2026-09-26,denver-co,urma,01,2026-09-26T07:00:00Z,286.0,1.73,3.19,0.0,2026-09-26T08:00:00Z,nodd,nodd
2026-09-26,denver-co,urma,02,2026-09-26T08:00:00Z,285.46,2.54,5.27,0.0,2026-09-26T09:00:00Z,nodd,nodd
2026-09-26,denver-co,urma,03,2026-09-26T09:00:00Z,285.18,2.07,4.2,0.0,2026-09-26T10:00:00Z,nodd,nodd
2026-09-26,denver-co,urma,04,2026-09-26T10:00:00Z,285.08,2.19,4.35,0.0,2026-09-26T11:00:00Z,nodd,nodd
2026-09-26,denver-co,urma,05,2026-09-26T11:00:00Z,284.86,1.84,3.22,0.0,2026-09-26T12:00:00Z,nodd,nodd
2026-09-26,denver-co,urma,06,2026-09-26T12:00:00Z,284.49,1.99,2.45,0.0,2026-09-26T13:00:00Z,nodd,nodd
2026-09-26,denver-co,urma,07,2026-09-26T13:00:00Z,284.52,1.72,2.19,0.0,2026-09-26T14:00:00Z,nodd,nodd
2026-09-26,denver-co,urma,08,2026-09-26T14:00:00Z,287.02,2.32,3.36,0.0,2026-09-26T15:00:00Z,nodd,nodd
2026-09-26,denver-co,urma,09,2026-09-26T15:00:00Z,290.38,1.64,1.64,0.0,2026-09-26T16:00:00Z,nodd,nodd
2026-09-26,denver-co,urma,10,2026-09-26T16:00:00Z,293.78,1.93,2.6,0.0,2026-09-26T17:00:00Z,nodd,nodd
2026-09-26,denver-co,urma,11,2026-09-26T17:00:00Z,297.04,2.62,4.72,0.0,2026-09-26T18:00:00Z,nodd,nodd
2026-09-26,denver-co,urma,12,2026-09-26T18:00:00Z,300.05,1.89,3.54,0.0,2026-09-26T19:00:00Z,nodd,nodd
2026-09-26,denver-co,urma,13,2026-09-26T19:00:00Z,301.24,1.06,3.49,0.0,2026-09-26T20:00:00Z,nodd,nodd
2026-09-26,denver-co,urma,14,2026-09-26T20:00:00Z,301.58,1.85,5.26,0.0,2026-09-26T21:00:00Z,nodd,nodd
2026-09-26,denver-co,urma,15,2026-09-26T21:00:00Z,301.95,4.01,5.9,0.0,2026-09-26T22:00:00Z,nodd,nodd
2026-09-26,denver-co,urma,16,2026-09-26T22:00:00Z,301.43,1.61,7.92,0.0,2026-09-26T23:00:00Z,nodd,nodd
2026-09-26,denver-co,urma,17,2026-09-26T23:00:00Z,301.11,1.89,6.43,0.0,2026-09-27T00:00:00Z,nodd,nodd
2026-09-26,denver-co,urma,18,2026-09-27T00:00:00Z,299.94,2.48,4.14,0.0,2026-09-27T01:00:00Z,nodd,nodd
2026-09-26,denver-co,urma,19,2026-09-27T01:00:00Z,297.83,0.89,0.89,0.0,2026-09-27T02:00:00Z,nodd,nodd
2026-09-26,denver-co,urma,20,2026-09-27T02:00:00Z,295.74,2.84,2.84,0.0,2026-09-27T03:00:00Z,nodd,nodd
2026-09-26,denver-co,urma,21,2026-09-27T03:00:00Z,293.76,1.86,3.83,0.0,2026-09-27T04:00:00Z,nodd,nodd
2026-09-26,denver-co,urma,22,2026-09-27T04:00:00Z,292.35,1.76,3.33,0.0,2026-09-27T05:00:00Z,nodd,nodd
2026-09-26,denver-co,urma,23,2026-09-27T05:00:00Z,290.92,2.51,3.04,0.0,2026-09-27T06:00:00Z,nodd,nodd
2026-09-26,orlando-fl,rtma,00,2026-09-26T04:00:00Z,293.81,1.51,4.0,0.0,2026-09-26T05:00:00Z,nodd,nodd
2026-09-26,orlando-fl,rtma,01,2026-09-26T05:00:00Z,293.36,1.82,2.56,0.0,2026-09-26T06:00:00Z,nodd,nodd
2026-09-26,orlando-fl,rtma,02,2026-09-26T06:00:00Z,292.98,1.86,1.86,0.0,2026-09-26T07:00:00Z,nodd,nodd
2026-09-26,orlando-fl,rtma,03,2026-09-26T07:00:00Z,292.38,1.86,2.82,0.0,2026-09-26T08:00:00Z,nodd,nodd
2026-09-26,orlando-fl,rtma,04,2026-09-26T08:00:00Z,292.34,2.24,3.31,0.0,2026-09-26T09:00:00Z,nodd,nodd
2026-09-26,orlando-fl,rtma,05,2026-09-26T09:00:00Z,292.06,2.17,3.88,0.0,2026-09-26T10:00:00Z,nodd,nodd
2026-09-26,orlando-fl,rtma,06,2026-09-26T10:00:00Z,291.59,2.35,3.43,0.0,2026-09-26T11:00:00Z,nodd,nodd
2026-09-26,orlando-fl,rtma,07,2026-09-26T11:00:00Z,291.33,2.28,3.11,0.0,2026-09-26T12:00:00Z,nodd,nodd
2026-09-26,orlando-fl,rtma,08,2026-09-26T12:00:00Z,291.76,2.34,3.24,0.0,2026-09-26T13:00:00Z,nodd,nodd
2026-09-26,orlando-fl,rtma,09,2026-09-26T13:00:00Z,294.05,2.89,3.31,0.0,2026-09-26T14:00:00Z,nodd,nodd
2026-09-26,orlando-fl,rtma,10,2026-09-26T14:00:00Z,296.34,3.25,3.29,0.0,2026-09-26T15:00:00Z,nodd,nodd
2026-09-26,orlando-fl,rtma,11,2026-09-26T15:00:00Z,298.1,3.25,4.27,0.0,2026-09-26T16:00:00Z,nodd,nodd
2026-09-26,orlando-fl,rtma,12,2026-09-26T16:00:00Z,299.23,3.04,4.97,0.0,2026-09-26T17:00:00Z,nodd,nodd
2026-09-26,orlando-fl,rtma,13,2026-09-26T17:00:00Z,300.14,2.97,3.54,0.0,2026-09-26T18:00:00Z,nodd,nodd
2026-09-26,orlando-fl,rtma,14,2026-09-26T18:00:00Z,300.93,3.11,5.15,0.0,2026-09-26T19:00:00Z,nodd,nodd
2026-09-26,orlando-fl,rtma,15,2026-09-26T19:00:00Z,301.34,4.41,5.0,0.0,2026-09-26T20:00:00Z,nodd,nodd
2026-09-26,orlando-fl,rtma,16,2026-09-26T20:00:00Z,301.51,2.29,4.99,0.0,2026-09-26T21:00:00Z,nodd,nodd
2026-09-26,orlando-fl,rtma,17,2026-09-26T21:00:00Z,301.72,2.99,6.59,0.0,2026-09-26T22:00:00Z,nodd,nodd
2026-09-26,orlando-fl,rtma,18,2026-09-26T22:00:00Z,300.76,2.66,4.36,0.0,2026-09-26T23:00:00Z,nodd,nodd
2026-09-26,orlando-fl,rtma,19,2026-09-26T23:00:00Z,299.12,4.56,4.56,0.0,2026-09-27T00:00:00Z,nodd,nodd
2026-09-26,orlando-fl,rtma,20,2026-09-27T00:00:00Z,296.65,2.85,5.64,0.0,2026-09-27T01:00:00Z,nodd,nodd
2026-09-26,orlando-fl,rtma,21,2026-09-27T01:00:00Z,295.43,2.02,2.02,0.0,2026-09-27T02:00:00Z,nodd,nodd
2026-09-26,orlando-fl,rtma,22,2026-09-27T02:00:00Z,294.58,2.39,2.39,0.0,2026-09-27T03:00:00Z,nodd,nodd
2026-09-26,orlando-fl,rtma,23,2026-09-27T03:00:00Z,293.55,2.15,2.15,0.0,2026-09-27T04:00:00Z,nodd,nodd
2026-09-26,orlando-fl,urma,00,2026-09-26T04:00:00Z,293.78,1.43,3.79,0.0,2026-09-26T05:00:00Z,nodd,nodd
2026-09-26,orlando-fl,urma,01,2026-09-26T05:00:00Z,293.32,1.78,2.54,0.0,2026-09-26T06:00:00Z,nodd,nodd
2026-09-26,orlando-fl,urma,02,2026-09-26T06:00:00Z,292.92,1.82,1.82,0.0,2026-09-26T07:00:00Z,nodd,nodd
2026-09-26,orlando-fl,urma,03,2026-09-26T07:00:00Z,292.55,1.86,3.16,0.0,2026-09-26T08:00:00Z,nodd,nodd
2026-09-26,orlando-fl,urma,04,2026-09-26T08:00:00Z,292.3,2.3,3.15,0.0,2026-09-26T09:00:00Z,nodd,nodd
2026-09-26,orlando-fl,urma,05,2026-09-26T09:00:00Z,292.06,2.18,3.45,0.0,2026-09-26T10:00:00Z,nodd,nodd
2026-09-26,orlando-fl,urma,06,2026-09-26T10:00:00Z,291.58,2.32,2.91,0.0,2026-09-26T11:00:00Z,nodd,nodd
2026-09-26,orlando-fl,urma,07,2026-09-26T11:00:00Z,291.33,2.3,2.71,0.0,2026-09-26T12:00:00Z,nodd,nodd
2026-09-26,orlando-fl,urma,08,2026-09-26T12:00:00Z,291.79,2.29,3.35,0.0,2026-09-26T13:00:00Z,nodd,nodd
2026-09-26,orlando-fl,urma,09,2026-09-26T13:00:00Z,293.88,2.83,3.73,0.0,2026-09-26T14:00:00Z,nodd,nodd
2026-09-26,orlando-fl,urma,10,2026-09-26T14:00:00Z,296.3,3.24,3.24,0.0,2026-09-26T15:00:00Z,nodd,nodd
2026-09-26,orlando-fl,urma,11,2026-09-26T15:00:00Z,298.1,3.26,4.65,0.0,2026-09-26T16:00:00Z,nodd,nodd
2026-09-26,orlando-fl,urma,12,2026-09-26T16:00:00Z,299.21,3.04,4.96,0.0,2026-09-26T17:00:00Z,nodd,nodd
2026-09-26,orlando-fl,urma,13,2026-09-26T17:00:00Z,300.18,2.93,4.22,0.0,2026-09-26T18:00:00Z,nodd,nodd
2026-09-26,orlando-fl,urma,14,2026-09-26T18:00:00Z,300.95,3.0,4.96,0.0,2026-09-26T19:00:00Z,nodd,nodd
2026-09-26,orlando-fl,urma,15,2026-09-26T19:00:00Z,301.22,4.44,6.0,0.0,2026-09-26T20:00:00Z,nodd,nodd
2026-09-26,orlando-fl,urma,16,2026-09-26T20:00:00Z,301.52,2.22,4.94,0.0,2026-09-26T21:00:00Z,nodd,nodd
2026-09-26,orlando-fl,urma,17,2026-09-26T21:00:00Z,301.73,2.94,6.33,0.0,2026-09-26T22:00:00Z,nodd,nodd
2026-09-26,orlando-fl,urma,18,2026-09-26T22:00:00Z,300.74,2.76,4.4,0.0,2026-09-26T23:00:00Z,nodd,nodd
2026-09-26,orlando-fl,urma,19,2026-09-26T23:00:00Z,299.01,4.5,4.5,0.0,2026-09-27T00:00:00Z,nodd,nodd
2026-09-26,orlando-fl,urma,20,2026-09-27T00:00:00Z,296.55,2.92,5.18,0.0,2026-09-27T01:00:00Z,nodd,nodd
2026-09-26,orlando-fl,urma,21,2026-09-27T01:00:00Z,295.4,2.03,2.33,0.0,2026-09-27T02:00:00Z,nodd,nodd
2026-09-26,orlando-fl,urma,22,2026-09-27T02:00:00Z,294.49,2.33,2.33,0.0,2026-09-27T03:00:00Z,nodd,nodd
2026-09-26,orlando-fl,urma,23,2026-09-27T03:00:00Z,293.35,2.12,2.12,0.0,2026-09-27T04:00:00Z,nodd,nodd
2026-09-26,charlotte-nc,rtma,00,2026-09-26T04:00:00Z,286.92,2.31,5.2,0.0,2026-09-26T05:00:00Z,nodd,nodd
2026-09-26,charlotte-nc,rtma,01,2026-09-26T05:00:00Z,286.15,1.25,4.85,0.0,2026-09-26T06:00:00Z,nodd,nodd
2026-09-26,charlotte-nc,rtma,02,2026-09-26T06:00:00Z,285.27,1.55,4.74,0.0,2026-09-26T07:00:00Z,nodd,nodd
2026-09-26,charlotte-nc,rtma,03,2026-09-26T07:00:00Z,284.46,0.71,4.72,0.0,2026-09-26T08:00:00Z,nodd,nodd
2026-09-26,charlotte-nc,rtma,04,2026-09-26T08:00:00Z,283.93,1.18,4.29,0.0,2026-09-26T09:00:00Z,nodd,nodd
2026-09-26,charlotte-nc,rtma,05,2026-09-26T09:00:00Z,283.32,0.83,4.1,0.0,2026-09-26T10:00:00Z,nodd,nodd
2026-09-26,charlotte-nc,rtma,06,2026-09-26T10:00:00Z,282.77,0.51,3.98,0.0,2026-09-26T11:00:00Z,nodd,nodd
2026-09-26,charlotte-nc,rtma,07,2026-09-26T11:00:00Z,282.41,0.17,3.59,0.0,2026-09-26T12:00:00Z,nodd,nodd
2026-09-26,charlotte-nc,rtma,08,2026-09-26T12:00:00Z,282.64,1.11,2.73,0.0,2026-09-26T13:00:00Z,nodd,nodd
2026-09-26,charlotte-nc,rtma,09,2026-09-26T13:00:00Z,286.5,1.18,3.47,0.0,2026-09-26T14:00:00Z,nodd,nodd
2026-09-26,charlotte-nc,rtma,10,2026-09-26T14:00:00Z,290.17,2.69,4.41,0.0,2026-09-26T15:00:00Z,nodd,nodd
2026-09-26,charlotte-nc,rtma,11,2026-09-26T15:00:00Z,293.18,3.67,3.87,0.0,2026-09-26T16:00:00Z,nodd,nodd
2026-09-26,charlotte-nc,rtma,12,2026-09-26T16:00:00Z,295.04,2.9,4.1,0.0,2026-09-26T17:00:00Z,nodd,nodd
2026-09-26,charlotte-nc,rtma,13,2026-09-26T17:00:00Z,296.84,3.22,3.62,0.0,2026-09-26T18:00:00Z,nodd,nodd
2026-09-26,charlotte-nc,rtma,14,2026-09-26T18:00:00Z,297.83,3.09,6.17,0.0,2026-09-26T19:00:00Z,nodd,nodd
2026-09-26,charlotte-nc,rtma,15,2026-09-26T19:00:00Z,298.88,2.81,4.86,0.0,2026-09-26T20:00:00Z,nodd,nodd
2026-09-26,charlotte-nc,rtma,16,2026-09-26T20:00:00Z,299.36,2.99,6.21,0.0,2026-09-26T21:00:00Z,nodd,nodd
2026-09-26,charlotte-nc,rtma,17,2026-09-26T21:00:00Z,299.22,2.67,5.95,0.0,2026-09-26T22:00:00Z,nodd,nodd
2026-09-26,charlotte-nc,rtma,18,2026-09-26T22:00:00Z,298.46,2.09,4.93,0.0,2026-09-26T23:00:00Z,nodd,nodd
2026-09-26,charlotte-nc,rtma,19,2026-09-26T23:00:00Z,295.92,0.55,1.69,0.0,2026-09-27T00:00:00Z,nodd,nodd
2026-09-26,charlotte-nc,rtma,20,2026-09-27T00:00:00Z,292.18,1.29,2.13,0.0,2026-09-27T01:00:00Z,nodd,nodd
2026-09-26,charlotte-nc,rtma,21,2026-09-27T01:00:00Z,291.14,3.01,5.2,0.0,2026-09-27T02:00:00Z,nodd,nodd
2026-09-26,charlotte-nc,rtma,22,2026-09-27T02:00:00Z,290.84,1.83,4.7,0.0,2026-09-27T03:00:00Z,nodd,nodd
2026-09-26,charlotte-nc,rtma,23,2026-09-27T03:00:00Z,291.03,3.86,6.95,0.0,2026-09-27T04:00:00Z,nodd,nodd
2026-09-26,charlotte-nc,urma,00,2026-09-26T04:00:00Z,286.8,2.31,5.31,0.0,2026-09-26T05:00:00Z,nodd,nodd
2026-09-26,charlotte-nc,urma,01,2026-09-26T05:00:00Z,286.11,1.22,4.8,0.0,2026-09-26T06:00:00Z,nodd,nodd
2026-09-26,charlotte-nc,urma,02,2026-09-26T06:00:00Z,285.17,1.56,4.41,0.0,2026-09-26T07:00:00Z,nodd,nodd
2026-09-26,charlotte-nc,urma,03,2026-09-26T07:00:00Z,284.75,0.76,4.32,0.0,2026-09-26T08:00:00Z,nodd,nodd
2026-09-26,charlotte-nc,urma,04,2026-09-26T08:00:00Z,283.89,1.17,4.03,0.0,2026-09-26T09:00:00Z,nodd,nodd
2026-09-26,charlotte-nc,urma,05,2026-09-26T09:00:00Z,283.26,0.75,3.83,0.0,2026-09-26T10:00:00Z,nodd,nodd
2026-09-26,charlotte-nc,urma,06,2026-09-26T10:00:00Z,282.7,0.51,3.67,0.0,2026-09-26T11:00:00Z,nodd,nodd
2026-09-26,charlotte-nc,urma,07,2026-09-26T11:00:00Z,282.32,0.29,3.13,0.0,2026-09-26T12:00:00Z,nodd,nodd
2026-09-26,charlotte-nc,urma,08,2026-09-26T12:00:00Z,282.6,1.25,2.31,0.0,2026-09-26T13:00:00Z,nodd,nodd
2026-09-26,charlotte-nc,urma,09,2026-09-26T13:00:00Z,286.44,1.23,3.29,0.0,2026-09-26T14:00:00Z,nodd,nodd
2026-09-26,charlotte-nc,urma,10,2026-09-26T14:00:00Z,290.35,2.73,4.47,0.0,2026-09-26T15:00:00Z,nodd,nodd
2026-09-26,charlotte-nc,urma,11,2026-09-26T15:00:00Z,293.17,3.74,3.99,0.0,2026-09-26T16:00:00Z,nodd,nodd
2026-09-26,charlotte-nc,urma,12,2026-09-26T16:00:00Z,295.08,2.78,4.03,0.0,2026-09-26T17:00:00Z,nodd,nodd
2026-09-26,charlotte-nc,urma,13,2026-09-26T17:00:00Z,296.77,3.29,4.08,0.0,2026-09-26T18:00:00Z,nodd,nodd
2026-09-26,charlotte-nc,urma,14,2026-09-26T18:00:00Z,297.84,3.31,6.53,0.0,2026-09-26T19:00:00Z,nodd,nodd
2026-09-26,charlotte-nc,urma,15,2026-09-26T19:00:00Z,298.87,2.75,5.27,0.0,2026-09-26T20:00:00Z,nodd,nodd
2026-09-26,charlotte-nc,urma,16,2026-09-26T20:00:00Z,299.31,3.0,6.27,0.0,2026-09-26T21:00:00Z,nodd,nodd
2026-09-26,charlotte-nc,urma,17,2026-09-26T21:00:00Z,299.22,2.88,6.03,0.0,2026-09-26T22:00:00Z,nodd,nodd
2026-09-26,charlotte-nc,urma,18,2026-09-26T22:00:00Z,298.36,2.03,4.37,0.0,2026-09-26T23:00:00Z,nodd,nodd
2026-09-26,charlotte-nc,urma,19,2026-09-26T23:00:00Z,295.69,0.55,1.27,0.0,2026-09-27T00:00:00Z,nodd,nodd
2026-09-26,charlotte-nc,urma,20,2026-09-27T00:00:00Z,291.95,1.34,1.47,0.0,2026-09-27T01:00:00Z,nodd,nodd
2026-09-26,charlotte-nc,urma,21,2026-09-27T01:00:00Z,291.16,3.03,4.74,0.0,2026-09-27T02:00:00Z,nodd,nodd
2026-09-26,charlotte-nc,urma,22,2026-09-27T02:00:00Z,290.8,1.82,4.09,0.0,2026-09-27T03:00:00Z,nodd,nodd
2026-09-26,charlotte-nc,urma,23,2026-09-27T03:00:00Z,290.9,4.03,6.98,0.0,2026-09-27T04:00:00Z,nodd,nodd
2026-09-26,baltimore-md,rtma,00,2026-09-26T04:00:00Z,292.48,5.61,6.9,0.0,2026-09-26T05:00:00Z,nodd,nodd
2026-09-26,baltimore-md,rtma,01,2026-09-26T05:00:00Z,291.88,5.23,7.93,0.0,2026-09-26T06:00:00Z,nodd,nodd
2026-09-26,baltimore-md,rtma,02,2026-09-26T06:00:00Z,290.94,4.6,6.5,0.0,2026-09-26T07:00:00Z,nodd,nodd
2026-09-26,baltimore-md,rtma,03,2026-09-26T07:00:00Z,290.7,6.6,10.78,0.0,2026-09-26T08:00:00Z,nodd,nodd
2026-09-26,baltimore-md,rtma,04,2026-09-26T08:00:00Z,290.35,5.81,8.98,0.0,2026-09-26T09:00:00Z,nodd,nodd
2026-09-26,baltimore-md,rtma,05,2026-09-26T09:00:00Z,290.45,6.89,9.85,0.0,2026-09-26T10:00:00Z,nodd,nodd
2026-09-26,baltimore-md,rtma,06,2026-09-26T10:00:00Z,290.71,5.57,10.63,0.0,2026-09-26T11:00:00Z,nodd,nodd
2026-09-26,baltimore-md,rtma,07,2026-09-26T11:00:00Z,291.07,5.73,9.57,0.109375,2026-09-26T12:00:00Z,nodd,nodd
2026-09-26,baltimore-md,rtma,08,2026-09-26T12:00:00Z,291.01,4.79,9.58,0.5625,2026-09-26T13:00:00Z,nodd,nodd
2026-09-26,baltimore-md,rtma,09,2026-09-26T13:00:00Z,291.07,5.65,11.18,0.65625,2026-09-26T14:00:00Z,nodd,nodd
2026-09-26,baltimore-md,rtma,10,2026-09-26T14:00:00Z,290.88,5.59,12.04,0.578125,2026-09-26T15:00:00Z,nodd,nodd
2026-09-26,baltimore-md,rtma,11,2026-09-26T15:00:00Z,291.27,4.73,10.5,0.0,2026-09-26T16:00:00Z,nodd,nodd
2026-09-26,baltimore-md,rtma,12,2026-09-26T16:00:00Z,292.0,4.54,11.6,0.21875,2026-09-26T17:00:00Z,nodd,nodd
2026-09-26,baltimore-md,rtma,13,2026-09-26T17:00:00Z,290.91,6.32,11.76,0.3125,2026-09-26T18:00:00Z,nodd,nodd
2026-09-26,baltimore-md,rtma,14,2026-09-26T18:00:00Z,290.14,6.6,12.63,2.53125,2026-09-26T19:00:00Z,nodd,nodd
2026-09-26,baltimore-md,rtma,15,2026-09-26T19:00:00Z,288.25,5.59,12.42,1.046875,2026-09-26T20:00:00Z,nodd,nodd
2026-09-26,baltimore-md,rtma,16,2026-09-26T20:00:00Z,288.12,5.81,10.81,0.296875,2026-09-26T21:00:00Z,nodd,nodd
2026-09-26,baltimore-md,rtma,17,2026-09-26T21:00:00Z,287.72,6.1,11.55,2.953125,2026-09-26T22:00:00Z,nodd,nodd
2026-09-26,baltimore-md,rtma,18,2026-09-26T22:00:00Z,287.41,4.57,9.99,2.53125,2026-09-26T23:00:00Z,nodd,nodd
2026-09-26,baltimore-md,rtma,19,2026-09-26T23:00:00Z,287.61,4.52,9.44,0.15625,2026-09-27T00:00:00Z,nodd,nodd
2026-09-26,baltimore-md,rtma,20,2026-09-27T00:00:00Z,288.14,6.63,12.27,0.0,2026-09-27T01:00:00Z,nodd,nodd
2026-09-26,baltimore-md,rtma,21,2026-09-27T01:00:00Z,288.59,5.45,11.18,0.0,2026-09-27T02:00:00Z,nodd,nodd
2026-09-26,baltimore-md,rtma,22,2026-09-27T02:00:00Z,289.49,4.36,8.89,0.0,2026-09-27T03:00:00Z,nodd,nodd
2026-09-26,baltimore-md,rtma,23,2026-09-27T03:00:00Z,289.82,3.99,8.44,0.0,2026-09-27T04:00:00Z,nodd,nodd
2026-09-26,baltimore-md,urma,00,2026-09-26T04:00:00Z,292.56,5.34,7.4,0.0,2026-09-26T05:00:00Z,nodd,nodd
2026-09-26,baltimore-md,urma,01,2026-09-26T05:00:00Z,291.89,5.07,6.2,0.0,2026-09-26T06:00:00Z,nodd,nodd
2026-09-26,baltimore-md,urma,02,2026-09-26T06:00:00Z,290.94,4.68,7.04,0.0,2026-09-26T07:00:00Z,nodd,nodd
2026-09-26,baltimore-md,urma,03,2026-09-26T07:00:00Z,290.56,6.39,10.89,0.0,2026-09-26T08:00:00Z,nodd,nodd
2026-09-26,baltimore-md,urma,04,2026-09-26T08:00:00Z,290.41,5.64,9.13,0.0,2026-09-26T09:00:00Z,nodd,nodd
2026-09-26,baltimore-md,urma,05,2026-09-26T09:00:00Z,290.47,6.67,9.92,0.0,2026-09-26T10:00:00Z,nodd,nodd
2026-09-26,baltimore-md,urma,06,2026-09-26T10:00:00Z,290.79,5.65,11.2,0.0,2026-09-26T11:00:00Z,nodd,nodd
2026-09-26,baltimore-md,urma,07,2026-09-26T11:00:00Z,291.23,5.25,9.51,0.0,2026-09-26T12:00:00Z,nodd,nodd
2026-09-26,baltimore-md,urma,08,2026-09-26T12:00:00Z,290.99,4.7,9.59,0.375,2026-09-26T13:00:00Z,nodd,nodd
2026-09-26,baltimore-md,urma,09,2026-09-26T13:00:00Z,290.81,5.6,10.31,0.40625,2026-09-26T14:00:00Z,nodd,nodd
2026-09-26,baltimore-md,urma,10,2026-09-26T14:00:00Z,290.84,5.22,11.96,0.234375,2026-09-26T15:00:00Z,nodd,nodd
2026-09-26,baltimore-md,urma,11,2026-09-26T15:00:00Z,291.35,4.81,10.84,0.0,2026-09-26T16:00:00Z,nodd,nodd
2026-09-26,baltimore-md,urma,12,2026-09-26T16:00:00Z,292.0,4.38,11.69,0.125,2026-09-26T17:00:00Z,nodd,nodd
2026-09-26,baltimore-md,urma,13,2026-09-26T17:00:00Z,290.94,5.94,11.98,0.34375,2026-09-26T18:00:00Z,nodd,nodd
2026-09-26,baltimore-md,urma,14,2026-09-26T18:00:00Z,290.18,6.46,12.58,1.125,2026-09-26T19:00:00Z,nodd,nodd
2026-09-26,baltimore-md,urma,15,2026-09-26T19:00:00Z,288.44,5.35,11.54,0.96875,2026-09-26T20:00:00Z,nodd,nodd
2026-09-26,baltimore-md,urma,16,2026-09-26T20:00:00Z,288.1,5.63,10.26,0.265625,2026-09-26T21:00:00Z,nodd,nodd
2026-09-26,baltimore-md,urma,17,2026-09-26T21:00:00Z,287.72,5.87,11.34,3.015625,2026-09-26T22:00:00Z,nodd,nodd
2026-09-26,baltimore-md,urma,18,2026-09-26T22:00:00Z,287.38,4.31,9.93,4.34375,2026-09-26T23:00:00Z,nodd,nodd
2026-09-26,baltimore-md,urma,19,2026-09-26T23:00:00Z,287.63,4.54,9.64,0.1875,2026-09-27T00:00:00Z,nodd,nodd
2026-09-26,baltimore-md,urma,20,2026-09-27T00:00:00Z,288.13,6.14,11.8,0.0,2026-09-27T01:00:00Z,nodd,nodd
2026-09-26,baltimore-md,urma,21,2026-09-27T01:00:00Z,288.66,5.38,11.46,0.0,2026-09-27T02:00:00Z,nodd,nodd
2026-09-26,baltimore-md,urma,22,2026-09-27T02:00:00Z,289.48,4.11,8.69,0.0,2026-09-27T03:00:00Z,nodd,nodd
2026-09-26,baltimore-md,urma,23,2026-09-27T03:00:00Z,289.87,4.02,8.94,0.0,2026-09-27T04:00:00Z,nodd,nodd
2026-09-26,st-louis-mo,rtma,00,2026-09-26T05:00:00Z,291.92,1.69,2.56,0.0,2026-09-26T06:00:00Z,nodd,nodd
2026-09-26,st-louis-mo,rtma,01,2026-09-26T06:00:00Z,291.3,1.74,2.5,0.0,2026-09-26T07:00:00Z,nodd,nodd
2026-09-26,st-louis-mo,rtma,02,2026-09-26T07:00:00Z,291.41,1.97,2.27,0.0,2026-09-26T08:00:00Z,nodd,nodd
2026-09-26,st-louis-mo,rtma,03,2026-09-26T08:00:00Z,291.5,2.44,2.44,0.0,2026-09-26T09:00:00Z,nodd,nodd
2026-09-26,st-louis-mo,rtma,04,2026-09-26T09:00:00Z,291.07,1.58,3.98,0.0,2026-09-26T10:00:00Z,nodd,nodd
2026-09-26,st-louis-mo,rtma,05,2026-09-26T10:00:00Z,290.61,1.33,3.07,0.0,2026-09-26T11:00:00Z,nodd,nodd
2026-09-26,st-louis-mo,rtma,06,2026-09-26T11:00:00Z,289.85,2.43,4.39,0.0,2026-09-26T12:00:00Z,nodd,nodd
2026-09-26,st-louis-mo,rtma,07,2026-09-26T12:00:00Z,289.84,0.04,2.31,0.0,2026-09-26T13:00:00Z,nodd,nodd
2026-09-26,st-louis-mo,rtma,08,2026-09-26T13:00:00Z,289.93,0.67,0.99,0.0,2026-09-26T14:00:00Z,nodd,nodd
2026-09-26,st-louis-mo,rtma,09,2026-09-26T14:00:00Z,290.54,0.57,1.76,0.0,2026-09-26T15:00:00Z,nodd,nodd
2026-09-26,st-louis-mo,rtma,10,2026-09-26T15:00:00Z,291.98,1.76,2.29,0.0,2026-09-26T16:00:00Z,nodd,nodd
2026-09-26,st-louis-mo,rtma,11,2026-09-26T16:00:00Z,293.01,3.16,3.16,0.75,2026-09-26T17:00:00Z,nodd,nodd
2026-09-26,st-louis-mo,rtma,12,2026-09-26T17:00:00Z,293.72,2.07,2.9,0.25,2026-09-26T18:00:00Z,nodd,nodd
2026-09-26,st-louis-mo,rtma,13,2026-09-26T18:00:00Z,294.09,0.44,2.11,0.0,2026-09-26T19:00:00Z,nodd,nodd
2026-09-26,st-louis-mo,rtma,14,2026-09-26T19:00:00Z,293.73,0.5,1.9,2.3125,2026-09-26T20:00:00Z,nodd,nodd
2026-09-26,st-louis-mo,rtma,15,2026-09-26T20:00:00Z,292.49,0.99,3.35,1.890625,2026-09-26T21:00:00Z,nodd,nodd
2026-09-26,st-louis-mo,rtma,16,2026-09-26T21:00:00Z,291.98,1.7,3.85,0.0,2026-09-26T22:00:00Z,nodd,nodd
2026-09-26,st-louis-mo,rtma,17,2026-09-26T22:00:00Z,293.14,0.34,2.84,0.0,2026-09-26T23:00:00Z,nodd,nodd
2026-09-26,st-louis-mo,rtma,18,2026-09-26T23:00:00Z,293.09,0.55,2.81,0.0,2026-09-27T00:00:00Z,nodd,nodd
2026-09-26,st-louis-mo,rtma,19,2026-09-27T00:00:00Z,292.12,0.0,2.76,0.0,2026-09-27T01:00:00Z,nodd,nodd
2026-09-26,st-louis-mo,rtma,20,2026-09-27T01:00:00Z,290.75,2.1,2.1,0.0,2026-09-27T02:00:00Z,nodd,nodd
2026-09-26,st-louis-mo,rtma,21,2026-09-27T02:00:00Z,289.99,0.6,2.37,0.0,2026-09-27T03:00:00Z,nodd,nodd
2026-09-26,st-louis-mo,rtma,22,2026-09-27T03:00:00Z,289.11,0.52,2.14,0.0,2026-09-27T04:00:00Z,nodd,nodd
2026-09-26,st-louis-mo,rtma,23,2026-09-27T04:00:00Z,288.73,0.92,1.06,0.0,2026-09-27T05:00:00Z,nodd,nodd
2026-09-26,st-louis-mo,urma,00,2026-09-26T05:00:00Z,292.02,1.55,2.82,0.0,2026-09-26T06:00:00Z,nodd,nodd
2026-09-26,st-louis-mo,urma,01,2026-09-26T06:00:00Z,291.43,1.58,2.44,0.0,2026-09-26T07:00:00Z,nodd,nodd
2026-09-26,st-louis-mo,urma,02,2026-09-26T07:00:00Z,291.86,1.81,2.26,0.0,2026-09-26T08:00:00Z,nodd,nodd
2026-09-26,st-louis-mo,urma,03,2026-09-26T08:00:00Z,291.59,2.19,2.57,0.0,2026-09-26T09:00:00Z,nodd,nodd
2026-09-26,st-louis-mo,urma,04,2026-09-26T09:00:00Z,291.17,1.43,3.26,0.0,2026-09-26T10:00:00Z,nodd,nodd
2026-09-26,st-louis-mo,urma,05,2026-09-26T10:00:00Z,290.65,1.33,3.37,0.0,2026-09-26T11:00:00Z,nodd,nodd
2026-09-26,st-louis-mo,urma,06,2026-09-26T11:00:00Z,289.95,2.01,3.58,0.0,2026-09-26T12:00:00Z,nodd,nodd
2026-09-26,st-louis-mo,urma,07,2026-09-26T12:00:00Z,289.86,0.19,2.04,0.0,2026-09-26T13:00:00Z,nodd,nodd
2026-09-26,st-louis-mo,urma,08,2026-09-26T13:00:00Z,290.38,0.55,0.55,0.0,2026-09-26T14:00:00Z,nodd,nodd
2026-09-26,st-louis-mo,urma,09,2026-09-26T14:00:00Z,290.6,0.41,1.21,0.0,2026-09-26T15:00:00Z,nodd,nodd
2026-09-26,st-louis-mo,urma,10,2026-09-26T15:00:00Z,291.96,1.87,2.06,0.0,2026-09-26T16:00:00Z,nodd,nodd
2026-09-26,st-louis-mo,urma,11,2026-09-26T16:00:00Z,293.11,2.84,2.85,0.078125,2026-09-26T17:00:00Z,nodd,nodd
2026-09-26,st-louis-mo,urma,12,2026-09-26T17:00:00Z,293.71,1.72,2.44,0.140625,2026-09-26T18:00:00Z,nodd,nodd
2026-09-26,st-louis-mo,urma,13,2026-09-26T18:00:00Z,294.23,0.21,1.57,0.0,2026-09-26T19:00:00Z,nodd,nodd
2026-09-26,st-louis-mo,urma,14,2026-09-26T19:00:00Z,293.94,0.46,1.93,1.234375,2026-09-26T20:00:00Z,nodd,nodd
2026-09-26,st-louis-mo,urma,15,2026-09-26T20:00:00Z,292.45,0.89,3.18,0.578125,2026-09-26T21:00:00Z,nodd,nodd
2026-09-26,st-louis-mo,urma,16,2026-09-26T21:00:00Z,291.97,1.82,3.7,0.0,2026-09-26T22:00:00Z,nodd,nodd
2026-09-26,st-louis-mo,urma,17,2026-09-26T22:00:00Z,293.21,0.19,2.32,0.0,2026-09-26T23:00:00Z,nodd,nodd
2026-09-26,st-louis-mo,urma,18,2026-09-26T23:00:00Z,293.04,0.37,2.05,0.0,2026-09-27T00:00:00Z,nodd,nodd
2026-09-26,st-louis-mo,urma,19,2026-09-27T00:00:00Z,292.16,0.0,0.69,0.0,2026-09-27T01:00:00Z,nodd,nodd
2026-09-26,st-louis-mo,urma,20,2026-09-27T01:00:00Z,291.08,1.87,1.87,0.0,2026-09-27T02:00:00Z,nodd,nodd
2026-09-26,st-louis-mo,urma,21,2026-09-27T02:00:00Z,290.01,0.39,1.58,0.0,2026-09-27T03:00:00Z,nodd,nodd
2026-09-26,st-louis-mo,urma,22,2026-09-27T03:00:00Z,289.05,0.7,2.13,0.0,2026-09-27T04:00:00Z,nodd,nodd
2026-09-26,st-louis-mo,urma,23,2026-09-27T04:00:00Z,288.72,0.76,0.93,0.0,2026-09-27T05:00:00Z,nodd,nodd
2026-09-26,san-antonio-tx,rtma,00,2026-09-26T05:00:00Z,301.37,2.83,3.86,0.0,2026-09-26T06:00:00Z,nodd,nodd
2026-09-26,san-antonio-tx,rtma,01,2026-09-26T06:00:00Z,300.89,3.19,4.32,0.0,2026-09-26T07:00:00Z,nodd,nodd
2026-09-26,san-antonio-tx,rtma,02,2026-09-26T07:00:00Z,300.0,3.1,4.88,0.0,2026-09-26T08:00:00Z,nodd,nodd
2026-09-26,san-antonio-tx,rtma,03,2026-09-26T08:00:00Z,299.68,1.9,4.32,0.0,2026-09-26T09:00:00Z,nodd,nodd
2026-09-26,san-antonio-tx,rtma,04,2026-09-26T09:00:00Z,299.13,0.0,3.83,0.0,2026-09-26T10:00:00Z,nodd,nodd
2026-09-26,san-antonio-tx,rtma,05,2026-09-26T10:00:00Z,298.53,1.07,2.02,0.0,2026-09-26T11:00:00Z,nodd,nodd
2026-09-26,san-antonio-tx,rtma,06,2026-09-26T11:00:00Z,298.7,1.18,1.18,0.0,2026-09-26T12:00:00Z,nodd,nodd
2026-09-26,san-antonio-tx,rtma,07,2026-09-26T12:00:00Z,297.71,0.35,1.29,0.0,2026-09-26T13:00:00Z,nodd,nodd
2026-09-26,san-antonio-tx,rtma,08,2026-09-26T13:00:00Z,297.53,0.33,1.84,0.0,2026-09-26T14:00:00Z,nodd,nodd
2026-09-26,san-antonio-tx,rtma,09,2026-09-26T14:00:00Z,300.08,0.85,2.57,0.0,2026-09-26T15:00:00Z,nodd,nodd
2026-09-26,san-antonio-tx,rtma,10,2026-09-26T15:00:00Z,301.33,2.55,2.97,0.0,2026-09-26T16:00:00Z,nodd,nodd
2026-09-26,san-antonio-tx,rtma,11,2026-09-26T16:00:00Z,302.37,2.27,3.62,0.0,2026-09-26T17:00:00Z,nodd,nodd
2026-09-26,san-antonio-tx,rtma,12,2026-09-26T17:00:00Z,304.21,0.81,3.68,0.0,2026-09-26T18:00:00Z,nodd,nodd
2026-09-26,san-antonio-tx,rtma,13,2026-09-26T18:00:00Z,305.58,0.97,3.03,0.0,2026-09-26T19:00:00Z,nodd,nodd
2026-09-26,san-antonio-tx,rtma,14,2026-09-26T19:00:00Z,307.12,0.87,2.25,0.0,2026-09-26T20:00:00Z,nodd,nodd
2026-09-26,san-antonio-tx,rtma,15,2026-09-26T20:00:00Z,307.76,0.81,2.61,0.0,2026-09-26T21:00:00Z,nodd,nodd
2026-09-26,san-antonio-tx,rtma,16,2026-09-26T21:00:00Z,307.48,2.72,4.09,0.0,2026-09-26T22:00:00Z,nodd,nodd
2026-09-26,san-antonio-tx,rtma,17,2026-09-26T22:00:00Z,307.47,2.55,3.44,0.0,2026-09-26T23:00:00Z,nodd,nodd
2026-09-26,san-antonio-tx,rtma,18,2026-09-26T23:00:00Z,307.26,2.06,2.78,0.0,2026-09-27T00:00:00Z,nodd,nodd
2026-09-26,san-antonio-tx,rtma,19,2026-09-27T00:00:00Z,306.33,2.38,2.74,0.0,2026-09-27T01:00:00Z,nodd,nodd
2026-09-26,san-antonio-tx,rtma,20,2026-09-27T01:00:00Z,304.27,1.93,3.1,0.0,2026-09-27T02:00:00Z,nodd,nodd
2026-09-26,san-antonio-tx,rtma,21,2026-09-27T02:00:00Z,303.27,2.17,3.0,0.0,2026-09-27T03:00:00Z,nodd,nodd
2026-09-26,san-antonio-tx,rtma,22,2026-09-27T03:00:00Z,302.88,2.95,4.44,0.0,2026-09-27T04:00:00Z,nodd,nodd
2026-09-26,san-antonio-tx,rtma,23,2026-09-27T04:00:00Z,302.11,2.86,5.44,0.0,2026-09-27T05:00:00Z,nodd,nodd
2026-09-26,san-antonio-tx,urma,00,2026-09-26T05:00:00Z,301.36,2.87,2.97,0.0,2026-09-26T06:00:00Z,nodd,nodd
2026-09-26,san-antonio-tx,urma,01,2026-09-26T06:00:00Z,300.88,3.18,3.51,0.0,2026-09-26T07:00:00Z,nodd,nodd
2026-09-26,san-antonio-tx,urma,02,2026-09-26T07:00:00Z,300.39,3.05,4.7,0.0,2026-09-26T08:00:00Z,nodd,nodd
2026-09-26,san-antonio-tx,urma,03,2026-09-26T08:00:00Z,299.7,1.73,4.17,0.0,2026-09-26T09:00:00Z,nodd,nodd
2026-09-26,san-antonio-tx,urma,04,2026-09-26T09:00:00Z,299.1,0.01,3.32,0.0,2026-09-26T10:00:00Z,nodd,nodd
2026-09-26,san-antonio-tx,urma,05,2026-09-26T10:00:00Z,298.53,1.24,1.68,0.0,2026-09-26T11:00:00Z,nodd,nodd
2026-09-26,san-antonio-tx,urma,06,2026-09-26T11:00:00Z,298.75,1.13,1.13,0.0,2026-09-26T12:00:00Z,nodd,nodd
2026-09-26,san-antonio-tx,urma,07,2026-09-26T12:00:00Z,297.68,0.36,1.22,0.0,2026-09-26T13:00:00Z,nodd,nodd
2026-09-26,san-antonio-tx,urma,08,2026-09-26T13:00:00Z,297.67,0.34,1.85,0.0,2026-09-26T14:00:00Z,nodd,nodd
2026-09-26,san-antonio-tx,urma,09,2026-09-26T14:00:00Z,300.07,0.84,2.43,0.0,2026-09-26T15:00:00Z,nodd,nodd
2026-09-26,san-antonio-tx,urma,10,2026-09-26T15:00:00Z,301.28,2.49,2.88,0.0,2026-09-26T16:00:00Z,nodd,nodd
2026-09-26,san-antonio-tx,urma,11,2026-09-26T16:00:00Z,302.36,2.28,3.69,0.0,2026-09-26T17:00:00Z,nodd,nodd
2026-09-26,san-antonio-tx,urma,12,2026-09-26T17:00:00Z,304.25,0.84,3.7,0.0,2026-09-26T18:00:00Z,nodd,nodd
2026-09-26,san-antonio-tx,urma,13,2026-09-26T18:00:00Z,305.65,0.93,3.0,0.0,2026-09-26T19:00:00Z,nodd,nodd
2026-09-26,san-antonio-tx,urma,14,2026-09-26T19:00:00Z,307.14,0.85,2.66,0.0,2026-09-26T20:00:00Z,nodd,nodd
2026-09-26,san-antonio-tx,urma,15,2026-09-26T20:00:00Z,307.74,0.93,2.66,0.0,2026-09-26T21:00:00Z,nodd,nodd
2026-09-26,san-antonio-tx,urma,16,2026-09-26T21:00:00Z,307.55,2.6,4.59,0.0,2026-09-26T22:00:00Z,nodd,nodd
2026-09-26,san-antonio-tx,urma,17,2026-09-26T22:00:00Z,307.46,2.51,3.55,0.0,2026-09-26T23:00:00Z,nodd,nodd
2026-09-26,san-antonio-tx,urma,18,2026-09-26T23:00:00Z,307.28,2.07,2.59,0.0,2026-09-27T00:00:00Z,nodd,nodd
2026-09-26,san-antonio-tx,urma,19,2026-09-27T00:00:00Z,306.29,2.43,2.43,0.0,2026-09-27T01:00:00Z,nodd,nodd
2026-09-26,san-antonio-tx,urma,20,2026-09-27T01:00:00Z,304.46,2.1,3.0,0.0,2026-09-27T02:00:00Z,nodd,nodd
2026-09-26,san-antonio-tx,urma,21,2026-09-27T02:00:00Z,303.26,2.09,2.91,0.0,2026-09-27T03:00:00Z,nodd,nodd
2026-09-26,san-antonio-tx,urma,22,2026-09-27T03:00:00Z,302.81,3.0,4.31,0.0,2026-09-27T04:00:00Z,nodd,nodd
2026-09-26,san-antonio-tx,urma,23,2026-09-27T04:00:00Z,302.07,2.61,4.9,0.0,2026-09-27T05:00:00Z,nodd,nodd
2026-09-26,austin-tx,rtma,00,2026-09-26T05:00:00Z,301.46,2.39,6.34,0.0,2026-09-26T06:00:00Z,nodd,nodd
2026-09-26,austin-tx,rtma,01,2026-09-26T06:00:00Z,299.94,2.43,6.3,0.0,2026-09-26T07:00:00Z,nodd,nodd
2026-09-26,austin-tx,rtma,02,2026-09-26T07:00:00Z,299.44,1.6,5.34,0.0,2026-09-26T08:00:00Z,nodd,nodd
2026-09-26,austin-tx,rtma,03,2026-09-26T08:00:00Z,299.15,1.88,4.97,0.0,2026-09-26T09:00:00Z,nodd,nodd
2026-09-26,austin-tx,rtma,04,2026-09-26T09:00:00Z,298.54,1.75,3.36,0.0,2026-09-26T10:00:00Z,nodd,nodd
2026-09-26,austin-tx,rtma,05,2026-09-26T10:00:00Z,298.6,0.89,4.77,0.0,2026-09-26T11:00:00Z,nodd,nodd
2026-09-26,austin-tx,rtma,06,2026-09-26T11:00:00Z,298.26,0.6,3.49,0.0,2026-09-26T12:00:00Z,nodd,nodd
2026-09-26,austin-tx,rtma,07,2026-09-26T12:00:00Z,297.91,0.66,3.37,0.0,2026-09-26T13:00:00Z,nodd,nodd
2026-09-26,austin-tx,rtma,08,2026-09-26T13:00:00Z,298.03,0.73,1.28,0.0,2026-09-26T14:00:00Z,nodd,nodd
2026-09-26,austin-tx,rtma,09,2026-09-26T14:00:00Z,299.45,0.79,2.28,0.0,2026-09-26T15:00:00Z,nodd,nodd
2026-09-26,austin-tx,rtma,10,2026-09-26T15:00:00Z,300.64,1.27,3.35,0.0,2026-09-26T16:00:00Z,nodd,nodd
2026-09-26,austin-tx,rtma,11,2026-09-26T16:00:00Z,302.12,1.41,2.93,0.0,2026-09-26T17:00:00Z,nodd,nodd
2026-09-26,austin-tx,rtma,12,2026-09-26T17:00:00Z,304.01,0.31,2.49,0.0,2026-09-26T18:00:00Z,nodd,nodd
2026-09-26,austin-tx,rtma,13,2026-09-26T18:00:00Z,305.13,0.47,3.53,0.0,2026-09-26T19:00:00Z,nodd,nodd
2026-09-26,austin-tx,rtma,14,2026-09-26T19:00:00Z,305.94,2.75,3.91,0.0,2026-09-26T20:00:00Z,nodd,nodd
2026-09-26,austin-tx,rtma,15,2026-09-26T20:00:00Z,306.46,1.32,3.48,0.0,2026-09-26T21:00:00Z,nodd,nodd
2026-09-26,austin-tx,rtma,16,2026-09-26T21:00:00Z,306.71,0.83,4.33,0.0,2026-09-26T22:00:00Z,nodd,nodd
2026-09-26,austin-tx,rtma,17,2026-09-26T22:00:00Z,307.48,2.8,3.54,0.0,2026-09-26T23:00:00Z,nodd,nodd
2026-09-26,austin-tx,rtma,18,2026-09-26T23:00:00Z,306.87,1.4,3.87,0.0,2026-09-27T00:00:00Z,nodd,nodd
2026-09-26,austin-tx,rtma,19,2026-09-27T00:00:00Z,305.76,1.46,3.98,0.0,2026-09-27T01:00:00Z,nodd,nodd
2026-09-26,austin-tx,rtma,20,2026-09-27T01:00:00Z,304.29,2.2,4.99,0.0,2026-09-27T02:00:00Z,nodd,nodd
2026-09-26,austin-tx,rtma,21,2026-09-27T02:00:00Z,303.01,2.76,4.85,0.0,2026-09-27T03:00:00Z,nodd,nodd
2026-09-26,austin-tx,rtma,22,2026-09-27T03:00:00Z,301.79,1.65,3.52,0.0,2026-09-27T04:00:00Z,nodd,nodd
2026-09-26,austin-tx,rtma,23,2026-09-27T04:00:00Z,300.87,1.21,2.07,0.0,2026-09-27T05:00:00Z,nodd,nodd
2026-09-26,austin-tx,urma,00,2026-09-26T05:00:00Z,301.47,2.1,5.88,0.0,2026-09-26T06:00:00Z,nodd,nodd
2026-09-26,austin-tx,urma,01,2026-09-26T06:00:00Z,299.96,2.34,6.45,0.0,2026-09-26T07:00:00Z,nodd,nodd
2026-09-26,austin-tx,urma,02,2026-09-26T07:00:00Z,299.59,1.49,4.99,0.0,2026-09-26T08:00:00Z,nodd,nodd
2026-09-26,austin-tx,urma,03,2026-09-26T08:00:00Z,299.14,1.46,4.78,0.0,2026-09-26T09:00:00Z,nodd,nodd
2026-09-26,austin-tx,urma,04,2026-09-26T09:00:00Z,298.54,1.69,3.37,0.0,2026-09-26T10:00:00Z,nodd,nodd
2026-09-26,austin-tx,urma,05,2026-09-26T10:00:00Z,298.6,0.86,4.59,0.0,2026-09-26T11:00:00Z,nodd,nodd
2026-09-26,austin-tx,urma,06,2026-09-26T11:00:00Z,298.23,0.58,3.31,0.0,2026-09-26T12:00:00Z,nodd,nodd
2026-09-26,austin-tx,urma,07,2026-09-26T12:00:00Z,297.85,0.53,3.38,0.0,2026-09-26T13:00:00Z,nodd,nodd
2026-09-26,austin-tx,urma,08,2026-09-26T13:00:00Z,298.16,0.61,1.25,0.0,2026-09-26T14:00:00Z,nodd,nodd
2026-09-26,austin-tx,urma,09,2026-09-26T14:00:00Z,299.52,0.75,2.28,0.0,2026-09-26T15:00:00Z,nodd,nodd
2026-09-26,austin-tx,urma,10,2026-09-26T15:00:00Z,300.66,1.24,3.28,0.0,2026-09-26T16:00:00Z,nodd,nodd
2026-09-26,austin-tx,urma,11,2026-09-26T16:00:00Z,302.19,1.35,3.07,0.0,2026-09-26T17:00:00Z,nodd,nodd
2026-09-26,austin-tx,urma,12,2026-09-26T17:00:00Z,304.04,0.63,2.46,0.0,2026-09-26T18:00:00Z,nodd,nodd
2026-09-26,austin-tx,urma,13,2026-09-26T18:00:00Z,305.16,0.63,3.6,0.0,2026-09-26T19:00:00Z,nodd,nodd
2026-09-26,austin-tx,urma,14,2026-09-26T19:00:00Z,305.93,2.54,3.75,0.0,2026-09-26T20:00:00Z,nodd,nodd
2026-09-26,austin-tx,urma,15,2026-09-26T20:00:00Z,306.48,1.21,3.39,0.0,2026-09-26T21:00:00Z,nodd,nodd
2026-09-26,austin-tx,urma,16,2026-09-26T21:00:00Z,306.78,1.03,3.7,0.0,2026-09-26T22:00:00Z,nodd,nodd
2026-09-26,austin-tx,urma,17,2026-09-26T22:00:00Z,307.52,2.51,3.66,0.0,2026-09-26T23:00:00Z,nodd,nodd
2026-09-26,austin-tx,urma,18,2026-09-26T23:00:00Z,306.86,1.42,3.85,0.0,2026-09-27T00:00:00Z,nodd,nodd
2026-09-26,austin-tx,urma,19,2026-09-27T00:00:00Z,305.8,1.4,3.52,0.0,2026-09-27T01:00:00Z,nodd,nodd
2026-09-26,austin-tx,urma,20,2026-09-27T01:00:00Z,304.39,2.06,5.04,0.0,2026-09-27T02:00:00Z,nodd,nodd
2026-09-26,austin-tx,urma,21,2026-09-27T02:00:00Z,302.98,2.8,4.84,0.0,2026-09-27T03:00:00Z,nodd,nodd
2026-09-26,austin-tx,urma,22,2026-09-27T03:00:00Z,301.82,1.78,3.25,0.0,2026-09-27T04:00:00Z,nodd,nodd
2026-09-26,austin-tx,urma,23,2026-09-27T04:00:00Z,300.87,1.04,1.97,0.0,2026-09-27T05:00:00Z,nodd,nodd
2026-09-26,portland-or,rtma,00,2026-09-26T07:00:00Z,283.55,1.08,1.88,0.0,2026-09-26T08:00:00Z,nodd,nodd
2026-09-26,portland-or,rtma,01,2026-09-26T08:00:00Z,283.81,0.0,0.14,0.0,2026-09-26T09:00:00Z,nodd,nodd
2026-09-26,portland-or,rtma,02,2026-09-26T09:00:00Z,283.7,0.03,0.28,0.0,2026-09-26T10:00:00Z,nodd,nodd
2026-09-26,portland-or,rtma,03,2026-09-26T10:00:00Z,283.5,0.48,0.48,0.0,2026-09-26T11:00:00Z,nodd,nodd
2026-09-26,portland-or,rtma,04,2026-09-26T11:00:00Z,282.66,0.67,1.37,0.0,2026-09-26T12:00:00Z,nodd,nodd
2026-09-26,portland-or,rtma,05,2026-09-26T12:00:00Z,282.3,0.81,1.32,0.0,2026-09-26T13:00:00Z,nodd,nodd
2026-09-26,portland-or,rtma,06,2026-09-26T13:00:00Z,281.82,0.58,0.63,0.0,2026-09-26T14:00:00Z,nodd,nodd
2026-09-26,portland-or,rtma,07,2026-09-26T14:00:00Z,281.31,0.61,1.03,0.0,2026-09-26T15:00:00Z,nodd,nodd
2026-09-26,portland-or,rtma,08,2026-09-26T15:00:00Z,282.04,0.29,0.65,0.0,2026-09-26T16:00:00Z,nodd,nodd
2026-09-26,portland-or,rtma,09,2026-09-26T16:00:00Z,282.97,1.05,1.51,0.0,2026-09-26T17:00:00Z,nodd,nodd
2026-09-26,portland-or,rtma,10,2026-09-26T17:00:00Z,283.79,0.93,1.6,0.0,2026-09-26T18:00:00Z,nodd,nodd
2026-09-26,portland-or,rtma,11,2026-09-26T18:00:00Z,286.29,1.46,2.07,0.0,2026-09-26T19:00:00Z,nodd,nodd
2026-09-26,portland-or,rtma,12,2026-09-26T19:00:00Z,287.79,2.07,2.65,0.0,2026-09-26T20:00:00Z,nodd,nodd
2026-09-26,portland-or,rtma,13,2026-09-26T20:00:00Z,290.04,2.25,6.47,0.0,2026-09-26T21:00:00Z,nodd,nodd
2026-09-26,portland-or,rtma,14,2026-09-26T21:00:00Z,291.29,2.79,6.85,0.0,2026-09-26T22:00:00Z,nodd,nodd
2026-09-26,portland-or,rtma,15,2026-09-26T22:00:00Z,292.34,3.03,8.44,0.0,2026-09-26T23:00:00Z,nodd,nodd
2026-09-26,portland-or,rtma,16,2026-09-26T23:00:00Z,292.26,2.84,7.48,0.0,2026-09-27T00:00:00Z,nodd,nodd
2026-09-26,portland-or,rtma,17,2026-09-27T00:00:00Z,291.2,2.93,7.02,0.0,2026-09-27T01:00:00Z,nodd,nodd
2026-09-26,portland-or,rtma,18,2026-09-27T01:00:00Z,290.21,2.46,7.48,0.0,2026-09-27T02:00:00Z,nodd,nodd
2026-09-26,portland-or,rtma,19,2026-09-27T02:00:00Z,289.31,2.39,6.08,0.0,2026-09-27T03:00:00Z,nodd,nodd
2026-09-26,portland-or,rtma,20,2026-09-27T03:00:00Z,288.38,2.07,4.71,0.0,2026-09-27T04:00:00Z,nodd,nodd
2026-09-26,portland-or,rtma,21,2026-09-27T04:00:00Z,287.55,2.34,4.59,0.0,2026-09-27T05:00:00Z,nodd,nodd
2026-09-26,portland-or,rtma,22,2026-09-27T05:00:00Z,286.68,2.32,4.89,0.0,2026-09-27T06:00:00Z,nodd,nodd
2026-09-26,portland-or,rtma,23,2026-09-27T06:00:00Z,285.7,2.0,4.69,0.0,2026-09-27T07:00:00Z,nodd,nodd
2026-09-26,portland-or,urma,00,2026-09-26T07:00:00Z,283.62,0.98,1.78,0.0,2026-09-26T08:00:00Z,nodd,nodd
2026-09-26,portland-or,urma,01,2026-09-26T08:00:00Z,283.69,0.0,0.25,0.0,2026-09-26T09:00:00Z,nodd,nodd
2026-09-26,portland-or,urma,02,2026-09-26T09:00:00Z,283.73,0.01,0.21,0.0,2026-09-26T10:00:00Z,nodd,nodd
2026-09-26,portland-or,urma,03,2026-09-26T10:00:00Z,283.53,0.42,0.43,0.0,2026-09-26T11:00:00Z,nodd,nodd
2026-09-26,portland-or,urma,04,2026-09-26T11:00:00Z,282.63,0.62,1.29,0.0,2026-09-26T12:00:00Z,nodd,nodd
2026-09-26,portland-or,urma,05,2026-09-26T12:00:00Z,282.09,0.83,1.3,0.0,2026-09-26T13:00:00Z,nodd,nodd
2026-09-26,portland-or,urma,06,2026-09-26T13:00:00Z,281.48,0.59,0.72,0.0,2026-09-26T14:00:00Z,nodd,nodd
2026-09-26,portland-or,urma,07,2026-09-26T14:00:00Z,281.25,0.65,1.05,0.0,2026-09-26T15:00:00Z,nodd,nodd
2026-09-26,portland-or,urma,08,2026-09-26T15:00:00Z,281.99,0.37,0.73,0.0,2026-09-26T16:00:00Z,nodd,nodd
2026-09-26,portland-or,urma,09,2026-09-26T16:00:00Z,282.84,1.0,1.29,0.0,2026-09-26T17:00:00Z,nodd,nodd
2026-09-26,portland-or,urma,10,2026-09-26T17:00:00Z,283.84,1.02,1.79,0.0,2026-09-26T18:00:00Z,nodd,nodd
2026-09-26,portland-or,urma,11,2026-09-26T18:00:00Z,286.3,1.48,2.18,0.0,2026-09-26T19:00:00Z,nodd,nodd
2026-09-26,portland-or,urma,12,2026-09-26T19:00:00Z,288.07,2.06,2.81,0.0,2026-09-26T20:00:00Z,nodd,nodd
2026-09-26,portland-or,urma,13,2026-09-26T20:00:00Z,290.2,2.14,6.44,0.0,2026-09-26T21:00:00Z,nodd,nodd
2026-09-26,portland-or,urma,14,2026-09-26T21:00:00Z,291.35,2.81,6.89,0.0,2026-09-26T22:00:00Z,nodd,nodd
2026-09-26,portland-or,urma,15,2026-09-26T22:00:00Z,292.36,3.05,8.36,0.0,2026-09-26T23:00:00Z,nodd,nodd
2026-09-26,portland-or,urma,16,2026-09-26T23:00:00Z,292.26,2.84,7.49,0.0,2026-09-27T00:00:00Z,nodd,nodd
2026-09-26,portland-or,urma,17,2026-09-27T00:00:00Z,291.1,2.83,7.72,0.0,2026-09-27T01:00:00Z,nodd,nodd
2026-09-26,portland-or,urma,18,2026-09-27T01:00:00Z,290.53,2.45,7.62,0.0,2026-09-27T02:00:00Z,nodd,nodd
2026-09-26,portland-or,urma,19,2026-09-27T02:00:00Z,289.34,2.41,6.15,0.0,2026-09-27T03:00:00Z,nodd,nodd
2026-09-26,portland-or,urma,20,2026-09-27T03:00:00Z,288.58,2.01,4.64,0.0,2026-09-27T04:00:00Z,nodd,nodd
2026-09-26,portland-or,urma,21,2026-09-27T04:00:00Z,287.71,2.15,4.42,0.0,2026-09-27T05:00:00Z,nodd,nodd
2026-09-26,portland-or,urma,22,2026-09-27T05:00:00Z,286.69,2.28,5.22,0.0,2026-09-27T06:00:00Z,nodd,nodd
2026-09-26,portland-or,urma,23,2026-09-27T06:00:00Z,285.67,2.05,5.28,0.0,2026-09-27T07:00:00Z,nodd,nodd
2026-09-26,sacramento-ca,rtma,00,2026-09-26T07:00:00Z,289.05,2.47,4.15,0.0,2026-09-26T08:00:00Z,nodd,nodd
2026-09-26,sacramento-ca,rtma,01,2026-09-26T08:00:00Z,289.06,2.83,4.65,0.0,2026-09-26T09:00:00Z,nodd,nodd
2026-09-26,sacramento-ca,rtma,02,2026-09-26T09:00:00Z,288.3,2.71,4.42,0.0,2026-09-26T10:00:00Z,nodd,nodd
2026-09-26,sacramento-ca,rtma,03,2026-09-26T10:00:00Z,287.71,2.79,5.19,0.0,2026-09-26T11:00:00Z,nodd,nodd
2026-09-26,sacramento-ca,rtma,04,2026-09-26T11:00:00Z,287.52,2.52,4.61,0.0,2026-09-26T12:00:00Z,nodd,nodd
2026-09-26,sacramento-ca,rtma,05,2026-09-26T12:00:00Z,287.06,1.96,4.71,0.0,2026-09-26T13:00:00Z,nodd,nodd
2026-09-26,sacramento-ca,rtma,06,2026-09-26T13:00:00Z,286.52,2.21,4.65,0.0,2026-09-26T14:00:00Z,nodd,nodd
2026-09-26,sacramento-ca,rtma,07,2026-09-26T14:00:00Z,286.02,1.49,2.82,0.0,2026-09-26T15:00:00Z,nodd,nodd
2026-09-26,sacramento-ca,rtma,08,2026-09-26T15:00:00Z,287.05,1.01,2.05,0.0,2026-09-26T16:00:00Z,nodd,nodd
2026-09-26,sacramento-ca,rtma,09,2026-09-26T16:00:00Z,288.92,1.21,2.06,0.0,2026-09-26T17:00:00Z,nodd,nodd
2026-09-26,sacramento-ca,rtma,10,2026-09-26T17:00:00Z,290.69,1.25,1.91,0.0,2026-09-26T18:00:00Z,nodd,nodd
2026-09-26,sacramento-ca,rtma,11,2026-09-26T18:00:00Z,293.09,0.82,2.11,0.0,2026-09-26T19:00:00Z,nodd,nodd
2026-09-26,sacramento-ca,rtma,12,2026-09-26T19:00:00Z,295.76,0.78,2.04,0.0,2026-09-26T20:00:00Z,nodd,nodd
2026-09-26,sacramento-ca,rtma,13,2026-09-26T20:00:00Z,298.17,0.83,1.93,0.0,2026-09-26T21:00:00Z,nodd,nodd
2026-09-26,sacramento-ca,rtma,14,2026-09-26T21:00:00Z,299.52,1.58,2.03,0.0,2026-09-26T22:00:00Z,nodd,nodd
2026-09-26,sacramento-ca,rtma,15,2026-09-26T22:00:00Z,300.79,1.21,3.63,0.0,2026-09-26T23:00:00Z,nodd,nodd
2026-09-26,sacramento-ca,rtma,16,2026-09-26T23:00:00Z,301.51,2.02,4.43,0.0,2026-09-27T00:00:00Z,nodd,nodd
2026-09-26,sacramento-ca,rtma,17,2026-09-27T00:00:00Z,301.51,1.58,4.04,0.0,2026-09-27T01:00:00Z,nodd,nodd
2026-09-26,sacramento-ca,rtma,18,2026-09-27T01:00:00Z,300.69,1.16,2.59,0.0,2026-09-27T02:00:00Z,nodd,nodd
2026-09-26,sacramento-ca,rtma,19,2026-09-27T02:00:00Z,297.91,1.62,2.55,0.0,2026-09-27T03:00:00Z,nodd,nodd
2026-09-26,sacramento-ca,rtma,20,2026-09-27T03:00:00Z,296.16,1.74,2.99,0.0,2026-09-27T04:00:00Z,nodd,nodd
2026-09-26,sacramento-ca,rtma,21,2026-09-27T04:00:00Z,293.79,1.8,4.17,0.0,2026-09-27T05:00:00Z,nodd,nodd
2026-09-26,sacramento-ca,rtma,22,2026-09-27T05:00:00Z,292.13,2.42,4.62,0.0,2026-09-27T06:00:00Z,nodd,nodd
2026-09-26,sacramento-ca,rtma,23,2026-09-27T06:00:00Z,291.2,2.38,4.21,0.0,2026-09-27T07:00:00Z,nodd,nodd
2026-09-26,sacramento-ca,urma,00,2026-09-26T07:00:00Z,289.64,2.44,4.01,0.0,2026-09-26T08:00:00Z,nodd,nodd
2026-09-26,sacramento-ca,urma,01,2026-09-26T08:00:00Z,289.11,2.83,4.6,0.0,2026-09-26T09:00:00Z,nodd,nodd
2026-09-26,sacramento-ca,urma,02,2026-09-26T09:00:00Z,288.38,2.63,4.44,0.0,2026-09-26T10:00:00Z,nodd,nodd
2026-09-26,sacramento-ca,urma,03,2026-09-26T10:00:00Z,287.72,2.76,5.13,0.0,2026-09-26T11:00:00Z,nodd,nodd
2026-09-26,sacramento-ca,urma,04,2026-09-26T11:00:00Z,287.58,2.48,4.68,0.0,2026-09-26T12:00:00Z,nodd,nodd
2026-09-26,sacramento-ca,urma,05,2026-09-26T12:00:00Z,287.12,1.88,4.65,0.0,2026-09-26T13:00:00Z,nodd,nodd
2026-09-26,sacramento-ca,urma,06,2026-09-26T13:00:00Z,286.66,2.13,4.76,0.0,2026-09-26T14:00:00Z,nodd,nodd
2026-09-26,sacramento-ca,urma,07,2026-09-26T14:00:00Z,286.03,1.4,2.97,0.0,2026-09-26T15:00:00Z,nodd,nodd
2026-09-26,sacramento-ca,urma,08,2026-09-26T15:00:00Z,287.08,0.95,2.03,0.0,2026-09-26T16:00:00Z,nodd,nodd
2026-09-26,sacramento-ca,urma,09,2026-09-26T16:00:00Z,288.99,1.21,2.08,0.0,2026-09-26T17:00:00Z,nodd,nodd
2026-09-26,sacramento-ca,urma,10,2026-09-26T17:00:00Z,290.65,1.2,1.86,0.0,2026-09-26T18:00:00Z,nodd,nodd
2026-09-26,sacramento-ca,urma,11,2026-09-26T18:00:00Z,293.08,0.87,2.06,0.0,2026-09-26T19:00:00Z,nodd,nodd
2026-09-26,sacramento-ca,urma,12,2026-09-26T19:00:00Z,295.76,0.78,2.02,0.0,2026-09-26T20:00:00Z,nodd,nodd
2026-09-26,sacramento-ca,urma,13,2026-09-26T20:00:00Z,298.07,0.83,1.91,0.0,2026-09-26T21:00:00Z,nodd,nodd
2026-09-26,sacramento-ca,urma,14,2026-09-26T21:00:00Z,299.47,1.48,2.24,0.0,2026-09-26T22:00:00Z,nodd,nodd
2026-09-26,sacramento-ca,urma,15,2026-09-26T22:00:00Z,300.76,1.27,3.65,0.0,2026-09-26T23:00:00Z,nodd,nodd
2026-09-26,sacramento-ca,urma,16,2026-09-26T23:00:00Z,301.46,1.94,4.46,0.0,2026-09-27T00:00:00Z,nodd,nodd
2026-09-26,sacramento-ca,urma,17,2026-09-27T00:00:00Z,301.49,1.56,4.04,0.0,2026-09-27T01:00:00Z,nodd,nodd
2026-09-26,sacramento-ca,urma,18,2026-09-27T01:00:00Z,300.56,1.17,2.51,0.0,2026-09-27T02:00:00Z,nodd,nodd
2026-09-26,sacramento-ca,urma,19,2026-09-27T02:00:00Z,297.95,1.54,2.63,0.0,2026-09-27T03:00:00Z,nodd,nodd
2026-09-26,sacramento-ca,urma,20,2026-09-27T03:00:00Z,296.23,1.79,3.08,0.0,2026-09-27T04:00:00Z,nodd,nodd
2026-09-26,sacramento-ca,urma,21,2026-09-27T04:00:00Z,293.8,1.71,4.21,0.0,2026-09-27T05:00:00Z,nodd,nodd
2026-09-26,sacramento-ca,urma,22,2026-09-27T05:00:00Z,292.18,2.32,4.63,0.0,2026-09-27T06:00:00Z,nodd,nodd
2026-09-26,sacramento-ca,urma,23,2026-09-27T06:00:00Z,291.25,2.33,4.3,0.0,2026-09-27T07:00:00Z,nodd,nodd
2026-09-26,pittsburgh-pa,rtma,00,2026-09-26T04:00:00Z,286.39,0.78,3.79,0.0,2026-09-26T05:00:00Z,nodd,nodd
2026-09-26,pittsburgh-pa,rtma,01,2026-09-26T05:00:00Z,285.73,0.93,3.01,0.0,2026-09-26T06:00:00Z,nodd,nodd
2026-09-26,pittsburgh-pa,rtma,02,2026-09-26T06:00:00Z,284.63,0.0,2.53,0.0,2026-09-26T07:00:00Z,nodd,nodd
2026-09-26,pittsburgh-pa,rtma,03,2026-09-26T07:00:00Z,284.19,1.39,1.78,0.0,2026-09-26T08:00:00Z,nodd,nodd
2026-09-26,pittsburgh-pa,rtma,04,2026-09-26T08:00:00Z,283.57,2.15,2.15,0.0,2026-09-26T09:00:00Z,nodd,nodd
2026-09-26,pittsburgh-pa,rtma,05,2026-09-26T09:00:00Z,282.91,1.39,1.82,0.0,2026-09-26T10:00:00Z,nodd,nodd
2026-09-26,pittsburgh-pa,rtma,06,2026-09-26T10:00:00Z,282.57,1.99,1.99,0.0,2026-09-26T11:00:00Z,nodd,nodd
2026-09-26,pittsburgh-pa,rtma,07,2026-09-26T11:00:00Z,282.2,1.17,2.22,0.0,2026-09-26T12:00:00Z,nodd,nodd
2026-09-26,pittsburgh-pa,rtma,08,2026-09-26T12:00:00Z,282.82,1.73,2.8,0.0,2026-09-26T13:00:00Z,nodd,nodd
2026-09-26,pittsburgh-pa,rtma,09,2026-09-26T13:00:00Z,284.82,1.85,4.15,0.0,2026-09-26T14:00:00Z,nodd,nodd
2026-09-26,pittsburgh-pa,rtma,10,2026-09-26T14:00:00Z,288.06,1.88,7.23,0.0,2026-09-26T15:00:00Z,nodd,nodd
2026-09-26,pittsburgh-pa,rtma,11,2026-09-26T15:00:00Z,291.48,3.31,6.55,0.0,2026-09-26T16:00:00Z,nodd,nodd
2026-09-26,pittsburgh-pa,rtma,12,2026-09-26T16:00:00Z,293.5,4.28,8.17,0.0,2026-09-26T17:00:00Z,nodd,nodd
2026-09-26,pittsburgh-pa,rtma,13,2026-09-26T17:00:00Z,294.69,4.95,7.87,0.0,2026-09-26T18:00:00Z,nodd,nodd
2026-09-26,pittsburgh-pa,rtma,14,2026-09-26T18:00:00Z,295.71,5.53,9.82,0.0,2026-09-26T19:00:00Z,nodd,nodd
2026-09-26,pittsburgh-pa,rtma,15,2026-09-26T19:00:00Z,296.43,5.08,8.41,0.0,2026-09-26T20:00:00Z,nodd,nodd
2026-09-26,pittsburgh-pa,rtma,16,2026-09-26T20:00:00Z,296.51,4.85,8.07,0.0,2026-09-26T21:00:00Z,nodd,nodd
2026-09-26,pittsburgh-pa,rtma,17,2026-09-26T21:00:00Z,295.98,4.18,8.66,0.0,2026-09-26T22:00:00Z,nodd,nodd
2026-09-26,pittsburgh-pa,rtma,18,2026-09-26T22:00:00Z,294.92,3.83,5.87,0.0,2026-09-26T23:00:00Z,nodd,nodd
2026-09-26,pittsburgh-pa,rtma,19,2026-09-26T23:00:00Z,293.39,4.13,6.13,0.0,2026-09-27T00:00:00Z,nodd,nodd
2026-09-26,pittsburgh-pa,rtma,20,2026-09-27T00:00:00Z,291.77,4.53,8.77,0.0,2026-09-27T01:00:00Z,nodd,nodd
2026-09-26,pittsburgh-pa,rtma,21,2026-09-27T01:00:00Z,290.61,2.29,7.76,0.0,2026-09-27T02:00:00Z,nodd,nodd
2026-09-26,pittsburgh-pa,rtma,22,2026-09-27T02:00:00Z,289.69,2.91,7.35,0.0,2026-09-27T03:00:00Z,nodd,nodd
2026-09-26,pittsburgh-pa,rtma,23,2026-09-27T03:00:00Z,288.65,2.93,7.74,0.0,2026-09-27T04:00:00Z,nodd,nodd
2026-09-26,pittsburgh-pa,urma,00,2026-09-26T04:00:00Z,286.39,0.91,3.56,0.0,2026-09-26T05:00:00Z,nodd,nodd
2026-09-26,pittsburgh-pa,urma,01,2026-09-26T05:00:00Z,285.71,0.99,3.05,0.0,2026-09-26T06:00:00Z,nodd,nodd
2026-09-26,pittsburgh-pa,urma,02,2026-09-26T06:00:00Z,284.62,0.0,2.56,0.0,2026-09-26T07:00:00Z,nodd,nodd
2026-09-26,pittsburgh-pa,urma,03,2026-09-26T07:00:00Z,284.34,1.48,1.82,0.0,2026-09-26T08:00:00Z,nodd,nodd
2026-09-26,pittsburgh-pa,urma,04,2026-09-26T08:00:00Z,283.57,2.16,2.16,0.0,2026-09-26T09:00:00Z,nodd,nodd
2026-09-26,pittsburgh-pa,urma,05,2026-09-26T09:00:00Z,282.92,1.52,1.7,0.0,2026-09-26T10:00:00Z,nodd,nodd
2026-09-26,pittsburgh-pa,urma,06,2026-09-26T10:00:00Z,282.57,1.95,1.95,0.0,2026-09-26T11:00:00Z,nodd,nodd
2026-09-26,pittsburgh-pa,urma,07,2026-09-26T11:00:00Z,282.23,1.06,2.26,0.0,2026-09-26T12:00:00Z,nodd,nodd
2026-09-26,pittsburgh-pa,urma,08,2026-09-26T12:00:00Z,282.84,1.85,2.96,0.0,2026-09-26T13:00:00Z,nodd,nodd
2026-09-26,pittsburgh-pa,urma,09,2026-09-26T13:00:00Z,284.82,1.88,4.18,0.0,2026-09-26T14:00:00Z,nodd,nodd
2026-09-26,pittsburgh-pa,urma,10,2026-09-26T14:00:00Z,288.08,1.66,7.3,0.0,2026-09-26T15:00:00Z,nodd,nodd
2026-09-26,pittsburgh-pa,urma,11,2026-09-26T15:00:00Z,291.47,3.28,6.57,0.0,2026-09-26T16:00:00Z,nodd,nodd
2026-09-26,pittsburgh-pa,urma,12,2026-09-26T16:00:00Z,293.44,4.32,8.35,0.0,2026-09-26T17:00:00Z,nodd,nodd
2026-09-26,pittsburgh-pa,urma,13,2026-09-26T17:00:00Z,294.73,4.9,7.88,0.0,2026-09-26T18:00:00Z,nodd,nodd
2026-09-26,pittsburgh-pa,urma,14,2026-09-26T18:00:00Z,295.73,5.63,9.85,0.0,2026-09-26T19:00:00Z,nodd,nodd
2026-09-26,pittsburgh-pa,urma,15,2026-09-26T19:00:00Z,296.45,5.09,8.39,0.0,2026-09-26T20:00:00Z,nodd,nodd
2026-09-26,pittsburgh-pa,urma,16,2026-09-26T20:00:00Z,296.59,4.77,8.4,0.0,2026-09-26T21:00:00Z,nodd,nodd
2026-09-26,pittsburgh-pa,urma,17,2026-09-26T21:00:00Z,296.02,4.46,8.64,0.0,2026-09-26T22:00:00Z,nodd,nodd
2026-09-26,pittsburgh-pa,urma,18,2026-09-26T22:00:00Z,294.87,3.69,6.12,0.0,2026-09-26T23:00:00Z,nodd,nodd
2026-09-26,pittsburgh-pa,urma,19,2026-09-26T23:00:00Z,293.43,4.34,6.15,0.0,2026-09-27T00:00:00Z,nodd,nodd
2026-09-26,pittsburgh-pa,urma,20,2026-09-27T00:00:00Z,291.81,4.56,8.68,0.0,2026-09-27T01:00:00Z,nodd,nodd
2026-09-26,pittsburgh-pa,urma,21,2026-09-27T01:00:00Z,290.65,2.34,7.75,0.0,2026-09-27T02:00:00Z,nodd,nodd
2026-09-26,pittsburgh-pa,urma,22,2026-09-27T02:00:00Z,289.72,2.95,7.86,0.0,2026-09-27T03:00:00Z,nodd,nodd
2026-09-26,pittsburgh-pa,urma,23,2026-09-27T03:00:00Z,288.69,3.13,7.65,0.0,2026-09-27T04:00:00Z,nodd,nodd
2026-09-26,las-vegas-nv,rtma,00,2026-09-26T07:00:00Z,302.55,4.65,6.38,0.0,2026-09-26T08:00:00Z,nodd,nodd
2026-09-26,las-vegas-nv,rtma,01,2026-09-26T08:00:00Z,301.9,3.92,4.77,0.0,2026-09-26T09:00:00Z,nodd,nodd
2026-09-26,las-vegas-nv,rtma,02,2026-09-26T09:00:00Z,301.33,3.57,5.82,0.0,2026-09-26T10:00:00Z,nodd,nodd
2026-09-26,las-vegas-nv,rtma,03,2026-09-26T10:00:00Z,300.76,4.32,5.82,0.0,2026-09-26T11:00:00Z,nodd,nodd
2026-09-26,las-vegas-nv,rtma,04,2026-09-26T11:00:00Z,300.28,4.47,6.02,0.0,2026-09-26T12:00:00Z,nodd,nodd
2026-09-26,las-vegas-nv,rtma,05,2026-09-26T12:00:00Z,299.79,4.13,6.26,0.0,2026-09-26T13:00:00Z,nodd,nodd
2026-09-26,las-vegas-nv,rtma,06,2026-09-26T13:00:00Z,298.73,3.1,5.34,0.0,2026-09-26T14:00:00Z,nodd,nodd
2026-09-26,las-vegas-nv,rtma,07,2026-09-26T14:00:00Z,298.0,1.27,3.36,0.0,2026-09-26T15:00:00Z,nodd,nodd
2026-09-26,las-vegas-nv,rtma,08,2026-09-26T15:00:00Z,299.8,2.57,5.24,0.0,2026-09-26T16:00:00Z,nodd,nodd
2026-09-26,las-vegas-nv,rtma,09,2026-09-26T16:00:00Z,302.26,2.96,5.47,0.0,2026-09-26T17:00:00Z,nodd,nodd
2026-09-26,las-vegas-nv,rtma,10,2026-09-26T17:00:00Z,304.15,4.81,10.03,0.0,2026-09-26T18:00:00Z,nodd,nodd
2026-09-26,las-vegas-nv,rtma,11,2026-09-26T18:00:00Z,305.28,6.31,9.14,0.0,2026-09-26T19:00:00Z,nodd,nodd
2026-09-26,las-vegas-nv,rtma,12,2026-09-26T19:00:00Z,306.36,8.26,12.64,0.0,2026-09-26T20:00:00Z,nodd,nodd
2026-09-26,las-vegas-nv,rtma,13,2026-09-26T20:00:00Z,306.81,5.78,9.89,0.0,2026-09-26T21:00:00Z,nodd,nodd
2026-09-26,las-vegas-nv,rtma,14,2026-09-26T21:00:00Z,307.65,6.86,11.04,0.0,2026-09-26T22:00:00Z,nodd,nodd
2026-09-26,las-vegas-nv,rtma,15,2026-09-26T22:00:00Z,307.76,5.9,11.28,0.0,2026-09-26T23:00:00Z,nodd,nodd
2026-09-26,las-vegas-nv,rtma,16,2026-09-26T23:00:00Z,308.1,6.58,9.54,0.0,2026-09-27T00:00:00Z,nodd,nodd
2026-09-26,las-vegas-nv,rtma,17,2026-09-27T00:00:00Z,308.07,5.14,7.95,0.0,2026-09-27T01:00:00Z,nodd,nodd
2026-09-26,las-vegas-nv,rtma,18,2026-09-27T01:00:00Z,307.46,4.93,7.36,0.0,2026-09-27T02:00:00Z,nodd,nodd
2026-09-26,las-vegas-nv,rtma,19,2026-09-27T02:00:00Z,306.21,2.84,4.3,0.0,2026-09-27T03:00:00Z,nodd,nodd
2026-09-26,las-vegas-nv,rtma,20,2026-09-27T03:00:00Z,305.38,2.85,3.98,0.0,2026-09-27T04:00:00Z,nodd,nodd
2026-09-26,las-vegas-nv,rtma,21,2026-09-27T04:00:00Z,304.46,2.26,3.7,0.0,2026-09-27T05:00:00Z,nodd,nodd
2026-09-26,las-vegas-nv,rtma,22,2026-09-27T05:00:00Z,303.42,1.47,5.69,0.0,2026-09-27T06:00:00Z,nodd,nodd
2026-09-26,las-vegas-nv,rtma,23,2026-09-27T06:00:00Z,302.77,2.87,5.26,0.0,2026-09-27T07:00:00Z,nodd,nodd
2026-09-26,las-vegas-nv,urma,00,2026-09-26T07:00:00Z,302.7,4.64,6.09,0.0,2026-09-26T08:00:00Z,nodd,nodd
2026-09-26,las-vegas-nv,urma,01,2026-09-26T08:00:00Z,301.91,3.83,4.81,0.0,2026-09-26T09:00:00Z,nodd,nodd
2026-09-26,las-vegas-nv,urma,02,2026-09-26T09:00:00Z,301.32,3.65,5.68,0.0,2026-09-26T10:00:00Z,nodd,nodd
2026-09-26,las-vegas-nv,urma,03,2026-09-26T10:00:00Z,300.91,4.22,5.37,0.0,2026-09-26T11:00:00Z,nodd,nodd
2026-09-26,las-vegas-nv,urma,04,2026-09-26T11:00:00Z,300.26,4.46,5.92,0.0,2026-09-26T12:00:00Z,nodd,nodd
2026-09-26,las-vegas-nv,urma,05,2026-09-26T12:00:00Z,299.74,4.11,6.11,0.0,2026-09-26T13:00:00Z,nodd,nodd
2026-09-26,las-vegas-nv,urma,06,2026-09-26T13:00:00Z,298.88,3.16,5.5,0.0,2026-09-26T14:00:00Z,nodd,nodd
2026-09-26,las-vegas-nv,urma,07,2026-09-26T14:00:00Z,298.06,1.21,3.51,0.0,2026-09-26T15:00:00Z,nodd,nodd
2026-09-26,las-vegas-nv,urma,08,2026-09-26T15:00:00Z,299.83,2.58,5.54,0.0,2026-09-26T16:00:00Z,nodd,nodd
2026-09-26,las-vegas-nv,urma,09,2026-09-26T16:00:00Z,302.2,2.98,4.91,0.0,2026-09-26T17:00:00Z,nodd,nodd
2026-09-26,las-vegas-nv,urma,10,2026-09-26T17:00:00Z,304.21,4.82,10.04,0.0,2026-09-26T18:00:00Z,nodd,nodd
2026-09-26,las-vegas-nv,urma,11,2026-09-26T18:00:00Z,305.34,6.15,9.07,0.0,2026-09-26T19:00:00Z,nodd,nodd
2026-09-26,las-vegas-nv,urma,12,2026-09-26T19:00:00Z,306.51,8.29,12.18,0.0,2026-09-26T20:00:00Z,nodd,nodd
2026-09-26,las-vegas-nv,urma,13,2026-09-26T20:00:00Z,306.83,5.51,9.86,0.0,2026-09-26T21:00:00Z,nodd,nodd
2026-09-26,las-vegas-nv,urma,14,2026-09-26T21:00:00Z,307.64,6.73,10.76,0.0,2026-09-26T22:00:00Z,nodd,nodd
2026-09-26,las-vegas-nv,urma,15,2026-09-26T22:00:00Z,307.73,5.82,11.19,0.0,2026-09-26T23:00:00Z,nodd,nodd
2026-09-26,las-vegas-nv,urma,16,2026-09-26T23:00:00Z,308.17,6.54,9.29,0.0,2026-09-27T00:00:00Z,nodd,nodd
2026-09-26,las-vegas-nv,urma,17,2026-09-27T00:00:00Z,308.03,5.13,7.85,0.0,2026-09-27T01:00:00Z,nodd,nodd
2026-09-26,las-vegas-nv,urma,18,2026-09-27T01:00:00Z,307.6,4.88,7.03,0.0,2026-09-27T02:00:00Z,nodd,nodd
2026-09-26,las-vegas-nv,urma,19,2026-09-27T02:00:00Z,306.22,2.79,2.9,0.0,2026-09-27T03:00:00Z,nodd,nodd
2026-09-26,las-vegas-nv,urma,20,2026-09-27T03:00:00Z,305.43,2.97,4.18,0.0,2026-09-27T04:00:00Z,nodd,nodd
2026-09-26,las-vegas-nv,urma,21,2026-09-27T04:00:00Z,304.43,2.1,2.39,0.0,2026-09-27T05:00:00Z,nodd,nodd
2026-09-26,las-vegas-nv,urma,22,2026-09-27T05:00:00Z,303.45,1.63,4.37,0.0,2026-09-27T06:00:00Z,nodd,nodd
2026-09-26,las-vegas-nv,urma,23,2026-09-27T06:00:00Z,302.81,2.73,5.44,0.0,2026-09-27T07:00:00Z,nodd,nodd
2026-09-26,cincinnati-oh,rtma,00,2026-09-26T04:00:00Z,287.68,1.98,1.98,0.0,2026-09-26T05:00:00Z,nodd,nodd
2026-09-26,cincinnati-oh,rtma,01,2026-09-26T05:00:00Z,287.19,1.47,2.96,0.0,2026-09-26T06:00:00Z,nodd,nodd
2026-09-26,cincinnati-oh,rtma,02,2026-09-26T06:00:00Z,286.8,0.15,2.08,0.0,2026-09-26T07:00:00Z,nodd,nodd
2026-09-26,cincinnati-oh,rtma,03,2026-09-26T07:00:00Z,285.84,0.01,2.07,0.0,2026-09-26T08:00:00Z,nodd,nodd
2026-09-26,cincinnati-oh,rtma,04,2026-09-26T08:00:00Z,284.9,0.45,1.23,0.0,2026-09-26T09:00:00Z,nodd,nodd
2026-09-26,cincinnati-oh,rtma,05,2026-09-26T09:00:00Z,283.94,0.43,1.47,0.0,2026-09-26T10:00:00Z,nodd,nodd
2026-09-26,cincinnati-oh,rtma,06,2026-09-26T10:00:00Z,283.12,0.0,1.14,0.0,2026-09-26T11:00:00Z,nodd,nodd
2026-09-26,cincinnati-oh,rtma,07,2026-09-26T11:00:00Z,282.63,0.56,1.13,0.0,2026-09-26T12:00:00Z,nodd,nodd
2026-09-26,cincinnati-oh,rtma,08,2026-09-26T12:00:00Z,282.55,0.9,1.65,0.0,2026-09-26T13:00:00Z,nodd,nodd
2026-09-26,cincinnati-oh,rtma,09,2026-09-26T13:00:00Z,284.53,1.2,1.72,0.0,2026-09-26T14:00:00Z,nodd,nodd
2026-09-26,cincinnati-oh,rtma,10,2026-09-26T14:00:00Z,287.66,2.82,5.03,0.0,2026-09-26T15:00:00Z,nodd,nodd
2026-09-26,cincinnati-oh,rtma,11,2026-09-26T15:00:00Z,290.59,2.78,5.42,0.0,2026-09-26T16:00:00Z,nodd,nodd
2026-09-26,cincinnati-oh,rtma,12,2026-09-26T16:00:00Z,292.51,3.53,5.23,0.0,2026-09-26T17:00:00Z,nodd,nodd
2026-09-26,cincinnati-oh,rtma,13,2026-09-26T17:00:00Z,294.25,1.89,4.99,0.0,2026-09-26T18:00:00Z,nodd,nodd
2026-09-26,cincinnati-oh,rtma,14,2026-09-26T18:00:00Z,295.62,1.33,4.49,0.0,2026-09-26T19:00:00Z,nodd,nodd
2026-09-26,cincinnati-oh,rtma,15,2026-09-26T19:00:00Z,296.55,2.38,3.64,0.0,2026-09-26T20:00:00Z,nodd,nodd
2026-09-26,cincinnati-oh,rtma,16,2026-09-26T20:00:00Z,297.16,2.27,4.02,0.0,2026-09-26T21:00:00Z,nodd,nodd
2026-09-26,cincinnati-oh,rtma,17,2026-09-26T21:00:00Z,297.01,2.84,4.9,0.0,2026-09-26T22:00:00Z,nodd,nodd
2026-09-26,cincinnati-oh,rtma,18,2026-09-26T22:00:00Z,296.13,2.66,4.8,0.0,2026-09-26T23:00:00Z,nodd,nodd
2026-09-26,cincinnati-oh,rtma,19,2026-09-26T23:00:00Z,294.66,1.5,4.32,0.0,2026-09-27T00:00:00Z,nodd,nodd
2026-09-26,cincinnati-oh,rtma,20,2026-09-27T00:00:00Z,291.5,0.79,3.38,0.0,2026-09-27T01:00:00Z,nodd,nodd
2026-09-26,cincinnati-oh,rtma,21,2026-09-27T01:00:00Z,289.9,1.65,1.95,0.0,2026-09-27T02:00:00Z,nodd,nodd
2026-09-26,cincinnati-oh,rtma,22,2026-09-27T02:00:00Z,289.55,1.97,2.05,0.0,2026-09-27T03:00:00Z,nodd,nodd
2026-09-26,cincinnati-oh,rtma,23,2026-09-27T03:00:00Z,288.58,1.28,2.75,0.0,2026-09-27T04:00:00Z,nodd,nodd
2026-09-26,cincinnati-oh,urma,00,2026-09-26T04:00:00Z,287.79,1.99,1.99,0.0,2026-09-26T05:00:00Z,nodd,nodd
2026-09-26,cincinnati-oh,urma,01,2026-09-26T05:00:00Z,287.22,1.35,2.65,0.0,2026-09-26T06:00:00Z,nodd,nodd
2026-09-26,cincinnati-oh,urma,02,2026-09-26T06:00:00Z,286.81,0.17,2.12,0.0,2026-09-26T07:00:00Z,nodd,nodd
2026-09-26,cincinnati-oh,urma,03,2026-09-26T07:00:00Z,286.28,0.09,2.17,0.0,2026-09-26T08:00:00Z,nodd,nodd
2026-09-26,cincinnati-oh,urma,04,2026-09-26T08:00:00Z,284.86,0.45,1.26,0.0,2026-09-26T09:00:00Z,nodd,nodd
2026-09-26,cincinnati-oh,urma,05,2026-09-26T09:00:00Z,283.99,0.65,1.5,0.0,2026-09-26T10:00:00Z,nodd,nodd
2026-09-26,cincinnati-oh,urma,06,2026-09-26T10:00:00Z,283.13,0.0,1.05,0.0,2026-09-26T11:00:00Z,nodd,nodd
2026-09-26,cincinnati-oh,urma,07,2026-09-26T11:00:00Z,282.62,0.6,1.19,0.0,2026-09-26T12:00:00Z,nodd,nodd
2026-09-26,cincinnati-oh,urma,08,2026-09-26T12:00:00Z,282.55,0.9,1.67,0.0,2026-09-26T13:00:00Z,nodd,nodd
2026-09-26,cincinnati-oh,urma,09,2026-09-26T13:00:00Z,284.71,1.14,1.77,0.0,2026-09-26T14:00:00Z,nodd,nodd
2026-09-26,cincinnati-oh,urma,10,2026-09-26T14:00:00Z,287.74,2.88,5.2,0.0,2026-09-26T15:00:00Z,nodd,nodd
2026-09-26,cincinnati-oh,urma,11,2026-09-26T15:00:00Z,290.61,2.85,5.45,0.0,2026-09-26T16:00:00Z,nodd,nodd
2026-09-26,cincinnati-oh,urma,12,2026-09-26T16:00:00Z,292.54,3.44,5.18,0.0,2026-09-26T17:00:00Z,nodd,nodd
2026-09-26,cincinnati-oh,urma,13,2026-09-26T17:00:00Z,294.16,1.8,5.16,0.0,2026-09-26T18:00:00Z,nodd,nodd
2026-09-26,cincinnati-oh,urma,14,2026-09-26T18:00:00Z,295.6,1.23,4.46,0.0,2026-09-26T19:00:00Z,nodd,nodd
2026-09-26,cincinnati-oh,urma,15,2026-09-26T19:00:00Z,296.55,2.29,3.65,0.0,2026-09-26T20:00:00Z,nodd,nodd
2026-09-26,cincinnati-oh,urma,16,2026-09-26T20:00:00Z,297.17,2.31,4.04,0.0,2026-09-26T21:00:00Z,nodd,nodd
2026-09-26,cincinnati-oh,urma,17,2026-09-26T21:00:00Z,296.99,2.92,4.71,0.0,2026-09-26T22:00:00Z,nodd,nodd
2026-09-26,cincinnati-oh,urma,18,2026-09-26T22:00:00Z,296.14,2.83,5.39,0.0,2026-09-26T23:00:00Z,nodd,nodd
2026-09-26,cincinnati-oh,urma,19,2026-09-26T23:00:00Z,294.63,1.43,4.1,0.0,2026-09-27T00:00:00Z,nodd,nodd
2026-09-26,cincinnati-oh,urma,20,2026-09-27T00:00:00Z,291.37,0.76,2.53,0.0,2026-09-27T01:00:00Z,nodd,nodd
2026-09-26,cincinnati-oh,urma,21,2026-09-27T01:00:00Z,290.38,1.54,2.17,0.0,2026-09-27T02:00:00Z,nodd,nodd
2026-09-26,cincinnati-oh,urma,22,2026-09-27T02:00:00Z,289.55,1.94,2.02,0.0,2026-09-27T03:00:00Z,nodd,nodd
2026-09-26,cincinnati-oh,urma,23,2026-09-27T03:00:00Z,288.7,1.44,2.59,0.0,2026-09-27T04:00:00Z,nodd,nodd
2026-09-26,kansas-city-mo,rtma,00,2026-09-26T05:00:00Z,291.1,2.34,3.51,0.0,2026-09-26T06:00:00Z,nodd,nodd
2026-09-26,kansas-city-mo,rtma,01,2026-09-26T06:00:00Z,291.41,3.0,3.0,0.0,2026-09-26T07:00:00Z,nodd,nodd
2026-09-26,kansas-city-mo,rtma,02,2026-09-26T07:00:00Z,291.52,2.12,5.57,0.40625,2026-09-26T08:00:00Z,nodd,nodd
2026-09-26,kansas-city-mo,rtma,03,2026-09-26T08:00:00Z,291.45,1.49,3.9,3.96875,2026-09-26T09:00:00Z,nodd,nodd
2026-09-26,kansas-city-mo,rtma,04,2026-09-26T09:00:00Z,291.04,2.56,5.35,0.1875,2026-09-26T10:00:00Z,nodd,nodd
2026-09-26,kansas-city-mo,rtma,05,2026-09-26T10:00:00Z,290.82,2.61,5.15,0.0,2026-09-26T11:00:00Z,nodd,nodd
2026-09-26,kansas-city-mo,rtma,06,2026-09-26T11:00:00Z,290.68,2.39,2.87,0.0,2026-09-26T12:00:00Z,nodd,nodd
2026-09-26,kansas-city-mo,rtma,07,2026-09-26T12:00:00Z,290.46,3.53,5.19,0.0,2026-09-26T13:00:00Z,nodd,nodd
2026-09-26,kansas-city-mo,rtma,08,2026-09-26T13:00:00Z,290.7,2.83,8.8,0.0,2026-09-26T14:00:00Z,nodd,nodd
2026-09-26,kansas-city-mo,rtma,09,2026-09-26T14:00:00Z,291.63,3.23,11.42,0.03125,2026-09-26T15:00:00Z,nodd,nodd
2026-09-26,kansas-city-mo,rtma,10,2026-09-26T15:00:00Z,291.81,3.84,8.97,0.0,2026-09-26T16:00:00Z,nodd,nodd
2026-09-26,kansas-city-mo,rtma,11,2026-09-26T16:00:00Z,294.12,3.47,7.84,0.0,2026-09-26T17:00:00Z,nodd,nodd
2026-09-26,kansas-city-mo,rtma,12,2026-09-26T17:00:00Z,294.95,3.99,7.61,0.0,2026-09-26T18:00:00Z,nodd,nodd
2026-09-26,kansas-city-mo,rtma,13,2026-09-26T18:00:00Z,296.11,2.95,6.24,0.59375,2026-09-26T19:00:00Z,nodd,nodd
2026-09-26,kansas-city-mo,rtma,14,2026-09-26T19:00:00Z,295.22,4.27,7.37,1.03125,2026-09-26T20:00:00Z,nodd,nodd
2026-09-26,kansas-city-mo,rtma,15,2026-09-26T20:00:00Z,295.29,1.45,5.68,0.234375,2026-09-26T21:00:00Z,nodd,nodd
2026-09-26,kansas-city-mo,rtma,16,2026-09-26T21:00:00Z,295.63,2.3,4.81,0.40625,2026-09-26T22:00:00Z,nodd,nodd
2026-09-26,kansas-city-mo,rtma,17,2026-09-26T22:00:00Z,294.94,0.47,2.96,1.1875,2026-09-26T23:00:00Z,nodd,nodd
2026-09-26,kansas-city-mo,rtma,18,2026-09-26T23:00:00Z,294.99,1.08,2.64,1.15625,2026-09-27T00:00:00Z,nodd,nodd
2026-09-26,kansas-city-mo,rtma,19,2026-09-27T00:00:00Z,294.45,1.91,3.17,0.0625,2026-09-27T01:00:00Z,nodd,nodd
2026-09-26,kansas-city-mo,rtma,20,2026-09-27T01:00:00Z,294.09,2.48,4.63,0.671875,2026-09-27T02:00:00Z,nodd,nodd
2026-09-26,kansas-city-mo,rtma,21,2026-09-27T02:00:00Z,294.04,1.99,4.87,0.0,2026-09-27T03:00:00Z,nodd,nodd
2026-09-26,kansas-city-mo,rtma,22,2026-09-27T03:00:00Z,293.72,1.18,2.46,0.0,2026-09-27T04:00:00Z,nodd,nodd
2026-09-26,kansas-city-mo,rtma,23,2026-09-27T04:00:00Z,293.29,0.84,4.45,0.0,2026-09-27T05:00:00Z,nodd,nodd
2026-09-26,kansas-city-mo,urma,00,2026-09-26T05:00:00Z,291.16,2.43,3.27,0.0,2026-09-26T06:00:00Z,nodd,nodd
2026-09-26,kansas-city-mo,urma,01,2026-09-26T06:00:00Z,291.4,3.08,3.08,0.09375,2026-09-26T07:00:00Z,nodd,nodd
2026-09-26,kansas-city-mo,urma,02,2026-09-26T07:00:00Z,291.86,2.01,5.16,0.546875,2026-09-26T08:00:00Z,nodd,nodd
2026-09-26,kansas-city-mo,urma,03,2026-09-26T08:00:00Z,291.46,1.7,3.6,2.546875,2026-09-26T09:00:00Z,nodd,nodd
2026-09-26,kansas-city-mo,urma,04,2026-09-26T09:00:00Z,291.03,2.65,4.34,0.125,2026-09-26T10:00:00Z,nodd,nodd
2026-09-26,kansas-city-mo,urma,05,2026-09-26T10:00:00Z,290.84,2.65,4.04,0.0,2026-09-26T11:00:00Z,nodd,nodd
2026-09-26,kansas-city-mo,urma,06,2026-09-26T11:00:00Z,290.63,2.53,2.53,0.0,2026-09-26T12:00:00Z,nodd,nodd
2026-09-26,kansas-city-mo,urma,07,2026-09-26T12:00:00Z,290.44,3.5,4.34,0.0,2026-09-26T13:00:00Z,nodd,nodd
2026-09-26,kansas-city-mo,urma,08,2026-09-26T13:00:00Z,290.75,2.98,8.57,0.0,2026-09-26T14:00:00Z,nodd,nodd
2026-09-26,kansas-city-mo,urma,09,2026-09-26T14:00:00Z,291.64,3.08,11.03,0.046875,2026-09-26T15:00:00Z,nodd,nodd
2026-09-26,kansas-city-mo,urma,10,2026-09-26T15:00:00Z,291.78,3.74,8.02,0.0,2026-09-26T16:00:00Z,nodd,nodd
2026-09-26,kansas-city-mo,urma,11,2026-09-26T16:00:00Z,294.13,3.48,7.1,0.0,2026-09-26T17:00:00Z,nodd,nodd
2026-09-26,kansas-city-mo,urma,12,2026-09-26T17:00:00Z,294.93,3.88,7.52,0.0,2026-09-26T18:00:00Z,nodd,nodd
2026-09-26,kansas-city-mo,urma,13,2026-09-26T18:00:00Z,296.03,3.01,5.98,0.21875,2026-09-26T19:00:00Z,nodd,nodd
2026-09-26,kansas-city-mo,urma,14,2026-09-26T19:00:00Z,295.43,4.46,6.73,0.71875,2026-09-26T20:00:00Z,nodd,nodd
2026-09-26,kansas-city-mo,urma,15,2026-09-26T20:00:00Z,295.29,1.65,4.77,0.1875,2026-09-26T21:00:00Z,nodd,nodd
2026-09-26,kansas-city-mo,urma,16,2026-09-26T21:00:00Z,295.63,2.21,4.29,0.3125,2026-09-26T22:00:00Z,nodd,nodd
2026-09-26,kansas-city-mo,urma,17,2026-09-26T22:00:00Z,295.01,0.54,2.48,0.9375,2026-09-26T23:00:00Z,nodd,nodd
2026-09-26,kansas-city-mo,urma,18,2026-09-26T23:00:00Z,295.01,1.21,1.57,0.90625,2026-09-27T00:00:00Z,nodd,nodd
2026-09-26,kansas-city-mo,urma,19,2026-09-27T00:00:00Z,294.42,1.72,1.72,0.125,2026-09-27T01:00:00Z,nodd,nodd
2026-09-26,kansas-city-mo,urma,20,2026-09-27T01:00:00Z,294.54,2.56,3.98,0.625,2026-09-27T02:00:00Z,nodd,nodd
2026-09-26,kansas-city-mo,urma,21,2026-09-27T02:00:00Z,294.05,1.87,3.78,0.0,2026-09-27T03:00:00Z,nodd,nodd
2026-09-26,kansas-city-mo,urma,22,2026-09-27T03:00:00Z,293.69,1.23,2.08,0.0,2026-09-27T04:00:00Z,nodd,nodd
2026-09-26,kansas-city-mo,urma,23,2026-09-27T04:00:00Z,293.29,0.85,3.41,0.0,2026-09-27T05:00:00Z,nodd,nodd
2026-09-26,columbus-oh,rtma,00,2026-09-26T04:00:00Z,287.79,2.14,4.65,0.0,2026-09-26T05:00:00Z,nodd,nodd
2026-09-26,columbus-oh,rtma,01,2026-09-26T05:00:00Z,287.08,2.25,4.31,0.0,2026-09-26T06:00:00Z,nodd,nodd
2026-09-26,columbus-oh,rtma,02,2026-09-26T06:00:00Z,286.35,2.09,4.25,0.0,2026-09-26T07:00:00Z,nodd,nodd
2026-09-26,columbus-oh,rtma,03,2026-09-26T07:00:00Z,285.1,1.99,4.36,0.0,2026-09-26T08:00:00Z,nodd,nodd
2026-09-26,columbus-oh,rtma,04,2026-09-26T08:00:00Z,284.3,1.3,4.24,0.0,2026-09-26T09:00:00Z,nodd,nodd
2026-09-26,columbus-oh,rtma,05,2026-09-26T09:00:00Z,283.47,1.77,3.58,0.0,2026-09-26T10:00:00Z,nodd,nodd
2026-09-26,columbus-oh,rtma,06,2026-09-26T10:00:00Z,282.92,2.07,3.9,0.0,2026-09-26T11:00:00Z,nodd,nodd
2026-09-26,columbus-oh,rtma,07,2026-09-26T11:00:00Z,282.84,2.12,5.06,0.0,2026-09-26T12:00:00Z,nodd,nodd
2026-09-26,columbus-oh,rtma,08,2026-09-26T12:00:00Z,282.93,1.96,3.54,0.0,2026-09-26T13:00:00Z,nodd,nodd
2026-09-26,columbus-oh,rtma,09,2026-09-26T13:00:00Z,285.55,2.27,3.68,0.0,2026-09-26T14:00:00Z,nodd,nodd
2026-09-26,columbus-oh,rtma,10,2026-09-26T14:00:00Z,288.6,3.22,7.19,0.0,2026-09-26T15:00:00Z,nodd,nodd
2026-09-26,columbus-oh,rtma,11,2026-09-26T15:00:00Z,291.43,3.0,5.11,0.0,2026-09-26T16:00:00Z,nodd,nodd
2026-09-26,columbus-oh,rtma,12,2026-09-26T16:00:00Z,293.23,3.91,8.19,0.0,2026-09-26T17:00:00Z,nodd,nodd
2026-09-26,columbus-oh,rtma,13,2026-09-26T17:00:00Z,294.41,3.75,5.45,0.0,2026-09-26T18:00:00Z,nodd,nodd
2026-09-26,columbus-oh,rtma,14,2026-09-26T18:00:00Z,295.39,3.76,7.49,0.0,2026-09-26T19:00:00Z,nodd,nodd
2026-09-26,columbus-oh,rtma,15,2026-09-26T19:00:00Z,296.3,5.35,8.39,0.0,2026-09-26T20:00:00Z,nodd,nodd
2026-09-26,columbus-oh,rtma,16,2026-09-26T20:00:00Z,296.53,4.04,8.24,0.0,2026-09-26T21:00:00Z,nodd,nodd
2026-09-26,columbus-oh,rtma,17,2026-09-26T21:00:00Z,296.64,4.93,8.34,0.0,2026-09-26T22:00:00Z,nodd,nodd
2026-09-26,columbus-oh,rtma,18,2026-09-26T22:00:00Z,296.12,5.25,8.58,0.0,2026-09-26T23:00:00Z,nodd,nodd
2026-09-26,columbus-oh,rtma,19,2026-09-26T23:00:00Z,294.4,5.16,7.58,0.0,2026-09-27T00:00:00Z,nodd,nodd
2026-09-26,columbus-oh,rtma,20,2026-09-27T00:00:00Z,292.05,4.59,6.81,0.0,2026-09-27T01:00:00Z,nodd,nodd
2026-09-26,columbus-oh,rtma,21,2026-09-27T01:00:00Z,290.26,3.93,6.92,0.0,2026-09-27T02:00:00Z,nodd,nodd
2026-09-26,columbus-oh,rtma,22,2026-09-27T02:00:00Z,288.6,3.51,6.52,0.0,2026-09-27T03:00:00Z,nodd,nodd
2026-09-26,columbus-oh,rtma,23,2026-09-27T03:00:00Z,287.44,2.21,5.91,0.0,2026-09-27T04:00:00Z,nodd,nodd
2026-09-26,columbus-oh,urma,00,2026-09-26T04:00:00Z,287.94,2.09,4.64,0.0,2026-09-26T05:00:00Z,nodd,nodd
2026-09-26,columbus-oh,urma,01,2026-09-26T05:00:00Z,287.11,2.23,4.3,0.0,2026-09-26T06:00:00Z,nodd,nodd
2026-09-26,columbus-oh,urma,02,2026-09-26T06:00:00Z,286.37,2.11,4.25,0.0,2026-09-26T07:00:00Z,nodd,nodd
2026-09-26,columbus-oh,urma,03,2026-09-26T07:00:00Z,285.73,2.01,4.35,0.0,2026-09-26T08:00:00Z,nodd,nodd
2026-09-26,columbus-oh,urma,04,2026-09-26T08:00:00Z,284.3,1.27,4.28,0.0,2026-09-26T09:00:00Z,nodd,nodd
2026-09-26,columbus-oh,urma,05,2026-09-26T09:00:00Z,283.49,1.93,3.57,0.0,2026-09-26T10:00:00Z,nodd,nodd
2026-09-26,columbus-oh,urma,06,2026-09-26T10:00:00Z,282.99,1.98,3.93,0.0,2026-09-26T11:00:00Z,nodd,nodd
2026-09-26,columbus-oh,urma,07,2026-09-26T11:00:00Z,282.89,2.25,5.08,0.0,2026-09-26T12:00:00Z,nodd,nodd
2026-09-26,columbus-oh,urma,08,2026-09-26T12:00:00Z,282.98,1.93,3.52,0.0,2026-09-26T13:00:00Z,nodd,nodd
2026-09-26,columbus-oh,urma,09,2026-09-26T13:00:00Z,285.76,2.34,3.69,0.0,2026-09-26T14:00:00Z,nodd,nodd
2026-09-26,columbus-oh,urma,10,2026-09-26T14:00:00Z,288.76,3.33,7.18,0.0,2026-09-26T15:00:00Z,nodd,nodd
2026-09-26,columbus-oh,urma,11,2026-09-26T15:00:00Z,291.46,3.0,5.12,0.0,2026-09-26T16:00:00Z,nodd,nodd
2026-09-26,columbus-oh,urma,12,2026-09-26T16:00:00Z,293.29,4.04,8.17,0.0,2026-09-26T17:00:00Z,nodd,nodd
2026-09-26,columbus-oh,urma,13,2026-09-26T17:00:00Z,294.46,3.74,5.37,0.0,2026-09-26T18:00:00Z,nodd,nodd
2026-09-26,columbus-oh,urma,14,2026-09-26T18:00:00Z,295.36,3.89,7.41,0.0,2026-09-26T19:00:00Z,nodd,nodd
2026-09-26,columbus-oh,urma,15,2026-09-26T19:00:00Z,296.25,5.38,8.39,0.0,2026-09-26T20:00:00Z,nodd,nodd
2026-09-26,columbus-oh,urma,16,2026-09-26T20:00:00Z,296.51,4.04,8.04,0.0,2026-09-26T21:00:00Z,nodd,nodd
2026-09-26,columbus-oh,urma,17,2026-09-26T21:00:00Z,296.6,4.89,8.32,0.0,2026-09-26T22:00:00Z,nodd,nodd
2026-09-26,columbus-oh,urma,18,2026-09-26T22:00:00Z,296.19,5.25,8.48,0.0,2026-09-26T23:00:00Z,nodd,nodd
2026-09-26,columbus-oh,urma,19,2026-09-26T23:00:00Z,294.41,5.29,7.6,0.0,2026-09-27T00:00:00Z,nodd,nodd
2026-09-26,columbus-oh,urma,20,2026-09-27T00:00:00Z,292.19,4.48,6.79,0.0,2026-09-27T01:00:00Z,nodd,nodd
2026-09-26,columbus-oh,urma,21,2026-09-27T01:00:00Z,290.59,3.9,6.9,0.0,2026-09-27T02:00:00Z,nodd,nodd
2026-09-26,columbus-oh,urma,22,2026-09-27T02:00:00Z,288.69,3.58,6.54,0.0,2026-09-27T03:00:00Z,nodd,nodd
2026-09-26,columbus-oh,urma,23,2026-09-27T03:00:00Z,287.44,2.24,5.84,0.0,2026-09-27T04:00:00Z,nodd,nodd
2026-09-26,indianapolis-in,rtma,00,2026-09-26T04:00:00Z,289.85,2.84,5.6,0.0,2026-09-26T05:00:00Z,nodd,nodd
2026-09-26,indianapolis-in,rtma,01,2026-09-26T05:00:00Z,289.3,2.46,7.3,0.0,2026-09-26T06:00:00Z,nodd,nodd
2026-09-26,indianapolis-in,rtma,02,2026-09-26T06:00:00Z,288.31,2.36,6.15,0.0,2026-09-26T07:00:00Z,nodd,nodd
2026-09-26,indianapolis-in,rtma,03,2026-09-26T07:00:00Z,287.45,1.95,4.44,0.0,2026-09-26T08:00:00Z,nodd,nodd
2026-09-26,indianapolis-in,rtma,04,2026-09-26T08:00:00Z,286.83,1.4,4.47,0.0,2026-09-26T09:00:00Z,nodd,nodd
2026-09-26,indianapolis-in,rtma,05,2026-09-26T09:00:00Z,286.07,1.65,5.38,0.0,2026-09-26T10:00:00Z,nodd,nodd
2026-09-26,indianapolis-in,rtma,06,2026-09-26T10:00:00Z,285.48,1.02,4.9,0.0,2026-09-26T11:00:00Z,nodd,nodd
2026-09-26,indianapolis-in,rtma,07,2026-09-26T11:00:00Z,284.55,1.54,4.14,0.0,2026-09-26T12:00:00Z,nodd,nodd
2026-09-26,indianapolis-in,rtma,08,2026-09-26T12:00:00Z,284.44,1.86,4.05,0.0,2026-09-26T13:00:00Z,nodd,nodd
2026-09-26,indianapolis-in,rtma,09,2026-09-26T13:00:00Z,285.97,2.03,4.43,0.0,2026-09-26T14:00:00Z,nodd,nodd
2026-09-26,indianapolis-in,rtma,10,2026-09-26T14:00:00Z,288.27,2.76,3.91,0.0,2026-09-26T15:00:00Z,nodd,nodd
2026-09-26,indianapolis-in,rtma,11,2026-09-26T15:00:00Z,290.34,2.87,4.54,0.0,2026-09-26T16:00:00Z,nodd,nodd
2026-09-26,indianapolis-in,rtma,12,2026-09-26T16:00:00Z,291.99,2.27,4.84,0.0,2026-09-26T17:00:00Z,nodd,nodd
2026-09-26,indianapolis-in,rtma,13,2026-09-26T17:00:00Z,293.56,1.23,3.29,0.0,2026-09-26T18:00:00Z,nodd,nodd
2026-09-26,indianapolis-in,rtma,14,2026-09-26T18:00:00Z,295.14,2.09,4.48,0.0,2026-09-26T19:00:00Z,nodd,nodd
2026-09-26,indianapolis-in,rtma,15,2026-09-26T19:00:00Z,296.51,0.87,2.58,0.0,2026-09-26T20:00:00Z,nodd,nodd
2026-09-26,indianapolis-in,rtma,16,2026-09-26T20:00:00Z,297.29,1.2,1.27,0.0,2026-09-26T21:00:00Z,nodd,nodd
2026-09-26,indianapolis-in,rtma,17,2026-09-26T21:00:00Z,297.5,2.82,2.82,0.0,2026-09-26T22:00:00Z,nodd,nodd
2026-09-26,indianapolis-in,rtma,18,2026-09-26T22:00:00Z,296.84,1.73,3.29,0.0,2026-09-26T23:00:00Z,nodd,nodd
2026-09-26,indianapolis-in,rtma,19,2026-09-26T23:00:00Z,295.3,1.98,4.65,0.0,2026-09-27T00:00:00Z,nodd,nodd
2026-09-26,indianapolis-in,rtma,20,2026-09-27T00:00:00Z,292.38,1.23,4.8,0.0,2026-09-27T01:00:00Z,nodd,nodd
2026-09-26,indianapolis-in,rtma,21,2026-09-27T01:00:00Z,290.52,1.86,5.43,0.0,2026-09-27T02:00:00Z,nodd,nodd
2026-09-26,indianapolis-in,rtma,22,2026-09-27T02:00:00Z,289.93,2.84,5.4,0.0,2026-09-27T03:00:00Z,nodd,nodd
2026-09-26,indianapolis-in,rtma,23,2026-09-27T03:00:00Z,289.33,2.42,5.12,0.0,2026-09-27T04:00:00Z,nodd,nodd
2026-09-26,indianapolis-in,urma,00,2026-09-26T04:00:00Z,289.97,2.75,5.61,0.0,2026-09-26T05:00:00Z,nodd,nodd
2026-09-26,indianapolis-in,urma,01,2026-09-26T05:00:00Z,289.35,2.41,7.29,0.0,2026-09-26T06:00:00Z,nodd,nodd
2026-09-26,indianapolis-in,urma,02,2026-09-26T06:00:00Z,288.36,2.38,6.12,0.0,2026-09-26T07:00:00Z,nodd,nodd
2026-09-26,indianapolis-in,urma,03,2026-09-26T07:00:00Z,287.98,1.96,4.49,0.0,2026-09-26T08:00:00Z,nodd,nodd
2026-09-26,indianapolis-in,urma,04,2026-09-26T08:00:00Z,286.92,1.32,4.51,0.0,2026-09-26T09:00:00Z,nodd,nodd
2026-09-26,indianapolis-in,urma,05,2026-09-26T09:00:00Z,286.11,1.63,5.37,0.0,2026-09-26T10:00:00Z,nodd,nodd
2026-09-26,indianapolis-in,urma,06,2026-09-26T10:00:00Z,285.5,0.79,4.89,0.0,2026-09-26T11:00:00Z,nodd,nodd
2026-09-26,indianapolis-in,urma,07,2026-09-26T11:00:00Z,284.62,1.64,4.13,0.0,2026-09-26T12:00:00Z,nodd,nodd
2026-09-26,indianapolis-in,urma,08,2026-09-26T12:00:00Z,284.48,1.79,4.05,0.0,2026-09-26T13:00:00Z,nodd,nodd
2026-09-26,indianapolis-in,urma,09,2026-09-26T13:00:00Z,286.16,2.15,4.42,0.0,2026-09-26T14:00:00Z,nodd,nodd
2026-09-26,indianapolis-in,urma,10,2026-09-26T14:00:00Z,288.35,2.55,3.91,0.0,2026-09-26T15:00:00Z,nodd,nodd
2026-09-26,indianapolis-in,urma,11,2026-09-26T15:00:00Z,290.34,2.88,4.65,0.0,2026-09-26T16:00:00Z,nodd,nodd
2026-09-26,indianapolis-in,urma,12,2026-09-26T16:00:00Z,292.02,2.21,4.83,0.0,2026-09-26T17:00:00Z,nodd,nodd
2026-09-26,indianapolis-in,urma,13,2026-09-26T17:00:00Z,293.69,1.13,3.28,0.0,2026-09-26T18:00:00Z,nodd,nodd
2026-09-26,indianapolis-in,urma,14,2026-09-26T18:00:00Z,295.14,2.26,4.47,0.0,2026-09-26T19:00:00Z,nodd,nodd
2026-09-26,indianapolis-in,urma,15,2026-09-26T19:00:00Z,296.7,0.68,2.59,0.0,2026-09-26T20:00:00Z,nodd,nodd
2026-09-26,indianapolis-in,urma,16,2026-09-26T20:00:00Z,297.32,1.25,1.26,0.0,2026-09-26T21:00:00Z,nodd,nodd
2026-09-26,indianapolis-in,urma,17,2026-09-26T21:00:00Z,297.5,2.78,2.78,0.0,2026-09-26T22:00:00Z,nodd,nodd
2026-09-26,indianapolis-in,urma,18,2026-09-26T22:00:00Z,296.77,1.95,3.29,0.0,2026-09-26T23:00:00Z,nodd,nodd
2026-09-26,indianapolis-in,urma,19,2026-09-26T23:00:00Z,295.26,1.9,4.65,0.0,2026-09-27T00:00:00Z,nodd,nodd
2026-09-26,indianapolis-in,urma,20,2026-09-27T00:00:00Z,292.32,1.0,4.75,0.0,2026-09-27T01:00:00Z,nodd,nodd
2026-09-26,indianapolis-in,urma,21,2026-09-27T01:00:00Z,291.03,2.11,5.29,0.0,2026-09-27T02:00:00Z,nodd,nodd
2026-09-26,indianapolis-in,urma,22,2026-09-27T02:00:00Z,290.07,2.75,5.32,0.0,2026-09-27T03:00:00Z,nodd,nodd
2026-09-26,indianapolis-in,urma,23,2026-09-27T03:00:00Z,289.36,2.41,5.05,0.0,2026-09-27T04:00:00Z,nodd,nodd
2026-09-26,cleveland-oh,rtma,00,2026-09-26T04:00:00Z,288.43,1.87,4.78,0.0,2026-09-26T05:00:00Z,nodd,nodd
2026-09-26,cleveland-oh,rtma,01,2026-09-26T05:00:00Z,288.23,1.94,7.56,0.0,2026-09-26T06:00:00Z,nodd,nodd
2026-09-26,cleveland-oh,rtma,02,2026-09-26T06:00:00Z,287.15,0.96,6.27,0.0,2026-09-26T07:00:00Z,nodd,nodd
2026-09-26,cleveland-oh,rtma,03,2026-09-26T07:00:00Z,286.27,0.17,5.08,0.0,2026-09-26T08:00:00Z,nodd,nodd
2026-09-26,cleveland-oh,rtma,04,2026-09-26T08:00:00Z,285.2,0.54,4.4,0.0,2026-09-26T09:00:00Z,nodd,nodd
2026-09-26,cleveland-oh,rtma,05,2026-09-26T09:00:00Z,285.11,1.07,4.22,0.0,2026-09-26T10:00:00Z,nodd,nodd
2026-09-26,cleveland-oh,rtma,06,2026-09-26T10:00:00Z,284.5,1.52,7.05,0.0,2026-09-26T11:00:00Z,nodd,nodd
2026-09-26,cleveland-oh,rtma,07,2026-09-26T11:00:00Z,284.69,0.23,6.4,0.0,2026-09-26T12:00:00Z,nodd,nodd
2026-09-26,cleveland-oh,rtma,08,2026-09-26T12:00:00Z,284.59,0.92,5.47,0.0,2026-09-26T13:00:00Z,nodd,nodd
2026-09-26,cleveland-oh,rtma,09,2026-09-26T13:00:00Z,286.83,0.58,5.78,0.0,2026-09-26T14:00:00Z,nodd,nodd
2026-09-26,cleveland-oh,rtma,10,2026-09-26T14:00:00Z,290.66,1.44,5.82,0.0,2026-09-26T15:00:00Z,nodd,nodd
2026-09-26,cleveland-oh,rtma,11,2026-09-26T15:00:00Z,292.3,4.32,6.55,0.0,2026-09-26T16:00:00Z,nodd,nodd
2026-09-26,cleveland-oh,rtma,12,2026-09-26T16:00:00Z,292.85,4.88,6.9,0.0,2026-09-26T17:00:00Z,nodd,nodd
2026-09-26,cleveland-oh,rtma,13,2026-09-26T17:00:00Z,293.39,5.09,8.69,0.0,2026-09-26T18:00:00Z,nodd,nodd
2026-09-26,cleveland-oh,rtma,14,2026-09-26T18:00:00Z,293.12,5.05,7.7,0.0,2026-09-26T19:00:00Z,nodd,nodd
2026-09-26,cleveland-oh,rtma,15,2026-09-26T19:00:00Z,293.11,5.25,7.72,0.0,2026-09-26T20:00:00Z,nodd,nodd
2026-09-26,cleveland-oh,rtma,16,2026-09-26T20:00:00Z,292.94,5.12,6.2,0.0,2026-09-26T21:00:00Z,nodd,nodd
2026-09-26,cleveland-oh,rtma,17,2026-09-26T21:00:00Z,292.91,5.18,5.63,0.0,2026-09-26T22:00:00Z,nodd,nodd
2026-09-26,cleveland-oh,rtma,18,2026-09-26T22:00:00Z,292.83,4.49,4.49,0.0,2026-09-26T23:00:00Z,nodd,nodd
2026-09-26,cleveland-oh,rtma,19,2026-09-26T23:00:00Z,292.21,3.32,4.11,0.0,2026-09-27T00:00:00Z,nodd,nodd
2026-09-26,cleveland-oh,rtma,20,2026-09-27T00:00:00Z,291.38,3.28,3.46,0.0,2026-09-27T01:00:00Z,nodd,nodd
2026-09-26,cleveland-oh,rtma,21,2026-09-27T01:00:00Z,290.31,3.94,6.86,0.0,2026-09-27T02:00:00Z,nodd,nodd
2026-09-26,cleveland-oh,rtma,22,2026-09-27T02:00:00Z,290.56,3.26,7.45,0.0,2026-09-27T03:00:00Z,nodd,nodd
2026-09-26,cleveland-oh,rtma,23,2026-09-27T03:00:00Z,289.96,3.27,7.02,0.0,2026-09-27T04:00:00Z,nodd,nodd
2026-09-26,cleveland-oh,urma,00,2026-09-26T04:00:00Z,288.54,1.7,4.82,0.0,2026-09-26T05:00:00Z,nodd,nodd
2026-09-26,cleveland-oh,urma,01,2026-09-26T05:00:00Z,288.3,1.67,6.95,0.0,2026-09-26T06:00:00Z,nodd,nodd
2026-09-26,cleveland-oh,urma,02,2026-09-26T06:00:00Z,287.14,0.69,5.9,0.0,2026-09-26T07:00:00Z,nodd,nodd
2026-09-26,cleveland-oh,urma,03,2026-09-26T07:00:00Z,286.12,0.0,4.43,0.0,2026-09-26T08:00:00Z,nodd,nodd
2026-09-26,cleveland-oh,urma,04,2026-09-26T08:00:00Z,285.11,0.2,4.62,0.0,2026-09-26T09:00:00Z,nodd,nodd
2026-09-26,cleveland-oh,urma,05,2026-09-26T09:00:00Z,285.07,0.59,4.53,0.0,2026-09-26T10:00:00Z,nodd,nodd
2026-09-26,cleveland-oh,urma,06,2026-09-26T10:00:00Z,284.4,1.1,6.71,0.0,2026-09-26T11:00:00Z,nodd,nodd
2026-09-26,cleveland-oh,urma,07,2026-09-26T11:00:00Z,284.68,0.19,8.07,0.0,2026-09-26T12:00:00Z,nodd,nodd
2026-09-26,cleveland-oh,urma,08,2026-09-26T12:00:00Z,284.6,0.76,4.85,0.0,2026-09-26T13:00:00Z,nodd,nodd
2026-09-26,cleveland-oh,urma,09,2026-09-26T13:00:00Z,286.82,0.38,5.85,0.0,2026-09-26T14:00:00Z,nodd,nodd
2026-09-26,cleveland-oh,urma,10,2026-09-26T14:00:00Z,290.67,1.61,5.55,0.0,2026-09-26T15:00:00Z,nodd,nodd
2026-09-26,cleveland-oh,urma,11,2026-09-26T15:00:00Z,292.3,4.41,6.35,0.0,2026-09-26T16:00:00Z,nodd,nodd
2026-09-26,cleveland-oh,urma,12,2026-09-26T16:00:00Z,292.87,4.78,6.15,0.0,2026-09-26T17:00:00Z,nodd,nodd
2026-09-26,cleveland-oh,urma,13,2026-09-26T17:00:00Z,293.41,5.05,6.28,0.0,2026-09-26T18:00:00Z,nodd,nodd
2026-09-26,cleveland-oh,urma,14,2026-09-26T18:00:00Z,293.07,5.06,7.65,0.0,2026-09-26T19:00:00Z,nodd,nodd
2026-09-26,cleveland-oh,urma,15,2026-09-26T19:00:00Z,292.99,5.2,7.6,0.0,2026-09-26T20:00:00Z,nodd,nodd
2026-09-26,cleveland-oh,urma,16,2026-09-26T20:00:00Z,292.93,5.1,5.72,0.0,2026-09-26T21:00:00Z,nodd,nodd
2026-09-26,cleveland-oh,urma,17,2026-09-26T21:00:00Z,292.93,5.18,5.75,0.0,2026-09-26T22:00:00Z,nodd,nodd
2026-09-26,cleveland-oh,urma,18,2026-09-26T22:00:00Z,292.78,4.36,4.51,0.0,2026-09-26T23:00:00Z,nodd,nodd
2026-09-26,cleveland-oh,urma,19,2026-09-26T23:00:00Z,292.25,3.37,4.54,0.0,2026-09-27T00:00:00Z,nodd,nodd
2026-09-26,cleveland-oh,urma,20,2026-09-27T00:00:00Z,291.33,3.12,3.74,0.0,2026-09-27T01:00:00Z,nodd,nodd
2026-09-26,cleveland-oh,urma,21,2026-09-27T01:00:00Z,290.32,3.41,6.39,0.0,2026-09-27T02:00:00Z,nodd,nodd
2026-09-26,cleveland-oh,urma,22,2026-09-27T02:00:00Z,290.49,3.38,7.48,0.0,2026-09-27T03:00:00Z,nodd,nodd
2026-09-26,cleveland-oh,urma,23,2026-09-27T03:00:00Z,289.93,3.1,7.11,0.0,2026-09-27T04:00:00Z,nodd,nodd
2026-09-26,nashville-tn,rtma,00,2026-09-26T05:00:00Z,291.99,1.11,4.13,0.0,2026-09-26T06:00:00Z,nodd,nodd
2026-09-26,nashville-tn,rtma,01,2026-09-26T06:00:00Z,290.74,1.59,2.85,0.0,2026-09-26T07:00:00Z,nodd,nodd
2026-09-26,nashville-tn,rtma,02,2026-09-26T07:00:00Z,289.51,1.18,3.1,0.0,2026-09-26T08:00:00Z,nodd,nodd
2026-09-26,nashville-tn,rtma,03,2026-09-26T08:00:00Z,288.75,0.43,3.63,0.0,2026-09-26T09:00:00Z,nodd,nodd
2026-09-26,nashville-tn,rtma,04,2026-09-26T09:00:00Z,287.44,0.68,1.42,0.0,2026-09-26T10:00:00Z,nodd,nodd
2026-09-26,nashville-tn,rtma,05,2026-09-26T10:00:00Z,286.72,0.03,1.21,0.0,2026-09-26T11:00:00Z,nodd,nodd
2026-09-26,nashville-tn,rtma,06,2026-09-26T11:00:00Z,286.81,0.72,1.02,0.0,2026-09-26T12:00:00Z,nodd,nodd
2026-09-26,nashville-tn,rtma,07,2026-09-26T12:00:00Z,287.46,0.73,2.17,0.0,2026-09-26T13:00:00Z,nodd,nodd
2026-09-26,nashville-tn,rtma,08,2026-09-26T13:00:00Z,289.0,1.3,1.8,0.0,2026-09-26T14:00:00Z,nodd,nodd
2026-09-26,nashville-tn,rtma,09,2026-09-26T14:00:00Z,291.28,2.95,4.77,0.0,2026-09-26T15:00:00Z,nodd,nodd
2026-09-26,nashville-tn,rtma,10,2026-09-26T15:00:00Z,292.98,0.44,2.74,0.0,2026-09-26T16:00:00Z,nodd,nodd
2026-09-26,nashville-tn,rtma,11,2026-09-26T16:00:00Z,295.36,1.69,2.85,0.0,2026-09-26T17:00:00Z,nodd,nodd
2026-09-26,nashville-tn,rtma,12,2026-09-26T17:00:00Z,297.87,2.05,2.97,0.0,2026-09-26T18:00:00Z,nodd,nodd
2026-09-26,nashville-tn,rtma,13,2026-09-26T18:00:00Z,299.56,2.28,5.24,0.0,2026-09-26T19:00:00Z,nodd,nodd
2026-09-26,nashville-tn,rtma,14,2026-09-26T19:00:00Z,300.33,2.47,3.84,0.0,2026-09-26T20:00:00Z,nodd,nodd
2026-09-26,nashville-tn,rtma,15,2026-09-26T20:00:00Z,301.81,1.88,6.53,0.0,2026-09-26T21:00:00Z,nodd,nodd
2026-09-26,nashville-tn,rtma,16,2026-09-26T21:00:00Z,301.19,3.41,5.25,0.0,2026-09-26T22:00:00Z,nodd,nodd
2026-09-26,nashville-tn,rtma,17,2026-09-26T22:00:00Z,300.08,3.09,5.29,0.0,2026-09-26T23:00:00Z,nodd,nodd
2026-09-26,nashville-tn,rtma,18,2026-09-26T23:00:00Z,298.96,1.48,3.21,0.0,2026-09-27T00:00:00Z,nodd,nodd
2026-09-26,nashville-tn,rtma,19,2026-09-27T00:00:00Z,296.59,2.59,2.82,0.0,2026-09-27T01:00:00Z,nodd,nodd
2026-09-26,nashville-tn,rtma,20,2026-09-27T01:00:00Z,294.45,1.98,3.46,0.0,2026-09-27T02:00:00Z,nodd,nodd
2026-09-26,nashville-tn,rtma,21,2026-09-27T02:00:00Z,294.22,1.75,3.07,0.0,2026-09-27T03:00:00Z,nodd,nodd
2026-09-26,nashville-tn,rtma,22,2026-09-27T03:00:00Z,293.89,2.86,3.81,0.0,2026-09-27T04:00:00Z,nodd,nodd
2026-09-26,nashville-tn,rtma,23,2026-09-27T04:00:00Z,292.96,1.52,3.67,0.0,2026-09-27T05:00:00Z,nodd,nodd
2026-09-26,nashville-tn,urma,00,2026-09-26T05:00:00Z,292.04,1.34,4.31,0.0,2026-09-26T06:00:00Z,nodd,nodd
2026-09-26,nashville-tn,urma,01,2026-09-26T06:00:00Z,290.72,1.47,3.02,0.0,2026-09-26T07:00:00Z,nodd,nodd
2026-09-26,nashville-tn,urma,02,2026-09-26T07:00:00Z,289.91,1.03,3.22,0.0,2026-09-26T08:00:00Z,nodd,nodd
2026-09-26,nashville-tn,urma,03,2026-09-26T08:00:00Z,288.7,0.5,3.71,0.0,2026-09-26T09:00:00Z,nodd,nodd
2026-09-26,nashville-tn,urma,04,2026-09-26T09:00:00Z,287.43,0.74,1.54,0.0,2026-09-26T10:00:00Z,nodd,nodd
2026-09-26,nashville-tn,urma,05,2026-09-26T10:00:00Z,286.65,0.0,1.28,0.0,2026-09-26T11:00:00Z,nodd,nodd
2026-09-26,nashville-tn,urma,06,2026-09-26T11:00:00Z,286.83,0.8,0.99,0.0,2026-09-26T12:00:00Z,nodd,nodd
2026-09-26,nashville-tn,urma,07,2026-09-26T12:00:00Z,287.51,0.82,2.23,0.0,2026-09-26T13:00:00Z,nodd,nodd
2026-09-26,nashville-tn,urma,08,2026-09-26T13:00:00Z,289.22,1.33,1.9,0.0,2026-09-26T14:00:00Z,nodd,nodd
2026-09-26,nashville-tn,urma,09,2026-09-26T14:00:00Z,291.39,3.1,4.9,0.0,2026-09-26T15:00:00Z,nodd,nodd
2026-09-26,nashville-tn,urma,10,2026-09-26T15:00:00Z,293.01,0.54,2.77,0.0,2026-09-26T16:00:00Z,nodd,nodd
2026-09-26,nashville-tn,urma,11,2026-09-26T16:00:00Z,295.38,1.79,3.24,0.0,2026-09-26T17:00:00Z,nodd,nodd
2026-09-26,nashville-tn,urma,12,2026-09-26T17:00:00Z,297.77,2.09,3.03,0.0,2026-09-26T18:00:00Z,nodd,nodd
2026-09-26,nashville-tn,urma,13,2026-09-26T18:00:00Z,299.51,2.25,5.12,0.0,2026-09-26T19:00:00Z,nodd,nodd
2026-09-26,nashville-tn,urma,14,2026-09-26T19:00:00Z,300.51,2.65,3.9,0.0,2026-09-26T20:00:00Z,nodd,nodd
2026-09-26,nashville-tn,urma,15,2026-09-26T20:00:00Z,301.79,2.03,6.64,0.0,2026-09-26T21:00:00Z,nodd,nodd
2026-09-26,nashville-tn,urma,16,2026-09-26T21:00:00Z,301.21,3.5,5.16,0.0,2026-09-26T22:00:00Z,nodd,nodd
2026-09-26,nashville-tn,urma,17,2026-09-26T22:00:00Z,300.08,3.1,5.43,0.0,2026-09-26T23:00:00Z,nodd,nodd
2026-09-26,nashville-tn,urma,18,2026-09-26T23:00:00Z,298.9,1.5,3.26,0.0,2026-09-27T00:00:00Z,nodd,nodd
2026-09-26,nashville-tn,urma,19,2026-09-27T00:00:00Z,296.61,2.66,2.85,0.0,2026-09-27T01:00:00Z,nodd,nodd
2026-09-26,nashville-tn,urma,20,2026-09-27T01:00:00Z,295.06,2.02,3.48,0.0,2026-09-27T02:00:00Z,nodd,nodd
2026-09-26,nashville-tn,urma,21,2026-09-27T02:00:00Z,294.38,1.72,3.22,0.0,2026-09-27T03:00:00Z,nodd,nodd
2026-09-26,nashville-tn,urma,22,2026-09-27T03:00:00Z,293.98,2.78,3.52,0.0,2026-09-27T04:00:00Z,nodd,nodd
2026-09-26,nashville-tn,urma,23,2026-09-27T04:00:00Z,293.01,1.52,3.72,0.0,2026-09-27T05:00:00Z,nodd,nodd
2026-09-26,san-jose-ca,rtma,00,2026-09-26T07:00:00Z,287.8,0.77,2.76,0.0,2026-09-26T08:00:00Z,nodd,nodd
2026-09-26,san-jose-ca,rtma,01,2026-09-26T08:00:00Z,286.83,0.21,2.46,0.0,2026-09-26T09:00:00Z,nodd,nodd
2026-09-26,san-jose-ca,rtma,02,2026-09-26T09:00:00Z,285.8,0.3,1.13,0.0,2026-09-26T10:00:00Z,nodd,nodd
2026-09-26,san-jose-ca,rtma,03,2026-09-26T10:00:00Z,284.9,0.14,0.45,0.0,2026-09-26T11:00:00Z,nodd,nodd
2026-09-26,san-jose-ca,rtma,04,2026-09-26T11:00:00Z,284.33,0.42,0.85,0.0,2026-09-26T12:00:00Z,nodd,nodd
2026-09-26,san-jose-ca,rtma,05,2026-09-26T12:00:00Z,283.51,0.15,0.92,0.0,2026-09-26T13:00:00Z,nodd,nodd
2026-09-26,san-jose-ca,rtma,06,2026-09-26T13:00:00Z,283.31,0.76,1.57,0.0,2026-09-26T14:00:00Z,nodd,nodd
2026-09-26,san-jose-ca,rtma,07,2026-09-26T14:00:00Z,282.92,0.07,0.07,0.0,2026-09-26T15:00:00Z,nodd,nodd
2026-09-26,san-jose-ca,rtma,08,2026-09-26T15:00:00Z,284.23,0.3,1.22,0.0,2026-09-26T16:00:00Z,nodd,nodd
2026-09-26,san-jose-ca,rtma,09,2026-09-26T16:00:00Z,288.39,0.22,0.62,0.0,2026-09-26T17:00:00Z,nodd,nodd
2026-09-26,san-jose-ca,rtma,10,2026-09-26T17:00:00Z,290.49,1.19,1.8,0.0,2026-09-26T18:00:00Z,nodd,nodd
2026-09-26,san-jose-ca,rtma,11,2026-09-26T18:00:00Z,293.23,0.64,1.65,0.0,2026-09-26T19:00:00Z,nodd,nodd
2026-09-26,san-jose-ca,rtma,12,2026-09-26T19:00:00Z,295.36,1.91,2.91,0.0,2026-09-26T20:00:00Z,nodd,nodd
2026-09-26,san-jose-ca,rtma,13,2026-09-26T20:00:00Z,297.51,2.42,4.07,0.0,2026-09-26T21:00:00Z,nodd,nodd
2026-09-26,san-jose-ca,rtma,14,2026-09-26T21:00:00Z,298.18,3.49,4.85,0.0,2026-09-26T22:00:00Z,nodd,nodd
2026-09-26,san-jose-ca,rtma,15,2026-09-26T22:00:00Z,298.81,3.32,4.78,0.0,2026-09-26T23:00:00Z,nodd,nodd
2026-09-26,san-jose-ca,rtma,16,2026-09-26T23:00:00Z,298.61,3.5,4.97,0.0,2026-09-27T00:00:00Z,nodd,nodd
2026-09-26,san-jose-ca,rtma,17,2026-09-27T00:00:00Z,297.59,4.0,6.55,0.0,2026-09-27T01:00:00Z,nodd,nodd
2026-09-26,san-jose-ca,rtma,18,2026-09-27T01:00:00Z,295.85,4.24,5.66,0.0,2026-09-27T02:00:00Z,nodd,nodd
2026-09-26,san-jose-ca,rtma,19,2026-09-27T02:00:00Z,293.43,3.32,5.89,0.0,2026-09-27T03:00:00Z,nodd,nodd
2026-09-26,san-jose-ca,rtma,20,2026-09-27T03:00:00Z,291.42,3.14,4.0,0.0,2026-09-27T04:00:00Z,nodd,nodd
2026-09-26,san-jose-ca,rtma,21,2026-09-27T04:00:00Z,290.26,2.75,4.4,0.0,2026-09-27T05:00:00Z,nodd,nodd
2026-09-26,san-jose-ca,rtma,22,2026-09-27T05:00:00Z,289.08,1.78,3.73,0.0,2026-09-27T06:00:00Z,nodd,nodd
2026-09-26,san-jose-ca,rtma,23,2026-09-27T06:00:00Z,288.59,1.53,3.05,0.0,2026-09-27T07:00:00Z,nodd,nodd
2026-09-26,san-jose-ca,urma,00,2026-09-26T07:00:00Z,287.55,0.71,2.49,0.0,2026-09-26T08:00:00Z,nodd,nodd
2026-09-26,san-jose-ca,urma,01,2026-09-26T08:00:00Z,286.8,0.18,2.72,0.0,2026-09-26T09:00:00Z,nodd,nodd
2026-09-26,san-jose-ca,urma,02,2026-09-26T09:00:00Z,285.66,0.31,1.37,0.0,2026-09-26T10:00:00Z,nodd,nodd
2026-09-26,san-jose-ca,urma,03,2026-09-26T10:00:00Z,284.74,0.12,0.56,0.0,2026-09-26T11:00:00Z,nodd,nodd
2026-09-26,san-jose-ca,urma,04,2026-09-26T11:00:00Z,284.13,0.37,0.86,0.0,2026-09-26T12:00:00Z,nodd,nodd
2026-09-26,san-jose-ca,urma,05,2026-09-26T12:00:00Z,283.39,0.12,1.38,0.0,2026-09-26T13:00:00Z,nodd,nodd
2026-09-26,san-jose-ca,urma,06,2026-09-26T13:00:00Z,283.09,0.71,1.2,0.0,2026-09-26T14:00:00Z,nodd,nodd
2026-09-26,san-jose-ca,urma,07,2026-09-26T14:00:00Z,282.62,0.06,0.06,0.0,2026-09-26T15:00:00Z,nodd,nodd
2026-09-26,san-jose-ca,urma,08,2026-09-26T15:00:00Z,284.32,0.23,1.02,0.0,2026-09-26T16:00:00Z,nodd,nodd
2026-09-26,san-jose-ca,urma,09,2026-09-26T16:00:00Z,288.49,0.24,0.67,0.0,2026-09-26T17:00:00Z,nodd,nodd
2026-09-26,san-jose-ca,urma,10,2026-09-26T17:00:00Z,290.48,1.14,1.61,0.0,2026-09-26T18:00:00Z,nodd,nodd
2026-09-26,san-jose-ca,urma,11,2026-09-26T18:00:00Z,293.18,0.66,1.46,0.0,2026-09-26T19:00:00Z,nodd,nodd
2026-09-26,san-jose-ca,urma,12,2026-09-26T19:00:00Z,295.47,1.86,2.94,0.0,2026-09-26T20:00:00Z,nodd,nodd
2026-09-26,san-jose-ca,urma,13,2026-09-26T20:00:00Z,297.55,2.37,4.02,0.0,2026-09-26T21:00:00Z,nodd,nodd
2026-09-26,san-jose-ca,urma,14,2026-09-26T21:00:00Z,298.15,3.46,4.99,0.0,2026-09-26T22:00:00Z,nodd,nodd
2026-09-26,san-jose-ca,urma,15,2026-09-26T22:00:00Z,298.73,3.3,5.28,0.0,2026-09-26T23:00:00Z,nodd,nodd
2026-09-26,san-jose-ca,urma,16,2026-09-26T23:00:00Z,298.65,3.45,4.95,0.0,2026-09-27T00:00:00Z,nodd,nodd
2026-09-26,san-jose-ca,urma,17,2026-09-27T00:00:00Z,297.42,4.01,6.85,0.0,2026-09-27T01:00:00Z,nodd,nodd
2026-09-26,san-jose-ca,urma,18,2026-09-27T01:00:00Z,295.85,4.13,5.4,0.0,2026-09-27T02:00:00Z,nodd,nodd
2026-09-26,san-jose-ca,urma,19,2026-09-27T02:00:00Z,293.42,3.24,5.79,0.0,2026-09-27T03:00:00Z,nodd,nodd
2026-09-26,san-jose-ca,urma,20,2026-09-27T03:00:00Z,291.33,3.12,3.82,0.0,2026-09-27T04:00:00Z,nodd,nodd
2026-09-26,san-jose-ca,urma,21,2026-09-27T04:00:00Z,290.26,2.72,4.25,0.0,2026-09-27T05:00:00Z,nodd,nodd
2026-09-26,san-jose-ca,urma,22,2026-09-27T05:00:00Z,289.14,1.73,3.08,0.0,2026-09-27T06:00:00Z,nodd,nodd
2026-09-26,san-jose-ca,urma,23,2026-09-27T06:00:00Z,288.6,1.38,3.16,0.0,2026-09-27T07:00:00Z,nodd,nodd
2026-09-26,norfolk-va,rtma,00,2026-09-26T04:00:00Z,292.54,5.82,10.54,0.0,2026-09-26T05:00:00Z,nodd,nodd
2026-09-26,norfolk-va,rtma,01,2026-09-26T05:00:00Z,292.22,5.88,9.91,0.0,2026-09-26T06:00:00Z,nodd,nodd
2026-09-26,norfolk-va,rtma,02,2026-09-26T06:00:00Z,292.03,4.86,8.66,0.0,2026-09-26T07:00:00Z,nodd,nodd
2026-09-26,norfolk-va,rtma,03,2026-09-26T07:00:00Z,292.22,5.58,9.76,0.0,2026-09-26T08:00:00Z,nodd,nodd
2026-09-26,norfolk-va,rtma,04,2026-09-26T08:00:00Z,291.56,5.2,8.88,0.046875,2026-09-26T09:00:00Z,nodd,nodd
2026-09-26,norfolk-va,rtma,05,2026-09-26T09:00:00Z,290.82,6.36,10.38,0.0,2026-09-26T10:00:00Z,nodd,nodd
2026-09-26,norfolk-va,rtma,06,2026-09-26T10:00:00Z,289.82,5.38,10.32,0.0,2026-09-26T11:00:00Z,nodd,nodd
2026-09-26,norfolk-va,rtma,07,2026-09-26T11:00:00Z,290.2,6.64,10.72,0.0,2026-09-26T12:00:00Z,nodd,nodd
2026-09-26,norfolk-va,rtma,08,2026-09-26T12:00:00Z,290.74,6.01,11.52,0.0,2026-09-26T13:00:00Z,nodd,nodd
2026-09-26,norfolk-va,rtma,09,2026-09-26T13:00:00Z,291.17,5.79,8.86,0.0,2026-09-26T14:00:00Z,nodd,nodd
2026-09-26,norfolk-va,rtma,10,2026-09-26T14:00:00Z,291.57,7.42,12.38,0.0,2026-09-26T15:00:00Z,nodd,nodd
2026-09-26,norfolk-va,rtma,11,2026-09-26T15:00:00Z,291.45,6.65,10.71,0.0,2026-09-26T16:00:00Z,nodd,nodd
2026-09-26,norfolk-va,rtma,12,2026-09-26T16:00:00Z,291.57,6.51,10.6,0.0,2026-09-26T17:00:00Z,nodd,nodd
2026-09-26,norfolk-va,rtma,13,2026-09-26T17:00:00Z,291.94,6.23,9.82,0.0,2026-09-26T18:00:00Z,nodd,nodd
2026-09-26,norfolk-va,rtma,14,2026-09-26T18:00:00Z,292.04,6.28,10.22,0.0,2026-09-26T19:00:00Z,nodd,nodd
2026-09-26,norfolk-va,rtma,15,2026-09-26T19:00:00Z,292.27,5.77,11.47,0.0,2026-09-26T20:00:00Z,nodd,nodd
2026-09-26,norfolk-va,rtma,16,2026-09-26T20:00:00Z,292.45,6.66,11.0,0.0,2026-09-26T21:00:00Z,nodd,nodd
2026-09-26,norfolk-va,rtma,17,2026-09-26T21:00:00Z,292.48,5.83,10.32,0.0,2026-09-26T22:00:00Z,nodd,nodd
2026-09-26,norfolk-va,rtma,18,2026-09-26T22:00:00Z,291.56,6.86,11.35,0.0,2026-09-26T23:00:00Z,nodd,nodd
2026-09-26,norfolk-va,rtma,19,2026-09-26T23:00:00Z,291.31,6.02,10.03,0.0,2026-09-27T00:00:00Z,nodd,nodd
2026-09-26,norfolk-va,rtma,20,2026-09-27T00:00:00Z,290.73,6.72,10.77,0.0,2026-09-27T01:00:00Z,nodd,nodd
2026-09-26,norfolk-va,rtma,21,2026-09-27T01:00:00Z,289.95,6.91,11.55,0.0,2026-09-27T02:00:00Z,nodd,nodd
2026-09-26,norfolk-va,rtma,22,2026-09-27T02:00:00Z,289.08,5.53,9.08,0.015625,2026-09-27T03:00:00Z,nodd,nodd
2026-09-26,norfolk-va,rtma,23,2026-09-27T03:00:00Z,288.26,5.68,9.96,0.390625,2026-09-27T04:00:00Z,nodd,nodd
2026-09-26,norfolk-va,urma,00,2026-09-26T04:00:00Z,292.56,5.95,9.79,0.0,2026-09-26T05:00:00Z,nodd,nodd
2026-09-26,norfolk-va,urma,01,2026-09-26T05:00:00Z,292.23,5.74,10.08,0.0,2026-09-26T06:00:00Z,nodd,nodd
2026-09-26,norfolk-va,urma,02,2026-09-26T06:00:00Z,292.06,4.99,8.28,0.0,2026-09-26T07:00:00Z,nodd,nodd
2026-09-26,norfolk-va,urma,03,2026-09-26T07:00:00Z,292.04,5.54,9.03,0.0,2026-09-26T08:00:00Z,nodd,nodd
2026-09-26,norfolk-va,urma,04,2026-09-26T08:00:00Z,291.61,5.64,8.5,0.0,2026-09-26T09:00:00Z,nodd,nodd
2026-09-26,norfolk-va,urma,05,2026-09-26T09:00:00Z,290.77,6.26,10.16,0.0,2026-09-26T10:00:00Z,nodd,nodd
2026-09-26,norfolk-va,urma,06,2026-09-26T10:00:00Z,289.87,5.5,9.96,0.0,2026-09-26T11:00:00Z,nodd,nodd
2026-09-26,norfolk-va,urma,07,2026-09-26T11:00:00Z,290.22,6.6,10.11,0.0,2026-09-26T12:00:00Z,nodd,nodd
2026-09-26,norfolk-va,urma,08,2026-09-26T12:00:00Z,290.71,6.04,10.61,0.0,2026-09-26T13:00:00Z,nodd,nodd
2026-09-26,norfolk-va,urma,09,2026-09-26T13:00:00Z,291.11,5.71,8.41,0.0,2026-09-26T14:00:00Z,nodd,nodd
2026-09-26,norfolk-va,urma,10,2026-09-26T14:00:00Z,291.56,7.29,12.19,0.0,2026-09-26T15:00:00Z,nodd,nodd
2026-09-26,norfolk-va,urma,11,2026-09-26T15:00:00Z,291.39,6.57,11.14,0.0,2026-09-26T16:00:00Z,nodd,nodd
2026-09-26,norfolk-va,urma,12,2026-09-26T16:00:00Z,291.47,6.36,10.55,0.0,2026-09-26T17:00:00Z,nodd,nodd
2026-09-26,norfolk-va,urma,13,2026-09-26T17:00:00Z,291.97,6.35,9.64,0.0,2026-09-26T18:00:00Z,nodd,nodd
2026-09-26,norfolk-va,urma,14,2026-09-26T18:00:00Z,292.15,6.09,9.57,0.0,2026-09-26T19:00:00Z,nodd,nodd
2026-09-26,norfolk-va,urma,15,2026-09-26T19:00:00Z,292.32,5.73,10.93,0.0,2026-09-26T20:00:00Z,nodd,nodd
2026-09-26,norfolk-va,urma,16,2026-09-26T20:00:00Z,292.44,6.51,10.78,0.0,2026-09-26T21:00:00Z,nodd,nodd
2026-09-26,norfolk-va,urma,17,2026-09-26T21:00:00Z,292.52,5.65,9.88,0.0,2026-09-26T22:00:00Z,nodd,nodd
2026-09-26,norfolk-va,urma,18,2026-09-26T22:00:00Z,291.45,6.72,11.11,0.0,2026-09-26T23:00:00Z,nodd,nodd
2026-09-26,norfolk-va,urma,19,2026-09-26T23:00:00Z,291.32,6.4,10.52,0.0,2026-09-27T00:00:00Z,nodd,nodd
2026-09-26,norfolk-va,urma,20,2026-09-27T00:00:00Z,290.73,6.55,10.43,0.0,2026-09-27T01:00:00Z,nodd,nodd
2026-09-26,norfolk-va,urma,21,2026-09-27T01:00:00Z,289.86,6.32,11.0,0.0,2026-09-27T02:00:00Z,nodd,nodd
2026-09-26,norfolk-va,urma,22,2026-09-27T02:00:00Z,289.08,5.63,9.04,0.40625,2026-09-27T03:00:00Z,nodd,nodd
2026-09-26,norfolk-va,urma,23,2026-09-27T03:00:00Z,288.27,5.59,8.86,0.625,2026-09-27T04:00:00Z,nodd,nodd
2026-09-26,jacksonville-fl,rtma,00,2026-09-26T04:00:00Z,291.84,0.67,0.67,0.0,2026-09-26T05:00:00Z,nodd,nodd
2026-09-26,jacksonville-fl,rtma,01,2026-09-26T05:00:00Z,291.66,1.2,1.72,0.0,2026-09-26T06:00:00Z,nodd,nodd
2026-09-26,jacksonville-fl,rtma,02,2026-09-26T06:00:00Z,291.38,1.76,2.29,0.0,2026-09-26T07:00:00Z,nodd,nodd
2026-09-26,jacksonville-fl,rtma,03,2026-09-26T07:00:00Z,290.88,2.18,2.18,0.0,2026-09-26T08:00:00Z,nodd,nodd
2026-09-26,jacksonville-fl,rtma,04,2026-09-26T08:00:00Z,290.46,2.09,2.5,0.0,2026-09-26T09:00:00Z,nodd,nodd
2026-09-26,jacksonville-fl,rtma,05,2026-09-26T09:00:00Z,289.94,2.48,2.87,0.0,2026-09-26T10:00:00Z,nodd,nodd
2026-09-26,jacksonville-fl,rtma,06,2026-09-26T10:00:00Z,289.54,2.21,3.62,0.0,2026-09-26T11:00:00Z,nodd,nodd
2026-09-26,jacksonville-fl,rtma,07,2026-09-26T11:00:00Z,288.84,2.34,3.32,0.0,2026-09-26T12:00:00Z,nodd,nodd
2026-09-26,jacksonville-fl,rtma,08,2026-09-26T12:00:00Z,289.33,3.3,3.52,0.0,2026-09-26T13:00:00Z,nodd,nodd
2026-09-26,jacksonville-fl,rtma,09,2026-09-26T13:00:00Z,292.39,3.4,4.06,0.0,2026-09-26T14:00:00Z,nodd,nodd
2026-09-26,jacksonville-fl,rtma,10,2026-09-26T14:00:00Z,295.39,4.4,4.4,0.0,2026-09-26T15:00:00Z,nodd,nodd
2026-09-26,jacksonville-fl,rtma,11,2026-09-26T15:00:00Z,297.33,4.47,4.47,0.0,2026-09-26T16:00:00Z,nodd,nodd
2026-09-26,jacksonville-fl,rtma,12,2026-09-26T16:00:00Z,298.11,3.82,3.91,0.0,2026-09-26T17:00:00Z,nodd,nodd
2026-09-26,jacksonville-fl,rtma,13,2026-09-26T17:00:00Z,299.02,2.79,3.58,0.0,2026-09-26T18:00:00Z,nodd,nodd
2026-09-26,jacksonville-fl,rtma,14,2026-09-26T18:00:00Z,299.94,1.34,3.81,0.0,2026-09-26T19:00:00Z,nodd,nodd
2026-09-26,jacksonville-fl,rtma,15,2026-09-26T19:00:00Z,300.44,2.78,4.83,0.0,2026-09-26T20:00:00Z,nodd,nodd
2026-09-26,jacksonville-fl,rtma,16,2026-09-26T20:00:00Z,300.6,2.82,5.17,0.0,2026-09-26T21:00:00Z,nodd,nodd
2026-09-26,jacksonville-fl,rtma,17,2026-09-26T21:00:00Z,300.5,3.04,3.97,0.0,2026-09-26T22:00:00Z,nodd,nodd
2026-09-26,jacksonville-fl,rtma,18,2026-09-26T22:00:00Z,299.82,3.48,3.8,0.0,2026-09-26T23:00:00Z,nodd,nodd
2026-09-26,jacksonville-fl,rtma,19,2026-09-26T23:00:00Z,298.62,2.82,3.69,0.0,2026-09-27T00:00:00Z,nodd,nodd
2026-09-26,jacksonville-fl,rtma,20,2026-09-27T00:00:00Z,296.09,1.08,2.49,0.0,2026-09-27T01:00:00Z,nodd,nodd
2026-09-26,jacksonville-fl,rtma,21,2026-09-27T01:00:00Z,294.15,0.79,1.1,0.0,2026-09-27T02:00:00Z,nodd,nodd
2026-09-26,jacksonville-fl,rtma,22,2026-09-27T02:00:00Z,293.24,0.93,1.47,0.0,2026-09-27T03:00:00Z,nodd,nodd
2026-09-26,jacksonville-fl,rtma,23,2026-09-27T03:00:00Z,292.76,0.89,2.41,0.0,2026-09-27T04:00:00Z,nodd,nodd
2026-09-26,jacksonville-fl,urma,00,2026-09-26T04:00:00Z,291.85,0.71,0.71,0.0,2026-09-26T05:00:00Z,nodd,nodd
2026-09-26,jacksonville-fl,urma,01,2026-09-26T05:00:00Z,291.71,1.2,1.74,0.0,2026-09-26T06:00:00Z,nodd,nodd
2026-09-26,jacksonville-fl,urma,02,2026-09-26T06:00:00Z,291.43,1.74,1.95,0.0,2026-09-26T07:00:00Z,nodd,nodd
2026-09-26,jacksonville-fl,urma,03,2026-09-26T07:00:00Z,291.01,2.13,2.13,0.0,2026-09-26T08:00:00Z,nodd,nodd
2026-09-26,jacksonville-fl,urma,04,2026-09-26T08:00:00Z,290.58,2.15,2.15,0.0,2026-09-26T09:00:00Z,nodd,nodd
2026-09-26,jacksonville-fl,urma,05,2026-09-26T09:00:00Z,290.01,2.39,2.66,0.0,2026-09-26T10:00:00Z,nodd,nodd
2026-09-26,jacksonville-fl,urma,06,2026-09-26T10:00:00Z,289.58,2.13,3.6,0.0,2026-09-26T11:00:00Z,nodd,nodd
2026-09-26,jacksonville-fl,urma,07,2026-09-26T11:00:00Z,288.94,2.42,2.52,0.0,2026-09-26T12:00:00Z,nodd,nodd
2026-09-26,jacksonville-fl,urma,08,2026-09-26T12:00:00Z,289.43,3.31,3.31,0.0,2026-09-26T13:00:00Z,nodd,nodd
2026-09-26,jacksonville-fl,urma,09,2026-09-26T13:00:00Z,292.19,3.45,3.45,0.0,2026-09-26T14:00:00Z,nodd,nodd
2026-09-26,jacksonville-fl,urma,10,2026-09-26T14:00:00Z,295.41,4.35,4.35,0.0,2026-09-26T15:00:00Z,nodd,nodd
2026-09-26,jacksonville-fl,urma,11,2026-09-26T15:00:00Z,297.3,4.61,4.61,0.0,2026-09-26T16:00:00Z,nodd,nodd
2026-09-26,jacksonville-fl,urma,12,2026-09-26T16:00:00Z,298.1,3.9,4.21,0.0,2026-09-26T17:00:00Z,nodd,nodd
2026-09-26,jacksonville-fl,urma,13,2026-09-26T17:00:00Z,298.96,2.71,3.26,0.0,2026-09-26T18:00:00Z,nodd,nodd
2026-09-26,jacksonville-fl,urma,14,2026-09-26T18:00:00Z,299.86,1.72,2.88,0.0,2026-09-26T19:00:00Z,nodd,nodd
2026-09-26,jacksonville-fl,urma,15,2026-09-26T19:00:00Z,300.36,2.79,3.58,0.0,2026-09-26T20:00:00Z,nodd,nodd
2026-09-26,jacksonville-fl,urma,16,2026-09-26T20:00:00Z,300.48,2.95,5.45,0.0,2026-09-26T21:00:00Z,nodd,nodd
2026-09-26,jacksonville-fl,urma,17,2026-09-26T21:00:00Z,300.46,3.1,4.61,0.0,2026-09-26T22:00:00Z,nodd,nodd
2026-09-26,jacksonville-fl,urma,18,2026-09-26T22:00:00Z,299.83,3.53,3.88,0.0,2026-09-26T23:00:00Z,nodd,nodd
2026-09-26,jacksonville-fl,urma,19,2026-09-26T23:00:00Z,298.59,2.96,3.87,0.0,2026-09-27T00:00:00Z,nodd,nodd
2026-09-26,jacksonville-fl,urma,20,2026-09-27T00:00:00Z,296.09,1.03,2.57,0.0,2026-09-27T01:00:00Z,nodd,nodd
2026-09-26,jacksonville-fl,urma,21,2026-09-27T01:00:00Z,294.22,0.82,0.84,0.0,2026-09-27T02:00:00Z,nodd,nodd
2026-09-26,jacksonville-fl,urma,22,2026-09-27T02:00:00Z,293.13,0.88,1.58,0.0,2026-09-27T03:00:00Z,nodd,nodd
2026-09-26,jacksonville-fl,urma,23,2026-09-27T03:00:00Z,292.74,0.85,2.19,0.0,2026-09-27T04:00:00Z,nodd,nodd
2026-09-26,providence-ri,rtma,00,2026-09-26T04:00:00Z,287.81,4.22,10.83,1.328125,2026-09-26T05:00:00Z,nodd,nodd
2026-09-26,providence-ri,rtma,01,2026-09-26T05:00:00Z,288.18,4.67,11.72,0.28125,2026-09-26T06:00:00Z,nodd,nodd
2026-09-26,providence-ri,rtma,02,2026-09-26T06:00:00Z,288.26,6.99,12.85,0.609375,2026-09-26T07:00:00Z,nodd,nodd
2026-09-26,providence-ri,rtma,03,2026-09-26T07:00:00Z,287.85,5.98,12.9,0.6875,2026-09-26T08:00:00Z,nodd,nodd
2026-09-26,providence-ri,rtma,04,2026-09-26T08:00:00Z,286.67,5.44,13.75,0.328125,2026-09-26T09:00:00Z,nodd,nodd
2026-09-26,providence-ri,rtma,05,2026-09-26T09:00:00Z,286.48,4.55,10.46,0.328125,2026-09-26T10:00:00Z,nodd,nodd
2026-09-26,providence-ri,rtma,06,2026-09-26T10:00:00Z,285.86,5.79,12.65,0.390625,2026-09-26T11:00:00Z,nodd,nodd
2026-09-26,providence-ri,rtma,07,2026-09-26T11:00:00Z,285.89,6.72,13.16,0.421875,2026-09-26T12:00:00Z,nodd,nodd
2026-09-26,providence-ri,rtma,08,2026-09-26T12:00:00Z,286.17,6.41,13.13,0.265625,2026-09-26T13:00:00Z,nodd,nodd
2026-09-26,providence-ri,rtma,09,2026-09-26T13:00:00Z,286.58,6.7,13.55,0.0,2026-09-26T14:00:00Z,nodd,nodd
2026-09-26,providence-ri,rtma,10,2026-09-26T14:00:00Z,286.39,6.73,14.44,0.0625,2026-09-26T15:00:00Z,nodd,nodd
2026-09-26,providence-ri,rtma,11,2026-09-26T15:00:00Z,286.5,5.91,13.02,1.140625,2026-09-26T16:00:00Z,nodd,nodd
2026-09-26,providence-ri,rtma,12,2026-09-26T16:00:00Z,286.37,6.56,12.38,4.75,2026-09-26T17:00:00Z,nodd,nodd
2026-09-26,providence-ri,rtma,13,2026-09-26T17:00:00Z,286.36,5.21,11.95,4.390625,2026-09-26T18:00:00Z,nodd,nodd
2026-09-26,providence-ri,rtma,14,2026-09-26T18:00:00Z,286.53,6.28,13.36,3.125,2026-09-26T19:00:00Z,nodd,nodd
2026-09-26,providence-ri,rtma,15,2026-09-26T19:00:00Z,286.49,5.53,13.05,2.0,2026-09-26T20:00:00Z,nodd,nodd
2026-09-26,providence-ri,rtma,16,2026-09-26T20:00:00Z,286.08,5.38,14.08,8.25,2026-09-26T21:00:00Z,nodd,nodd
2026-09-26,providence-ri,rtma,17,2026-09-26T21:00:00Z,285.91,6.53,14.52,4.3125,2026-09-26T22:00:00Z,nodd,nodd
2026-09-26,providence-ri,rtma,18,2026-09-26T22:00:00Z,286.43,9.9,17.41,2.1875,2026-09-26T23:00:00Z,nodd,nodd
2026-09-26,providence-ri,rtma,19,2026-09-26T23:00:00Z,286.47,7.22,13.5,2.96875,2026-09-27T00:00:00Z,nodd,nodd
2026-09-26,providence-ri,rtma,20,2026-09-27T00:00:00Z,286.87,7.36,14.03,4.59375,2026-09-27T01:00:00Z,nodd,nodd
2026-09-26,providence-ri,rtma,21,2026-09-27T01:00:00Z,287.12,7.9,14.53,1.15625,2026-09-27T02:00:00Z,nodd,nodd
2026-09-26,providence-ri,rtma,22,2026-09-27T02:00:00Z,287.12,6.93,12.62,1.34375,2026-09-27T03:00:00Z,nodd,nodd
2026-09-26,providence-ri,rtma,23,2026-09-27T03:00:00Z,287.36,6.76,14.21,0.9375,2026-09-27T04:00:00Z,nodd,nodd
2026-09-26,providence-ri,urma,00,2026-09-26T04:00:00Z,287.91,3.46,9.54,0.53125,2026-09-26T05:00:00Z,nodd,nodd
2026-09-26,providence-ri,urma,01,2026-09-26T05:00:00Z,288.23,4.52,9.49,0.109375,2026-09-26T06:00:00Z,nodd,nodd
2026-09-26,providence-ri,urma,02,2026-09-26T06:00:00Z,288.23,7.58,13.57,0.28125,2026-09-26T07:00:00Z,nodd,nodd
2026-09-26,providence-ri,urma,03,2026-09-26T07:00:00Z,288.1,6.15,12.56,0.625,2026-09-26T08:00:00Z,nodd,nodd
2026-09-26,providence-ri,urma,04,2026-09-26T08:00:00Z,286.57,5.89,11.55,0.484375,2026-09-26T09:00:00Z,nodd,nodd
2026-09-26,providence-ri,urma,05,2026-09-26T09:00:00Z,286.49,5.42,13.61,0.0,2026-09-26T10:00:00Z,nodd,nodd
2026-09-26,providence-ri,urma,06,2026-09-26T10:00:00Z,285.79,5.99,10.97,0.15625,2026-09-26T11:00:00Z,nodd,nodd
2026-09-26,providence-ri,urma,07,2026-09-26T11:00:00Z,285.92,6.89,14.78,0.265625,2026-09-26T12:00:00Z,nodd,nodd
2026-09-26,providence-ri,urma,08,2026-09-26T12:00:00Z,286.16,6.45,12.23,0.234375,2026-09-26T13:00:00Z,nodd,nodd
2026-09-26,providence-ri,urma,09,2026-09-26T13:00:00Z,286.47,6.37,12.0,0.0,2026-09-26T14:00:00Z,nodd,nodd
2026-09-26,providence-ri,urma,10,2026-09-26T14:00:00Z,286.33,6.43,12.23,0.0,2026-09-26T15:00:00Z,nodd,nodd
2026-09-26,providence-ri,urma,11,2026-09-26T15:00:00Z,286.43,6.15,12.19,2.578125,2026-09-26T16:00:00Z,nodd,nodd
2026-09-26,providence-ri,urma,12,2026-09-26T16:00:00Z,286.33,6.21,11.1,4.859375,2026-09-26T17:00:00Z,nodd,nodd
2026-09-26,providence-ri,urma,13,2026-09-26T17:00:00Z,286.31,5.07,10.86,3.875,2026-09-26T18:00:00Z,nodd,nodd
2026-09-26,providence-ri,urma,14,2026-09-26T18:00:00Z,286.46,6.36,13.9,2.375,2026-09-26T19:00:00Z,nodd,nodd
2026-09-26,providence-ri,urma,15,2026-09-26T19:00:00Z,286.52,4.9,11.34,2.75,2026-09-26T20:00:00Z,nodd,nodd
2026-09-26,providence-ri,urma,16,2026-09-26T20:00:00Z,286.05,5.69,13.32,12.34375,2026-09-26T21:00:00Z,nodd,nodd
2026-09-26,providence-ri,urma,17,2026-09-26T21:00:00Z,285.88,6.65,13.8,5.75,2026-09-26T22:00:00Z,nodd,nodd
2026-09-26,providence-ri,urma,18,2026-09-26T22:00:00Z,286.48,9.63,16.48,2.796875,2026-09-26T23:00:00Z,nodd,nodd
2026-09-26,providence-ri,urma,19,2026-09-26T23:00:00Z,286.55,7.24,13.76,2.9375,2026-09-27T00:00:00Z,nodd,nodd
2026-09-26,providence-ri,urma,20,2026-09-27T00:00:00Z,286.97,7.49,11.35,3.53125,2026-09-27T01:00:00Z,nodd,nodd
2026-09-26,providence-ri,urma,21,2026-09-27T01:00:00Z,287.22,7.83,12.29,0.765625,2026-09-27T02:00:00Z,nodd,nodd
2026-09-26,providence-ri,urma,22,2026-09-27T02:00:00Z,287.21,7.23,12.79,1.265625,2026-09-27T03:00:00Z,nodd,nodd
2026-09-26,providence-ri,urma,23,2026-09-27T03:00:00Z,287.47,7.13,15.01,0.859375,2026-09-27T04:00:00Z,nodd,nodd
2026-09-26,milwaukee-wi,rtma,00,2026-09-26T05:00:00Z,285.03,0.0,0.47,0.0,2026-09-26T06:00:00Z,nodd,nodd
2026-09-26,milwaukee-wi,rtma,01,2026-09-26T06:00:00Z,285.93,0.61,2.97,0.0,2026-09-26T07:00:00Z,nodd,nodd
2026-09-26,milwaukee-wi,rtma,02,2026-09-26T07:00:00Z,286.04,1.06,3.18,0.0,2026-09-26T08:00:00Z,nodd,nodd
2026-09-26,milwaukee-wi,rtma,03,2026-09-26T08:00:00Z,284.06,0.34,1.91,0.0,2026-09-26T09:00:00Z,nodd,nodd
2026-09-26,milwaukee-wi,rtma,04,2026-09-26T09:00:00Z,283.19,0.59,2.93,0.0,2026-09-26T10:00:00Z,nodd,nodd
2026-09-26,milwaukee-wi,rtma,05,2026-09-26T10:00:00Z,283.07,0.74,2.36,0.0,2026-09-26T11:00:00Z,nodd,nodd
2026-09-26,milwaukee-wi,rtma,06,2026-09-26T11:00:00Z,282.29,0.91,2.49,0.0,2026-09-26T12:00:00Z,nodd,nodd
2026-09-26,milwaukee-wi,rtma,07,2026-09-26T12:00:00Z,281.88,1.68,2.31,0.0,2026-09-26T13:00:00Z,nodd,nodd
2026-09-26,milwaukee-wi,rtma,08,2026-09-26T13:00:00Z,284.09,1.39,4.59,0.0,2026-09-26T14:00:00Z,nodd,nodd
2026-09-26,milwaukee-wi,rtma,09,2026-09-26T14:00:00Z,289.12,3.44,4.45,0.0,2026-09-26T15:00:00Z,nodd,nodd
2026-09-26,milwaukee-wi,rtma,10,2026-09-26T15:00:00Z,289.83,4.41,5.09,0.0,2026-09-26T16:00:00Z,nodd,nodd
2026-09-26,milwaukee-wi,rtma,11,2026-09-26T16:00:00Z,289.93,4.49,5.06,0.0,2026-09-26T17:00:00Z,nodd,nodd
2026-09-26,milwaukee-wi,rtma,12,2026-09-26T17:00:00Z,289.99,3.99,3.99,0.0,2026-09-26T18:00:00Z,nodd,nodd
2026-09-26,milwaukee-wi,rtma,13,2026-09-26T18:00:00Z,290.07,3.99,3.99,0.0,2026-09-26T19:00:00Z,nodd,nodd
2026-09-26,milwaukee-wi,rtma,14,2026-09-26T19:00:00Z,290.08,3.32,3.32,0.0,2026-09-26T20:00:00Z,nodd,nodd
2026-09-26,milwaukee-wi,rtma,15,2026-09-26T20:00:00Z,289.98,3.04,3.09,0.0,2026-09-26T21:00:00Z,nodd,nodd
2026-09-26,milwaukee-wi,rtma,16,2026-09-26T21:00:00Z,289.68,2.27,2.29,0.0,2026-09-26T22:00:00Z,nodd,nodd
2026-09-26,milwaukee-wi,rtma,17,2026-09-26T22:00:00Z,289.07,2.2,3.14,0.0,2026-09-26T23:00:00Z,nodd,nodd
2026-09-26,milwaukee-wi,rtma,18,2026-09-26T23:00:00Z,288.62,1.46,2.68,0.0,2026-09-27T00:00:00Z,nodd,nodd
2026-09-26,milwaukee-wi,rtma,19,2026-09-27T00:00:00Z,287.66,2.35,4.41,0.0,2026-09-27T01:00:00Z,nodd,nodd
2026-09-26,milwaukee-wi,rtma,20,2026-09-27T01:00:00Z,287.28,2.33,4.57,0.0,2026-09-27T02:00:00Z,nodd,nodd
2026-09-26,milwaukee-wi,rtma,21,2026-09-27T02:00:00Z,286.46,1.59,2.81,0.0,2026-09-27T03:00:00Z,nodd,nodd
2026-09-26,milwaukee-wi,rtma,22,2026-09-27T03:00:00Z,286.42,1.61,4.37,0.0,2026-09-27T04:00:00Z,nodd,nodd
2026-09-26,milwaukee-wi,rtma,23,2026-09-27T04:00:00Z,286.31,0.67,1.84,0.0,2026-09-27T05:00:00Z,nodd,nodd
2026-09-26,milwaukee-wi,urma,00,2026-09-26T05:00:00Z,285.17,1.03,1.03,0.0,2026-09-26T06:00:00Z,nodd,nodd
2026-09-26,milwaukee-wi,urma,01,2026-09-26T06:00:00Z,286.0,0.83,2.99,0.0,2026-09-26T07:00:00Z,nodd,nodd
2026-09-26,milwaukee-wi,urma,02,2026-09-26T07:00:00Z,285.24,0.93,3.32,0.0,2026-09-26T08:00:00Z,nodd,nodd
2026-09-26,milwaukee-wi,urma,03,2026-09-26T08:00:00Z,284.17,0.19,1.73,0.0,2026-09-26T09:00:00Z,nodd,nodd
2026-09-26,milwaukee-wi,urma,04,2026-09-26T09:00:00Z,283.29,0.55,2.9,0.0,2026-09-26T10:00:00Z,nodd,nodd
2026-09-26,milwaukee-wi,urma,05,2026-09-26T10:00:00Z,283.39,1.06,2.46,0.0,2026-09-26T11:00:00Z,nodd,nodd
2026-09-26,milwaukee-wi,urma,06,2026-09-26T11:00:00Z,282.62,1.3,2.31,0.0,2026-09-26T12:00:00Z,nodd,nodd
2026-09-26,milwaukee-wi,urma,07,2026-09-26T12:00:00Z,281.91,2.34,2.34,0.0,2026-09-26T13:00:00Z,nodd,nodd
2026-09-26,milwaukee-wi,urma,08,2026-09-26T13:00:00Z,284.86,1.91,4.38,0.0,2026-09-26T14:00:00Z,nodd,nodd
2026-09-26,milwaukee-wi,urma,09,2026-09-26T14:00:00Z,289.2,3.31,4.46,0.0,2026-09-26T15:00:00Z,nodd,nodd
2026-09-26,milwaukee-wi,urma,10,2026-09-26T15:00:00Z,289.96,4.36,4.96,0.0,2026-09-26T16:00:00Z,nodd,nodd
2026-09-26,milwaukee-wi,urma,11,2026-09-26T16:00:00Z,290.01,4.44,4.84,0.0,2026-09-26T17:00:00Z,nodd,nodd
2026-09-26,milwaukee-wi,urma,12,2026-09-26T17:00:00Z,290.08,3.83,3.83,0.0,2026-09-26T18:00:00Z,nodd,nodd
2026-09-26,milwaukee-wi,urma,13,2026-09-26T18:00:00Z,290.12,3.82,3.82,0.0,2026-09-26T19:00:00Z,nodd,nodd
2026-09-26,milwaukee-wi,urma,14,2026-09-26T19:00:00Z,289.98,3.47,3.47,0.0,2026-09-26T20:00:00Z,nodd,nodd
2026-09-26,milwaukee-wi,urma,15,2026-09-26T20:00:00Z,290.09,3.05,3.05,0.0,2026-09-26T21:00:00Z,nodd,nodd
2026-09-26,milwaukee-wi,urma,16,2026-09-26T21:00:00Z,289.72,2.53,2.53,0.0,2026-09-26T22:00:00Z,nodd,nodd
2026-09-26,milwaukee-wi,urma,17,2026-09-26T22:00:00Z,289.16,2.41,2.86,0.0,2026-09-26T23:00:00Z,nodd,nodd
2026-09-26,milwaukee-wi,urma,18,2026-09-26T23:00:00Z,288.71,1.55,2.63,0.0,2026-09-27T00:00:00Z,nodd,nodd
2026-09-26,milwaukee-wi,urma,19,2026-09-27T00:00:00Z,287.59,2.51,4.09,0.0,2026-09-27T01:00:00Z,nodd,nodd
2026-09-26,milwaukee-wi,urma,20,2026-09-27T01:00:00Z,287.12,2.44,4.5,0.0,2026-09-27T02:00:00Z,nodd,nodd
2026-09-26,milwaukee-wi,urma,21,2026-09-27T02:00:00Z,286.62,1.73,2.65,0.0,2026-09-27T03:00:00Z,nodd,nodd
2026-09-26,milwaukee-wi,urma,22,2026-09-27T03:00:00Z,286.51,1.81,3.26,0.0,2026-09-27T04:00:00Z,nodd,nodd
2026-09-26,milwaukee-wi,urma,23,2026-09-27T04:00:00Z,286.34,0.78,2.07,0.0,2026-09-27T05:00:00Z,nodd,nodd
2026-09-26,raleigh-nc,rtma,00,2026-09-26T04:00:00Z,286.68,1.87,3.11,0.0,2026-09-26T05:00:00Z,nodd,nodd
2026-09-26,raleigh-nc,rtma,01,2026-09-26T05:00:00Z,286.46,1.94,2.67,0.0,2026-09-26T06:00:00Z,nodd,nodd
2026-09-26,raleigh-nc,rtma,02,2026-09-26T06:00:00Z,286.39,2.75,3.78,0.0,2026-09-26T07:00:00Z,nodd,nodd
2026-09-26,raleigh-nc,rtma,03,2026-09-26T07:00:00Z,286.3,2.85,3.03,0.0,2026-09-26T08:00:00Z,nodd,nodd
2026-09-26,raleigh-nc,rtma,04,2026-09-26T08:00:00Z,285.88,2.48,3.67,0.0,2026-09-26T09:00:00Z,nodd,nodd
2026-09-26,raleigh-nc,rtma,05,2026-09-26T09:00:00Z,285.55,3.09,3.68,0.0,2026-09-26T10:00:00Z,nodd,nodd
2026-09-26,raleigh-nc,rtma,06,2026-09-26T10:00:00Z,285.5,2.93,4.21,0.0,2026-09-26T11:00:00Z,nodd,nodd
2026-09-26,raleigh-nc,rtma,07,2026-09-26T11:00:00Z,285.35,3.71,5.12,0.0,2026-09-26T12:00:00Z,nodd,nodd
2026-09-26,raleigh-nc,rtma,08,2026-09-26T12:00:00Z,285.83,3.2,4.49,0.0,2026-09-26T13:00:00Z,nodd,nodd
2026-09-26,raleigh-nc,rtma,09,2026-09-26T13:00:00Z,288.07,3.7,7.84,0.0,2026-09-26T14:00:00Z,nodd,nodd
2026-09-26,raleigh-nc,rtma,10,2026-09-26T14:00:00Z,291.69,3.58,7.01,0.0,2026-09-26T15:00:00Z,nodd,nodd
2026-09-26,raleigh-nc,rtma,11,2026-09-26T15:00:00Z,294.5,4.95,8.96,0.0,2026-09-26T16:00:00Z,nodd,nodd
2026-09-26,raleigh-nc,rtma,12,2026-09-26T16:00:00Z,296.42,4.49,10.28,0.0,2026-09-26T17:00:00Z,nodd,nodd
2026-09-26,raleigh-nc,rtma,13,2026-09-26T17:00:00Z,297.77,4.73,8.66,0.0,2026-09-26T18:00:00Z,nodd,nodd
2026-09-26,raleigh-nc,rtma,14,2026-09-26T18:00:00Z,298.78,5.55,9.5,0.0,2026-09-26T19:00:00Z,nodd,nodd
2026-09-26,raleigh-nc,rtma,15,2026-09-26T19:00:00Z,299.31,4.23,8.38,0.0,2026-09-26T20:00:00Z,nodd,nodd
2026-09-26,raleigh-nc,rtma,16,2026-09-26T20:00:00Z,299.93,4.67,8.73,0.0,2026-09-26T21:00:00Z,nodd,nodd
2026-09-26,raleigh-nc,rtma,17,2026-09-26T21:00:00Z,299.65,3.88,8.75,0.0,2026-09-26T22:00:00Z,nodd,nodd
2026-09-26,raleigh-nc,rtma,18,2026-09-26T22:00:00Z,299.03,2.94,4.92,0.0,2026-09-26T23:00:00Z,nodd,nodd
2026-09-26,raleigh-nc,rtma,19,2026-09-26T23:00:00Z,296.41,1.15,2.52,0.0,2026-09-27T00:00:00Z,nodd,nodd
2026-09-26,raleigh-nc,rtma,20,2026-09-27T00:00:00Z,292.86,0.48,2.15,0.0,2026-09-27T01:00:00Z,nodd,nodd
2026-09-26,raleigh-nc,rtma,21,2026-09-27T01:00:00Z,291.32,0.77,2.58,0.0,2026-09-27T02:00:00Z,nodd,nodd
2026-09-26,raleigh-nc,rtma,22,2026-09-27T02:00:00Z,290.09,0.83,2.12,0.0,2026-09-27T03:00:00Z,nodd,nodd
2026-09-26,raleigh-nc,rtma,23,2026-09-27T03:00:00Z,289.75,2.23,5.19,0.0,2026-09-27T04:00:00Z,nodd,nodd
2026-09-26,raleigh-nc,urma,00,2026-09-26T04:00:00Z,286.64,1.89,3.06,0.0,2026-09-26T05:00:00Z,nodd,nodd
2026-09-26,raleigh-nc,urma,01,2026-09-26T05:00:00Z,286.4,1.88,2.63,0.0,2026-09-26T06:00:00Z,nodd,nodd
2026-09-26,raleigh-nc,urma,02,2026-09-26T06:00:00Z,286.4,2.63,3.77,0.0,2026-09-26T07:00:00Z,nodd,nodd
2026-09-26,raleigh-nc,urma,03,2026-09-26T07:00:00Z,286.45,2.78,3.88,0.0,2026-09-26T08:00:00Z,nodd,nodd
2026-09-26,raleigh-nc,urma,04,2026-09-26T08:00:00Z,285.82,2.5,3.62,0.0,2026-09-26T09:00:00Z,nodd,nodd
2026-09-26,raleigh-nc,urma,05,2026-09-26T09:00:00Z,285.57,3.06,4.65,0.0,2026-09-26T10:00:00Z,nodd,nodd
2026-09-26,raleigh-nc,urma,06,2026-09-26T10:00:00Z,285.47,2.84,3.95,0.0,2026-09-26T11:00:00Z,nodd,nodd
2026-09-26,raleigh-nc,urma,07,2026-09-26T11:00:00Z,285.36,3.45,6.6,0.0,2026-09-26T12:00:00Z,nodd,nodd
2026-09-26,raleigh-nc,urma,08,2026-09-26T12:00:00Z,285.93,3.1,5.13,0.0,2026-09-26T13:00:00Z,nodd,nodd
2026-09-26,raleigh-nc,urma,09,2026-09-26T13:00:00Z,288.16,3.69,7.48,0.0,2026-09-26T14:00:00Z,nodd,nodd
2026-09-26,raleigh-nc,urma,10,2026-09-26T14:00:00Z,291.71,3.38,6.63,0.0,2026-09-26T15:00:00Z,nodd,nodd
2026-09-26,raleigh-nc,urma,11,2026-09-26T15:00:00Z,294.51,4.97,9.33,0.0,2026-09-26T16:00:00Z,nodd,nodd
2026-09-26,raleigh-nc,urma,12,2026-09-26T16:00:00Z,296.44,4.5,10.24,0.0,2026-09-26T17:00:00Z,nodd,nodd
2026-09-26,raleigh-nc,urma,13,2026-09-26T17:00:00Z,297.7,4.64,8.86,0.0,2026-09-26T18:00:00Z,nodd,nodd
2026-09-26,raleigh-nc,urma,14,2026-09-26T18:00:00Z,298.78,5.53,9.45,0.0,2026-09-26T19:00:00Z,nodd,nodd
2026-09-26,raleigh-nc,urma,15,2026-09-26T19:00:00Z,299.47,4.14,8.46,0.0,2026-09-26T20:00:00Z,nodd,nodd
2026-09-26,raleigh-nc,urma,16,2026-09-26T20:00:00Z,299.92,4.71,8.78,0.0,2026-09-26T21:00:00Z,nodd,nodd
2026-09-26,raleigh-nc,urma,17,2026-09-26T21:00:00Z,299.71,3.83,9.0,0.0,2026-09-26T22:00:00Z,nodd,nodd
2026-09-26,raleigh-nc,urma,18,2026-09-26T22:00:00Z,299.07,2.82,4.62,0.0,2026-09-26T23:00:00Z,nodd,nodd
2026-09-26,raleigh-nc,urma,19,2026-09-26T23:00:00Z,296.27,1.1,2.4,0.0,2026-09-27T00:00:00Z,nodd,nodd
2026-09-26,raleigh-nc,urma,20,2026-09-27T00:00:00Z,292.72,0.52,1.84,0.0,2026-09-27T01:00:00Z,nodd,nodd
2026-09-26,raleigh-nc,urma,21,2026-09-27T01:00:00Z,291.72,0.69,2.58,0.0,2026-09-27T02:00:00Z,nodd,nodd
2026-09-26,raleigh-nc,urma,22,2026-09-27T02:00:00Z,290.01,0.82,1.93,0.0,2026-09-27T03:00:00Z,nodd,nodd
2026-09-26,raleigh-nc,urma,23,2026-09-27T03:00:00Z,289.9,2.12,6.02,0.0,2026-09-27T04:00:00Z,nodd,nodd
2026-09-26,oklahoma-city-ok,rtma,00,2026-09-26T05:00:00Z,298.52,2.66,6.37,0.0,2026-09-26T06:00:00Z,nodd,nodd
2026-09-26,oklahoma-city-ok,rtma,01,2026-09-26T06:00:00Z,297.92,3.13,4.66,0.0,2026-09-26T07:00:00Z,nodd,nodd
2026-09-26,oklahoma-city-ok,rtma,02,2026-09-26T07:00:00Z,298.07,3.89,5.67,0.0,2026-09-26T08:00:00Z,nodd,nodd
2026-09-26,oklahoma-city-ok,rtma,03,2026-09-26T08:00:00Z,298.37,4.33,8.87,0.0,2026-09-26T09:00:00Z,nodd,nodd
2026-09-26,oklahoma-city-ok,rtma,04,2026-09-26T09:00:00Z,297.69,4.42,6.63,0.0,2026-09-26T10:00:00Z,nodd,nodd
2026-09-26,oklahoma-city-ok,rtma,05,2026-09-26T10:00:00Z,297.19,4.88,5.97,0.0,2026-09-26T11:00:00Z,nodd,nodd
2026-09-26,oklahoma-city-ok,rtma,06,2026-09-26T11:00:00Z,296.96,4.39,7.06,0.140625,2026-09-26T12:00:00Z,nodd,nodd
2026-09-26,oklahoma-city-ok,rtma,07,2026-09-26T12:00:00Z,296.82,4.32,7.51,0.28125,2026-09-26T13:00:00Z,nodd,nodd
2026-09-26,oklahoma-city-ok,rtma,08,2026-09-26T13:00:00Z,293.56,0.85,2.38,0.0,2026-09-26T14:00:00Z,nodd,nodd
2026-09-26,oklahoma-city-ok,rtma,09,2026-09-26T14:00:00Z,295.68,1.19,6.09,0.0,2026-09-26T15:00:00Z,nodd,nodd
2026-09-26,oklahoma-city-ok,rtma,10,2026-09-26T15:00:00Z,296.54,3.02,5.79,0.0,2026-09-26T16:00:00Z,nodd,nodd
2026-09-26,oklahoma-city-ok,rtma,11,2026-09-26T16:00:00Z,298.5,3.76,7.53,0.0,2026-09-26T17:00:00Z,nodd,nodd
2026-09-26,oklahoma-city-ok,rtma,12,2026-09-26T17:00:00Z,299.83,3.79,6.41,0.0,2026-09-26T18:00:00Z,nodd,nodd
2026-09-26,oklahoma-city-ok,rtma,13,2026-09-26T18:00:00Z,302.17,5.39,7.53,0.0,2026-09-26T19:00:00Z,nodd,nodd
2026-09-26,oklahoma-city-ok,rtma,14,2026-09-26T19:00:00Z,303.17,4.3,8.29,0.0,2026-09-26T20:00:00Z,nodd,nodd
2026-09-26,oklahoma-city-ok,rtma,15,2026-09-26T20:00:00Z,305.54,4.5,9.3,0.0,2026-09-26T21:00:00Z,nodd,nodd
2026-09-26,oklahoma-city-ok,rtma,16,2026-09-26T21:00:00Z,306.5,4.98,8.29,0.0,2026-09-26T22:00:00Z,nodd,nodd
2026-09-26,oklahoma-city-ok,rtma,17,2026-09-26T22:00:00Z,306.98,5.08,9.74,0.0,2026-09-26T23:00:00Z,nodd,nodd
2026-09-26,oklahoma-city-ok,rtma,18,2026-09-26T23:00:00Z,306.73,4.16,9.51,0.0,2026-09-27T00:00:00Z,nodd,nodd
2026-09-26,oklahoma-city-ok,rtma,19,2026-09-27T00:00:00Z,305.86,5.41,6.14,0.0,2026-09-27T01:00:00Z,nodd,nodd
2026-09-26,oklahoma-city-ok,rtma,20,2026-09-27T01:00:00Z,303.82,4.96,8.43,0.0,2026-09-27T02:00:00Z,nodd,nodd
2026-09-26,oklahoma-city-ok,rtma,21,2026-09-27T02:00:00Z,303.86,4.93,10.94,0.0,2026-09-27T03:00:00Z,nodd,nodd
2026-09-26,oklahoma-city-ok,rtma,22,2026-09-27T03:00:00Z,301.79,3.92,4.25,0.0,2026-09-27T04:00:00Z,nodd,nodd
2026-09-26,oklahoma-city-ok,rtma,23,2026-09-27T04:00:00Z,301.1,5.14,10.53,0.0,2026-09-27T05:00:00Z,nodd,nodd
2026-09-26,oklahoma-city-ok,urma,00,2026-09-26T05:00:00Z,298.59,2.7,6.38,0.0,2026-09-26T06:00:00Z,nodd,nodd
2026-09-26,oklahoma-city-ok,urma,01,2026-09-26T06:00:00Z,297.95,3.12,4.56,0.0,2026-09-26T07:00:00Z,nodd,nodd
2026-09-26,oklahoma-city-ok,urma,02,2026-09-26T07:00:00Z,298.55,3.74,5.72,0.0,2026-09-26T08:00:00Z,nodd,nodd
2026-09-26,oklahoma-city-ok,urma,03,2026-09-26T08:00:00Z,298.38,4.32,8.82,0.0,2026-09-26T09:00:00Z,nodd,nodd
2026-09-26,oklahoma-city-ok,urma,04,2026-09-26T09:00:00Z,297.71,4.7,6.6,0.0,2026-09-26T10:00:00Z,nodd,nodd
2026-09-26,oklahoma-city-ok,urma,05,2026-09-26T10:00:00Z,297.22,4.89,6.08,0.0,2026-09-26T11:00:00Z,nodd,nodd
2026-09-26,oklahoma-city-ok,urma,06,2026-09-26T11:00:00Z,296.92,4.33,7.13,0.109375,2026-09-26T12:00:00Z,nodd,nodd
2026-09-26,oklahoma-city-ok,urma,07,2026-09-26T12:00:00Z,296.78,4.39,7.75,0.28125,2026-09-26T13:00:00Z,nodd,nodd
2026-09-26,oklahoma-city-ok,urma,08,2026-09-26T13:00:00Z,294.07,0.87,2.36,0.0,2026-09-26T14:00:00Z,nodd,nodd
2026-09-26,oklahoma-city-ok,urma,09,2026-09-26T14:00:00Z,295.74,1.18,6.45,0.0,2026-09-26T15:00:00Z,nodd,nodd
2026-09-26,oklahoma-city-ok,urma,10,2026-09-26T15:00:00Z,296.57,3.12,6.15,0.0,2026-09-26T16:00:00Z,nodd,nodd
2026-09-26,oklahoma-city-ok,urma,11,2026-09-26T16:00:00Z,298.57,3.65,7.74,0.0,2026-09-26T17:00:00Z,nodd,nodd
2026-09-26,oklahoma-city-ok,urma,12,2026-09-26T17:00:00Z,299.83,3.79,6.49,0.0,2026-09-26T18:00:00Z,nodd,nodd
2026-09-26,oklahoma-city-ok,urma,13,2026-09-26T18:00:00Z,302.16,5.44,7.73,0.0,2026-09-26T19:00:00Z,nodd,nodd
2026-09-26,oklahoma-city-ok,urma,14,2026-09-26T19:00:00Z,303.37,4.36,8.39,0.0,2026-09-26T20:00:00Z,nodd,nodd
2026-09-26,oklahoma-city-ok,urma,15,2026-09-26T20:00:00Z,305.56,4.71,9.5,0.0,2026-09-26T21:00:00Z,nodd,nodd
2026-09-26,oklahoma-city-ok,urma,16,2026-09-26T21:00:00Z,306.61,5.09,8.57,0.0,2026-09-26T22:00:00Z,nodd,nodd
2026-09-26,oklahoma-city-ok,urma,17,2026-09-26T22:00:00Z,306.91,5.03,9.97,0.0,2026-09-26T23:00:00Z,nodd,nodd
2026-09-26,oklahoma-city-ok,urma,18,2026-09-26T23:00:00Z,306.63,4.08,9.43,0.0,2026-09-27T00:00:00Z,nodd,nodd
2026-09-26,oklahoma-city-ok,urma,19,2026-09-27T00:00:00Z,305.79,5.31,6.41,0.0,2026-09-27T01:00:00Z,nodd,nodd
2026-09-26,oklahoma-city-ok,urma,20,2026-09-27T01:00:00Z,304.86,4.78,8.23,0.0,2026-09-27T02:00:00Z,nodd,nodd
2026-09-26,oklahoma-city-ok,urma,21,2026-09-27T02:00:00Z,303.88,5.03,10.82,0.0,2026-09-27T03:00:00Z,nodd,nodd
2026-09-26,oklahoma-city-ok,urma,22,2026-09-27T03:00:00Z,301.79,3.89,5.49,0.0,2026-09-27T04:00:00Z,nodd,nodd
2026-09-26,oklahoma-city-ok,urma,23,2026-09-27T04:00:00Z,301.03,5.09,10.27,0.0,2026-09-27T05:00:00Z,nodd,nodd
2026-09-26,louisville-ky,rtma,00,2026-09-26T04:00:00Z,289.38,2.14,2.23,0.0,2026-09-26T05:00:00Z,nodd,nodd
2026-09-26,louisville-ky,rtma,01,2026-09-26T05:00:00Z,289.45,1.82,4.1,0.0,2026-09-26T06:00:00Z,nodd,nodd
2026-09-26,louisville-ky,rtma,02,2026-09-26T06:00:00Z,289.36,1.16,3.68,0.0,2026-09-26T07:00:00Z,nodd,nodd
2026-09-26,louisville-ky,rtma,03,2026-09-26T07:00:00Z,289.51,0.61,2.38,0.0,2026-09-26T08:00:00Z,nodd,nodd
2026-09-26,louisville-ky,rtma,04,2026-09-26T08:00:00Z,289.17,2.29,2.29,0.0,2026-09-26T09:00:00Z,nodd,nodd
2026-09-26,louisville-ky,rtma,05,2026-09-26T09:00:00Z,288.83,1.28,2.23,0.0,2026-09-26T10:00:00Z,nodd,nodd
2026-09-26,louisville-ky,rtma,06,2026-09-26T10:00:00Z,288.53,1.55,1.55,0.0,2026-09-26T11:00:00Z,nodd,nodd
2026-09-26,louisville-ky,rtma,07,2026-09-26T11:00:00Z,287.51,2.79,2.98,0.0,2026-09-26T12:00:00Z,nodd,nodd
2026-09-26,louisville-ky,rtma,08,2026-09-26T12:00:00Z,287.08,2.11,2.48,0.0,2026-09-26T13:00:00Z,nodd,nodd
2026-09-26,louisville-ky,rtma,09,2026-09-26T13:00:00Z,288.03,2.65,3.42,0.0,2026-09-26T14:00:00Z,nodd,nodd
2026-09-26,louisville-ky,rtma,10,2026-09-26T14:00:00Z,289.73,2.32,3.67,0.0,2026-09-26T15:00:00Z,nodd,nodd
2026-09-26,louisville-ky,rtma,11,2026-09-26T15:00:00Z,292.31,2.92,4.39,0.0,2026-09-26T16:00:00Z,nodd,nodd
2026-09-26,louisville-ky,rtma,12,2026-09-26T16:00:00Z,294.32,2.2,3.49,0.0,2026-09-26T17:00:00Z,nodd,nodd
2026-09-26,louisville-ky,rtma,13,2026-09-26T17:00:00Z,295.64,2.39,3.65,0.0,2026-09-26T18:00:00Z,nodd,nodd
2026-09-26,louisville-ky,rtma,14,2026-09-26T18:00:00Z,297.05,2.46,3.89,0.0,2026-09-26T19:00:00Z,nodd,nodd
2026-09-26,louisville-ky,rtma,15,2026-09-26T19:00:00Z,298.07,2.69,3.69,0.0,2026-09-26T20:00:00Z,nodd,nodd
2026-09-26,louisville-ky,rtma,16,2026-09-26T20:00:00Z,299.08,2.3,3.42,0.0,2026-09-26T21:00:00Z,nodd,nodd
2026-09-26,louisville-ky,rtma,17,2026-09-26T21:00:00Z,298.98,2.77,3.37,0.0,2026-09-26T22:00:00Z,nodd,nodd
2026-09-26,louisville-ky,rtma,18,2026-09-26T22:00:00Z,298.38,2.45,3.35,0.0,2026-09-26T23:00:00Z,nodd,nodd
2026-09-26,louisville-ky,rtma,19,2026-09-26T23:00:00Z,296.41,2.29,2.59,0.0,2026-09-27T00:00:00Z,nodd,nodd
2026-09-26,louisville-ky,rtma,20,2026-09-27T00:00:00Z,293.26,2.1,2.37,0.0,2026-09-27T01:00:00Z,nodd,nodd
2026-09-26,louisville-ky,rtma,21,2026-09-27T01:00:00Z,290.65,2.24,3.7,0.0,2026-09-27T02:00:00Z,nodd,nodd
2026-09-26,louisville-ky,rtma,22,2026-09-27T02:00:00Z,289.46,1.37,1.97,0.0,2026-09-27T03:00:00Z,nodd,nodd
2026-09-26,louisville-ky,rtma,23,2026-09-27T03:00:00Z,287.47,1.46,2.29,0.0,2026-09-27T04:00:00Z,nodd,nodd
2026-09-26,louisville-ky,urma,00,2026-09-26T04:00:00Z,289.31,2.05,2.32,0.0,2026-09-26T05:00:00Z,nodd,nodd
2026-09-26,louisville-ky,urma,01,2026-09-26T05:00:00Z,289.46,1.72,4.15,0.0,2026-09-26T06:00:00Z,nodd,nodd
2026-09-26,louisville-ky,urma,02,2026-09-26T06:00:00Z,289.37,1.2,3.63,0.0,2026-09-26T07:00:00Z,nodd,nodd
2026-09-26,louisville-ky,urma,03,2026-09-26T07:00:00Z,289.92,0.8,2.5,0.0,2026-09-26T08:00:00Z,nodd,nodd
2026-09-26,louisville-ky,urma,04,2026-09-26T08:00:00Z,289.23,2.09,2.09,0.0,2026-09-26T09:00:00Z,nodd,nodd
2026-09-26,louisville-ky,urma,05,2026-09-26T09:00:00Z,288.82,1.59,2.21,0.0,2026-09-26T10:00:00Z,nodd,nodd
2026-09-26,louisville-ky,urma,06,2026-09-26T10:00:00Z,288.66,1.42,1.42,0.0,2026-09-26T11:00:00Z,nodd,nodd
2026-09-26,louisville-ky,urma,07,2026-09-26T11:00:00Z,287.58,2.51,3.06,0.0,2026-09-26T12:00:00Z,nodd,nodd
2026-09-26,louisville-ky,urma,08,2026-09-26T12:00:00Z,287.15,2.41,2.57,0.0,2026-09-26T13:00:00Z,nodd,nodd
2026-09-26,louisville-ky,urma,09,2026-09-26T13:00:00Z,288.28,2.49,3.5,0.0,2026-09-26T14:00:00Z,nodd,nodd
2026-09-26,louisville-ky,urma,10,2026-09-26T14:00:00Z,289.86,2.12,3.72,0.0,2026-09-26T15:00:00Z,nodd,nodd
2026-09-26,louisville-ky,urma,11,2026-09-26T15:00:00Z,292.36,3.1,4.47,0.0,2026-09-26T16:00:00Z,nodd,nodd
2026-09-26,louisville-ky,urma,12,2026-09-26T16:00:00Z,294.34,2.13,3.5,0.0,2026-09-26T17:00:00Z,nodd,nodd
2026-09-26,louisville-ky,urma,13,2026-09-26T17:00:00Z,295.7,2.55,3.69,0.0,2026-09-26T18:00:00Z,nodd,nodd
2026-09-26,louisville-ky,urma,14,2026-09-26T18:00:00Z,297.05,2.36,3.9,0.0,2026-09-26T19:00:00Z,nodd,nodd
2026-09-26,louisville-ky,urma,15,2026-09-26T19:00:00Z,298.39,2.28,3.63,0.0,2026-09-26T20:00:00Z,nodd,nodd
2026-09-26,louisville-ky,urma,16,2026-09-26T20:00:00Z,299.08,2.45,3.47,0.0,2026-09-26T21:00:00Z,nodd,nodd
2026-09-26,louisville-ky,urma,17,2026-09-26T21:00:00Z,298.95,2.36,3.54,0.0,2026-09-26T22:00:00Z,nodd,nodd
2026-09-26,louisville-ky,urma,18,2026-09-26T22:00:00Z,298.4,2.65,3.19,0.0,2026-09-26T23:00:00Z,nodd,nodd
2026-09-26,louisville-ky,urma,19,2026-09-26T23:00:00Z,296.3,1.97,2.71,0.0,2026-09-27T00:00:00Z,nodd,nodd
2026-09-26,louisville-ky,urma,20,2026-09-27T00:00:00Z,292.99,2.15,2.27,0.0,2026-09-27T01:00:00Z,nodd,nodd
2026-09-26,louisville-ky,urma,21,2026-09-27T01:00:00Z,291.32,2.17,3.8,0.0,2026-09-27T02:00:00Z,nodd,nodd
2026-09-26,louisville-ky,urma,22,2026-09-27T02:00:00Z,289.53,1.38,1.84,0.0,2026-09-27T03:00:00Z,nodd,nodd
2026-09-26,louisville-ky,urma,23,2026-09-27T03:00:00Z,287.38,1.34,2.39,0.0,2026-09-27T04:00:00Z,nodd,nodd
2026-09-26,richmond-va,rtma,00,2026-09-26T04:00:00Z,289.67,4.83,10.98,0.0,2026-09-26T05:00:00Z,nodd,nodd
2026-09-26,richmond-va,rtma,01,2026-09-26T05:00:00Z,289.28,5.03,8.05,0.0,2026-09-26T06:00:00Z,nodd,nodd
2026-09-26,richmond-va,rtma,02,2026-09-26T06:00:00Z,288.98,4.64,10.29,0.0,2026-09-26T07:00:00Z,nodd,nodd
2026-09-26,richmond-va,rtma,03,2026-09-26T07:00:00Z,288.38,4.09,10.91,0.0,2026-09-26T08:00:00Z,nodd,nodd
2026-09-26,richmond-va,rtma,04,2026-09-26T08:00:00Z,288.14,3.91,8.53,0.0,2026-09-26T09:00:00Z,nodd,nodd
2026-09-26,richmond-va,rtma,05,2026-09-26T09:00:00Z,287.71,4.62,6.58,0.0,2026-09-26T10:00:00Z,nodd,nodd
2026-09-26,richmond-va,rtma,06,2026-09-26T10:00:00Z,287.51,4.13,8.05,0.0,2026-09-26T11:00:00Z,nodd,nodd
2026-09-26,richmond-va,rtma,07,2026-09-26T11:00:00Z,287.2,4.53,9.17,0.0,2026-09-26T12:00:00Z,nodd,nodd
2026-09-26,richmond-va,rtma,08,2026-09-26T12:00:00Z,287.75,5.12,8.46,0.0,2026-09-26T13:00:00Z,nodd,nodd
2026-09-26,richmond-va,rtma,09,2026-09-26T13:00:00Z,289.28,6.06,12.52,0.0,2026-09-26T14:00:00Z,nodd,nodd
2026-09-26,richmond-va,rtma,10,2026-09-26T14:00:00Z,290.78,6.51,15.71,0.0,2026-09-26T15:00:00Z,nodd,nodd
2026-09-26,richmond-va,rtma,11,2026-09-26T15:00:00Z,293.05,5.73,11.55,0.0,2026-09-26T16:00:00Z,nodd,nodd
2026-09-26,richmond-va,rtma,12,2026-09-26T16:00:00Z,294.76,7.25,13.8,0.0,2026-09-26T17:00:00Z,nodd,nodd
2026-09-26,richmond-va,rtma,13,2026-09-26T17:00:00Z,295.13,6.19,12.16,0.0,2026-09-26T18:00:00Z,nodd,nodd
2026-09-26,richmond-va,rtma,14,2026-09-26T18:00:00Z,295.46,6.61,10.35,0.0,2026-09-26T19:00:00Z,nodd,nodd
2026-09-26,richmond-va,rtma,15,2026-09-26T19:00:00Z,295.03,6.61,12.99,0.0,2026-09-26T20:00:00Z,nodd,nodd
2026-09-26,richmond-va,rtma,16,2026-09-26T20:00:00Z,295.64,6.28,11.07,0.0,2026-09-26T21:00:00Z,nodd,nodd
2026-09-26,richmond-va,rtma,17,2026-09-26T21:00:00Z,294.43,6.1,11.74,0.0,2026-09-26T22:00:00Z,nodd,nodd
2026-09-26,richmond-va,rtma,18,2026-09-26T22:00:00Z,293.21,4.11,8.7,0.0,2026-09-26T23:00:00Z,nodd,nodd
2026-09-26,richmond-va,rtma,19,2026-09-26T23:00:00Z,291.83,6.41,12.46,0.0,2026-09-27T00:00:00Z,nodd,nodd
2026-09-26,richmond-va,rtma,20,2026-09-27T00:00:00Z,289.79,7.69,14.84,0.0,2026-09-27T01:00:00Z,nodd,nodd
2026-09-26,richmond-va,rtma,21,2026-09-27T01:00:00Z,288.68,6.2,12.26,0.28125,2026-09-27T02:00:00Z,nodd,nodd
2026-09-26,richmond-va,rtma,22,2026-09-27T02:00:00Z,287.64,5.45,9.94,1.3125,2026-09-27T03:00:00Z,nodd,nodd
2026-09-26,richmond-va,rtma,23,2026-09-27T03:00:00Z,287.48,4.33,10.72,0.453125,2026-09-27T04:00:00Z,nodd,nodd
2026-09-26,richmond-va,urma,00,2026-09-26T04:00:00Z,289.68,4.72,10.91,0.0,2026-09-26T05:00:00Z,nodd,nodd
2026-09-26,richmond-va,urma,01,2026-09-26T05:00:00Z,289.34,5.09,7.94,0.0,2026-09-26T06:00:00Z,nodd,nodd
2026-09-26,richmond-va,urma,02,2026-09-26T06:00:00Z,288.97,4.73,10.25,0.0,2026-09-26T07:00:00Z,nodd,nodd
2026-09-26,richmond-va,urma,03,2026-09-26T07:00:00Z,288.49,4.16,11.11,0.0,2026-09-26T08:00:00Z,nodd,nodd
2026-09-26,richmond-va,urma,04,2026-09-26T08:00:00Z,288.16,4.06,8.07,0.0,2026-09-26T09:00:00Z,nodd,nodd
2026-09-26,richmond-va,urma,05,2026-09-26T09:00:00Z,287.7,5.0,6.64,0.0,2026-09-26T10:00:00Z,nodd,nodd
2026-09-26,richmond-va,urma,06,2026-09-26T10:00:00Z,287.52,4.15,8.49,0.0,2026-09-26T11:00:00Z,nodd,nodd
2026-09-26,richmond-va,urma,07,2026-09-26T11:00:00Z,287.17,4.68,8.91,0.0,2026-09-26T12:00:00Z,nodd,nodd
2026-09-26,richmond-va,urma,08,2026-09-26T12:00:00Z,287.8,5.4,8.7,0.0,2026-09-26T13:00:00Z,nodd,nodd
2026-09-26,richmond-va,urma,09,2026-09-26T13:00:00Z,289.09,6.01,12.53,0.0,2026-09-26T14:00:00Z,nodd,nodd
2026-09-26,richmond-va,urma,10,2026-09-26T14:00:00Z,290.81,6.6,15.89,0.0,2026-09-26T15:00:00Z,nodd,nodd
2026-09-26,richmond-va,urma,11,2026-09-26T15:00:00Z,293.02,5.96,12.22,0.0,2026-09-26T16:00:00Z,nodd,nodd
2026-09-26,richmond-va,urma,12,2026-09-26T16:00:00Z,294.61,7.31,13.66,0.0,2026-09-26T17:00:00Z,nodd,nodd
2026-09-26,richmond-va,urma,13,2026-09-26T17:00:00Z,295.12,6.33,12.21,0.0,2026-09-26T18:00:00Z,nodd,nodd
2026-09-26,richmond-va,urma,14,2026-09-26T18:00:00Z,295.38,6.71,10.31,0.0,2026-09-26T19:00:00Z,nodd,nodd
2026-09-26,richmond-va,urma,15,2026-09-26T19:00:00Z,295.19,6.7,13.24,0.0,2026-09-26T20:00:00Z,nodd,nodd
2026-09-26,richmond-va,urma,16,2026-09-26T20:00:00Z,295.61,6.35,10.94,0.0,2026-09-26T21:00:00Z,nodd,nodd
2026-09-26,richmond-va,urma,17,2026-09-26T21:00:00Z,294.39,6.37,11.68,0.0,2026-09-26T22:00:00Z,nodd,nodd
2026-09-26,richmond-va,urma,18,2026-09-26T22:00:00Z,293.32,4.05,8.96,0.0,2026-09-26T23:00:00Z,nodd,nodd
2026-09-26,richmond-va,urma,19,2026-09-26T23:00:00Z,291.75,6.47,12.14,0.0,2026-09-27T00:00:00Z,nodd,nodd
2026-09-26,richmond-va,urma,20,2026-09-27T00:00:00Z,289.9,7.78,14.96,0.0,2026-09-27T01:00:00Z,nodd,nodd
2026-09-26,richmond-va,urma,21,2026-09-27T01:00:00Z,288.68,6.33,16.0,0.296875,2026-09-27T02:00:00Z,nodd,nodd
2026-09-26,richmond-va,urma,22,2026-09-27T02:00:00Z,287.67,5.34,9.64,1.171875,2026-09-27T03:00:00Z,nodd,nodd
2026-09-26,richmond-va,urma,23,2026-09-27T03:00:00Z,287.46,4.61,10.65,0.421875,2026-09-27T04:00:00Z,nodd,nodd
2026-09-26,memphis-tn,rtma,00,2026-09-26T05:00:00Z,293.44,1.72,4.76,0.0,2026-09-26T06:00:00Z,nodd,nodd
2026-09-26,memphis-tn,rtma,01,2026-09-26T06:00:00Z,292.4,1.64,4.04,0.0,2026-09-26T07:00:00Z,nodd,nodd
2026-09-26,memphis-tn,rtma,02,2026-09-26T07:00:00Z,291.98,0.26,3.89,0.0,2026-09-26T08:00:00Z,nodd,nodd
2026-09-26,memphis-tn,rtma,03,2026-09-26T08:00:00Z,291.7,1.06,2.44,0.0,2026-09-26T09:00:00Z,nodd,nodd
2026-09-26,memphis-tn,rtma,04,2026-09-26T09:00:00Z,291.31,0.97,3.05,0.0,2026-09-26T10:00:00Z,nodd,nodd
2026-09-26,memphis-tn,rtma,05,2026-09-26T10:00:00Z,290.86,0.62,2.79,0.0,2026-09-26T11:00:00Z,nodd,nodd
2026-09-26,memphis-tn,rtma,06,2026-09-26T11:00:00Z,290.55,1.15,2.78,0.0,2026-09-26T12:00:00Z,nodd,nodd
2026-09-26,memphis-tn,rtma,07,2026-09-26T12:00:00Z,290.08,1.31,1.97,0.0,2026-09-26T13:00:00Z,nodd,nodd
2026-09-26,memphis-tn,rtma,08,2026-09-26T13:00:00Z,291.14,0.79,2.08,0.0,2026-09-26T14:00:00Z,nodd,nodd
2026-09-26,memphis-tn,rtma,09,2026-09-26T14:00:00Z,293.66,0.95,1.39,0.0,2026-09-26T15:00:00Z,nodd,nodd
2026-09-26,memphis-tn,rtma,10,2026-09-26T15:00:00Z,295.74,0.58,1.09,0.0,2026-09-26T16:00:00Z,nodd,nodd
2026-09-26,memphis-tn,rtma,11,2026-09-26T16:00:00Z,298.33,0.58,1.67,0.0,2026-09-26T17:00:00Z,nodd,nodd
2026-09-26,memphis-tn,rtma,12,2026-09-26T17:00:00Z,300.16,2.38,4.33,0.0,2026-09-26T18:00:00Z,nodd,nodd
2026-09-26,memphis-tn,rtma,13,2026-09-26T18:00:00Z,301.23,1.39,3.91,0.0,2026-09-26T19:00:00Z,nodd,nodd
2026-09-26,memphis-tn,rtma,14,2026-09-26T19:00:00Z,301.82,2.32,6.09,0.0,2026-09-26T20:00:00Z,nodd,nodd
2026-09-26,memphis-tn,rtma,15,2026-09-26T20:00:00Z,302.03,1.39,3.73,0.0,2026-09-26T21:00:00Z,nodd,nodd
2026-09-26,memphis-tn,rtma,16,2026-09-26T21:00:00Z,301.69,2.04,4.38,0.0,2026-09-26T22:00:00Z,nodd,nodd
2026-09-26,memphis-tn,rtma,17,2026-09-26T22:00:00Z,300.59,2.31,4.13,0.0,2026-09-26T23:00:00Z,nodd,nodd
2026-09-26,memphis-tn,rtma,18,2026-09-26T23:00:00Z,299.61,2.34,4.28,0.0,2026-09-27T00:00:00Z,nodd,nodd
2026-09-26,memphis-tn,rtma,19,2026-09-27T00:00:00Z,297.98,1.74,3.43,0.0,2026-09-27T01:00:00Z,nodd,nodd
2026-09-26,memphis-tn,rtma,20,2026-09-27T01:00:00Z,296.36,3.54,5.02,0.0,2026-09-27T02:00:00Z,nodd,nodd
2026-09-26,memphis-tn,rtma,21,2026-09-27T02:00:00Z,295.84,2.1,4.88,0.0,2026-09-27T03:00:00Z,nodd,nodd
2026-09-26,memphis-tn,rtma,22,2026-09-27T03:00:00Z,295.09,1.54,5.73,0.0,2026-09-27T04:00:00Z,nodd,nodd
2026-09-26,memphis-tn,rtma,23,2026-09-27T04:00:00Z,294.71,1.42,3.68,0.0,2026-09-27T05:00:00Z,nodd,nodd
2026-09-26,memphis-tn,urma,00,2026-09-26T05:00:00Z,293.46,1.48,4.66,0.0,2026-09-26T06:00:00Z,nodd,nodd
2026-09-26,memphis-tn,urma,01,2026-09-26T06:00:00Z,292.46,1.82,4.03,0.0,2026-09-26T07:00:00Z,nodd,nodd
2026-09-26,memphis-tn,urma,02,2026-09-26T07:00:00Z,292.81,0.28,3.76,0.0,2026-09-26T08:00:00Z,nodd,nodd
2026-09-26,memphis-tn,urma,03,2026-09-26T08:00:00Z,291.77,1.02,2.42,0.0,2026-09-26T09:00:00Z,nodd,nodd
2026-09-26,memphis-tn,urma,04,2026-09-26T09:00:00Z,291.39,1.17,2.97,0.0,2026-09-26T10:00:00Z,nodd,nodd
2026-09-26,memphis-tn,urma,05,2026-09-26T10:00:00Z,291.04,0.57,2.72,0.0,2026-09-26T11:00:00Z,nodd,nodd
2026-09-26,memphis-tn,urma,06,2026-09-26T11:00:00Z,290.56,1.11,2.7,0.0,2026-09-26T12:00:00Z,nodd,nodd
2026-09-26,memphis-tn,urma,07,2026-09-26T12:00:00Z,290.12,1.25,1.6,0.0,2026-09-26T13:00:00Z,nodd,nodd
2026-09-26,memphis-tn,urma,08,2026-09-26T13:00:00Z,291.63,0.87,1.81,0.0,2026-09-26T14:00:00Z,nodd,nodd
2026-09-26,memphis-tn,urma,09,2026-09-26T14:00:00Z,293.62,0.95,1.4,0.0,2026-09-26T15:00:00Z,nodd,nodd
2026-09-26,memphis-tn,urma,10,2026-09-26T15:00:00Z,295.83,0.57,1.06,0.0,2026-09-26T16:00:00Z,nodd,nodd
2026-09-26,memphis-tn,urma,11,2026-09-26T16:00:00Z,298.49,0.7,1.56,0.0,2026-09-26T17:00:00Z,nodd,nodd
2026-09-26,memphis-tn,urma,12,2026-09-26T17:00:00Z,300.18,2.07,4.32,0.0,2026-09-26T18:00:00Z,nodd,nodd
2026-09-26,memphis-tn,urma,13,2026-09-26T18:00:00Z,301.26,1.67,3.87,0.0,2026-09-26T19:00:00Z,nodd,nodd
2026-09-26,memphis-tn,urma,14,2026-09-26T19:00:00Z,301.57,2.3,6.05,0.0,2026-09-26T20:00:00Z,nodd,nodd
2026-09-26,memphis-tn,urma,15,2026-09-26T20:00:00Z,302.07,1.48,3.71,0.0,2026-09-26T21:00:00Z,nodd,nodd
2026-09-26,memphis-tn,urma,16,2026-09-26T21:00:00Z,301.54,2.19,4.55,0.0,2026-09-26T22:00:00Z,nodd,nodd
2026-09-26,memphis-tn,urma,17,2026-09-26T22:00:00Z,300.6,2.27,4.17,0.0,2026-09-26T23:00:00Z,nodd,nodd
2026-09-26,memphis-tn,urma,18,2026-09-26T23:00:00Z,299.6,2.34,4.13,0.0,2026-09-27T00:00:00Z,nodd,nodd
2026-09-26,memphis-tn,urma,19,2026-09-27T00:00:00Z,297.89,2.01,3.02,0.0,2026-09-27T01:00:00Z,nodd,nodd
2026-09-26,memphis-tn,urma,20,2026-09-27T01:00:00Z,297.31,3.2,4.75,0.0,2026-09-27T02:00:00Z,nodd,nodd
2026-09-26,memphis-tn,urma,21,2026-09-27T02:00:00Z,295.93,2.13,4.53,0.0,2026-09-27T03:00:00Z,nodd,nodd
2026-09-26,memphis-tn,urma,22,2026-09-27T03:00:00Z,295.2,1.72,5.39,0.0,2026-09-27T04:00:00Z,nodd,nodd
2026-09-26,memphis-tn,urma,23,2026-09-27T04:00:00Z,294.78,1.5,3.65,0.0,2026-09-27T05:00:00Z,nodd,nodd
2026-09-26,salt-lake-city-ut,rtma,00,2026-09-26T06:00:00Z,293.53,0.69,2.03,0.0,2026-09-26T07:00:00Z,nodd,nodd
2026-09-26,salt-lake-city-ut,rtma,01,2026-09-26T07:00:00Z,292.97,1.23,4.9,0.0,2026-09-26T08:00:00Z,nodd,nodd
2026-09-26,salt-lake-city-ut,rtma,02,2026-09-26T08:00:00Z,293.72,1.75,3.68,0.0,2026-09-26T09:00:00Z,nodd,nodd
2026-09-26,salt-lake-city-ut,rtma,03,2026-09-26T09:00:00Z,292.86,0.14,5.25,0.0,2026-09-26T10:00:00Z,nodd,nodd
2026-09-26,salt-lake-city-ut,rtma,04,2026-09-26T10:00:00Z,291.38,2.26,4.19,0.0,2026-09-26T11:00:00Z,nodd,nodd
2026-09-26,salt-lake-city-ut,rtma,05,2026-09-26T11:00:00Z,289.65,0.93,1.69,0.0,2026-09-26T12:00:00Z,nodd,nodd
2026-09-26,salt-lake-city-ut,rtma,06,2026-09-26T12:00:00Z,288.66,0.96,1.28,0.0,2026-09-26T13:00:00Z,nodd,nodd
2026-09-26,salt-lake-city-ut,rtma,07,2026-09-26T13:00:00Z,286.92,1.33,2.02,0.0,2026-09-26T14:00:00Z,nodd,nodd
2026-09-26,salt-lake-city-ut,rtma,08,2026-09-26T14:00:00Z,286.64,0.92,1.61,0.0,2026-09-26T15:00:00Z,nodd,nodd
2026-09-26,salt-lake-city-ut,rtma,09,2026-09-26T15:00:00Z,289.4,1.2,1.2,0.0,2026-09-26T16:00:00Z,nodd,nodd
2026-09-26,salt-lake-city-ut,rtma,10,2026-09-26T16:00:00Z,292.62,0.26,0.26,0.0,2026-09-26T17:00:00Z,nodd,nodd
2026-09-26,salt-lake-city-ut,rtma,11,2026-09-26T17:00:00Z,294.02,1.43,4.95,0.0,2026-09-26T18:00:00Z,nodd,nodd
2026-09-26,salt-lake-city-ut,rtma,12,2026-09-26T18:00:00Z,295.26,1.41,4.65,0.0,2026-09-26T19:00:00Z,nodd,nodd
2026-09-26,salt-lake-city-ut,rtma,13,2026-09-26T19:00:00Z,296.9,1.08,3.72,0.0,2026-09-26T20:00:00Z,nodd,nodd
2026-09-26,salt-lake-city-ut,rtma,14,2026-09-26T20:00:00Z,298.13,2.32,6.52,0.0,2026-09-26T21:00:00Z,nodd,nodd
2026-09-26,salt-lake-city-ut,rtma,15,2026-09-26T21:00:00Z,298.78,3.5,7.71,0.0,2026-09-26T22:00:00Z,nodd,nodd
2026-09-26,salt-lake-city-ut,rtma,16,2026-09-26T22:00:00Z,299.34,3.45,7.72,0.0,2026-09-26T23:00:00Z,nodd,nodd
2026-09-26,salt-lake-city-ut,rtma,17,2026-09-26T23:00:00Z,299.73,2.91,6.84,0.0,2026-09-27T00:00:00Z,nodd,nodd
2026-09-26,salt-lake-city-ut,rtma,18,2026-09-27T00:00:00Z,299.53,3.27,6.43,0.0,2026-09-27T01:00:00Z,nodd,nodd
2026-09-26,salt-lake-city-ut,rtma,19,2026-09-27T01:00:00Z,298.38,0.14,0.81,0.0,2026-09-27T02:00:00Z,nodd,nodd
2026-09-26,salt-lake-city-ut,rtma,20,2026-09-27T02:00:00Z,295.69,0.89,2.54,0.0,2026-09-27T03:00:00Z,nodd,nodd
2026-09-26,salt-lake-city-ut,rtma,21,2026-09-27T03:00:00Z,293.4,0.75,1.63,0.0,2026-09-27T04:00:00Z,nodd,nodd
2026-09-26,salt-lake-city-ut,rtma,22,2026-09-27T04:00:00Z,292.56,1.72,2.82,0.0,2026-09-27T05:00:00Z,nodd,nodd
2026-09-26,salt-lake-city-ut,rtma,23,2026-09-27T05:00:00Z,292.51,1.71,3.11,0.0,2026-09-27T06:00:00Z,nodd,nodd
2026-09-26,salt-lake-city-ut,urma,00,2026-09-26T06:00:00Z,293.46,0.44,1.63,0.0,2026-09-26T07:00:00Z,nodd,nodd
2026-09-26,salt-lake-city-ut,urma,01,2026-09-26T07:00:00Z,293.47,1.02,4.55,0.0,2026-09-26T08:00:00Z,nodd,nodd
2026-09-26,salt-lake-city-ut,urma,02,2026-09-26T08:00:00Z,293.64,1.57,3.51,0.0,2026-09-26T09:00:00Z,nodd,nodd
2026-09-26,salt-lake-city-ut,urma,03,2026-09-26T09:00:00Z,293.15,0.26,5.13,0.0,2026-09-26T10:00:00Z,nodd,nodd
2026-09-26,salt-lake-city-ut,urma,04,2026-09-26T10:00:00Z,291.51,2.1,3.89,0.0,2026-09-26T11:00:00Z,nodd,nodd
2026-09-26,salt-lake-city-ut,urma,05,2026-09-26T11:00:00Z,289.7,0.73,1.85,0.0,2026-09-26T12:00:00Z,nodd,nodd
2026-09-26,salt-lake-city-ut,urma,06,2026-09-26T12:00:00Z,288.73,1.07,1.3,0.0,2026-09-26T13:00:00Z,nodd,nodd
2026-09-26,salt-lake-city-ut,urma,07,2026-09-26T13:00:00Z,286.92,1.43,1.93,0.0,2026-09-26T14:00:00Z,nodd,nodd
2026-09-26,salt-lake-city-ut,urma,08,2026-09-26T14:00:00Z,286.76,0.81,1.46,0.0,2026-09-26T15:00:00Z,nodd,nodd
2026-09-26,salt-lake-city-ut,urma,09,2026-09-26T15:00:00Z,289.55,1.29,1.29,0.0,2026-09-26T16:00:00Z,nodd,nodd
2026-09-26,salt-lake-city-ut,urma,10,2026-09-26T16:00:00Z,292.61,0.31,0.35,0.0,2026-09-26T17:00:00Z,nodd,nodd
2026-09-26,salt-lake-city-ut,urma,11,2026-09-26T17:00:00Z,294.01,1.33,4.84,0.0,2026-09-26T18:00:00Z,nodd,nodd
2026-09-26,salt-lake-city-ut,urma,12,2026-09-26T18:00:00Z,295.16,1.32,4.31,0.0,2026-09-26T19:00:00Z,nodd,nodd
2026-09-26,salt-lake-city-ut,urma,13,2026-09-26T19:00:00Z,296.86,1.08,3.53,0.0,2026-09-26T20:00:00Z,nodd,nodd
2026-09-26,salt-lake-city-ut,urma,14,2026-09-26T20:00:00Z,298.16,2.5,6.35,0.0,2026-09-26T21:00:00Z,nodd,nodd
2026-09-26,salt-lake-city-ut,urma,15,2026-09-26T21:00:00Z,298.83,3.35,7.63,0.0,2026-09-26T22:00:00Z,nodd,nodd
2026-09-26,salt-lake-city-ut,urma,16,2026-09-26T22:00:00Z,299.37,3.46,7.53,0.0,2026-09-26T23:00:00Z,nodd,nodd
2026-09-26,salt-lake-city-ut,urma,17,2026-09-26T23:00:00Z,299.85,2.84,6.68,0.0,2026-09-27T00:00:00Z,nodd,nodd
2026-09-26,salt-lake-city-ut,urma,18,2026-09-27T00:00:00Z,299.6,3.22,6.03,0.0,2026-09-27T01:00:00Z,nodd,nodd
2026-09-26,salt-lake-city-ut,urma,19,2026-09-27T01:00:00Z,298.36,0.07,0.74,0.0,2026-09-27T02:00:00Z,nodd,nodd
2026-09-26,salt-lake-city-ut,urma,20,2026-09-27T02:00:00Z,295.77,0.78,2.34,0.0,2026-09-27T03:00:00Z,nodd,nodd
2026-09-26,salt-lake-city-ut,urma,21,2026-09-27T03:00:00Z,293.62,0.77,1.23,0.0,2026-09-27T04:00:00Z,nodd,nodd
2026-09-26,salt-lake-city-ut,urma,22,2026-09-27T04:00:00Z,292.65,1.61,2.59,0.0,2026-09-27T05:00:00Z,nodd,nodd
2026-09-26,salt-lake-city-ut,urma,23,2026-09-27T05:00:00Z,292.58,1.6,2.78,0.0,2026-09-27T06:00:00Z,nodd,nodd
2026-09-26,birmingham-al,rtma,00,2026-09-26T05:00:00Z,291.45,0.61,1.87,0.0,2026-09-26T06:00:00Z,nodd,nodd
2026-09-26,birmingham-al,rtma,01,2026-09-26T06:00:00Z,291.03,0.0,1.46,0.0,2026-09-26T07:00:00Z,nodd,nodd
2026-09-26,birmingham-al,rtma,02,2026-09-26T07:00:00Z,291.0,0.07,0.74,0.0,2026-09-26T08:00:00Z,nodd,nodd
2026-09-26,birmingham-al,rtma,03,2026-09-26T08:00:00Z,290.89,0.03,0.86,0.0,2026-09-26T09:00:00Z,nodd,nodd
2026-09-26,birmingham-al,rtma,04,2026-09-26T09:00:00Z,290.12,0.0,0.97,0.0,2026-09-26T10:00:00Z,nodd,nodd
2026-09-26,birmingham-al,rtma,05,2026-09-26T10:00:00Z,289.74,0.0,0.92,0.0,2026-09-26T11:00:00Z,nodd,nodd
2026-09-26,birmingham-al,rtma,06,2026-09-26T11:00:00Z,289.32,0.01,1.55,0.0,2026-09-26T12:00:00Z,nodd,nodd
2026-09-26,birmingham-al,rtma,07,2026-09-26T12:00:00Z,289.23,0.03,0.98,0.0,2026-09-26T13:00:00Z,nodd,nodd
2026-09-26,birmingham-al,rtma,08,2026-09-26T13:00:00Z,290.59,0.0,1.1,0.0,2026-09-26T14:00:00Z,nodd,nodd
2026-09-26,birmingham-al,rtma,09,2026-09-26T14:00:00Z,292.76,1.3,1.45,0.0,2026-09-26T15:00:00Z,nodd,nodd
2026-09-26,birmingham-al,rtma,10,2026-09-26T15:00:00Z,295.08,1.62,2.46,0.0,2026-09-26T16:00:00Z,nodd,nodd
2026-09-26,birmingham-al,rtma,11,2026-09-26T16:00:00Z,297.64,0.39,3.78,0.0,2026-09-26T17:00:00Z,nodd,nodd
2026-09-26,birmingham-al,rtma,12,2026-09-26T17:00:00Z,299.11,1.34,4.1,0.0,2026-09-26T18:00:00Z,nodd,nodd
2026-09-26,birmingham-al,rtma,13,2026-09-26T18:00:00Z,300.6,0.59,3.85,0.0,2026-09-26T19:00:00Z,nodd,nodd
2026-09-26,birmingham-al,rtma,14,2026-09-26T19:00:00Z,301.44,4.11,4.65,0.0,2026-09-26T20:00:00Z,nodd,nodd
2026-09-26,birmingham-al,rtma,15,2026-09-26T20:00:00Z,302.21,2.27,4.46,0.0,2026-09-26T21:00:00Z,nodd,nodd
2026-09-26,birmingham-al,rtma,16,2026-09-26T21:00:00Z,302.02,2.99,4.87,0.0,2026-09-26T22:00:00Z,nodd,nodd
2026-09-26,birmingham-al,rtma,17,2026-09-26T22:00:00Z,301.11,3.24,4.86,0.0,2026-09-26T23:00:00Z,nodd,nodd
2026-09-26,birmingham-al,rtma,18,2026-09-26T23:00:00Z,299.62,1.38,5.27,0.0,2026-09-27T00:00:00Z,nodd,nodd
2026-09-26,birmingham-al,rtma,19,2026-09-27T00:00:00Z,296.21,0.88,3.07,0.0,2026-09-27T01:00:00Z,nodd,nodd
2026-09-26,birmingham-al,rtma,20,2026-09-27T01:00:00Z,293.77,0.8,2.81,0.0,2026-09-27T02:00:00Z,nodd,nodd
2026-09-26,birmingham-al,rtma,21,2026-09-27T02:00:00Z,292.75,0.09,2.9,0.0,2026-09-27T03:00:00Z,nodd,nodd
2026-09-26,birmingham-al,rtma,22,2026-09-27T03:00:00Z,291.47,0.0,2.22,0.0,2026-09-27T04:00:00Z,nodd,nodd
2026-09-26,birmingham-al,rtma,23,2026-09-27T04:00:00Z,290.42,0.0,2.08,0.0,2026-09-27T05:00:00Z,nodd,nodd
2026-09-26,birmingham-al,urma,00,2026-09-26T05:00:00Z,291.43,0.61,1.86,0.0,2026-09-26T06:00:00Z,nodd,nodd
2026-09-26,birmingham-al,urma,01,2026-09-26T06:00:00Z,291.06,0.0,1.45,0.0,2026-09-26T07:00:00Z,nodd,nodd
2026-09-26,birmingham-al,urma,02,2026-09-26T07:00:00Z,291.34,0.02,0.73,0.0,2026-09-26T08:00:00Z,nodd,nodd
2026-09-26,birmingham-al,urma,03,2026-09-26T08:00:00Z,290.91,0.0,0.85,0.0,2026-09-26T09:00:00Z,nodd,nodd
2026-09-26,birmingham-al,urma,04,2026-09-26T09:00:00Z,290.16,0.0,0.95,0.0,2026-09-26T10:00:00Z,nodd,nodd
2026-09-26,birmingham-al,urma,05,2026-09-26T10:00:00Z,289.79,0.0,0.92,0.0,2026-09-26T11:00:00Z,nodd,nodd
2026-09-26,birmingham-al,urma,06,2026-09-26T11:00:00Z,289.38,0.0,1.55,0.0,2026-09-26T12:00:00Z,nodd,nodd
2026-09-26,birmingham-al,urma,07,2026-09-26T12:00:00Z,289.21,0.02,0.98,0.0,2026-09-26T13:00:00Z,nodd,nodd
2026-09-26,birmingham-al,urma,08,2026-09-26T13:00:00Z,290.74,0.0,1.08,0.0,2026-09-26T14:00:00Z,nodd,nodd
2026-09-26,birmingham-al,urma,09,2026-09-26T14:00:00Z,292.85,1.47,1.47,0.0,2026-09-26T15:00:00Z,nodd,nodd
2026-09-26,birmingham-al,urma,10,2026-09-26T15:00:00Z,295.08,1.58,2.46,0.0,2026-09-26T16:00:00Z,nodd,nodd
2026-09-26,birmingham-al,urma,11,2026-09-26T16:00:00Z,297.62,0.33,3.83,0.0,2026-09-26T17:00:00Z,nodd,nodd
2026-09-26,birmingham-al,urma,12,2026-09-26T17:00:00Z,299.09,1.18,4.15,0.0,2026-09-26T18:00:00Z,nodd,nodd
2026-09-26,birmingham-al,urma,13,2026-09-26T18:00:00Z,300.53,0.41,3.98,0.0,2026-09-26T19:00:00Z,nodd,nodd
2026-09-26,birmingham-al,urma,14,2026-09-26T19:00:00Z,301.59,4.43,4.92,0.0,2026-09-26T20:00:00Z,nodd,nodd
2026-09-26,birmingham-al,urma,15,2026-09-26T20:00:00Z,302.18,2.33,4.48,0.0,2026-09-26T21:00:00Z,nodd,nodd
2026-09-26,birmingham-al,urma,16,2026-09-26T21:00:00Z,301.99,2.98,4.86,0.0,2026-09-26T22:00:00Z,nodd,nodd
2026-09-26,birmingham-al,urma,17,2026-09-26T22:00:00Z,301.04,3.75,4.85,0.0,2026-09-26T23:00:00Z,nodd,nodd
2026-09-26,birmingham-al,urma,18,2026-09-26T23:00:00Z,299.57,1.43,5.23,0.0,2026-09-27T00:00:00Z,nodd,nodd
2026-09-26,birmingham-al,urma,19,2026-09-27T00:00:00Z,296.09,0.91,3.05,0.0,2026-09-27T01:00:00Z,nodd,nodd
2026-09-26,birmingham-al,urma,20,2026-09-27T01:00:00Z,294.15,0.84,2.58,0.0,2026-09-27T02:00:00Z,nodd,nodd
2026-09-26,birmingham-al,urma,21,2026-09-27T02:00:00Z,292.68,0.0,2.87,0.0,2026-09-27T03:00:00Z,nodd,nodd
2026-09-26,birmingham-al,urma,22,2026-09-27T03:00:00Z,291.39,0.0,2.12,0.0,2026-09-27T04:00:00Z,nodd,nodd
2026-09-26,birmingham-al,urma,23,2026-09-27T04:00:00Z,290.39,0.0,2.07,0.0,2026-09-27T05:00:00Z,nodd,nodd
2026-09-26,fresno-ca,rtma,00,2026-09-26T07:00:00Z,295.53,2.96,4.2,0.0,2026-09-26T08:00:00Z,nodd,nodd
2026-09-26,fresno-ca,rtma,01,2026-09-26T08:00:00Z,294.43,2.41,4.6,0.0,2026-09-26T09:00:00Z,nodd,nodd
2026-09-26,fresno-ca,rtma,02,2026-09-26T09:00:00Z,293.02,2.05,4.59,0.0,2026-09-26T10:00:00Z,nodd,nodd
2026-09-26,fresno-ca,rtma,03,2026-09-26T10:00:00Z,291.94,2.04,3.51,0.0,2026-09-26T11:00:00Z,nodd,nodd
2026-09-26,fresno-ca,rtma,04,2026-09-26T11:00:00Z,291.15,1.9,3.6,0.0,2026-09-26T12:00:00Z,nodd,nodd
2026-09-26,fresno-ca,rtma,05,2026-09-26T12:00:00Z,290.24,1.97,3.76,0.0,2026-09-26T13:00:00Z,nodd,nodd
2026-09-26,fresno-ca,rtma,06,2026-09-26T13:00:00Z,289.79,0.83,3.87,0.0,2026-09-26T14:00:00Z,nodd,nodd
2026-09-26,fresno-ca,rtma,07,2026-09-26T14:00:00Z,289.44,0.04,1.33,0.0,2026-09-26T15:00:00Z,nodd,nodd
2026-09-26,fresno-ca,rtma,08,2026-09-26T15:00:00Z,290.33,0.0,0.2,0.0,2026-09-26T16:00:00Z,nodd,nodd
2026-09-26,fresno-ca,rtma,09,2026-09-26T16:00:00Z,292.8,0.05,1.02,0.0,2026-09-26T17:00:00Z,nodd,nodd
2026-09-26,fresno-ca,rtma,10,2026-09-26T17:00:00Z,295.48,0.22,1.15,0.0,2026-09-26T18:00:00Z,nodd,nodd
2026-09-26,fresno-ca,rtma,11,2026-09-26T18:00:00Z,298.17,1.31,4.1,0.0,2026-09-26T19:00:00Z,nodd,nodd
2026-09-26,fresno-ca,rtma,12,2026-09-26T19:00:00Z,299.86,1.52,4.26,0.0,2026-09-26T20:00:00Z,nodd,nodd
2026-09-26,fresno-ca,rtma,13,2026-09-26T20:00:00Z,301.61,1.68,4.42,0.0,2026-09-26T21:00:00Z,nodd,nodd
2026-09-26,fresno-ca,rtma,14,2026-09-26T21:00:00Z,303.47,1.01,3.19,0.0,2026-09-26T22:00:00Z,nodd,nodd
2026-09-26,fresno-ca,rtma,15,2026-09-26T22:00:00Z,304.54,1.49,2.8,0.0,2026-09-26T23:00:00Z,nodd,nodd
2026-09-26,fresno-ca,rtma,16,2026-09-26T23:00:00Z,305.48,1.15,3.25,0.0,2026-09-27T00:00:00Z,nodd,nodd
2026-09-26,fresno-ca,rtma,17,2026-09-27T00:00:00Z,305.3,1.69,2.35,0.0,2026-09-27T01:00:00Z,nodd,nodd
2026-09-26,fresno-ca,rtma,18,2026-09-27T01:00:00Z,304.58,1.69,2.57,0.0,2026-09-27T02:00:00Z,nodd,nodd
2026-09-26,fresno-ca,rtma,19,2026-09-27T02:00:00Z,302.51,1.25,1.73,0.0,2026-09-27T03:00:00Z,nodd,nodd
2026-09-26,fresno-ca,rtma,20,2026-09-27T03:00:00Z,300.51,1.51,1.75,0.0,2026-09-27T04:00:00Z,nodd,nodd
2026-09-26,fresno-ca,rtma,21,2026-09-27T04:00:00Z,299.38,1.27,3.3,0.0,2026-09-27T05:00:00Z,nodd,nodd
2026-09-26,fresno-ca,rtma,22,2026-09-27T05:00:00Z,298.27,2.54,5.07,0.0,2026-09-27T06:00:00Z,nodd,nodd
2026-09-26,fresno-ca,rtma,23,2026-09-27T06:00:00Z,296.71,2.43,4.25,0.0,2026-09-27T07:00:00Z,nodd,nodd
2026-09-26,fresno-ca,urma,00,2026-09-26T07:00:00Z,296.31,2.97,4.54,0.0,2026-09-26T08:00:00Z,nodd,nodd
2026-09-26,fresno-ca,urma,01,2026-09-26T08:00:00Z,294.53,2.38,4.84,0.0,2026-09-26T09:00:00Z,nodd,nodd
2026-09-26,fresno-ca,urma,02,2026-09-26T09:00:00Z,293.18,2.18,4.73,0.0,2026-09-26T10:00:00Z,nodd,nodd
2026-09-26,fresno-ca,urma,03,2026-09-26T10:00:00Z,292.05,2.04,3.64,0.0,2026-09-26T11:00:00Z,nodd,nodd
2026-09-26,fresno-ca,urma,04,2026-09-26T11:00:00Z,291.15,1.85,3.71,0.0,2026-09-26T12:00:00Z,nodd,nodd
2026-09-26,fresno-ca,urma,05,2026-09-26T12:00:00Z,290.34,1.95,3.82,0.0,2026-09-26T13:00:00Z,nodd,nodd
2026-09-26,fresno-ca,urma,06,2026-09-26T13:00:00Z,290.12,0.82,3.95,0.0,2026-09-26T14:00:00Z,nodd,nodd
2026-09-26,fresno-ca,urma,07,2026-09-26T14:00:00Z,289.63,0.03,1.34,0.0,2026-09-26T15:00:00Z,nodd,nodd
2026-09-26,fresno-ca,urma,08,2026-09-26T15:00:00Z,290.54,0.0,0.22,0.0,2026-09-26T16:00:00Z,nodd,nodd
2026-09-26,fresno-ca,urma,09,2026-09-26T16:00:00Z,292.84,0.07,0.99,0.0,2026-09-26T17:00:00Z,nodd,nodd
2026-09-26,fresno-ca,urma,10,2026-09-26T17:00:00Z,295.45,0.33,1.14,0.0,2026-09-26T18:00:00Z,nodd,nodd
2026-09-26,fresno-ca,urma,11,2026-09-26T18:00:00Z,298.0,1.3,4.07,0.0,2026-09-26T19:00:00Z,nodd,nodd
2026-09-26,fresno-ca,urma,12,2026-09-26T19:00:00Z,299.53,1.52,4.24,0.0,2026-09-26T20:00:00Z,nodd,nodd
2026-09-26,fresno-ca,urma,13,2026-09-26T20:00:00Z,301.42,1.47,4.37,0.0,2026-09-26T21:00:00Z,nodd,nodd
2026-09-26,fresno-ca,urma,14,2026-09-26T21:00:00Z,303.41,0.96,3.17,0.0,2026-09-26T22:00:00Z,nodd,nodd
2026-09-26,fresno-ca,urma,15,2026-09-26T22:00:00Z,304.51,1.43,2.92,0.0,2026-09-26T23:00:00Z,nodd,nodd
2026-09-26,fresno-ca,urma,16,2026-09-26T23:00:00Z,305.44,1.17,3.25,0.0,2026-09-27T00:00:00Z,nodd,nodd
2026-09-26,fresno-ca,urma,17,2026-09-27T00:00:00Z,305.41,1.54,2.35,0.0,2026-09-27T01:00:00Z,nodd,nodd
2026-09-26,fresno-ca,urma,18,2026-09-27T01:00:00Z,304.64,1.57,2.59,0.0,2026-09-27T02:00:00Z,nodd,nodd
2026-09-26,fresno-ca,urma,19,2026-09-27T02:00:00Z,302.86,1.1,1.68,0.0,2026-09-27T03:00:00Z,nodd,nodd
2026-09-26,fresno-ca,urma,20,2026-09-27T03:00:00Z,300.84,1.39,1.76,0.0,2026-09-27T04:00:00Z,nodd,nodd
2026-09-26,fresno-ca,urma,21,2026-09-27T04:00:00Z,299.75,1.14,3.35,0.0,2026-09-27T05:00:00Z,nodd,nodd
2026-09-26,fresno-ca,urma,22,2026-09-27T05:00:00Z,298.55,2.37,5.09,0.0,2026-09-27T06:00:00Z,nodd,nodd
2026-09-26,fresno-ca,urma,23,2026-09-27T06:00:00Z,296.94,2.28,4.32,0.0,2026-09-27T07:00:00Z,nodd,nodd
2026-09-26,grand-rapids-mi,rtma,00,2026-09-26T04:00:00Z,282.97,1.38,2.43,0.0,2026-09-26T05:00:00Z,nodd,nodd
2026-09-26,grand-rapids-mi,rtma,01,2026-09-26T05:00:00Z,282.07,0.54,2.64,0.0,2026-09-26T06:00:00Z,nodd,nodd
2026-09-26,grand-rapids-mi,rtma,02,2026-09-26T06:00:00Z,281.77,1.2,2.7,0.0,2026-09-26T07:00:00Z,nodd,nodd
2026-09-26,grand-rapids-mi,rtma,03,2026-09-26T07:00:00Z,281.27,1.26,1.98,0.0,2026-09-26T08:00:00Z,nodd,nodd
2026-09-26,grand-rapids-mi,rtma,04,2026-09-26T08:00:00Z,280.72,1.6,3.56,0.0,2026-09-26T09:00:00Z,nodd,nodd
2026-09-26,grand-rapids-mi,rtma,05,2026-09-26T09:00:00Z,280.04,0.57,2.28,0.0,2026-09-26T10:00:00Z,nodd,nodd
2026-09-26,grand-rapids-mi,rtma,06,2026-09-26T10:00:00Z,279.49,1.04,3.81,0.0,2026-09-26T11:00:00Z,nodd,nodd
2026-09-26,grand-rapids-mi,rtma,07,2026-09-26T11:00:00Z,278.6,0.42,1.62,0.0,2026-09-26T12:00:00Z,nodd,nodd
2026-09-26,grand-rapids-mi,rtma,08,2026-09-26T12:00:00Z,278.29,0.56,0.81,0.0,2026-09-26T13:00:00Z,nodd,nodd
2026-09-26,grand-rapids-mi,rtma,09,2026-09-26T13:00:00Z,281.41,0.4,2.56,0.0,2026-09-26T14:00:00Z,nodd,nodd
2026-09-26,grand-rapids-mi,rtma,10,2026-09-26T14:00:00Z,284.93,2.33,4.92,0.0,2026-09-26T15:00:00Z,nodd,nodd
2026-09-26,grand-rapids-mi,rtma,11,2026-09-26T15:00:00Z,288.02,2.81,5.62,0.0,2026-09-26T16:00:00Z,nodd,nodd
2026-09-26,grand-rapids-mi,rtma,12,2026-09-26T16:00:00Z,289.9,3.46,6.99,0.0,2026-09-26T17:00:00Z,nodd,nodd
2026-09-26,grand-rapids-mi,rtma,13,2026-09-26T17:00:00Z,291.72,1.8,5.08,0.0,2026-09-26T18:00:00Z,nodd,nodd
2026-09-26,grand-rapids-mi,rtma,14,2026-09-26T18:00:00Z,292.97,2.51,4.49,0.0,2026-09-26T19:00:00Z,nodd,nodd
2026-09-26,grand-rapids-mi,rtma,15,2026-09-26T19:00:00Z,293.93,0.83,6.09,0.0,2026-09-26T20:00:00Z,nodd,nodd
2026-09-26,grand-rapids-mi,rtma,16,2026-09-26T20:00:00Z,294.73,2.36,5.98,0.0,2026-09-26T21:00:00Z,nodd,nodd
2026-09-26,grand-rapids-mi,rtma,17,2026-09-26T21:00:00Z,294.98,2.5,5.28,0.0,2026-09-26T22:00:00Z,nodd,nodd
2026-09-26,grand-rapids-mi,rtma,18,2026-09-26T22:00:00Z,294.61,2.57,4.16,0.0,2026-09-26T23:00:00Z,nodd,nodd
2026-09-26,grand-rapids-mi,rtma,19,2026-09-26T23:00:00Z,293.41,1.3,3.18,0.0,2026-09-27T00:00:00Z,nodd,nodd
2026-09-26,grand-rapids-mi,rtma,20,2026-09-27T00:00:00Z,289.74,0.03,0.03,0.0,2026-09-27T01:00:00Z,nodd,nodd
2026-09-26,grand-rapids-mi,rtma,21,2026-09-27T01:00:00Z,287.18,0.82,0.95,0.0,2026-09-27T02:00:00Z,nodd,nodd
2026-09-26,grand-rapids-mi,rtma,22,2026-09-27T02:00:00Z,285.89,0.66,0.69,0.0,2026-09-27T03:00:00Z,nodd,nodd
2026-09-26,grand-rapids-mi,rtma,23,2026-09-27T03:00:00Z,284.91,0.4,1.07,0.0,2026-09-27T04:00:00Z,nodd,nodd
2026-09-26,grand-rapids-mi,urma,00,2026-09-26T04:00:00Z,282.85,1.33,1.9,0.0,2026-09-26T05:00:00Z,nodd,nodd
2026-09-26,grand-rapids-mi,urma,01,2026-09-26T05:00:00Z,282.04,0.63,2.56,0.0,2026-09-26T06:00:00Z,nodd,nodd
2026-09-26,grand-rapids-mi,urma,02,2026-09-26T06:00:00Z,281.67,0.91,2.25,0.0,2026-09-26T07:00:00Z,nodd,nodd
2026-09-26,grand-rapids-mi,urma,03,2026-09-26T07:00:00Z,281.46,1.16,1.95,0.0,2026-09-26T08:00:00Z,nodd,nodd
2026-09-26,grand-rapids-mi,urma,04,2026-09-26T08:00:00Z,280.68,0.94,2.47,0.0,2026-09-26T09:00:00Z,nodd,nodd
2026-09-26,grand-rapids-mi,urma,05,2026-09-26T09:00:00Z,280.03,0.8,1.94,0.0,2026-09-26T10:00:00Z,nodd,nodd
2026-09-26,grand-rapids-mi,urma,06,2026-09-26T10:00:00Z,279.38,0.89,2.59,0.0,2026-09-26T11:00:00Z,nodd,nodd
2026-09-26,grand-rapids-mi,urma,07,2026-09-26T11:00:00Z,278.55,0.43,0.97,0.0,2026-09-26T12:00:00Z,nodd,nodd
2026-09-26,grand-rapids-mi,urma,08,2026-09-26T12:00:00Z,278.42,0.74,0.97,0.0,2026-09-26T13:00:00Z,nodd,nodd
2026-09-26,grand-rapids-mi,urma,09,2026-09-26T13:00:00Z,281.8,0.38,2.57,0.0,2026-09-26T14:00:00Z,nodd,nodd
2026-09-26,grand-rapids-mi,urma,10,2026-09-26T14:00:00Z,285.34,1.91,4.53,0.0,2026-09-26T15:00:00Z,nodd,nodd
2026-09-26,grand-rapids-mi,urma,11,2026-09-26T15:00:00Z,288.0,2.87,5.92,0.0,2026-09-26T16:00:00Z,nodd,nodd
2026-09-26,grand-rapids-mi,urma,12,2026-09-26T16:00:00Z,289.89,3.46,7.42,0.0,2026-09-26T17:00:00Z,nodd,nodd
2026-09-26,grand-rapids-mi,urma,13,2026-09-26T17:00:00Z,291.75,1.98,5.91,0.0,2026-09-26T18:00:00Z,nodd,nodd
2026-09-26,grand-rapids-mi,urma,14,2026-09-26T18:00:00Z,293.0,2.2,5.18,0.0,2026-09-26T19:00:00Z,nodd,nodd
2026-09-26,grand-rapids-mi,urma,15,2026-09-26T19:00:00Z,294.03,0.87,7.09,0.0,2026-09-26T20:00:00Z,nodd,nodd
2026-09-26,grand-rapids-mi,urma,16,2026-09-26T20:00:00Z,294.76,2.21,6.01,0.0,2026-09-26T21:00:00Z,nodd,nodd
2026-09-26,grand-rapids-mi,urma,17,2026-09-26T21:00:00Z,294.94,2.67,5.51,0.0,2026-09-26T22:00:00Z,nodd,nodd
2026-09-26,grand-rapids-mi,urma,18,2026-09-26T22:00:00Z,294.69,1.94,5.17,0.0,2026-09-26T23:00:00Z,nodd,nodd
2026-09-26,grand-rapids-mi,urma,19,2026-09-26T23:00:00Z,293.26,1.39,3.48,0.0,2026-09-27T00:00:00Z,nodd,nodd
2026-09-26,grand-rapids-mi,urma,20,2026-09-27T00:00:00Z,289.51,0.0,0.0,0.0,2026-09-27T01:00:00Z,nodd,nodd
2026-09-26,grand-rapids-mi,urma,21,2026-09-27T01:00:00Z,287.18,0.43,0.79,0.0,2026-09-27T02:00:00Z,nodd,nodd
2026-09-26,grand-rapids-mi,urma,22,2026-09-27T02:00:00Z,285.92,0.64,0.64,0.0,2026-09-27T03:00:00Z,nodd,nodd
2026-09-26,grand-rapids-mi,urma,23,2026-09-27T03:00:00Z,285.01,0.28,0.61,0.0,2026-09-27T04:00:00Z,nodd,nodd
2026-09-26,hartford-ct,rtma,00,2026-09-26T04:00:00Z,287.8,7.49,13.02,0.09375,2026-09-26T05:00:00Z,nodd,nodd
2026-09-26,hartford-ct,rtma,01,2026-09-26T05:00:00Z,287.76,6.66,12.63,0.46875,2026-09-26T06:00:00Z,nodd,nodd
2026-09-26,hartford-ct,rtma,02,2026-09-26T06:00:00Z,287.67,6.06,9.51,1.375,2026-09-26T07:00:00Z,nodd,nodd
2026-09-26,hartford-ct,rtma,03,2026-09-26T07:00:00Z,287.15,6.19,10.98,2.375,2026-09-26T08:00:00Z,nodd,nodd
2026-09-26,hartford-ct,rtma,04,2026-09-26T08:00:00Z,286.94,5.04,10.6,2.453125,2026-09-26T09:00:00Z,nodd,nodd
2026-09-26,hartford-ct,rtma,05,2026-09-26T09:00:00Z,286.19,5.89,8.7,1.203125,2026-09-26T10:00:00Z,nodd,nodd
2026-09-26,hartford-ct,rtma,06,2026-09-26T10:00:00Z,286.17,5.85,11.33,0.3125,2026-09-26T11:00:00Z,nodd,nodd
2026-09-26,hartford-ct,rtma,07,2026-09-26T11:00:00Z,286.62,6.35,10.59,0.15625,2026-09-26T12:00:00Z,nodd,nodd
2026-09-26,hartford-ct,rtma,08,2026-09-26T12:00:00Z,287.22,7.19,13.15,0.015625,2026-09-26T13:00:00Z,nodd,nodd
2026-09-26,hartford-ct,rtma,09,2026-09-26T13:00:00Z,288.34,8.36,14.33,0.109375,2026-09-26T14:00:00Z,nodd,nodd
2026-09-26,hartford-ct,rtma,10,2026-09-26T14:00:00Z,288.26,7.39,12.43,0.0,2026-09-26T15:00:00Z,nodd,nodd
2026-09-26,hartford-ct,rtma,11,2026-09-26T15:00:00Z,288.34,6.82,12.15,0.046875,2026-09-26T16:00:00Z,nodd,nodd
2026-09-26,hartford-ct,rtma,12,2026-09-26T16:00:00Z,289.2,6.63,13.29,0.9375,2026-09-26T17:00:00Z,nodd,nodd
2026-09-26,hartford-ct,rtma,13,2026-09-26T17:00:00Z,288.9,8.14,13.8,3.9375,2026-09-26T18:00:00Z,nodd,nodd
2026-09-26,hartford-ct,rtma,14,2026-09-26T18:00:00Z,287.74,5.42,9.29,5.046875,2026-09-26T19:00:00Z,nodd,nodd
2026-09-26,hartford-ct,rtma,15,2026-09-26T19:00:00Z,287.41,6.59,13.12,2.171875,2026-09-26T20:00:00Z,nodd,nodd
2026-09-26,hartford-ct,rtma,16,2026-09-26T20:00:00Z,287.42,7.03,11.35,5.5,2026-09-26T21:00:00Z,nodd,nodd
2026-09-26,hartford-ct,rtma,17,2026-09-26T21:00:00Z,287.6,6.14,12.77,1.546875,2026-09-26T22:00:00Z,nodd,nodd
2026-09-26,hartford-ct,rtma,18,2026-09-26T22:00:00Z,287.32,5.61,9.8,1.65625,2026-09-26T23:00:00Z,nodd,nodd
2026-09-26,hartford-ct,rtma,19,2026-09-26T23:00:00Z,286.9,8.33,13.38,1.25,2026-09-27T00:00:00Z,nodd,nodd
2026-09-26,hartford-ct,rtma,20,2026-09-27T00:00:00Z,286.85,7.92,14.31,1.59375,2026-09-27T01:00:00Z,nodd,nodd
2026-09-26,hartford-ct,rtma,21,2026-09-27T01:00:00Z,286.78,7.32,12.5,1.0625,2026-09-27T02:00:00Z,nodd,nodd
2026-09-26,hartford-ct,rtma,22,2026-09-27T02:00:00Z,287.25,7.36,13.3,0.765625,2026-09-27T03:00:00Z,nodd,nodd
2026-09-26,hartford-ct,rtma,23,2026-09-27T03:00:00Z,287.33,6.7,11.82,1.578125,2026-09-27T04:00:00Z,nodd,nodd
2026-09-26,hartford-ct,urma,00,2026-09-26T04:00:00Z,287.84,7.33,13.15,0.0,2026-09-26T05:00:00Z,nodd,nodd
2026-09-26,hartford-ct,urma,01,2026-09-26T05:00:00Z,287.75,6.46,12.63,0.109375,2026-09-26T06:00:00Z,nodd,nodd
2026-09-26,hartford-ct,urma,02,2026-09-26T06:00:00Z,287.66,6.01,9.4,0.65625,2026-09-26T07:00:00Z,nodd,nodd
2026-09-26,hartford-ct,urma,03,2026-09-26T07:00:00Z,287.28,6.09,11.25,0.75,2026-09-26T08:00:00Z,nodd,nodd
2026-09-26,hartford-ct,urma,04,2026-09-26T08:00:00Z,286.93,5.18,10.64,2.890625,2026-09-26T09:00:00Z,nodd,nodd
2026-09-26,hartford-ct,urma,05,2026-09-26T09:00:00Z,286.19,5.86,8.01,1.46875,2026-09-26T10:00:00Z,nodd,nodd
2026-09-26,hartford-ct,urma,06,2026-09-26T10:00:00Z,286.16,5.86,11.47,0.109375,2026-09-26T11:00:00Z,nodd,nodd
2026-09-26,hartford-ct,urma,07,2026-09-26T11:00:00Z,286.57,6.25,10.52,0.0,2026-09-26T12:00:00Z,nodd,nodd
2026-09-26,hartford-ct,urma,08,2026-09-26T12:00:00Z,287.2,7.18,13.14,0.0,2026-09-26T13:00:00Z,nodd,nodd
2026-09-26,hartford-ct,urma,09,2026-09-26T13:00:00Z,288.25,8.34,14.59,0.09375,2026-09-26T14:00:00Z,nodd,nodd
2026-09-26,hartford-ct,urma,10,2026-09-26T14:00:00Z,288.2,7.2,12.5,0.0,2026-09-26T15:00:00Z,nodd,nodd
2026-09-26,hartford-ct,urma,11,2026-09-26T15:00:00Z,288.32,6.8,11.75,0.0,2026-09-26T16:00:00Z,nodd,nodd
2026-09-26,hartford-ct,urma,12,2026-09-26T16:00:00Z,289.19,6.85,13.58,0.765625,2026-09-26T17:00:00Z,nodd,nodd
2026-09-26,hartford-ct,urma,13,2026-09-26T17:00:00Z,288.85,8.03,13.8,4.34375,2026-09-26T18:00:00Z,nodd,nodd
2026-09-26,hartford-ct,urma,14,2026-09-26T18:00:00Z,287.65,5.37,9.3,5.390625,2026-09-26T19:00:00Z,nodd,nodd
2026-09-26,hartford-ct,urma,15,2026-09-26T19:00:00Z,287.48,7.21,12.91,2.453125,2026-09-26T20:00:00Z,nodd,nodd
2026-09-26,hartford-ct,urma,16,2026-09-26T20:00:00Z,287.37,6.91,11.64,8.390625,2026-09-26T21:00:00Z,nodd,nodd
2026-09-26,hartford-ct,urma,17,2026-09-26T21:00:00Z,287.5,6.56,13.27,1.453125,2026-09-26T22:00:00Z,nodd,nodd
2026-09-26,hartford-ct,urma,18,2026-09-26T22:00:00Z,287.26,5.46,9.52,1.75,2026-09-26T23:00:00Z,nodd,nodd
2026-09-26,hartford-ct,urma,19,2026-09-26T23:00:00Z,286.88,8.26,13.73,1.140625,2026-09-27T00:00:00Z,nodd,nodd
2026-09-26,hartford-ct,urma,20,2026-09-27T00:00:00Z,286.79,8.06,13.81,1.34375,2026-09-27T01:00:00Z,nodd,nodd
2026-09-26,hartford-ct,urma,21,2026-09-27T01:00:00Z,286.85,7.31,12.96,0.609375,2026-09-27T02:00:00Z,nodd,nodd
2026-09-26,hartford-ct,urma,22,2026-09-27T02:00:00Z,287.26,7.38,12.94,0.46875,2026-09-27T03:00:00Z,nodd,nodd
2026-09-26,hartford-ct,urma,23,2026-09-27T03:00:00Z,287.3,6.62,12.03,1.25,2026-09-27T04:00:00Z,nodd,nodd
2026-09-26,omaha-ne,rtma,00,2026-09-26T05:00:00Z,289.84,2.39,5.42,1.0,2026-09-26T06:00:00Z,nodd,nodd
2026-09-26,omaha-ne,rtma,01,2026-09-26T06:00:00Z,289.97,2.53,6.56,3.828125,2026-09-26T07:00:00Z,nodd,nodd
2026-09-26,omaha-ne,rtma,02,2026-09-26T07:00:00Z,289.78,3.99,8.16,2.84375,2026-09-26T08:00:00Z,nodd,nodd
2026-09-26,omaha-ne,rtma,03,2026-09-26T08:00:00Z,289.92,4.6,7.91,5.65625,2026-09-26T09:00:00Z,nodd,nodd
2026-09-26,omaha-ne,rtma,04,2026-09-26T09:00:00Z,290.02,4.79,8.82,4.1875,2026-09-26T10:00:00Z,nodd,nodd
2026-09-26,omaha-ne,rtma,05,2026-09-26T10:00:00Z,290.18,5.39,7.86,0.0,2026-09-26T11:00:00Z,nodd,nodd
2026-09-26,omaha-ne,rtma,06,2026-09-26T11:00:00Z,290.32,3.86,6.23,0.0,2026-09-26T12:00:00Z,nodd,nodd
2026-09-26,omaha-ne,rtma,07,2026-09-26T12:00:00Z,290.63,4.66,8.74,0.0,2026-09-26T13:00:00Z,nodd,nodd
2026-09-26,omaha-ne,rtma,08,2026-09-26T13:00:00Z,290.64,3.99,9.7,0.0,2026-09-26T14:00:00Z,nodd,nodd
2026-09-26,omaha-ne,rtma,09,2026-09-26T14:00:00Z,290.87,3.65,5.72,0.0,2026-09-26T15:00:00Z,nodd,nodd
2026-09-26,omaha-ne,rtma,10,2026-09-26T15:00:00Z,291.43,5.2,8.81,0.0,2026-09-26T16:00:00Z,nodd,nodd
2026-09-26,omaha-ne,rtma,11,2026-09-26T16:00:00Z,291.97,4.62,8.49,0.0,2026-09-26T17:00:00Z,nodd,nodd
2026-09-26,omaha-ne,rtma,12,2026-09-26T17:00:00Z,293.08,4.48,7.7,0.0,2026-09-26T18:00:00Z,nodd,nodd
2026-09-26,omaha-ne,rtma,13,2026-09-26T18:00:00Z,294.55,4.44,6.46,0.0,2026-09-26T19:00:00Z,nodd,nodd
2026-09-26,omaha-ne,rtma,14,2026-09-26T19:00:00Z,295.36,4.33,6.99,0.0,2026-09-26T20:00:00Z,nodd,nodd
2026-09-26,omaha-ne,rtma,15,2026-09-26T20:00:00Z,296.77,3.59,7.37,0.0,2026-09-26T21:00:00Z,nodd,nodd
2026-09-26,omaha-ne,rtma,16,2026-09-26T21:00:00Z,297.41,3.99,4.8,0.0,2026-09-26T22:00:00Z,nodd,nodd
2026-09-26,omaha-ne,rtma,17,2026-09-26T22:00:00Z,296.61,5.25,7.92,0.0,2026-09-26T23:00:00Z,nodd,nodd
2026-09-26,omaha-ne,rtma,18,2026-09-26T23:00:00Z,295.26,5.13,9.82,0.0,2026-09-27T00:00:00Z,nodd,nodd
2026-09-26,omaha-ne,rtma,19,2026-09-27T00:00:00Z,294.27,4.78,9.57,0.0,2026-09-27T01:00:00Z,nodd,nodd
2026-09-26,omaha-ne,rtma,20,2026-09-27T01:00:00Z,293.41,3.33,4.77,0.0,2026-09-27T02:00:00Z,nodd,nodd
2026-09-26,omaha-ne,rtma,21,2026-09-27T02:00:00Z,293.22,3.93,6.6,0.0,2026-09-27T03:00:00Z,nodd,nodd
2026-09-26,omaha-ne,rtma,22,2026-09-27T03:00:00Z,292.64,2.69,6.03,0.0,2026-09-27T04:00:00Z,nodd,nodd
2026-09-26,omaha-ne,rtma,23,2026-09-27T04:00:00Z,291.63,1.79,4.77,0.0,2026-09-27T05:00:00Z,nodd,nodd
2026-09-26,omaha-ne,urma,00,2026-09-26T05:00:00Z,289.85,2.5,5.07,0.796875,2026-09-26T06:00:00Z,nodd,nodd
2026-09-26,omaha-ne,urma,01,2026-09-26T06:00:00Z,289.98,2.68,6.59,4.414062,2026-09-26T07:00:00Z,nodd,nodd
2026-09-26,omaha-ne,urma,02,2026-09-26T07:00:00Z,289.78,4.17,7.52,3.0,2026-09-26T08:00:00Z,nodd,nodd
2026-09-26,omaha-ne,urma,03,2026-09-26T08:00:00Z,289.95,4.51,7.6,4.78125,2026-09-26T09:00:00Z,nodd,nodd
2026-09-26,omaha-ne,urma,04,2026-09-26T09:00:00Z,290.07,5.0,8.5,3.875,2026-09-26T10:00:00Z,nodd,nodd
2026-09-26,omaha-ne,urma,05,2026-09-26T10:00:00Z,290.18,5.51,7.79,0.0,2026-09-26T11:00:00Z,nodd,nodd
2026-09-26,omaha-ne,urma,06,2026-09-26T11:00:00Z,290.31,3.92,5.38,0.0,2026-09-26T12:00:00Z,nodd,nodd
2026-09-26,omaha-ne,urma,07,2026-09-26T12:00:00Z,290.62,4.46,8.49,0.0,2026-09-26T13:00:00Z,nodd,nodd
2026-09-26,omaha-ne,urma,08,2026-09-26T13:00:00Z,290.61,4.1,8.08,0.0,2026-09-26T14:00:00Z,nodd,nodd
2026-09-26,omaha-ne,urma,09,2026-09-26T14:00:00Z,290.87,3.39,5.81,0.0,2026-09-26T15:00:00Z,nodd,nodd
2026-09-26,omaha-ne,urma,10,2026-09-26T15:00:00Z,291.47,5.45,8.75,0.0,2026-09-26T16:00:00Z,nodd,nodd
2026-09-26,omaha-ne,urma,11,2026-09-26T16:00:00Z,292.0,4.52,8.57,0.0,2026-09-26T17:00:00Z,nodd,nodd
2026-09-26,omaha-ne,urma,12,2026-09-26T17:00:00Z,293.09,4.38,7.7,0.0,2026-09-26T18:00:00Z,nodd,nodd
2026-09-26,omaha-ne,urma,13,2026-09-26T18:00:00Z,294.63,4.46,6.39,0.0,2026-09-26T19:00:00Z,nodd,nodd
2026-09-26,omaha-ne,urma,14,2026-09-26T19:00:00Z,295.61,4.22,7.25,0.0,2026-09-26T20:00:00Z,nodd,nodd
2026-09-26,omaha-ne,urma,15,2026-09-26T20:00:00Z,296.87,3.64,7.15,0.0,2026-09-26T21:00:00Z,nodd,nodd
2026-09-26,omaha-ne,urma,16,2026-09-26T21:00:00Z,297.43,3.98,4.63,0.0,2026-09-26T22:00:00Z,nodd,nodd
2026-09-26,omaha-ne,urma,17,2026-09-26T22:00:00Z,296.63,5.33,7.7,0.0,2026-09-26T23:00:00Z,nodd,nodd
2026-09-26,omaha-ne,urma,18,2026-09-26T23:00:00Z,295.27,5.11,9.74,0.0,2026-09-27T00:00:00Z,nodd,nodd
2026-09-26,omaha-ne,urma,19,2026-09-27T00:00:00Z,294.31,4.37,9.37,0.0,2026-09-27T01:00:00Z,nodd,nodd
2026-09-26,omaha-ne,urma,20,2026-09-27T01:00:00Z,293.4,3.35,4.56,0.0,2026-09-27T02:00:00Z,nodd,nodd
2026-09-26,omaha-ne,urma,21,2026-09-27T02:00:00Z,293.24,4.02,6.29,0.0,2026-09-27T03:00:00Z,nodd,nodd
2026-09-26,omaha-ne,urma,22,2026-09-27T03:00:00Z,292.63,2.69,5.44,0.0,2026-09-27T04:00:00Z,nodd,nodd
2026-09-26,omaha-ne,urma,23,2026-09-27T04:00:00Z,291.63,1.66,4.05,0.0,2026-09-27T05:00:00Z,nodd,nodd
2026-09-26,new-orleans-la,rtma,00,2026-09-26T05:00:00Z,297.17,0.87,4.81,0.0,2026-09-26T06:00:00Z,nodd,nodd
2026-09-26,new-orleans-la,rtma,01,2026-09-26T06:00:00Z,296.94,0.34,2.99,0.0,2026-09-26T07:00:00Z,nodd,nodd
2026-09-26,new-orleans-la,rtma,02,2026-09-26T07:00:00Z,296.47,0.76,1.86,0.0,2026-09-26T08:00:00Z,nodd,nodd
2026-09-26,new-orleans-la,rtma,03,2026-09-26T08:00:00Z,295.83,0.59,0.59,0.0,2026-09-26T09:00:00Z,nodd,nodd
2026-09-26,new-orleans-la,rtma,04,2026-09-26T09:00:00Z,295.58,0.53,1.19,0.0,2026-09-26T10:00:00Z,nodd,nodd
2026-09-26,new-orleans-la,rtma,05,2026-09-26T10:00:00Z,295.42,0.27,0.7,0.0,2026-09-26T11:00:00Z,nodd,nodd
2026-09-26,new-orleans-la,rtma,06,2026-09-26T11:00:00Z,295.3,0.0,0.44,0.0,2026-09-26T12:00:00Z,nodd,nodd
2026-09-26,new-orleans-la,rtma,07,2026-09-26T12:00:00Z,294.97,0.0,0.43,0.0,2026-09-26T13:00:00Z,nodd,nodd
2026-09-26,new-orleans-la,rtma,08,2026-09-26T13:00:00Z,297.45,0.0,0.77,0.0,2026-09-26T14:00:00Z,nodd,nodd
2026-09-26,new-orleans-la,rtma,09,2026-09-26T14:00:00Z,299.69,0.03,1.61,0.0,2026-09-26T15:00:00Z,nodd,nodd
2026-09-26,new-orleans-la,rtma,10,2026-09-26T15:00:00Z,301.03,0.58,1.4,0.0,2026-09-26T16:00:00Z,nodd,nodd
2026-09-26,new-orleans-la,rtma,11,2026-09-26T16:00:00Z,301.48,2.39,3.56,0.0,2026-09-26T17:00:00Z,nodd,nodd
2026-09-26,new-orleans-la,rtma,12,2026-09-26T17:00:00Z,301.86,3.12,3.77,0.0,2026-09-26T18:00:00Z,nodd,nodd
2026-09-26,new-orleans-la,rtma,13,2026-09-26T18:00:00Z,302.12,3.67,5.29,0.0,2026-09-26T19:00:00Z,nodd,nodd
2026-09-26,new-orleans-la,rtma,14,2026-09-26T19:00:00Z,302.84,2.77,5.17,0.0,2026-09-26T20:00:00Z,nodd,nodd
2026-09-26,new-orleans-la,rtma,15,2026-09-26T20:00:00Z,303.36,2.85,3.09,0.0,2026-09-26T21:00:00Z,nodd,nodd
2026-09-26,new-orleans-la,rtma,16,2026-09-26T21:00:00Z,303.25,2.14,2.77,0.0,2026-09-26T22:00:00Z,nodd,nodd
2026-09-26,new-orleans-la,rtma,17,2026-09-26T22:00:00Z,303.17,2.32,2.32,0.0,2026-09-26T23:00:00Z,nodd,nodd
2026-09-26,new-orleans-la,rtma,18,2026-09-26T23:00:00Z,302.4,2.01,2.01,0.0,2026-09-27T00:00:00Z,nodd,nodd
2026-09-26,new-orleans-la,rtma,19,2026-09-27T00:00:00Z,301.09,0.23,0.43,0.0,2026-09-27T01:00:00Z,nodd,nodd
2026-09-26,new-orleans-la,rtma,20,2026-09-27T01:00:00Z,299.98,1.27,1.66,0.0,2026-09-27T02:00:00Z,nodd,nodd
2026-09-26,new-orleans-la,rtma,21,2026-09-27T02:00:00Z,299.21,1.41,1.41,0.0,2026-09-27T03:00:00Z,nodd,nodd
2026-09-26,new-orleans-la,rtma,22,2026-09-27T03:00:00Z,298.71,1.12,2.5,0.0,2026-09-27T04:00:00Z,nodd,nodd
2026-09-26,new-orleans-la,rtma,23,2026-09-27T04:00:00Z,298.48,1.36,3.29,0.0,2026-09-27T05:00:00Z,nodd,nodd
2026-09-26,new-orleans-la,urma,00,2026-09-26T05:00:00Z,297.2,0.86,4.21,0.0,2026-09-26T06:00:00Z,nodd,nodd
2026-09-26,new-orleans-la,urma,01,2026-09-26T06:00:00Z,296.96,0.38,2.8,0.0,2026-09-26T07:00:00Z,nodd,nodd
2026-09-26,new-orleans-la,urma,02,2026-09-26T07:00:00Z,296.39,0.83,1.69,0.0,2026-09-26T08:00:00Z,nodd,nodd
2026-09-26,new-orleans-la,urma,03,2026-09-26T08:00:00Z,295.85,0.65,1.01,0.0,2026-09-26T09:00:00Z,nodd,nodd
2026-09-26,new-orleans-la,urma,04,2026-09-26T09:00:00Z,295.6,0.52,1.5,0.0,2026-09-26T10:00:00Z,nodd,nodd
2026-09-26,new-orleans-la,urma,05,2026-09-26T10:00:00Z,295.46,0.24,0.67,0.0,2026-09-26T11:00:00Z,nodd,nodd
2026-09-26,new-orleans-la,urma,06,2026-09-26T11:00:00Z,295.36,0.01,0.81,0.0,2026-09-26T12:00:00Z,nodd,nodd
2026-09-26,new-orleans-la,urma,07,2026-09-26T12:00:00Z,295.0,0.0,0.46,0.0,2026-09-26T13:00:00Z,nodd,nodd
2026-09-26,new-orleans-la,urma,08,2026-09-26T13:00:00Z,297.55,0.0,0.85,0.0,2026-09-26T14:00:00Z,nodd,nodd
2026-09-26,new-orleans-la,urma,09,2026-09-26T14:00:00Z,299.78,0.04,1.13,0.0,2026-09-26T15:00:00Z,nodd,nodd
2026-09-26,new-orleans-la,urma,10,2026-09-26T15:00:00Z,301.03,0.96,1.88,0.0,2026-09-26T16:00:00Z,nodd,nodd
2026-09-26,new-orleans-la,urma,11,2026-09-26T16:00:00Z,301.48,2.52,3.18,0.0,2026-09-26T17:00:00Z,nodd,nodd
2026-09-26,new-orleans-la,urma,12,2026-09-26T17:00:00Z,301.82,3.25,3.99,0.0,2026-09-26T18:00:00Z,nodd,nodd
2026-09-26,new-orleans-la,urma,13,2026-09-26T18:00:00Z,302.07,3.66,4.65,0.0,2026-09-26T19:00:00Z,nodd,nodd
2026-09-26,new-orleans-la,urma,14,2026-09-26T19:00:00Z,302.96,2.73,5.34,0.0,2026-09-26T20:00:00Z,nodd,nodd
2026-09-26,new-orleans-la,urma,15,2026-09-26T20:00:00Z,303.37,2.88,3.14,0.0,2026-09-26T21:00:00Z,nodd,nodd
2026-09-26,new-orleans-la,urma,16,2026-09-26T21:00:00Z,303.21,2.19,2.58,0.0,2026-09-26T22:00:00Z,nodd,nodd
2026-09-26,new-orleans-la,urma,17,2026-09-26T22:00:00Z,303.12,2.36,2.36,0.0,2026-09-26T23:00:00Z,nodd,nodd
2026-09-26,new-orleans-la,urma,18,2026-09-26T23:00:00Z,302.39,2.06,2.06,0.0,2026-09-27T00:00:00Z,nodd,nodd
2026-09-26,new-orleans-la,urma,19,2026-09-27T00:00:00Z,301.12,0.14,0.73,0.0,2026-09-27T01:00:00Z,nodd,nodd
2026-09-26,new-orleans-la,urma,20,2026-09-27T01:00:00Z,300.1,1.25,1.65,0.0,2026-09-27T02:00:00Z,nodd,nodd
2026-09-26,new-orleans-la,urma,21,2026-09-27T02:00:00Z,299.29,1.43,1.43,0.0,2026-09-27T03:00:00Z,nodd,nodd
2026-09-26,new-orleans-la,urma,22,2026-09-27T03:00:00Z,298.72,1.21,2.68,0.0,2026-09-27T04:00:00Z,nodd,nodd
2026-09-26,new-orleans-la,urma,23,2026-09-27T04:00:00Z,298.52,1.33,3.1,0.0,2026-09-27T05:00:00Z,nodd,nodd
2026-09-26,albuquerque-nm,rtma,00,2026-09-26T06:00:00Z,289.84,1.24,1.25,0.0,2026-09-26T07:00:00Z,nodd,nodd
2026-09-26,albuquerque-nm,rtma,01,2026-09-26T07:00:00Z,289.84,1.78,2.66,0.0,2026-09-26T08:00:00Z,nodd,nodd
2026-09-26,albuquerque-nm,rtma,02,2026-09-26T08:00:00Z,289.05,2.17,2.17,0.0,2026-09-26T09:00:00Z,nodd,nodd
2026-09-26,albuquerque-nm,rtma,03,2026-09-26T09:00:00Z,288.43,0.19,2.1,0.0,2026-09-26T10:00:00Z,nodd,nodd
2026-09-26,albuquerque-nm,rtma,04,2026-09-26T10:00:00Z,287.88,0.36,1.27,0.0,2026-09-26T11:00:00Z,nodd,nodd
2026-09-26,albuquerque-nm,rtma,05,2026-09-26T11:00:00Z,287.08,1.91,1.91,0.0,2026-09-26T12:00:00Z,nodd,nodd
2026-09-26,albuquerque-nm,rtma,06,2026-09-26T12:00:00Z,286.99,1.65,2.48,0.0,2026-09-26T13:00:00Z,nodd,nodd
2026-09-26,albuquerque-nm,rtma,07,2026-09-26T13:00:00Z,286.54,2.1,2.7,0.0,2026-09-26T14:00:00Z,nodd,nodd
2026-09-26,albuquerque-nm,rtma,08,2026-09-26T14:00:00Z,287.35,2.68,3.45,0.0,2026-09-26T15:00:00Z,nodd,nodd
2026-09-26,albuquerque-nm,rtma,09,2026-09-26T15:00:00Z,289.46,2.19,3.34,0.0,2026-09-26T16:00:00Z,nodd,nodd
2026-09-26,albuquerque-nm,rtma,10,2026-09-26T16:00:00Z,292.2,0.09,2.93,0.0,2026-09-26T17:00:00Z,nodd,nodd
2026-09-26,albuquerque-nm,rtma,11,2026-09-26T17:00:00Z,295.06,0.0,2.16,0.0,2026-09-26T18:00:00Z,nodd,nodd
2026-09-26,albuquerque-nm,rtma,12,2026-09-26T18:00:00Z,296.94,0.0,1.79,0.0,2026-09-26T19:00:00Z,nodd,nodd
2026-09-26,albuquerque-nm,rtma,13,2026-09-26T19:00:00Z,298.62,0.4,2.11,0.0,2026-09-26T20:00:00Z,nodd,nodd
2026-09-26,albuquerque-nm,rtma,14,2026-09-26T20:00:00Z,299.47,0.0,2.31,0.0,2026-09-26T21:00:00Z,nodd,nodd
2026-09-26,albuquerque-nm,rtma,15,2026-09-26T21:00:00Z,300.3,1.23,2.79,0.0,2026-09-26T22:00:00Z,nodd,nodd
2026-09-26,albuquerque-nm,rtma,16,2026-09-26T22:00:00Z,299.7,2.07,2.61,0.0,2026-09-26T23:00:00Z,nodd,nodd
2026-09-26,albuquerque-nm,rtma,17,2026-09-26T23:00:00Z,299.97,2.18,3.79,0.0,2026-09-27T00:00:00Z,nodd,nodd
2026-09-26,albuquerque-nm,rtma,18,2026-09-27T00:00:00Z,299.19,2.04,3.13,0.0,2026-09-27T01:00:00Z,nodd,nodd
2026-09-26,albuquerque-nm,rtma,19,2026-09-27T01:00:00Z,297.12,1.7,3.63,0.0,2026-09-27T02:00:00Z,nodd,nodd
2026-09-26,albuquerque-nm,rtma,20,2026-09-27T02:00:00Z,294.15,1.2,2.47,0.0,2026-09-27T03:00:00Z,nodd,nodd
2026-09-26,albuquerque-nm,rtma,21,2026-09-27T03:00:00Z,292.09,1.36,2.48,0.0,2026-09-27T04:00:00Z,nodd,nodd
2026-09-26,albuquerque-nm,rtma,22,2026-09-27T04:00:00Z,290.66,1.06,2.56,0.0,2026-09-27T05:00:00Z,nodd,nodd
2026-09-26,albuquerque-nm,rtma,23,2026-09-27T05:00:00Z,289.12,0.0,0.74,0.0,2026-09-27T06:00:00Z,nodd,nodd
2026-09-26,albuquerque-nm,urma,00,2026-09-26T06:00:00Z,289.94,1.15,1.35,0.0,2026-09-26T07:00:00Z,nodd,nodd
2026-09-26,albuquerque-nm,urma,01,2026-09-26T07:00:00Z,289.44,1.73,2.71,0.0,2026-09-26T08:00:00Z,nodd,nodd
2026-09-26,albuquerque-nm,urma,02,2026-09-26T08:00:00Z,289.13,2.11,2.11,0.0,2026-09-26T09:00:00Z,nodd,nodd
2026-09-26,albuquerque-nm,urma,03,2026-09-26T09:00:00Z,288.6,0.34,2.14,0.0,2026-09-26T10:00:00Z,nodd,nodd
2026-09-26,albuquerque-nm,urma,04,2026-09-26T10:00:00Z,287.97,0.27,1.33,0.0,2026-09-26T11:00:00Z,nodd,nodd
2026-09-26,albuquerque-nm,urma,05,2026-09-26T11:00:00Z,287.14,1.33,1.33,0.0,2026-09-26T12:00:00Z,nodd,nodd
2026-09-26,albuquerque-nm,urma,06,2026-09-26T12:00:00Z,287.11,1.63,2.53,0.0,2026-09-26T13:00:00Z,nodd,nodd
2026-09-26,albuquerque-nm,urma,07,2026-09-26T13:00:00Z,286.93,1.89,2.7,0.0,2026-09-26T14:00:00Z,nodd,nodd
2026-09-26,albuquerque-nm,urma,08,2026-09-26T14:00:00Z,287.41,2.83,3.46,0.0,2026-09-26T15:00:00Z,nodd,nodd
2026-09-26,albuquerque-nm,urma,09,2026-09-26T15:00:00Z,289.55,2.42,3.33,0.0,2026-09-26T16:00:00Z,nodd,nodd
2026-09-26,albuquerque-nm,urma,10,2026-09-26T16:00:00Z,292.17,0.05,2.87,0.0,2026-09-26T17:00:00Z,nodd,nodd
2026-09-26,albuquerque-nm,urma,11,2026-09-26T17:00:00Z,295.1,0.0,2.19,0.0,2026-09-26T18:00:00Z,nodd,nodd
2026-09-26,albuquerque-nm,urma,12,2026-09-26T18:00:00Z,296.94,0.0,1.83,0.0,2026-09-26T19:00:00Z,nodd,nodd
2026-09-26,albuquerque-nm,urma,13,2026-09-26T19:00:00Z,298.56,0.42,2.3,0.0,2026-09-26T20:00:00Z,nodd,nodd
2026-09-26,albuquerque-nm,urma,14,2026-09-26T20:00:00Z,299.45,0.06,2.31,0.0,2026-09-26T21:00:00Z,nodd,nodd
2026-09-26,albuquerque-nm,urma,15,2026-09-26T21:00:00Z,300.25,1.08,2.74,0.0,2026-09-26T22:00:00Z,nodd,nodd
2026-09-26,albuquerque-nm,urma,16,2026-09-26T22:00:00Z,299.66,2.09,2.69,0.0,2026-09-26T23:00:00Z,nodd,nodd
2026-09-26,albuquerque-nm,urma,17,2026-09-26T23:00:00Z,299.99,2.17,3.99,0.0,2026-09-27T00:00:00Z,nodd,nodd
2026-09-26,albuquerque-nm,urma,18,2026-09-27T00:00:00Z,299.18,2.02,3.15,0.0,2026-09-27T01:00:00Z,nodd,nodd
2026-09-26,albuquerque-nm,urma,19,2026-09-27T01:00:00Z,296.98,1.63,3.61,0.0,2026-09-27T02:00:00Z,nodd,nodd
2026-09-26,albuquerque-nm,urma,20,2026-09-27T02:00:00Z,294.06,1.25,2.45,0.0,2026-09-27T03:00:00Z,nodd,nodd
2026-09-26,albuquerque-nm,urma,21,2026-09-27T03:00:00Z,292.12,1.73,2.52,0.0,2026-09-27T04:00:00Z,nodd,nodd
2026-09-26,albuquerque-nm,urma,22,2026-09-27T04:00:00Z,290.62,0.87,2.56,0.0,2026-09-27T05:00:00Z,nodd,nodd
2026-09-26,albuquerque-nm,urma,23,2026-09-27T05:00:00Z,289.37,0.04,0.79,0.0,2026-09-27T06:00:00Z,nodd,nodd
2026-09-26,charleston-sc,rtma,00,2026-09-26T04:00:00Z,289.37,1.45,4.09,0.0,2026-09-26T05:00:00Z,nodd,nodd
2026-09-26,charleston-sc,rtma,01,2026-09-26T05:00:00Z,288.74,1.14,1.77,0.0,2026-09-26T06:00:00Z,nodd,nodd
2026-09-26,charleston-sc,rtma,02,2026-09-26T06:00:00Z,288.84,1.17,2.85,0.0,2026-09-26T07:00:00Z,nodd,nodd
2026-09-26,charleston-sc,rtma,03,2026-09-26T07:00:00Z,289.01,2.11,3.51,0.0,2026-09-26T08:00:00Z,nodd,nodd
2026-09-26,charleston-sc,rtma,04,2026-09-26T08:00:00Z,288.91,2.43,3.32,0.0,2026-09-26T09:00:00Z,nodd,nodd
2026-09-26,charleston-sc,rtma,05,2026-09-26T09:00:00Z,288.26,1.54,3.49,0.0,2026-09-26T10:00:00Z,nodd,nodd
2026-09-26,charleston-sc,rtma,06,2026-09-26T10:00:00Z,287.83,2.24,4.06,0.0,2026-09-26T11:00:00Z,nodd,nodd
2026-09-26,charleston-sc,rtma,07,2026-09-26T11:00:00Z,287.66,2.13,3.94,0.0,2026-09-26T12:00:00Z,nodd,nodd
2026-09-26,charleston-sc,rtma,08,2026-09-26T12:00:00Z,287.86,3.45,5.64,0.0,2026-09-26T13:00:00Z,nodd,nodd
2026-09-26,charleston-sc,rtma,09,2026-09-26T13:00:00Z,290.3,3.59,6.96,0.0,2026-09-26T14:00:00Z,nodd,nodd
2026-09-26,charleston-sc,rtma,10,2026-09-26T14:00:00Z,292.88,3.4,5.72,0.0,2026-09-26T15:00:00Z,nodd,nodd
2026-09-26,charleston-sc,rtma,11,2026-09-26T15:00:00Z,294.89,4.29,6.29,0.0,2026-09-26T16:00:00Z,nodd,nodd
2026-09-26,charleston-sc,rtma,12,2026-09-26T16:00:00Z,296.3,4.86,7.11,0.0,2026-09-26T17:00:00Z,nodd,nodd
2026-09-26,charleston-sc,rtma,13,2026-09-26T17:00:00Z,297.4,4.69,7.7,0.0,2026-09-26T18:00:00Z,nodd,nodd
2026-09-26,charleston-sc,rtma,14,2026-09-26T18:00:00Z,298.41,3.91,5.85,0.0,2026-09-26T19:00:00Z,nodd,nodd
2026-09-26,charleston-sc,rtma,15,2026-09-26T19:00:00Z,299.21,3.86,6.25,0.0,2026-09-26T20:00:00Z,nodd,nodd
2026-09-26,charleston-sc,rtma,16,2026-09-26T20:00:00Z,299.45,3.65,6.76,0.0,2026-09-26T21:00:00Z,nodd,nodd
2026-09-26,charleston-sc,rtma,17,2026-09-26T21:00:00Z,299.48,4.39,6.31,0.0,2026-09-26T22:00:00Z,nodd,nodd
2026-09-26,charleston-sc,rtma,18,2026-09-26T22:00:00Z,299.13,3.61,6.2,0.0,2026-09-26T23:00:00Z,nodd,nodd
2026-09-26,charleston-sc,rtma,19,2026-09-26T23:00:00Z,297.34,1.16,2.92,0.0,2026-09-27T00:00:00Z,nodd,nodd
2026-09-26,charleston-sc,rtma,20,2026-09-27T00:00:00Z,294.46,0.69,2.05,0.0,2026-09-27T01:00:00Z,nodd,nodd
2026-09-26,charleston-sc,rtma,21,2026-09-27T01:00:00Z,292.3,1.06,1.19,0.0,2026-09-27T02:00:00Z,nodd,nodd
2026-09-26,charleston-sc,rtma,22,2026-09-27T02:00:00Z,291.27,0.32,1.81,0.0,2026-09-27T03:00:00Z,nodd,nodd
2026-09-26,charleston-sc,rtma,23,2026-09-27T03:00:00Z,290.43,0.78,2.46,0.0,2026-09-27T04:00:00Z,nodd,nodd
2026-09-26,charleston-sc,urma,00,2026-09-26T04:00:00Z,289.28,1.33,4.2,0.0,2026-09-26T05:00:00Z,nodd,nodd
2026-09-26,charleston-sc,urma,01,2026-09-26T05:00:00Z,288.66,1.17,2.59,0.0,2026-09-26T06:00:00Z,nodd,nodd
2026-09-26,charleston-sc,urma,02,2026-09-26T06:00:00Z,288.66,1.24,3.71,0.0,2026-09-26T07:00:00Z,nodd,nodd
2026-09-26,charleston-sc,urma,03,2026-09-26T07:00:00Z,289.11,2.21,3.94,0.0,2026-09-26T08:00:00Z,nodd,nodd
2026-09-26,charleston-sc,urma,04,2026-09-26T08:00:00Z,288.82,2.47,4.35,0.0,2026-09-26T09:00:00Z,nodd,nodd
2026-09-26,charleston-sc,urma,05,2026-09-26T09:00:00Z,288.22,1.75,3.3,0.0,2026-09-26T10:00:00Z,nodd,nodd
2026-09-26,charleston-sc,urma,06,2026-09-26T10:00:00Z,287.76,2.48,4.83,0.0,2026-09-26T11:00:00Z,nodd,nodd
2026-09-26,charleston-sc,urma,07,2026-09-26T11:00:00Z,287.59,2.27,5.11,0.0,2026-09-26T12:00:00Z,nodd,nodd
2026-09-26,charleston-sc,urma,08,2026-09-26T12:00:00Z,287.86,3.59,6.28,0.0,2026-09-26T13:00:00Z,nodd,nodd
2026-09-26,charleston-sc,urma,09,2026-09-26T13:00:00Z,290.37,3.56,7.82,0.0,2026-09-26T14:00:00Z,nodd,nodd
2026-09-26,charleston-sc,urma,10,2026-09-26T14:00:00Z,292.84,3.58,5.86,0.0,2026-09-26T15:00:00Z,nodd,nodd
2026-09-26,charleston-sc,urma,11,2026-09-26T15:00:00Z,294.98,4.38,6.36,0.0,2026-09-26T16:00:00Z,nodd,nodd
2026-09-26,charleston-sc,urma,12,2026-09-26T16:00:00Z,296.34,4.89,7.6,0.0,2026-09-26T17:00:00Z,nodd,nodd
2026-09-26,charleston-sc,urma,13,2026-09-26T17:00:00Z,297.45,4.6,7.51,0.0,2026-09-26T18:00:00Z,nodd,nodd
2026-09-26,charleston-sc,urma,14,2026-09-26T18:00:00Z,298.44,3.98,6.06,0.0,2026-09-26T19:00:00Z,nodd,nodd
2026-09-26,charleston-sc,urma,15,2026-09-26T19:00:00Z,299.1,3.73,6.6,0.0,2026-09-26T20:00:00Z,nodd,nodd
2026-09-26,charleston-sc,urma,16,2026-09-26T20:00:00Z,299.54,3.9,7.07,0.0,2026-09-26T21:00:00Z,nodd,nodd
2026-09-26,charleston-sc,urma,17,2026-09-26T21:00:00Z,299.56,4.6,6.53,0.0,2026-09-26T22:00:00Z,nodd,nodd
2026-09-26,charleston-sc,urma,18,2026-09-26T22:00:00Z,299.16,3.91,6.71,0.0,2026-09-26T23:00:00Z,nodd,nodd
2026-09-26,charleston-sc,urma,19,2026-09-26T23:00:00Z,297.23,1.13,2.76,0.0,2026-09-27T00:00:00Z,nodd,nodd
2026-09-26,charleston-sc,urma,20,2026-09-27T00:00:00Z,294.07,0.55,2.09,0.0,2026-09-27T01:00:00Z,nodd,nodd
2026-09-26,charleston-sc,urma,21,2026-09-27T01:00:00Z,292.41,1.17,1.52,0.0,2026-09-27T02:00:00Z,nodd,nodd
2026-09-26,charleston-sc,urma,22,2026-09-27T02:00:00Z,291.12,0.27,1.62,0.0,2026-09-27T03:00:00Z,nodd,nodd
2026-09-26,charleston-sc,urma,23,2026-09-27T03:00:00Z,290.13,0.62,2.27,0.0,2026-09-27T04:00:00Z,nodd,nodd
2026-09-26,boise-id,rtma,00,2026-09-26T06:00:00Z,286.84,1.63,2.14,0.0,2026-09-26T07:00:00Z,nodd,nodd
2026-09-26,boise-id,rtma,01,2026-09-26T07:00:00Z,286.49,2.28,2.9,0.0,2026-09-26T08:00:00Z,nodd,nodd
2026-09-26,boise-id,rtma,02,2026-09-26T08:00:00Z,286.09,1.7,3.38,0.0,2026-09-26T09:00:00Z,nodd,nodd
2026-09-26,boise-id,rtma,03,2026-09-26T09:00:00Z,284.75,0.7,3.1,0.0,2026-09-26T10:00:00Z,nodd,nodd
2026-09-26,boise-id,rtma,04,2026-09-26T10:00:00Z,283.04,0.0,2.2,0.0,2026-09-26T11:00:00Z,nodd,nodd
2026-09-26,boise-id,rtma,05,2026-09-26T11:00:00Z,282.41,1.63,1.63,0.0,2026-09-26T12:00:00Z,nodd,nodd
2026-09-26,boise-id,rtma,06,2026-09-26T12:00:00Z,281.21,0.81,1.61,0.0,2026-09-26T13:00:00Z,nodd,nodd
2026-09-26,boise-id,rtma,07,2026-09-26T13:00:00Z,280.5,1.2,1.2,0.0,2026-09-26T14:00:00Z,nodd,nodd
2026-09-26,boise-id,rtma,08,2026-09-26T14:00:00Z,280.29,0.36,0.57,0.0,2026-09-26T15:00:00Z,nodd,nodd
2026-09-26,boise-id,rtma,09,2026-09-26T15:00:00Z,281.49,0.37,0.61,0.0,2026-09-26T16:00:00Z,nodd,nodd
2026-09-26,boise-id,rtma,10,2026-09-26T16:00:00Z,283.85,1.35,1.35,0.0,2026-09-26T17:00:00Z,nodd,nodd
2026-09-26,boise-id,rtma,11,2026-09-26T17:00:00Z,285.37,1.15,2.55,0.0,2026-09-26T18:00:00Z,nodd,nodd
2026-09-26,boise-id,rtma,12,2026-09-26T18:00:00Z,286.75,2.69,3.69,0.0,2026-09-26T19:00:00Z,nodd,nodd
2026-09-26,boise-id,rtma,13,2026-09-26T19:00:00Z,288.71,2.78,4.7,0.0,2026-09-26T20:00:00Z,nodd,nodd
2026-09-26,boise-id,rtma,14,2026-09-26T20:00:00Z,291.13,3.03,7.58,0.0,2026-09-26T21:00:00Z,nodd,nodd
2026-09-26,boise-id,rtma,15,2026-09-26T21:00:00Z,292.94,3.43,7.2,0.0,2026-09-26T22:00:00Z,nodd,nodd
2026-09-26,boise-id,rtma,16,2026-09-26T22:00:00Z,293.97,3.55,7.68,0.0,2026-09-26T23:00:00Z,nodd,nodd
2026-09-26,boise-id,rtma,17,2026-09-26T23:00:00Z,294.41,3.0,8.0,0.0,2026-09-27T00:00:00Z,nodd,nodd
2026-09-26,boise-id,rtma,18,2026-09-27T00:00:00Z,294.23,3.91,8.45,0.0,2026-09-27T01:00:00Z,nodd,nodd
2026-09-26,boise-id,rtma,19,2026-09-27T01:00:00Z,292.98,3.24,6.7,0.0,2026-09-27T02:00:00Z,nodd,nodd
2026-09-26,boise-id,rtma,20,2026-09-27T02:00:00Z,291.11,2.43,4.78,0.0,2026-09-27T03:00:00Z,nodd,nodd
2026-09-26,boise-id,rtma,21,2026-09-27T03:00:00Z,289.2,1.84,3.79,0.0,2026-09-27T04:00:00Z,nodd,nodd
2026-09-26,boise-id,rtma,22,2026-09-27T04:00:00Z,287.24,0.52,2.05,0.0,2026-09-27T05:00:00Z,nodd,nodd
2026-09-26,boise-id,rtma,23,2026-09-27T05:00:00Z,286.54,0.22,0.95,0.0,2026-09-27T06:00:00Z,nodd,nodd
2026-09-26,boise-id,urma,00,2026-09-26T06:00:00Z,286.75,1.39,1.82,0.0,2026-09-26T07:00:00Z,nodd,nodd
2026-09-26,boise-id,urma,01,2026-09-26T07:00:00Z,286.95,1.92,2.77,0.0,2026-09-26T08:00:00Z,nodd,nodd
2026-09-26,boise-id,urma,02,2026-09-26T08:00:00Z,286.14,1.72,3.0,0.0,2026-09-26T09:00:00Z,nodd,nodd
2026-09-26,boise-id,urma,03,2026-09-26T09:00:00Z,284.67,0.55,2.53,0.0,2026-09-26T10:00:00Z,nodd,nodd
2026-09-26,boise-id,urma,04,2026-09-26T10:00:00Z,283.08,0.0,1.41,0.0,2026-09-26T11:00:00Z,nodd,nodd
2026-09-26,boise-id,urma,05,2026-09-26T11:00:00Z,282.32,1.61,1.61,0.0,2026-09-26T12:00:00Z,nodd,nodd
2026-09-26,boise-id,urma,06,2026-09-26T12:00:00Z,281.18,0.55,0.77,0.0,2026-09-26T13:00:00Z,nodd,nodd
2026-09-26,boise-id,urma,07,2026-09-26T13:00:00Z,281.12,1.08,1.08,0.0,2026-09-26T14:00:00Z,nodd,nodd
2026-09-26,boise-id,urma,08,2026-09-26T14:00:00Z,280.37,0.42,0.42,0.0,2026-09-26T15:00:00Z,nodd,nodd
2026-09-26,boise-id,urma,09,2026-09-26T15:00:00Z,281.48,0.32,0.4,0.0,2026-09-26T16:00:00Z,nodd,nodd
2026-09-26,boise-id,urma,10,2026-09-26T16:00:00Z,283.94,1.28,1.85,0.0,2026-09-26T17:00:00Z,nodd,nodd
2026-09-26,boise-id,urma,11,2026-09-26T17:00:00Z,285.27,1.08,2.94,0.0,2026-09-26T18:00:00Z,nodd,nodd
2026-09-26,boise-id,urma,12,2026-09-26T18:00:00Z,286.65,2.39,4.11,0.0,2026-09-26T19:00:00Z,nodd,nodd
2026-09-26,boise-id,urma,13,2026-09-26T19:00:00Z,288.49,2.95,6.28,0.0,2026-09-26T20:00:00Z,nodd,nodd
2026-09-26,boise-id,urma,14,2026-09-26T20:00:00Z,291.26,2.6,6.81,0.0,2026-09-26T21:00:00Z,nodd,nodd
2026-09-26,boise-id,urma,15,2026-09-26T21:00:00Z,292.94,3.06,6.77,0.0,2026-09-26T22:00:00Z,nodd,nodd
2026-09-26,boise-id,urma,16,2026-09-26T22:00:00Z,293.98,3.26,7.07,0.0,2026-09-26T23:00:00Z,nodd,nodd
2026-09-26,boise-id,urma,17,2026-09-26T23:00:00Z,294.49,3.09,7.34,0.0,2026-09-27T00:00:00Z,nodd,nodd
2026-09-26,boise-id,urma,18,2026-09-27T00:00:00Z,294.15,3.56,7.43,0.0,2026-09-27T01:00:00Z,nodd,nodd
2026-09-26,boise-id,urma,19,2026-09-27T01:00:00Z,293.31,3.21,5.15,0.0,2026-09-27T02:00:00Z,nodd,nodd
2026-09-26,boise-id,urma,20,2026-09-27T02:00:00Z,291.14,2.33,3.93,0.0,2026-09-27T03:00:00Z,nodd,nodd
2026-09-26,boise-id,urma,21,2026-09-27T03:00:00Z,289.21,1.87,4.57,0.0,2026-09-27T04:00:00Z,nodd,nodd
2026-09-26,boise-id,urma,22,2026-09-27T04:00:00Z,287.1,0.7,1.65,0.0,2026-09-27T05:00:00Z,nodd,nodd
2026-09-26,boise-id,urma,23,2026-09-27T05:00:00Z,286.35,0.27,0.29,0.0,2026-09-27T06:00:00Z,nodd,nodd
2026-09-26,little-rock-ar,rtma,00,2026-09-26T05:00:00Z,295.04,1.69,3.34,0.0,2026-09-26T06:00:00Z,nodd,nodd
2026-09-26,little-rock-ar,rtma,01,2026-09-26T06:00:00Z,293.93,1.39,3.16,0.0,2026-09-26T07:00:00Z,nodd,nodd
2026-09-26,little-rock-ar,rtma,02,2026-09-26T07:00:00Z,293.27,1.47,3.08,0.0,2026-09-26T08:00:00Z,nodd,nodd
2026-09-26,little-rock-ar,rtma,03,2026-09-26T08:00:00Z,292.88,1.34,2.2,0.0,2026-09-26T09:00:00Z,nodd,nodd
2026-09-26,little-rock-ar,rtma,04,2026-09-26T09:00:00Z,292.19,1.01,1.75,0.0,2026-09-26T10:00:00Z,nodd,nodd
2026-09-26,little-rock-ar,rtma,05,2026-09-26T10:00:00Z,291.61,0.42,1.73,0.0,2026-09-26T11:00:00Z,nodd,nodd
2026-09-26,little-rock-ar,rtma,06,2026-09-26T11:00:00Z,291.37,1.82,1.82,0.0,2026-09-26T12:00:00Z,nodd,nodd
2026-09-26,little-rock-ar,rtma,07,2026-09-26T12:00:00Z,290.86,1.68,1.68,0.0,2026-09-26T13:00:00Z,nodd,nodd
2026-09-26,little-rock-ar,rtma,08,2026-09-26T13:00:00Z,292.01,1.2,3.09,0.0,2026-09-26T14:00:00Z,nodd,nodd
2026-09-26,little-rock-ar,rtma,09,2026-09-26T14:00:00Z,294.35,1.8,2.04,0.0,2026-09-26T15:00:00Z,nodd,nodd
2026-09-26,little-rock-ar,rtma,10,2026-09-26T15:00:00Z,296.37,1.06,1.8,0.0,2026-09-26T16:00:00Z,nodd,nodd
2026-09-26,little-rock-ar,rtma,11,2026-09-26T16:00:00Z,298.92,0.81,1.22,0.0,2026-09-26T17:00:00Z,nodd,nodd
2026-09-26,little-rock-ar,rtma,12,2026-09-26T17:00:00Z,300.59,0.38,2.2,0.0,2026-09-26T18:00:00Z,nodd,nodd
2026-09-26,little-rock-ar,rtma,13,2026-09-26T18:00:00Z,302.06,1.14,2.83,0.0,2026-09-26T19:00:00Z,nodd,nodd
2026-09-26,little-rock-ar,rtma,14,2026-09-26T19:00:00Z,302.9,0.84,2.33,0.0,2026-09-26T20:00:00Z,nodd,nodd
2026-09-26,little-rock-ar,rtma,15,2026-09-26T20:00:00Z,303.11,0.93,2.31,0.0,2026-09-26T21:00:00Z,nodd,nodd
2026-09-26,little-rock-ar,rtma,16,2026-09-26T21:00:00Z,303.45,1.54,2.15,0.0,2026-09-26T22:00:00Z,nodd,nodd
2026-09-26,little-rock-ar,rtma,17,2026-09-26T22:00:00Z,303.33,1.44,1.77,0.0,2026-09-26T23:00:00Z,nodd,nodd
2026-09-26,little-rock-ar,rtma,18,2026-09-26T23:00:00Z,302.34,2.11,2.84,0.0,2026-09-27T00:00:00Z,nodd,nodd
2026-09-26,little-rock-ar,rtma,19,2026-09-27T00:00:00Z,300.77,3.51,3.56,0.0,2026-09-27T01:00:00Z,nodd,nodd
2026-09-26,little-rock-ar,rtma,20,2026-09-27T01:00:00Z,298.91,3.27,5.34,0.0,2026-09-27T02:00:00Z,nodd,nodd
2026-09-26,little-rock-ar,rtma,21,2026-09-27T02:00:00Z,298.21,2.0,2.6,0.0,2026-09-27T03:00:00Z,nodd,nodd
2026-09-26,little-rock-ar,rtma,22,2026-09-27T03:00:00Z,297.2,2.06,5.52,0.0,2026-09-27T04:00:00Z,nodd,nodd
2026-09-26,little-rock-ar,rtma,23,2026-09-27T04:00:00Z,296.02,1.23,3.48,0.0,2026-09-27T05:00:00Z,nodd,nodd
2026-09-26,little-rock-ar,urma,00,2026-09-26T05:00:00Z,295.04,1.58,3.44,0.0,2026-09-26T06:00:00Z,nodd,nodd
2026-09-26,little-rock-ar,urma,01,2026-09-26T06:00:00Z,293.97,1.39,3.2,0.0,2026-09-26T07:00:00Z,nodd,nodd
2026-09-26,little-rock-ar,urma,02,2026-09-26T07:00:00Z,293.64,1.45,3.16,0.0,2026-09-26T08:00:00Z,nodd,nodd
2026-09-26,little-rock-ar,urma,03,2026-09-26T08:00:00Z,292.88,1.34,2.44,0.0,2026-09-26T09:00:00Z,nodd,nodd
2026-09-26,little-rock-ar,urma,04,2026-09-26T09:00:00Z,292.11,0.89,1.45,0.0,2026-09-26T10:00:00Z,nodd,nodd
2026-09-26,little-rock-ar,urma,05,2026-09-26T10:00:00Z,291.55,0.45,1.44,0.0,2026-09-26T11:00:00Z,nodd,nodd
2026-09-26,little-rock-ar,urma,06,2026-09-26T11:00:00Z,291.4,1.83,1.83,0.0,2026-09-26T12:00:00Z,nodd,nodd
2026-09-26,little-rock-ar,urma,07,2026-09-26T12:00:00Z,290.9,1.47,1.47,0.0,2026-09-26T13:00:00Z,nodd,nodd
2026-09-26,little-rock-ar,urma,08,2026-09-26T13:00:00Z,292.4,1.3,2.84,0.0,2026-09-26T14:00:00Z,nodd,nodd
2026-09-26,little-rock-ar,urma,09,2026-09-26T14:00:00Z,294.37,1.88,2.04,0.0,2026-09-26T15:00:00Z,nodd,nodd
2026-09-26,little-rock-ar,urma,10,2026-09-26T15:00:00Z,296.31,1.02,1.8,0.0,2026-09-26T16:00:00Z,nodd,nodd
2026-09-26,little-rock-ar,urma,11,2026-09-26T16:00:00Z,298.98,0.26,1.17,0.0,2026-09-26T17:00:00Z,nodd,nodd
2026-09-26,little-rock-ar,urma,12,2026-09-26T17:00:00Z,300.63,0.41,2.17,0.0,2026-09-26T18:00:00Z,nodd,nodd
2026-09-26,little-rock-ar,urma,13,2026-09-26T18:00:00Z,302.01,1.14,2.79,0.0,2026-09-26T19:00:00Z,nodd,nodd
2026-09-26,little-rock-ar,urma,14,2026-09-26T19:00:00Z,303.06,0.9,2.37,0.0,2026-09-26T20:00:00Z,nodd,nodd
2026-09-26,little-rock-ar,urma,15,2026-09-26T20:00:00Z,303.06,0.99,1.97,0.0,2026-09-26T21:00:00Z,nodd,nodd
2026-09-26,little-rock-ar,urma,16,2026-09-26T21:00:00Z,303.46,1.79,1.88,0.0,2026-09-26T22:00:00Z,nodd,nodd
2026-09-26,little-rock-ar,urma,17,2026-09-26T22:00:00Z,303.28,1.47,1.63,0.0,2026-09-26T23:00:00Z,nodd,nodd
2026-09-26,little-rock-ar,urma,18,2026-09-26T23:00:00Z,302.29,2.16,2.23,0.0,2026-09-27T00:00:00Z,nodd,nodd
2026-09-26,little-rock-ar,urma,19,2026-09-27T00:00:00Z,300.69,3.22,3.22,0.0,2026-09-27T01:00:00Z,nodd,nodd
2026-09-26,little-rock-ar,urma,20,2026-09-27T01:00:00Z,299.21,3.34,5.24,0.0,2026-09-27T02:00:00Z,nodd,nodd
2026-09-26,little-rock-ar,urma,21,2026-09-27T02:00:00Z,298.24,1.92,2.73,0.0,2026-09-27T03:00:00Z,nodd,nodd
2026-09-26,little-rock-ar,urma,22,2026-09-27T03:00:00Z,297.17,2.07,5.36,0.0,2026-09-27T04:00:00Z,nodd,nodd
2026-09-26,little-rock-ar,urma,23,2026-09-27T04:00:00Z,296.22,1.4,3.4,0.0,2026-09-27T05:00:00Z,nodd,nodd
2026-09-26,des-moines-ia,rtma,00,2026-09-26T05:00:00Z,290.47,3.09,6.86,0.0,2026-09-26T06:00:00Z,nodd,nodd
2026-09-26,des-moines-ia,rtma,01,2026-09-26T06:00:00Z,290.36,3.86,7.01,0.0,2026-09-26T07:00:00Z,nodd,nodd
2026-09-26,des-moines-ia,rtma,02,2026-09-26T07:00:00Z,290.34,3.62,7.0,0.015625,2026-09-26T08:00:00Z,nodd,nodd
2026-09-26,des-moines-ia,rtma,03,2026-09-26T08:00:00Z,290.14,3.4,6.27,0.21875,2026-09-26T09:00:00Z,nodd,nodd
2026-09-26,des-moines-ia,rtma,04,2026-09-26T09:00:00Z,290.08,3.64,6.75,0.609375,2026-09-26T10:00:00Z,nodd,nodd
2026-09-26,des-moines-ia,rtma,05,2026-09-26T10:00:00Z,290.01,3.15,7.74,0.046875,2026-09-26T11:00:00Z,nodd,nodd
2026-09-26,des-moines-ia,rtma,06,2026-09-26T11:00:00Z,290.08,3.6,7.3,0.8125,2026-09-26T12:00:00Z,nodd,nodd
2026-09-26,des-moines-ia,rtma,07,2026-09-26T12:00:00Z,289.87,3.87,6.71,2.890625,2026-09-26T13:00:00Z,nodd,nodd
2026-09-26,des-moines-ia,rtma,08,2026-09-26T13:00:00Z,289.74,3.39,6.27,0.640625,2026-09-26T14:00:00Z,nodd,nodd
2026-09-26,des-moines-ia,rtma,09,2026-09-26T14:00:00Z,289.7,3.66,6.31,0.453125,2026-09-26T15:00:00Z,nodd,nodd
2026-09-26,des-moines-ia,rtma,10,2026-09-26T15:00:00Z,289.51,3.99,8.1,0.0,2026-09-26T16:00:00Z,nodd,nodd
2026-09-26,des-moines-ia,rtma,11,2026-09-26T16:00:00Z,289.65,4.21,6.1,0.0,2026-09-26T17:00:00Z,nodd,nodd
2026-09-26,des-moines-ia,rtma,12,2026-09-26T17:00:00Z,290.27,4.4,9.07,0.015625,2026-09-26T18:00:00Z,nodd,nodd
2026-09-26,des-moines-ia,rtma,13,2026-09-26T18:00:00Z,291.15,4.83,8.1,0.1875,2026-09-26T19:00:00Z,nodd,nodd
2026-09-26,des-moines-ia,rtma,14,2026-09-26T19:00:00Z,291.52,3.81,6.63,0.0,2026-09-26T20:00:00Z,nodd,nodd
2026-09-26,des-moines-ia,rtma,15,2026-09-26T20:00:00Z,291.95,4.31,9.16,0.015625,2026-09-26T21:00:00Z,nodd,nodd
2026-09-26,des-moines-ia,rtma,16,2026-09-26T21:00:00Z,292.52,3.64,6.96,0.015625,2026-09-26T22:00:00Z,nodd,nodd
2026-09-26,des-moines-ia,rtma,17,2026-09-26T22:00:00Z,292.37,3.74,6.19,0.0,2026-09-26T23:00:00Z,nodd,nodd
2026-09-26,des-moines-ia,rtma,18,2026-09-26T23:00:00Z,291.92,3.48,7.47,0.5,2026-09-27T00:00:00Z,nodd,nodd
2026-09-26,des-moines-ia,rtma,19,2026-09-27T00:00:00Z,291.3,2.72,5.18,0.5625,2026-09-27T01:00:00Z,nodd,nodd
2026-09-26,des-moines-ia,rtma,20,2026-09-27T01:00:00Z,290.75,2.32,4.19,0.0,2026-09-27T02:00:00Z,nodd,nodd
2026-09-26,des-moines-ia,rtma,21,2026-09-27T02:00:00Z,290.25,3.35,5.99,0.34375,2026-09-27T03:00:00Z,nodd,nodd
2026-09-26,des-moines-ia,rtma,22,2026-09-27T03:00:00Z,290.01,2.81,4.8,0.25,2026-09-27T04:00:00Z,nodd,nodd
2026-09-26,des-moines-ia,rtma,23,2026-09-27T04:00:00Z,289.69,2.57,5.8,0.9375,2026-09-27T05:00:00Z,nodd,nodd
2026-09-26,des-moines-ia,urma,00,2026-09-26T05:00:00Z,290.43,3.25,6.76,0.0,2026-09-26T06:00:00Z,nodd,nodd
2026-09-26,des-moines-ia,urma,01,2026-09-26T06:00:00Z,290.29,3.74,6.8,0.0,2026-09-26T07:00:00Z,nodd,nodd
2026-09-26,des-moines-ia,urma,02,2026-09-26T07:00:00Z,290.26,3.64,6.76,0.0,2026-09-26T08:00:00Z,nodd,nodd
2026-09-26,des-moines-ia,urma,03,2026-09-26T08:00:00Z,290.12,3.51,5.71,0.1875,2026-09-26T09:00:00Z,nodd,nodd
2026-09-26,des-moines-ia,urma,04,2026-09-26T09:00:00Z,290.08,3.51,5.98,0.4375,2026-09-26T10:00:00Z,nodd,nodd
2026-09-26,des-moines-ia,urma,05,2026-09-26T10:00:00Z,289.97,3.02,6.62,0.078125,2026-09-26T11:00:00Z,nodd,nodd
2026-09-26,des-moines-ia,urma,06,2026-09-26T11:00:00Z,290.0,3.55,6.26,0.8125,2026-09-26T12:00:00Z,nodd,nodd
2026-09-26,des-moines-ia,urma,07,2026-09-26T12:00:00Z,289.84,4.05,6.75,2.140625,2026-09-26T13:00:00Z,nodd,nodd
2026-09-26,des-moines-ia,urma,08,2026-09-26T13:00:00Z,289.66,3.21,6.55,1.0,2026-09-26T14:00:00Z,nodd,nodd
2026-09-26,des-moines-ia,urma,09,2026-09-26T14:00:00Z,289.73,3.65,6.26,0.703125,2026-09-26T15:00:00Z,nodd,nodd
2026-09-26,des-moines-ia,urma,10,2026-09-26T15:00:00Z,289.59,4.07,7.92,0.0,2026-09-26T16:00:00Z,nodd,nodd
2026-09-26,des-moines-ia,urma,11,2026-09-26T16:00:00Z,289.72,4.17,6.02,0.0,2026-09-26T17:00:00Z,nodd,nodd
2026-09-26,des-moines-ia,urma,12,2026-09-26T17:00:00Z,290.23,4.5,8.94,0.0,2026-09-26T18:00:00Z,nodd,nodd
2026-09-26,des-moines-ia,urma,13,2026-09-26T18:00:00Z,291.18,4.61,7.71,0.125,2026-09-26T19:00:00Z,nodd,nodd
2026-09-26,des-moines-ia,urma,14,2026-09-26T19:00:00Z,291.42,4.08,6.82,0.0,2026-09-26T20:00:00Z,nodd,nodd
2026-09-26,des-moines-ia,urma,15,2026-09-26T20:00:00Z,291.94,4.58,8.86,0.0,2026-09-26T21:00:00Z,nodd,nodd
2026-09-26,des-moines-ia,urma,16,2026-09-26T21:00:00Z,292.48,3.79,7.07,0.0,2026-09-26T22:00:00Z,nodd,nodd
2026-09-26,des-moines-ia,urma,17,2026-09-26T22:00:00Z,292.38,3.42,5.79,0.0,2026-09-26T23:00:00Z,nodd,nodd
2026-09-26,des-moines-ia,urma,18,2026-09-26T23:00:00Z,291.92,3.53,7.18,0.296875,2026-09-27T00:00:00Z,nodd,nodd
2026-09-26,des-moines-ia,urma,19,2026-09-27T00:00:00Z,291.26,2.64,5.17,0.3125,2026-09-27T01:00:00Z,nodd,nodd
2026-09-26,des-moines-ia,urma,20,2026-09-27T01:00:00Z,290.68,2.29,3.38,0.0,2026-09-27T02:00:00Z,nodd,nodd
2026-09-26,des-moines-ia,urma,21,2026-09-27T02:00:00Z,290.32,3.32,5.8,0.1875,2026-09-27T03:00:00Z,nodd,nodd
2026-09-26,des-moines-ia,urma,22,2026-09-27T03:00:00Z,290.07,2.91,4.26,0.125,2026-09-27T04:00:00Z,nodd,nodd
2026-09-26,des-moines-ia,urma,23,2026-09-27T04:00:00Z,289.6,2.29,5.23,0.640625,2026-09-27T05:00:00Z,nodd,nodd
2026-09-26,wichita-ks,rtma,00,2026-09-26T05:00:00Z,293.22,3.98,7.27,0.0,2026-09-26T06:00:00Z,nodd,nodd
2026-09-26,wichita-ks,rtma,01,2026-09-26T06:00:00Z,293.17,3.8,6.11,0.0,2026-09-26T07:00:00Z,nodd,nodd
2026-09-26,wichita-ks,rtma,02,2026-09-26T07:00:00Z,292.77,1.93,6.37,0.0,2026-09-26T08:00:00Z,nodd,nodd
2026-09-26,wichita-ks,rtma,03,2026-09-26T08:00:00Z,293.17,1.91,5.71,0.0,2026-09-26T09:00:00Z,nodd,nodd
2026-09-26,wichita-ks,rtma,04,2026-09-26T09:00:00Z,293.12,2.83,5.47,0.0,2026-09-26T10:00:00Z,nodd,nodd
2026-09-26,wichita-ks,rtma,05,2026-09-26T10:00:00Z,293.12,3.57,5.96,0.125,2026-09-26T11:00:00Z,nodd,nodd
2026-09-26,wichita-ks,rtma,06,2026-09-26T11:00:00Z,293.2,4.26,5.38,4.109375,2026-09-26T12:00:00Z,nodd,nodd
2026-09-26,wichita-ks,rtma,07,2026-09-26T12:00:00Z,291.7,2.78,2.99,0.203125,2026-09-26T13:00:00Z,nodd,nodd
2026-09-26,wichita-ks,rtma,08,2026-09-26T13:00:00Z,291.96,1.22,7.5,0.0,2026-09-26T14:00:00Z,nodd,nodd
2026-09-26,wichita-ks,rtma,09,2026-09-26T14:00:00Z,291.81,3.05,5.85,0.0,2026-09-26T15:00:00Z,nodd,nodd
2026-09-26,wichita-ks,rtma,10,2026-09-26T15:00:00Z,292.39,3.08,6.42,0.0,2026-09-26T16:00:00Z,nodd,nodd
2026-09-26,wichita-ks,rtma,11,2026-09-26T16:00:00Z,293.55,3.68,6.99,0.015625,2026-09-26T17:00:00Z,nodd,nodd
2026-09-26,wichita-ks,rtma,12,2026-09-26T17:00:00Z,295.12,2.72,9.55,0.0,2026-09-26T18:00:00Z,nodd,nodd
2026-09-26,wichita-ks,rtma,13,2026-09-26T18:00:00Z,297.4,3.94,7.04,0.0,2026-09-26T19:00:00Z,nodd,nodd
2026-09-26,wichita-ks,rtma,14,2026-09-26T19:00:00Z,299.33,5.71,8.72,0.0,2026-09-26T20:00:00Z,nodd,nodd
2026-09-26,wichita-ks,rtma,15,2026-09-26T20:00:00Z,299.88,5.05,8.44,0.0,2026-09-26T21:00:00Z,nodd,nodd
2026-09-26,wichita-ks,rtma,16,2026-09-26T21:00:00Z,300.37,5.86,9.27,0.0,2026-09-26T22:00:00Z,nodd,nodd
2026-09-26,wichita-ks,rtma,17,2026-09-26T22:00:00Z,301.04,5.59,9.33,0.0,2026-09-26T23:00:00Z,nodd,nodd
2026-09-26,wichita-ks,rtma,18,2026-09-26T23:00:00Z,300.53,3.7,6.74,0.0,2026-09-27T00:00:00Z,nodd,nodd
2026-09-26,wichita-ks,rtma,19,2026-09-27T00:00:00Z,299.29,2.75,6.63,0.0,2026-09-27T01:00:00Z,nodd,nodd
2026-09-26,wichita-ks,rtma,20,2026-09-27T01:00:00Z,297.3,3.49,6.03,0.0,2026-09-27T02:00:00Z,nodd,nodd
2026-09-26,wichita-ks,rtma,21,2026-09-27T02:00:00Z,296.16,4.71,7.7,0.0,2026-09-27T03:00:00Z,nodd,nodd
2026-09-26,wichita-ks,rtma,22,2026-09-27T03:00:00Z,294.7,3.64,10.07,0.0,2026-09-27T04:00:00Z,nodd,nodd
2026-09-26,wichita-ks,rtma,23,2026-09-27T04:00:00Z,293.9,1.93,5.17,0.0,2026-09-27T05:00:00Z,nodd,nodd
2026-09-26,wichita-ks,urma,00,2026-09-26T05:00:00Z,293.18,4.05,7.3,0.0,2026-09-26T06:00:00Z,nodd,nodd
2026-09-26,wichita-ks,urma,01,2026-09-26T06:00:00Z,293.1,3.95,5.87,0.0,2026-09-26T07:00:00Z,nodd,nodd
2026-09-26,wichita-ks,urma,02,2026-09-26T07:00:00Z,293.5,1.88,6.1,0.0,2026-09-26T08:00:00Z,nodd,nodd
2026-09-26,wichita-ks,urma,03,2026-09-26T08:00:00Z,293.15,1.84,5.2,0.0,2026-09-26T09:00:00Z,nodd,nodd
2026-09-26,wichita-ks,urma,04,2026-09-26T09:00:00Z,293.05,2.95,5.26,0.0,2026-09-26T10:00:00Z,nodd,nodd
2026-09-26,wichita-ks,urma,05,2026-09-26T10:00:00Z,293.11,3.65,5.74,0.140625,2026-09-26T11:00:00Z,nodd,nodd
2026-09-26,wichita-ks,urma,06,2026-09-26T11:00:00Z,293.15,4.93,4.93,5.0625,2026-09-26T12:00:00Z,nodd,nodd
2026-09-26,wichita-ks,urma,07,2026-09-26T12:00:00Z,291.67,2.74,2.88,0.546875,2026-09-26T13:00:00Z,nodd,nodd
2026-09-26,wichita-ks,urma,08,2026-09-26T13:00:00Z,292.12,1.38,7.23,0.0,2026-09-26T14:00:00Z,nodd,nodd
2026-09-26,wichita-ks,urma,09,2026-09-26T14:00:00Z,291.78,2.81,5.4,0.0,2026-09-26T15:00:00Z,nodd,nodd
2026-09-26,wichita-ks,urma,10,2026-09-26T15:00:00Z,292.43,3.11,6.12,0.0,2026-09-26T16:00:00Z,nodd,nodd
2026-09-26,wichita-ks,urma,11,2026-09-26T16:00:00Z,293.46,3.59,6.81,0.0,2026-09-26T17:00:00Z,nodd,nodd
2026-09-26,wichita-ks,urma,12,2026-09-26T17:00:00Z,295.2,2.8,9.53,0.0,2026-09-26T18:00:00Z,nodd,nodd
2026-09-26,wichita-ks,urma,13,2026-09-26T18:00:00Z,297.42,4.09,6.83,0.0,2026-09-26T19:00:00Z,nodd,nodd
2026-09-26,wichita-ks,urma,14,2026-09-26T19:00:00Z,299.44,5.81,9.22,0.0,2026-09-26T20:00:00Z,nodd,nodd
2026-09-26,wichita-ks,urma,15,2026-09-26T20:00:00Z,299.92,5.11,8.61,0.0,2026-09-26T21:00:00Z,nodd,nodd
2026-09-26,wichita-ks,urma,16,2026-09-26T21:00:00Z,300.36,6.06,9.26,0.0,2026-09-26T22:00:00Z,nodd,nodd
2026-09-26,wichita-ks,urma,17,2026-09-26T22:00:00Z,301.05,5.51,9.21,0.0,2026-09-26T23:00:00Z,nodd,nodd
2026-09-26,wichita-ks,urma,18,2026-09-26T23:00:00Z,300.56,3.6,6.38,0.0,2026-09-27T00:00:00Z,nodd,nodd
2026-09-26,wichita-ks,urma,19,2026-09-27T00:00:00Z,299.22,2.83,5.51,0.0,2026-09-27T01:00:00Z,nodd,nodd
2026-09-26,wichita-ks,urma,20,2026-09-27T01:00:00Z,298.22,3.51,3.99,0.0,2026-09-27T02:00:00Z,nodd,nodd
2026-09-26,wichita-ks,urma,21,2026-09-27T02:00:00Z,296.1,4.47,7.31,0.0,2026-09-27T03:00:00Z,nodd,nodd
2026-09-26,wichita-ks,urma,22,2026-09-27T03:00:00Z,294.65,3.73,8.69,0.0,2026-09-27T04:00:00Z,nodd,nodd
2026-09-26,wichita-ks,urma,23,2026-09-27T04:00:00Z,293.87,2.01,4.23,0.0,2026-09-27T05:00:00Z,nodd,nodd
2026-09-26,jackson-ms,rtma,00,2026-09-26T05:00:00Z,294.3,0.0,0.94,0.0,2026-09-26T06:00:00Z,nodd,nodd
2026-09-26,jackson-ms,rtma,01,2026-09-26T06:00:00Z,293.31,0.0,0.15,0.0,2026-09-26T07:00:00Z,nodd,nodd
2026-09-26,jackson-ms,rtma,02,2026-09-26T07:00:00Z,292.69,0.49,1.22,0.0,2026-09-26T08:00:00Z,nodd,nodd
2026-09-26,jackson-ms,rtma,03,2026-09-26T08:00:00Z,292.53,0.24,0.95,0.0,2026-09-26T09:00:00Z,nodd,nodd
2026-09-26,jackson-ms,rtma,04,2026-09-26T09:00:00Z,292.39,0.53,1.74,0.0,2026-09-26T10:00:00Z,nodd,nodd
2026-09-26,jackson-ms,rtma,05,2026-09-26T10:00:00Z,291.9,0.13,1.32,0.0,2026-09-26T11:00:00Z,nodd,nodd
2026-09-26,jackson-ms,rtma,06,2026-09-26T11:00:00Z,291.26,0.0,0.99,0.0,2026-09-26T12:00:00Z,nodd,nodd
2026-09-26,jackson-ms,rtma,07,2026-09-26T12:00:00Z,291.0,0.0,0.49,0.0,2026-09-26T13:00:00Z,nodd,nodd
2026-09-26,jackson-ms,rtma,08,2026-09-26T13:00:00Z,293.0,0.0,0.39,0.0,2026-09-26T14:00:00Z,nodd,nodd
2026-09-26,jackson-ms,rtma,09,2026-09-26T14:00:00Z,296.43,0.51,2.28,0.0,2026-09-26T15:00:00Z,nodd,nodd
2026-09-26,jackson-ms,rtma,10,2026-09-26T15:00:00Z,300.25,0.7,2.63,0.0,2026-09-26T16:00:00Z,nodd,nodd
2026-09-26,jackson-ms,rtma,11,2026-09-26T16:00:00Z,302.43,1.77,4.11,0.0,2026-09-26T17:00:00Z,nodd,nodd
2026-09-26,jackson-ms,rtma,12,2026-09-26T17:00:00Z,303.62,2.58,4.71,0.0,2026-09-26T18:00:00Z,nodd,nodd
2026-09-26,jackson-ms,rtma,13,2026-09-26T18:00:00Z,304.11,3.91,5.81,0.0,2026-09-26T19:00:00Z,nodd,nodd
2026-09-26,jackson-ms,rtma,14,2026-09-26T19:00:00Z,304.24,2.1,4.99,0.0,2026-09-26T20:00:00Z,nodd,nodd
2026-09-26,jackson-ms,rtma,15,2026-09-26T20:00:00Z,304.5,4.24,7.01,0.0,2026-09-26T21:00:00Z,nodd,nodd
2026-09-26,jackson-ms,rtma,16,2026-09-26T21:00:00Z,303.87,1.99,4.86,0.0,2026-09-26T22:00:00Z,nodd,nodd
2026-09-26,jackson-ms,rtma,17,2026-09-26T22:00:00Z,303.5,3.93,5.16,0.0,2026-09-26T23:00:00Z,nodd,nodd
2026-09-26,jackson-ms,rtma,18,2026-09-26T23:00:00Z,302.4,2.98,3.29,0.0,2026-09-27T00:00:00Z,nodd,nodd
2026-09-26,jackson-ms,rtma,19,2026-09-27T00:00:00Z,300.33,1.12,3.93,0.0,2026-09-27T01:00:00Z,nodd,nodd
2026-09-26,jackson-ms,rtma,20,2026-09-27T01:00:00Z,297.78,0.75,2.52,0.0,2026-09-27T02:00:00Z,nodd,nodd
2026-09-26,jackson-ms,rtma,21,2026-09-27T02:00:00Z,297.08,0.23,2.61,0.0,2026-09-27T03:00:00Z,nodd,nodd
2026-09-26,jackson-ms,rtma,22,2026-09-27T03:00:00Z,295.93,0.35,2.95,0.0,2026-09-27T04:00:00Z,nodd,nodd
2026-09-26,jackson-ms,rtma,23,2026-09-27T04:00:00Z,294.6,0.1,1.26,0.0,2026-09-27T05:00:00Z,nodd,nodd
2026-09-26,jackson-ms,urma,00,2026-09-26T05:00:00Z,294.27,0.0,0.93,0.0,2026-09-26T06:00:00Z,nodd,nodd
2026-09-26,jackson-ms,urma,01,2026-09-26T06:00:00Z,293.29,0.0,0.14,0.0,2026-09-26T07:00:00Z,nodd,nodd
2026-09-26,jackson-ms,urma,02,2026-09-26T07:00:00Z,293.33,0.48,1.22,0.0,2026-09-26T08:00:00Z,nodd,nodd
2026-09-26,jackson-ms,urma,03,2026-09-26T08:00:00Z,292.51,0.16,0.95,0.0,2026-09-26T09:00:00Z,nodd,nodd
2026-09-26,jackson-ms,urma,04,2026-09-26T09:00:00Z,292.3,0.51,1.78,0.0,2026-09-26T10:00:00Z,nodd,nodd
2026-09-26,jackson-ms,urma,05,2026-09-26T10:00:00Z,291.93,0.12,1.31,0.0,2026-09-26T11:00:00Z,nodd,nodd
2026-09-26,jackson-ms,urma,06,2026-09-26T11:00:00Z,291.3,0.0,1.0,0.0,2026-09-26T12:00:00Z,nodd,nodd
2026-09-26,jackson-ms,urma,07,2026-09-26T12:00:00Z,290.98,0.0,0.52,0.0,2026-09-26T13:00:00Z,nodd,nodd
2026-09-26,jackson-ms,urma,08,2026-09-26T13:00:00Z,293.22,0.0,0.41,0.0,2026-09-26T14:00:00Z,nodd,nodd
2026-09-26,jackson-ms,urma,09,2026-09-26T14:00:00Z,296.54,0.53,2.32,0.0,2026-09-26T15:00:00Z,nodd,nodd
2026-09-26,jackson-ms,urma,10,2026-09-26T15:00:00Z,300.2,0.59,2.67,0.0,2026-09-26T16:00:00Z,nodd,nodd
2026-09-26,jackson-ms,urma,11,2026-09-26T16:00:00Z,302.34,1.76,4.12,0.0,2026-09-26T17:00:00Z,nodd,nodd
2026-09-26,jackson-ms,urma,12,2026-09-26T17:00:00Z,303.6,2.23,4.72,0.0,2026-09-26T18:00:00Z,nodd,nodd
2026-09-26,jackson-ms,urma,13,2026-09-26T18:00:00Z,304.12,3.94,5.6,0.0,2026-09-26T19:00:00Z,nodd,nodd
2026-09-26,jackson-ms,urma,14,2026-09-26T19:00:00Z,304.27,1.84,5.01,0.0,2026-09-26T20:00:00Z,nodd,nodd
2026-09-26,jackson-ms,urma,15,2026-09-26T20:00:00Z,304.45,4.16,6.97,0.0,2026-09-26T21:00:00Z,nodd,nodd
2026-09-26,jackson-ms,urma,16,2026-09-26T21:00:00Z,303.81,2.04,4.86,0.0,2026-09-26T22:00:00Z,nodd,nodd
2026-09-26,jackson-ms,urma,17,2026-09-26T22:00:00Z,303.5,3.86,5.2,0.0,2026-09-26T23:00:00Z,nodd,nodd
2026-09-26,jackson-ms,urma,18,2026-09-26T23:00:00Z,302.46,2.69,3.29,0.0,2026-09-27T00:00:00Z,nodd,nodd
2026-09-26,jackson-ms,urma,19,2026-09-27T00:00:00Z,300.3,1.19,3.91,0.0,2026-09-27T01:00:00Z,nodd,nodd
2026-09-26,jackson-ms,urma,20,2026-09-27T01:00:00Z,298.47,0.73,2.32,0.0,2026-09-27T02:00:00Z,nodd,nodd
2026-09-26,jackson-ms,urma,21,2026-09-27T02:00:00Z,297.06,0.16,2.65,0.0,2026-09-27T03:00:00Z,nodd,nodd
2026-09-26,jackson-ms,urma,22,2026-09-27T03:00:00Z,295.8,0.33,2.66,0.0,2026-09-27T04:00:00Z,nodd,nodd
2026-09-26,jackson-ms,urma,23,2026-09-27T04:00:00Z,294.55,0.02,1.25,0.0,2026-09-27T05:00:00Z,nodd,nodd
2026-09-26,portland-me,rtma,00,2026-09-26T04:00:00Z,290.57,3.16,5.27,0.0,2026-09-26T05:00:00Z,nodd,nodd
2026-09-26,portland-me,rtma,01,2026-09-26T05:00:00Z,290.4,4.49,6.48,0.0,2026-09-26T06:00:00Z,nodd,nodd
2026-09-26,portland-me,rtma,02,2026-09-26T06:00:00Z,290.48,4.58,7.19,0.0,2026-09-26T07:00:00Z,nodd,nodd
2026-09-26,portland-me,rtma,03,2026-09-26T07:00:00Z,289.51,4.85,7.65,0.0,2026-09-26T08:00:00Z,nodd,nodd
2026-09-26,portland-me,rtma,04,2026-09-26T08:00:00Z,289.34,4.52,7.97,0.0,2026-09-26T09:00:00Z,nodd,nodd
2026-09-26,portland-me,rtma,05,2026-09-26T09:00:00Z,288.97,4.51,6.33,0.0,2026-09-26T10:00:00Z,nodd,nodd
2026-09-26,portland-me,rtma,06,2026-09-26T10:00:00Z,288.8,3.62,6.84,0.0,2026-09-26T11:00:00Z,nodd,nodd
2026-09-26,portland-me,rtma,07,2026-09-26T11:00:00Z,288.35,5.36,7.67,0.0,2026-09-26T12:00:00Z,nodd,nodd
2026-09-26,portland-me,rtma,08,2026-09-26T12:00:00Z,288.26,5.2,9.71,0.0,2026-09-26T13:00:00Z,nodd,nodd
2026-09-26,portland-me,rtma,09,2026-09-26T13:00:00Z,288.66,4.46,9.4,0.0,2026-09-26T14:00:00Z,nodd,nodd
2026-09-26,portland-me,rtma,10,2026-09-26T14:00:00Z,289.87,5.63,10.72,0.0,2026-09-26T15:00:00Z,nodd,nodd
2026-09-26,portland-me,rtma,11,2026-09-26T15:00:00Z,290.24,5.95,10.37,0.0,2026-09-26T16:00:00Z,nodd,nodd
2026-09-26,portland-me,rtma,12,2026-09-26T16:00:00Z,291.03,6.53,9.66,0.046875,2026-09-26T17:00:00Z,nodd,nodd
2026-09-26,portland-me,rtma,13,2026-09-26T17:00:00Z,291.39,6.35,8.99,0.0,2026-09-26T18:00:00Z,nodd,nodd
2026-09-26,portland-me,rtma,14,2026-09-26T18:00:00Z,292.15,6.82,11.82,0.0,2026-09-26T19:00:00Z,nodd,nodd
2026-09-26,portland-me,rtma,15,2026-09-26T19:00:00Z,292.03,3.67,5.07,0.0,2026-09-26T20:00:00Z,nodd,nodd
2026-09-26,portland-me,rtma,16,2026-09-26T20:00:00Z,292.3,3.73,6.39,0.0,2026-09-26T21:00:00Z,nodd,nodd
2026-09-26,portland-me,rtma,17,2026-09-26T21:00:00Z,293.07,6.05,11.47,0.0625,2026-09-26T22:00:00Z,nodd,nodd
2026-09-26,portland-me,rtma,18,2026-09-26T22:00:00Z,292.35,4.94,7.96,0.375,2026-09-26T23:00:00Z,nodd,nodd
2026-09-26,portland-me,rtma,19,2026-09-26T23:00:00Z,291.15,4.79,7.42,1.0,2026-09-27T00:00:00Z,nodd,nodd
2026-09-26,portland-me,rtma,20,2026-09-27T00:00:00Z,290.63,4.09,5.25,0.0,2026-09-27T01:00:00Z,nodd,nodd
2026-09-26,portland-me,rtma,21,2026-09-27T01:00:00Z,292.4,5.2,10.24,0.234375,2026-09-27T02:00:00Z,nodd,nodd
2026-09-26,portland-me,rtma,22,2026-09-27T02:00:00Z,289.63,8.35,14.26,1.875,2026-09-27T03:00:00Z,nodd,nodd
2026-09-26,portland-me,rtma,23,2026-09-27T03:00:00Z,287.76,5.69,8.78,1.84375,2026-09-27T04:00:00Z,nodd,nodd
2026-09-26,portland-me,urma,00,2026-09-26T04:00:00Z,290.54,2.91,5.63,0.0,2026-09-26T05:00:00Z,nodd,nodd
2026-09-26,portland-me,urma,01,2026-09-26T05:00:00Z,290.17,4.19,6.26,0.0,2026-09-26T06:00:00Z,nodd,nodd
2026-09-26,portland-me,urma,02,2026-09-26T06:00:00Z,290.31,4.43,7.5,0.0,2026-09-26T07:00:00Z,nodd,nodd
2026-09-26,portland-me,urma,03,2026-09-26T07:00:00Z,289.57,4.77,6.97,0.0,2026-09-26T08:00:00Z,nodd,nodd
2026-09-26,portland-me,urma,04,2026-09-26T08:00:00Z,289.19,4.38,8.03,0.0,2026-09-26T09:00:00Z,nodd,nodd
2026-09-26,portland-me,urma,05,2026-09-26T09:00:00Z,288.63,4.57,7.44,0.0,2026-09-26T10:00:00Z,nodd,nodd
2026-09-26,portland-me,urma,06,2026-09-26T10:00:00Z,288.63,3.9,6.38,0.0,2026-09-26T11:00:00Z,nodd,nodd
2026-09-26,portland-me,urma,07,2026-09-26T11:00:00Z,288.28,5.19,7.02,0.0,2026-09-26T12:00:00Z,nodd,nodd
2026-09-26,portland-me,urma,08,2026-09-26T12:00:00Z,288.32,5.16,9.72,0.0,2026-09-26T13:00:00Z,nodd,nodd
2026-09-26,portland-me,urma,09,2026-09-26T13:00:00Z,288.82,4.7,8.61,0.0,2026-09-26T14:00:00Z,nodd,nodd
2026-09-26,portland-me,urma,10,2026-09-26T14:00:00Z,289.94,5.51,10.17,0.0,2026-09-26T15:00:00Z,nodd,nodd
2026-09-26,portland-me,urma,11,2026-09-26T15:00:00Z,290.4,6.09,10.22,0.0,2026-09-26T16:00:00Z,nodd,nodd
2026-09-26,portland-me,urma,12,2026-09-26T16:00:00Z,291.29,6.69,10.42,0.0,2026-09-26T17:00:00Z,nodd,nodd
2026-09-26,portland-me,urma,13,2026-09-26T17:00:00Z,291.43,6.39,8.41,0.0,2026-09-26T18:00:00Z,nodd,nodd
2026-09-26,portland-me,urma,14,2026-09-26T18:00:00Z,292.1,6.56,11.49,0.0,2026-09-26T19:00:00Z,nodd,nodd
2026-09-26,portland-me,urma,15,2026-09-26T19:00:00Z,292.56,3.84,7.91,0.0,2026-09-26T20:00:00Z,nodd,nodd
2026-09-26,portland-me,urma,16,2026-09-26T20:00:00Z,292.19,3.49,6.57,0.0,2026-09-26T21:00:00Z,nodd,nodd
2026-09-26,portland-me,urma,17,2026-09-26T21:00:00Z,292.69,6.07,10.4,0.0,2026-09-26T22:00:00Z,nodd,nodd
2026-09-26,portland-me,urma,18,2026-09-26T22:00:00Z,292.22,4.71,8.59,0.171875,2026-09-26T23:00:00Z,nodd,nodd
2026-09-26,portland-me,urma,19,2026-09-26T23:00:00Z,291.23,4.46,6.68,0.0,2026-09-27T00:00:00Z,nodd,nodd
2026-09-26,portland-me,urma,20,2026-09-27T00:00:00Z,291.06,4.37,6.22,0.0,2026-09-27T01:00:00Z,nodd,nodd
2026-09-26,portland-me,urma,21,2026-09-27T01:00:00Z,292.1,5.11,10.99,0.109375,2026-09-27T02:00:00Z,nodd,nodd
2026-09-26,portland-me,urma,22,2026-09-27T02:00:00Z,289.18,7.91,12.89,1.484375,2026-09-27T03:00:00Z,nodd,nodd
2026-09-26,portland-me,urma,23,2026-09-27T03:00:00Z,287.51,5.64,9.58,2.578125,2026-09-27T04:00:00Z,nodd,nodd
2026-09-26,manchester-nh,rtma,00,2026-09-26T04:00:00Z,287.8,1.35,2.67,0.015625,2026-09-26T05:00:00Z,nodd,nodd
2026-09-26,manchester-nh,rtma,01,2026-09-26T05:00:00Z,287.81,2.43,4.3,2.6875,2026-09-26T06:00:00Z,nodd,nodd
2026-09-26,manchester-nh,rtma,02,2026-09-26T06:00:00Z,286.54,2.24,2.91,0.0,2026-09-26T07:00:00Z,nodd,nodd
2026-09-26,manchester-nh,rtma,03,2026-09-26T07:00:00Z,286.53,2.22,6.88,0.015625,2026-09-26T08:00:00Z,nodd,nodd
2026-09-26,manchester-nh,rtma,04,2026-09-26T08:00:00Z,286.74,1.17,3.81,0.0,2026-09-26T09:00:00Z,nodd,nodd
2026-09-26,manchester-nh,rtma,05,2026-09-26T09:00:00Z,287.24,2.9,5.99,0.0,2026-09-26T10:00:00Z,nodd,nodd
2026-09-26,manchester-nh,rtma,06,2026-09-26T10:00:00Z,287.16,1.75,3.94,0.0,2026-09-26T11:00:00Z,nodd,nodd
2026-09-26,manchester-nh,rtma,07,2026-09-26T11:00:00Z,287.75,1.76,5.81,0.921875,2026-09-26T12:00:00Z,nodd,nodd
2026-09-26,manchester-nh,rtma,08,2026-09-26T12:00:00Z,287.9,3.29,5.95,0.15625,2026-09-26T13:00:00Z,nodd,nodd
2026-09-26,manchester-nh,rtma,09,2026-09-26T13:00:00Z,288.61,3.61,9.24,0.0,2026-09-26T14:00:00Z,nodd,nodd
2026-09-26,manchester-nh,rtma,10,2026-09-26T14:00:00Z,288.98,3.4,8.03,0.71875,2026-09-26T15:00:00Z,nodd,nodd
2026-09-26,manchester-nh,rtma,11,2026-09-26T15:00:00Z,289.05,3.4,5.92,0.875,2026-09-26T16:00:00Z,nodd,nodd
2026-09-26,manchester-nh,rtma,12,2026-09-26T16:00:00Z,286.92,1.47,6.87,0.0,2026-09-26T17:00:00Z,nodd,nodd
2026-09-26,manchester-nh,rtma,13,2026-09-26T17:00:00Z,288.94,3.34,6.95,0.0,2026-09-26T18:00:00Z,nodd,nodd
2026-09-26,manchester-nh,rtma,14,2026-09-26T18:00:00Z,289.85,4.75,10.66,0.0,2026-09-26T19:00:00Z,nodd,nodd
2026-09-26,manchester-nh,rtma,15,2026-09-26T19:00:00Z,289.92,3.43,8.27,0.0,2026-09-26T20:00:00Z,nodd,nodd
2026-09-26,manchester-nh,rtma,16,2026-09-26T20:00:00Z,290.73,5.15,10.34,0.0,2026-09-26T21:00:00Z,nodd,nodd
2026-09-26,manchester-nh,rtma,17,2026-09-26T21:00:00Z,289.43,2.37,7.91,0.0,2026-09-26T22:00:00Z,nodd,nodd
2026-09-26,manchester-nh,rtma,18,2026-09-26T22:00:00Z,288.46,2.66,7.71,0.0,2026-09-26T23:00:00Z,nodd,nodd
2026-09-26,manchester-nh,rtma,19,2026-09-26T23:00:00Z,287.8,1.88,1.88,0.0,2026-09-27T00:00:00Z,nodd,nodd
2026-09-26,manchester-nh,rtma,20,2026-09-27T00:00:00Z,287.78,0.46,6.86,0.0,2026-09-27T01:00:00Z,nodd,nodd
2026-09-26,manchester-nh,rtma,21,2026-09-27T01:00:00Z,287.59,1.53,6.24,0.109375,2026-09-27T02:00:00Z,nodd,nodd
2026-09-26,manchester-nh,rtma,22,2026-09-27T02:00:00Z,288.18,2.54,7.3,1.375,2026-09-27T03:00:00Z,nodd,nodd
2026-09-26,manchester-nh,rtma,23,2026-09-27T03:00:00Z,287.35,5.11,10.73,1.203125,2026-09-27T04:00:00Z,nodd,nodd
2026-09-26,manchester-nh,urma,00,2026-09-26T04:00:00Z,287.76,1.25,3.02,0.0,2026-09-26T05:00:00Z,nodd,nodd
2026-09-26,manchester-nh,urma,01,2026-09-26T05:00:00Z,287.64,2.22,4.33,0.828125,2026-09-26T06:00:00Z,nodd,nodd
2026-09-26,manchester-nh,urma,02,2026-09-26T06:00:00Z,286.59,2.12,3.38,0.109375,2026-09-26T07:00:00Z,nodd,nodd
2026-09-26,manchester-nh,urma,03,2026-09-26T07:00:00Z,286.54,2.28,7.2,0.0,2026-09-26T08:00:00Z,nodd,nodd
2026-09-26,manchester-nh,urma,04,2026-09-26T08:00:00Z,286.76,1.13,3.86,0.0,2026-09-26T09:00:00Z,nodd,nodd
2026-09-26,manchester-nh,urma,05,2026-09-26T09:00:00Z,287.26,2.97,6.3,0.0,2026-09-26T10:00:00Z,nodd,nodd
2026-09-26,manchester-nh,urma,06,2026-09-26T10:00:00Z,287.22,1.68,3.94,0.0,2026-09-26T11:00:00Z,nodd,nodd
2026-09-26,manchester-nh,urma,07,2026-09-26T11:00:00Z,287.77,1.57,5.17,0.25,2026-09-26T12:00:00Z,nodd,nodd
2026-09-26,manchester-nh,urma,08,2026-09-26T12:00:00Z,287.87,3.0,5.83,0.0,2026-09-26T13:00:00Z,nodd,nodd
2026-09-26,manchester-nh,urma,09,2026-09-26T13:00:00Z,288.82,3.54,9.17,0.0,2026-09-26T14:00:00Z,nodd,nodd
2026-09-26,manchester-nh,urma,10,2026-09-26T14:00:00Z,288.87,3.31,8.07,0.421875,2026-09-26T15:00:00Z,nodd,nodd
2026-09-26,manchester-nh,urma,11,2026-09-26T15:00:00Z,288.92,3.6,5.32,0.703125,2026-09-26T16:00:00Z,nodd,nodd
2026-09-26,manchester-nh,urma,12,2026-09-26T16:00:00Z,286.83,1.43,5.93,0.0,2026-09-26T17:00:00Z,nodd,nodd
2026-09-26,manchester-nh,urma,13,2026-09-26T17:00:00Z,288.84,3.01,7.14,0.0,2026-09-26T18:00:00Z,nodd,nodd
2026-09-26,manchester-nh,urma,14,2026-09-26T18:00:00Z,289.75,4.55,9.89,0.0,2026-09-26T19:00:00Z,nodd,nodd
2026-09-26,manchester-nh,urma,15,2026-09-26T19:00:00Z,290.33,3.55,8.41,0.0,2026-09-26T20:00:00Z,nodd,nodd
2026-09-26,manchester-nh,urma,16,2026-09-26T20:00:00Z,290.65,5.02,11.03,0.0,2026-09-26T21:00:00Z,nodd,nodd
2026-09-26,manchester-nh,urma,17,2026-09-26T21:00:00Z,289.35,2.35,8.03,0.078125,2026-09-26T22:00:00Z,nodd,nodd
2026-09-26,manchester-nh,urma,18,2026-09-26T22:00:00Z,288.29,2.59,8.2,0.171875,2026-09-26T23:00:00Z,nodd,nodd
2026-09-26,manchester-nh,urma,19,2026-09-26T23:00:00Z,287.77,1.63,1.63,0.0,2026-09-27T00:00:00Z,nodd,nodd
2026-09-26,manchester-nh,urma,20,2026-09-27T00:00:00Z,287.72,0.0,5.41,0.0,2026-09-27T01:00:00Z,nodd,nodd
2026-09-26,manchester-nh,urma,21,2026-09-27T01:00:00Z,287.51,1.57,5.68,0.0,2026-09-27T02:00:00Z,nodd,nodd
2026-09-26,manchester-nh,urma,22,2026-09-27T02:00:00Z,288.18,2.84,3.8,1.0625,2026-09-27T03:00:00Z,nodd,nodd
2026-09-26,manchester-nh,urma,23,2026-09-27T03:00:00Z,287.37,5.21,10.9,1.6875,2026-09-27T04:00:00Z,nodd,nodd
2026-09-26,huntington-wv,rtma,00,2026-09-26T04:00:00Z,284.54,0.38,1.79,0.0,2026-09-26T05:00:00Z,nodd,nodd
2026-09-26,huntington-wv,rtma,01,2026-09-26T05:00:00Z,283.77,0.0,0.92,0.0,2026-09-26T06:00:00Z,nodd,nodd
2026-09-26,huntington-wv,rtma,02,2026-09-26T06:00:00Z,283.66,0.36,0.43,0.0,2026-09-26T07:00:00Z,nodd,nodd
2026-09-26,huntington-wv,rtma,03,2026-09-26T07:00:00Z,282.85,0.57,1.87,0.0,2026-09-26T08:00:00Z,nodd,nodd
2026-09-26,huntington-wv,rtma,04,2026-09-26T08:00:00Z,282.83,0.81,1.32,0.0,2026-09-26T09:00:00Z,nodd,nodd
2026-09-26,huntington-wv,rtma,05,2026-09-26T09:00:00Z,282.15,0.0,1.74,0.0,2026-09-26T10:00:00Z,nodd,nodd
2026-09-26,huntington-wv,rtma,06,2026-09-26T10:00:00Z,281.71,0.04,1.68,0.0,2026-09-26T11:00:00Z,nodd,nodd
2026-09-26,huntington-wv,rtma,07,2026-09-26T11:00:00Z,281.04,0.0,1.06,0.0,2026-09-26T12:00:00Z,nodd,nodd
2026-09-26,huntington-wv,rtma,08,2026-09-26T12:00:00Z,281.13,0.58,1.2,0.0,2026-09-26T13:00:00Z,nodd,nodd
2026-09-26,huntington-wv,rtma,09,2026-09-26T13:00:00Z,283.26,1.37,3.49,0.0,2026-09-26T14:00:00Z,nodd,nodd
2026-09-26,huntington-wv,rtma,10,2026-09-26T14:00:00Z,286.76,2.16,3.05,0.0,2026-09-26T15:00:00Z,nodd,nodd
2026-09-26,huntington-wv,rtma,11,2026-09-26T15:00:00Z,289.79,0.35,4.14,0.0,2026-09-26T16:00:00Z,nodd,nodd
2026-09-26,huntington-wv,rtma,12,2026-09-26T16:00:00Z,292.04,1.99,4.34,0.0,2026-09-26T17:00:00Z,nodd,nodd
2026-09-26,huntington-wv,rtma,13,2026-09-26T17:00:00Z,293.76,1.91,4.5,0.0,2026-09-26T18:00:00Z,nodd,nodd
2026-09-26,huntington-wv,rtma,14,2026-09-26T18:00:00Z,295.31,3.8,3.81,0.0,2026-09-26T19:00:00Z,nodd,nodd
2026-09-26,huntington-wv,rtma,15,2026-09-26T19:00:00Z,296.2,1.9,4.38,0.0,2026-09-26T20:00:00Z,nodd,nodd
2026-09-26,huntington-wv,rtma,16,2026-09-26T20:00:00Z,296.56,3.24,5.62,0.0,2026-09-26T21:00:00Z,nodd,nodd
2026-09-26,huntington-wv,rtma,17,2026-09-26T21:00:00Z,296.45,3.08,5.14,0.0,2026-09-26T22:00:00Z,nodd,nodd
2026-09-26,huntington-wv,rtma,18,2026-09-26T22:00:00Z,295.91,3.46,4.46,0.0,2026-09-26T23:00:00Z,nodd,nodd
2026-09-26,huntington-wv,rtma,19,2026-09-26T23:00:00Z,293.62,2.18,4.15,0.0,2026-09-27T00:00:00Z,nodd,nodd
2026-09-26,huntington-wv,rtma,20,2026-09-27T00:00:00Z,290.22,1.9,3.08,0.0,2026-09-27T01:00:00Z,nodd,nodd
2026-09-26,huntington-wv,rtma,21,2026-09-27T01:00:00Z,287.83,1.38,3.54,0.0,2026-09-27T02:00:00Z,nodd,nodd
2026-09-26,huntington-wv,rtma,22,2026-09-27T02:00:00Z,287.1,0.94,4.31,0.0,2026-09-27T03:00:00Z,nodd,nodd
2026-09-26,huntington-wv,rtma,23,2026-09-27T03:00:00Z,285.98,0.01,3.31,0.0,2026-09-27T04:00:00Z,nodd,nodd
2026-09-26,huntington-wv,urma,00,2026-09-26T04:00:00Z,284.57,0.61,1.72,0.0,2026-09-26T05:00:00Z,nodd,nodd
2026-09-26,huntington-wv,urma,01,2026-09-26T05:00:00Z,283.91,0.27,0.83,0.0,2026-09-26T06:00:00Z,nodd,nodd
2026-09-26,huntington-wv,urma,02,2026-09-26T06:00:00Z,283.76,0.51,0.51,0.0,2026-09-26T07:00:00Z,nodd,nodd
2026-09-26,huntington-wv,urma,03,2026-09-26T07:00:00Z,283.33,0.5,1.82,0.0,2026-09-26T08:00:00Z,nodd,nodd
2026-09-26,huntington-wv,urma,04,2026-09-26T08:00:00Z,282.96,0.54,1.38,0.0,2026-09-26T09:00:00Z,nodd,nodd
2026-09-26,huntington-wv,urma,05,2026-09-26T09:00:00Z,282.55,0.0,1.71,0.0,2026-09-26T10:00:00Z,nodd,nodd
2026-09-26,huntington-wv,urma,06,2026-09-26T10:00:00Z,281.89,0.0,1.67,0.0,2026-09-26T11:00:00Z,nodd,nodd
2026-09-26,huntington-wv,urma,07,2026-09-26T11:00:00Z,281.26,0.21,1.05,0.0,2026-09-26T12:00:00Z,nodd,nodd
2026-09-26,huntington-wv,urma,08,2026-09-26T12:00:00Z,281.22,0.49,1.2,0.0,2026-09-26T13:00:00Z,nodd,nodd
2026-09-26,huntington-wv,urma,09,2026-09-26T13:00:00Z,283.45,0.97,3.42,0.0,2026-09-26T14:00:00Z,nodd,nodd
2026-09-26,huntington-wv,urma,10,2026-09-26T14:00:00Z,286.71,1.85,2.89,0.0,2026-09-26T15:00:00Z,nodd,nodd
2026-09-26,huntington-wv,urma,11,2026-09-26T15:00:00Z,289.89,0.17,3.95,0.0,2026-09-26T16:00:00Z,nodd,nodd
2026-09-26,huntington-wv,urma,12,2026-09-26T16:00:00Z,292.0,2.24,4.24,0.0,2026-09-26T17:00:00Z,nodd,nodd
2026-09-26,huntington-wv,urma,13,2026-09-26T17:00:00Z,293.87,1.64,4.32,0.0,2026-09-26T18:00:00Z,nodd,nodd
2026-09-26,huntington-wv,urma,14,2026-09-26T18:00:00Z,295.25,3.49,3.79,0.0,2026-09-26T19:00:00Z,nodd,nodd
2026-09-26,huntington-wv,urma,15,2026-09-26T19:00:00Z,296.13,1.82,4.35,0.0,2026-09-26T20:00:00Z,nodd,nodd
2026-09-26,huntington-wv,urma,16,2026-09-26T20:00:00Z,296.59,2.8,5.55,0.0,2026-09-26T21:00:00Z,nodd,nodd
2026-09-26,huntington-wv,urma,17,2026-09-26T21:00:00Z,296.51,2.91,4.75,0.0,2026-09-26T22:00:00Z,nodd,nodd
2026-09-26,huntington-wv,urma,18,2026-09-26T22:00:00Z,295.8,3.14,4.5,0.0,2026-09-26T23:00:00Z,nodd,nodd
2026-09-26,huntington-wv,urma,19,2026-09-26T23:00:00Z,293.37,1.49,3.8,0.0,2026-09-27T00:00:00Z,nodd,nodd
2026-09-26,huntington-wv,urma,20,2026-09-27T00:00:00Z,290.05,1.43,2.66,0.0,2026-09-27T01:00:00Z,nodd,nodd
2026-09-26,huntington-wv,urma,21,2026-09-27T01:00:00Z,288.4,1.19,3.51,0.0,2026-09-27T02:00:00Z,nodd,nodd
2026-09-26,huntington-wv,urma,22,2026-09-27T02:00:00Z,287.02,0.74,4.36,0.0,2026-09-27T03:00:00Z,nodd,nodd
2026-09-26,huntington-wv,urma,23,2026-09-27T03:00:00Z,286.23,0.0,3.18,0.0,2026-09-27T04:00:00Z,nodd,nodd
2026-09-26,sioux-falls-sd,rtma,00,2026-09-26T05:00:00Z,289.02,5.05,8.91,0.21875,2026-09-26T06:00:00Z,nodd,nodd
2026-09-26,sioux-falls-sd,rtma,01,2026-09-26T06:00:00Z,288.76,5.44,11.06,0.625,2026-09-26T07:00:00Z,nodd,nodd
2026-09-26,sioux-falls-sd,rtma,02,2026-09-26T07:00:00Z,288.64,5.44,8.37,0.171875,2026-09-26T08:00:00Z,nodd,nodd
2026-09-26,sioux-falls-sd,rtma,03,2026-09-26T08:00:00Z,288.66,4.88,8.96,1.984375,2026-09-26T09:00:00Z,nodd,nodd
2026-09-26,sioux-falls-sd,rtma,04,2026-09-26T09:00:00Z,288.92,4.93,9.64,2.515625,2026-09-26T10:00:00Z,nodd,nodd
2026-09-26,sioux-falls-sd,rtma,05,2026-09-26T10:00:00Z,289.11,5.95,10.26,3.484375,2026-09-26T11:00:00Z,nodd,nodd
2026-09-26,sioux-falls-sd,rtma,06,2026-09-26T11:00:00Z,289.09,4.64,7.49,0.625,2026-09-26T12:00:00Z,nodd,nodd
2026-09-26,sioux-falls-sd,rtma,07,2026-09-26T12:00:00Z,289.32,5.32,10.49,1.296875,2026-09-26T13:00:00Z,nodd,nodd
2026-09-26,sioux-falls-sd,rtma,08,2026-09-26T13:00:00Z,289.58,5.44,7.75,0.625,2026-09-26T14:00:00Z,nodd,nodd
2026-09-26,sioux-falls-sd,rtma,09,2026-09-26T14:00:00Z,289.9,4.62,9.55,0.1875,2026-09-26T15:00:00Z,nodd,nodd
2026-09-26,sioux-falls-sd,rtma,10,2026-09-26T15:00:00Z,290.05,4.76,10.58,0.234375,2026-09-26T16:00:00Z,nodd,nodd
2026-09-26,sioux-falls-sd,rtma,11,2026-09-26T16:00:00Z,290.07,4.79,8.39,0.078125,2026-09-26T17:00:00Z,nodd,nodd
2026-09-26,sioux-falls-sd,rtma,12,2026-09-26T17:00:00Z,290.42,4.53,7.03,0.0,2026-09-26T18:00:00Z,nodd,nodd
2026-09-26,sioux-falls-sd,rtma,13,2026-09-26T18:00:00Z,291.0,4.56,9.86,0.0,2026-09-26T19:00:00Z,nodd,nodd
2026-09-26,sioux-falls-sd,rtma,14,2026-09-26T19:00:00Z,291.1,4.44,6.48,0.0,2026-09-26T20:00:00Z,nodd,nodd
2026-09-26,sioux-falls-sd,rtma,15,2026-09-26T20:00:00Z,291.49,3.76,6.78,0.0,2026-09-26T21:00:00Z,nodd,nodd
2026-09-26,sioux-falls-sd,rtma,16,2026-09-26T21:00:00Z,291.82,3.93,7.48,0.0,2026-09-26T22:00:00Z,nodd,nodd
2026-09-26,sioux-falls-sd,rtma,17,2026-09-26T22:00:00Z,291.97,3.72,5.27,0.09375,2026-09-26T23:00:00Z,nodd,nodd
2026-09-26,sioux-falls-sd,rtma,18,2026-09-26T23:00:00Z,291.84,4.56,6.34,0.0,2026-09-27T00:00:00Z,nodd,nodd
2026-09-26,sioux-falls-sd,rtma,19,2026-09-27T00:00:00Z,291.62,3.8,7.06,0.0,2026-09-27T01:00:00Z,nodd,nodd
2026-09-26,sioux-falls-sd,rtma,20,2026-09-27T01:00:00Z,291.48,2.84,3.82,0.0,2026-09-27T02:00:00Z,nodd,nodd
2026-09-26,sioux-falls-sd,rtma,21,2026-09-27T02:00:00Z,291.57,2.98,4.18,0.0,2026-09-27T03:00:00Z,nodd,nodd
2026-09-26,sioux-falls-sd,rtma,22,2026-09-27T03:00:00Z,291.54,1.44,4.01,0.03125,2026-09-27T04:00:00Z,nodd,nodd
2026-09-26,sioux-falls-sd,rtma,23,2026-09-27T04:00:00Z,291.49,1.02,2.92,0.0,2026-09-27T05:00:00Z,nodd,nodd
2026-09-26,sioux-falls-sd,urma,00,2026-09-26T05:00:00Z,289.0,5.12,9.01,0.28125,2026-09-26T06:00:00Z,nodd,nodd
2026-09-26,sioux-falls-sd,urma,01,2026-09-26T06:00:00Z,288.74,5.37,11.17,0.570312,2026-09-26T07:00:00Z,nodd,nodd
2026-09-26,sioux-falls-sd,urma,02,2026-09-26T07:00:00Z,288.67,5.53,8.4,0.15625,2026-09-26T08:00:00Z,nodd,nodd
2026-09-26,sioux-falls-sd,urma,03,2026-09-26T08:00:00Z,288.67,4.88,8.96,1.53125,2026-09-26T09:00:00Z,nodd,nodd
2026-09-26,sioux-falls-sd,urma,04,2026-09-26T09:00:00Z,288.91,5.05,9.71,2.875,2026-09-26T10:00:00Z,nodd,nodd
2026-09-26,sioux-falls-sd,urma,05,2026-09-26T10:00:00Z,289.09,6.05,10.35,5.0,2026-09-26T11:00:00Z,nodd,nodd
2026-09-26,sioux-falls-sd,urma,06,2026-09-26T11:00:00Z,289.09,4.75,7.66,0.859375,2026-09-26T12:00:00Z,nodd,nodd
2026-09-26,sioux-falls-sd,urma,07,2026-09-26T12:00:00Z,289.31,5.24,10.17,1.140625,2026-09-26T13:00:00Z,nodd,nodd
2026-09-26,sioux-falls-sd,urma,08,2026-09-26T13:00:00Z,289.56,5.49,7.94,0.640625,2026-09-26T14:00:00Z,nodd,nodd
2026-09-26,sioux-falls-sd,urma,09,2026-09-26T14:00:00Z,289.91,4.66,9.61,0.21875,2026-09-26T15:00:00Z,nodd,nodd
2026-09-26,sioux-falls-sd,urma,10,2026-09-26T15:00:00Z,290.09,4.82,10.67,0.171875,2026-09-26T16:00:00Z,nodd,nodd
2026-09-26,sioux-falls-sd,urma,11,2026-09-26T16:00:00Z,290.08,4.76,8.42,0.078125,2026-09-26T17:00:00Z,nodd,nodd
2026-09-26,sioux-falls-sd,urma,12,2026-09-26T17:00:00Z,290.42,4.49,7.1,0.0,2026-09-26T18:00:00Z,nodd,nodd
2026-09-26,sioux-falls-sd,urma,13,2026-09-26T18:00:00Z,290.98,4.56,9.7,0.0,2026-09-26T19:00:00Z,nodd,nodd
2026-09-26,sioux-falls-sd,urma,14,2026-09-26T19:00:00Z,291.09,4.39,6.74,0.0,2026-09-26T20:00:00Z,nodd,nodd
2026-09-26,sioux-falls-sd,urma,15,2026-09-26T20:00:00Z,291.49,3.75,6.66,0.0,2026-09-26T21:00:00Z,nodd,nodd
2026-09-26,sioux-falls-sd,urma,16,2026-09-26T21:00:00Z,291.84,3.89,7.55,0.0,2026-09-26T22:00:00Z,nodd,nodd
2026-09-26,sioux-falls-sd,urma,17,2026-09-26T22:00:00Z,291.94,3.77,5.38,0.171875,2026-09-26T23:00:00Z,nodd,nodd
2026-09-26,sioux-falls-sd,urma,18,2026-09-26T23:00:00Z,291.78,4.54,6.37,0.0,2026-09-27T00:00:00Z,nodd,nodd
2026-09-26,sioux-falls-sd,urma,19,2026-09-27T00:00:00Z,291.57,3.78,6.8,0.0,2026-09-27T01:00:00Z,nodd,nodd
2026-09-26,sioux-falls-sd,urma,20,2026-09-27T01:00:00Z,291.57,2.83,3.89,0.0,2026-09-27T02:00:00Z,nodd,nodd
2026-09-26,sioux-falls-sd,urma,21,2026-09-27T02:00:00Z,291.54,3.04,4.26,0.0,2026-09-27T03:00:00Z,nodd,nodd
2026-09-26,sioux-falls-sd,urma,22,2026-09-27T03:00:00Z,291.54,1.6,4.14,0.0,2026-09-27T04:00:00Z,nodd,nodd
2026-09-26,sioux-falls-sd,urma,23,2026-09-27T04:00:00Z,291.45,1.01,2.92,0.0,2026-09-27T05:00:00Z,nodd,nodd
2026-09-26,fargo-nd,rtma,00,2026-09-26T05:00:00Z,291.03,5.58,9.05,0.0,2026-09-26T06:00:00Z,nodd,nodd
2026-09-26,fargo-nd,rtma,01,2026-09-26T06:00:00Z,290.86,5.02,9.68,0.0,2026-09-26T07:00:00Z,nodd,nodd
2026-09-26,fargo-nd,rtma,02,2026-09-26T07:00:00Z,291.03,5.39,10.14,0.0,2026-09-26T08:00:00Z,nodd,nodd
2026-09-26,fargo-nd,rtma,03,2026-09-26T08:00:00Z,290.62,5.1,9.22,1.578125,2026-09-26T09:00:00Z,nodd,nodd
2026-09-26,fargo-nd,rtma,04,2026-09-26T09:00:00Z,289.42,5.75,9.32,0.40625,2026-09-26T10:00:00Z,nodd,nodd
2026-09-26,fargo-nd,rtma,05,2026-09-26T10:00:00Z,289.12,5.85,10.43,0.546875,2026-09-26T11:00:00Z,nodd,nodd
2026-09-26,fargo-nd,rtma,06,2026-09-26T11:00:00Z,289.04,5.77,12.06,0.5,2026-09-26T12:00:00Z,nodd,nodd
2026-09-26,fargo-nd,rtma,07,2026-09-26T12:00:00Z,288.94,5.79,11.61,0.34375,2026-09-26T13:00:00Z,nodd,nodd
2026-09-26,fargo-nd,rtma,08,2026-09-26T13:00:00Z,289.16,6.1,11.02,0.0,2026-09-26T14:00:00Z,nodd,nodd
2026-09-26,fargo-nd,rtma,09,2026-09-26T14:00:00Z,289.37,6.96,12.81,0.53125,2026-09-26T15:00:00Z,nodd,nodd
2026-09-26,fargo-nd,rtma,10,2026-09-26T15:00:00Z,289.78,7.67,13.29,1.765625,2026-09-26T16:00:00Z,nodd,nodd
2026-09-26,fargo-nd,rtma,11,2026-09-26T16:00:00Z,289.51,7.14,12.51,0.15625,2026-09-26T17:00:00Z,nodd,nodd
2026-09-26,fargo-nd,rtma,12,2026-09-26T17:00:00Z,289.92,8.13,13.8,0.09375,2026-09-26T18:00:00Z,nodd,nodd
2026-09-26,fargo-nd,rtma,13,2026-09-26T18:00:00Z,290.24,6.59,12.35,0.0,2026-09-26T19:00:00Z,nodd,nodd
2026-09-26,fargo-nd,rtma,14,2026-09-26T19:00:00Z,290.19,7.16,12.61,0.0,2026-09-26T20:00:00Z,nodd,nodd
2026-09-26,fargo-nd,rtma,15,2026-09-26T20:00:00Z,290.78,6.4,11.35,0.0,2026-09-26T21:00:00Z,nodd,nodd
2026-09-26,fargo-nd,rtma,16,2026-09-26T21:00:00Z,290.64,6.67,11.38,0.0,2026-09-26T22:00:00Z,nodd,nodd
2026-09-26,fargo-nd,rtma,17,2026-09-26T22:00:00Z,290.76,7.27,13.09,0.0,2026-09-26T23:00:00Z,nodd,nodd
2026-09-26,fargo-nd,rtma,18,2026-09-26T23:00:00Z,290.68,6.21,9.43,0.0,2026-09-27T00:00:00Z,nodd,nodd
2026-09-26,fargo-nd,rtma,19,2026-09-27T00:00:00Z,290.28,4.96,8.23,0.0,2026-09-27T01:00:00Z,nodd,nodd
2026-09-26,fargo-nd,rtma,20,2026-09-27T01:00:00Z,290.23,5.19,8.43,0.0,2026-09-27T02:00:00Z,nodd,nodd
2026-09-26,fargo-nd,rtma,21,2026-09-27T02:00:00Z,290.24,5.75,8.87,0.0,2026-09-27T03:00:00Z,nodd,nodd
2026-09-26,fargo-nd,rtma,22,2026-09-27T03:00:00Z,290.21,6.0,9.69,0.0,2026-09-27T04:00:00Z,nodd,nodd
2026-09-26,fargo-nd,rtma,23,2026-09-27T04:00:00Z,290.18,4.69,8.36,0.0,2026-09-27T05:00:00Z,nodd,nodd
2026-09-26,fargo-nd,urma,00,2026-09-26T05:00:00Z,291.0,5.58,8.91,0.0,2026-09-26T06:00:00Z,nodd,nodd
2026-09-26,fargo-nd,urma,01,2026-09-26T06:00:00Z,290.82,5.0,9.66,0.0,2026-09-26T07:00:00Z,nodd,nodd
2026-09-26,fargo-nd,urma,02,2026-09-26T07:00:00Z,291.17,5.36,10.25,0.0625,2026-09-26T08:00:00Z,nodd,nodd
2026-09-26,fargo-nd,urma,03,2026-09-26T08:00:00Z,290.61,5.12,9.23,1.21875,2026-09-26T09:00:00Z,nodd,nodd
2026-09-26,fargo-nd,urma,04,2026-09-26T09:00:00Z,289.43,5.62,9.33,0.953125,2026-09-26T10:00:00Z,nodd,nodd
2026-09-26,fargo-nd,urma,05,2026-09-26T10:00:00Z,289.12,5.89,10.36,0.78125,2026-09-26T11:00:00Z,nodd,nodd
2026-09-26,fargo-nd,urma,06,2026-09-26T11:00:00Z,289.03,5.66,12.07,0.9375,2026-09-26T12:00:00Z,nodd,nodd
2026-09-26,fargo-nd,urma,07,2026-09-26T12:00:00Z,288.94,5.87,11.62,0.28125,2026-09-26T13:00:00Z,nodd,nodd
2026-09-26,fargo-nd,urma,08,2026-09-26T13:00:00Z,289.31,6.13,11.02,0.0,2026-09-26T14:00:00Z,nodd,nodd
2026-09-26,fargo-nd,urma,09,2026-09-26T14:00:00Z,289.37,6.97,12.86,0.40625,2026-09-26T15:00:00Z,nodd,nodd
2026-09-26,fargo-nd,urma,10,2026-09-26T15:00:00Z,289.8,7.37,12.83,1.578125,2026-09-26T16:00:00Z,nodd,nodd
2026-09-26,fargo-nd,urma,11,2026-09-26T16:00:00Z,289.49,7.06,12.37,0.125,2026-09-26T17:00:00Z,nodd,nodd
2026-09-26,fargo-nd,urma,12,2026-09-26T17:00:00Z,289.9,8.12,13.63,0.078125,2026-09-26T18:00:00Z,nodd,nodd
2026-09-26,fargo-nd,urma,13,2026-09-26T18:00:00Z,290.24,6.55,12.36,0.0,2026-09-26T19:00:00Z,nodd,nodd
2026-09-26,fargo-nd,urma,14,2026-09-26T19:00:00Z,290.46,7.12,13.11,0.0,2026-09-26T20:00:00Z,nodd,nodd
2026-09-26,fargo-nd,urma,15,2026-09-26T20:00:00Z,290.8,6.39,11.33,0.0,2026-09-26T21:00:00Z,nodd,nodd
2026-09-26,fargo-nd,urma,16,2026-09-26T21:00:00Z,290.63,6.36,10.89,0.0,2026-09-26T22:00:00Z,nodd,nodd
2026-09-26,fargo-nd,urma,17,2026-09-26T22:00:00Z,290.76,7.25,13.09,0.0,2026-09-26T23:00:00Z,nodd,nodd
2026-09-26,fargo-nd,urma,18,2026-09-26T23:00:00Z,290.68,6.26,9.44,0.0,2026-09-27T00:00:00Z,nodd,nodd
2026-09-26,fargo-nd,urma,19,2026-09-27T00:00:00Z,290.28,5.01,8.19,0.15625,2026-09-27T01:00:00Z,nodd,nodd
2026-09-26,fargo-nd,urma,20,2026-09-27T01:00:00Z,290.3,5.21,8.24,0.0,2026-09-27T02:00:00Z,nodd,nodd
2026-09-26,fargo-nd,urma,21,2026-09-27T02:00:00Z,290.23,5.73,8.91,0.03125,2026-09-27T03:00:00Z,nodd,nodd
2026-09-26,fargo-nd,urma,22,2026-09-27T03:00:00Z,290.24,6.03,9.72,0.0,2026-09-27T04:00:00Z,nodd,nodd
2026-09-26,fargo-nd,urma,23,2026-09-27T04:00:00Z,290.2,4.66,8.37,0.0,2026-09-27T05:00:00Z,nodd,nodd
2026-09-26,burlington-vt,rtma,00,2026-09-26T04:00:00Z,286.55,2.26,2.49,0.0,2026-09-26T05:00:00Z,nodd,nodd
2026-09-26,burlington-vt,rtma,01,2026-09-26T05:00:00Z,286.0,2.26,2.96,0.0,2026-09-26T06:00:00Z,nodd,nodd
2026-09-26,burlington-vt,rtma,02,2026-09-26T06:00:00Z,286.1,2.13,5.71,0.0,2026-09-26T07:00:00Z,nodd,nodd
2026-09-26,burlington-vt,rtma,03,2026-09-26T07:00:00Z,285.55,2.57,5.69,0.0,2026-09-26T08:00:00Z,nodd,nodd
2026-09-26,burlington-vt,rtma,04,2026-09-26T08:00:00Z,284.99,1.14,4.82,0.0,2026-09-26T09:00:00Z,nodd,nodd
2026-09-26,burlington-vt,rtma,05,2026-09-26T09:00:00Z,285.4,2.52,5.06,0.0,2026-09-26T10:00:00Z,nodd,nodd
2026-09-26,burlington-vt,rtma,06,2026-09-26T10:00:00Z,285.16,1.89,6.38,0.0,2026-09-26T11:00:00Z,nodd,nodd
2026-09-26,burlington-vt,rtma,07,2026-09-26T11:00:00Z,285.25,2.67,7.4,0.0,2026-09-26T12:00:00Z,nodd,nodd
2026-09-26,burlington-vt,rtma,08,2026-09-26T12:00:00Z,286.01,3.05,6.48,0.0,2026-09-26T13:00:00Z,nodd,nodd
2026-09-26,burlington-vt,rtma,09,2026-09-26T13:00:00Z,286.94,3.89,6.58,0.0,2026-09-26T14:00:00Z,nodd,nodd
2026-09-26,burlington-vt,rtma,10,2026-09-26T14:00:00Z,288.29,4.81,7.65,0.0,2026-09-26T15:00:00Z,nodd,nodd
2026-09-26,burlington-vt,rtma,11,2026-09-26T15:00:00Z,288.72,4.77,8.45,0.0,2026-09-26T16:00:00Z,nodd,nodd
2026-09-26,burlington-vt,rtma,12,2026-09-26T16:00:00Z,289.84,5.57,8.11,0.0,2026-09-26T17:00:00Z,nodd,nodd
2026-09-26,burlington-vt,rtma,13,2026-09-26T17:00:00Z,291.35,5.95,7.67,0.0,2026-09-26T18:00:00Z,nodd,nodd
2026-09-26,burlington-vt,rtma,14,2026-09-26T18:00:00Z,292.77,6.05,8.92,0.0,2026-09-26T19:00:00Z,nodd,nodd
2026-09-26,burlington-vt,rtma,15,2026-09-26T19:00:00Z,294.0,6.38,9.97,0.0,2026-09-26T20:00:00Z,nodd,nodd
2026-09-26,burlington-vt,rtma,16,2026-09-26T20:00:00Z,295.14,7.33,9.92,0.0,2026-09-26T21:00:00Z,nodd,nodd
2026-09-26,burlington-vt,rtma,17,2026-09-26T21:00:00Z,294.62,5.95,8.01,0.0,2026-09-26T22:00:00Z,nodd,nodd
2026-09-26,burlington-vt,rtma,18,2026-09-26T22:00:00Z,294.09,5.19,6.63,0.0,2026-09-26T23:00:00Z,nodd,nodd
2026-09-26,burlington-vt,rtma,19,2026-09-26T23:00:00Z,292.25,4.26,7.87,0.0,2026-09-27T00:00:00Z,nodd,nodd
2026-09-26,burlington-vt,rtma,20,2026-09-27T00:00:00Z,290.96,4.01,6.3,0.0,2026-09-27T01:00:00Z,nodd,nodd
2026-09-26,burlington-vt,rtma,21,2026-09-27T01:00:00Z,290.16,4.65,6.07,0.0,2026-09-27T02:00:00Z,nodd,nodd
2026-09-26,burlington-vt,rtma,22,2026-09-27T02:00:00Z,289.42,3.67,6.52,0.0,2026-09-27T03:00:00Z,nodd,nodd
2026-09-26,burlington-vt,rtma,23,2026-09-27T03:00:00Z,288.43,3.7,5.67,0.0,2026-09-27T04:00:00Z,nodd,nodd
2026-09-26,burlington-vt,urma,00,2026-09-26T04:00:00Z,286.52,2.17,2.4,0.0,2026-09-26T05:00:00Z,nodd,nodd
2026-09-26,burlington-vt,urma,01,2026-09-26T05:00:00Z,286.04,2.32,2.95,0.0,2026-09-26T06:00:00Z,nodd,nodd
2026-09-26,burlington-vt,urma,02,2026-09-26T06:00:00Z,286.18,2.31,5.48,0.0,2026-09-26T07:00:00Z,nodd,nodd
2026-09-26,burlington-vt,urma,03,2026-09-26T07:00:00Z,285.82,2.56,5.42,0.0,2026-09-26T08:00:00Z,nodd,nodd
2026-09-26,burlington-vt,urma,04,2026-09-26T08:00:00Z,285.16,1.7,4.67,0.0,2026-09-26T09:00:00Z,nodd,nodd
2026-09-26,burlington-vt,urma,05,2026-09-26T09:00:00Z,285.47,2.5,5.06,0.0,2026-09-26T10:00:00Z,nodd,nodd
2026-09-26,burlington-vt,urma,06,2026-09-26T10:00:00Z,285.22,1.39,5.87,0.0,2026-09-26T11:00:00Z,nodd,nodd
2026-09-26,burlington-vt,urma,07,2026-09-26T11:00:00Z,285.22,2.51,7.5,0.0,2026-09-26T12:00:00Z,nodd,nodd
2026-09-26,burlington-vt,urma,08,2026-09-26T12:00:00Z,286.02,3.07,6.35,0.0,2026-09-26T13:00:00Z,nodd,nodd
2026-09-26,burlington-vt,urma,09,2026-09-26T13:00:00Z,287.06,3.73,6.74,0.0,2026-09-26T14:00:00Z,nodd,nodd
2026-09-26,burlington-vt,urma,10,2026-09-26T14:00:00Z,288.23,5.19,7.73,0.0,2026-09-26T15:00:00Z,nodd,nodd
2026-09-26,burlington-vt,urma,11,2026-09-26T15:00:00Z,288.62,5.17,8.46,0.0,2026-09-26T16:00:00Z,nodd,nodd
2026-09-26,burlington-vt,urma,12,2026-09-26T16:00:00Z,289.79,5.62,8.07,0.0,2026-09-26T17:00:00Z,nodd,nodd
2026-09-26,burlington-vt,urma,13,2026-09-26T17:00:00Z,291.3,6.12,7.71,0.0,2026-09-26T18:00:00Z,nodd,nodd
2026-09-26,burlington-vt,urma,14,2026-09-26T18:00:00Z,292.76,5.99,8.89,0.0,2026-09-26T19:00:00Z,nodd,nodd
2026-09-26,burlington-vt,urma,15,2026-09-26T19:00:00Z,294.19,6.43,9.94,0.0,2026-09-26T20:00:00Z,nodd,nodd
2026-09-26,burlington-vt,urma,16,2026-09-26T20:00:00Z,295.13,7.17,9.96,0.0,2026-09-26T21:00:00Z,nodd,nodd
2026-09-26,burlington-vt,urma,17,2026-09-26T21:00:00Z,294.62,6.05,7.48,0.0,2026-09-26T22:00:00Z,nodd,nodd
2026-09-26,burlington-vt,urma,18,2026-09-26T22:00:00Z,294.15,5.05,6.52,0.0,2026-09-26T23:00:00Z,nodd,nodd
2026-09-26,burlington-vt,urma,19,2026-09-26T23:00:00Z,292.21,4.38,7.98,0.0,2026-09-27T00:00:00Z,nodd,nodd
2026-09-26,burlington-vt,urma,20,2026-09-27T00:00:00Z,290.96,3.9,6.24,0.0,2026-09-27T01:00:00Z,nodd,nodd
2026-09-26,burlington-vt,urma,21,2026-09-27T01:00:00Z,290.32,4.63,6.09,0.0,2026-09-27T02:00:00Z,nodd,nodd
2026-09-26,burlington-vt,urma,22,2026-09-27T02:00:00Z,289.43,3.58,6.75,0.0,2026-09-27T03:00:00Z,nodd,nodd
2026-09-26,burlington-vt,urma,23,2026-09-27T03:00:00Z,288.5,3.81,5.68,0.0,2026-09-27T04:00:00Z,nodd,nodd
2026-09-26,billings-mt,rtma,00,2026-09-26T06:00:00Z,290.19,3.91,3.91,0.0,2026-09-26T07:00:00Z,nodd,nodd
2026-09-26,billings-mt,rtma,01,2026-09-26T07:00:00Z,289.31,3.77,4.12,0.0,2026-09-26T08:00:00Z,nodd,nodd
2026-09-26,billings-mt,rtma,02,2026-09-26T08:00:00Z,290.73,4.51,4.51,0.0,2026-09-26T09:00:00Z,nodd,nodd
2026-09-26,billings-mt,rtma,03,2026-09-26T09:00:00Z,289.21,3.75,3.75,0.0,2026-09-26T10:00:00Z,nodd,nodd
2026-09-26,billings-mt,rtma,04,2026-09-26T10:00:00Z,288.12,3.89,3.89,0.0,2026-09-26T11:00:00Z,nodd,nodd
2026-09-26,billings-mt,rtma,05,2026-09-26T11:00:00Z,286.69,3.34,3.34,0.0,2026-09-26T12:00:00Z,nodd,nodd
2026-09-26,billings-mt,rtma,06,2026-09-26T12:00:00Z,286.0,3.94,3.94,0.0,2026-09-26T13:00:00Z,nodd,nodd
2026-09-26,billings-mt,rtma,07,2026-09-26T13:00:00Z,284.83,3.54,3.54,0.0,2026-09-26T14:00:00Z,nodd,nodd
2026-09-26,billings-mt,rtma,08,2026-09-26T14:00:00Z,284.56,0.98,3.03,0.0,2026-09-26T15:00:00Z,nodd,nodd
2026-09-26,billings-mt,rtma,09,2026-09-26T15:00:00Z,287.59,1.68,1.68,0.0,2026-09-26T16:00:00Z,nodd,nodd
2026-09-26,billings-mt,rtma,10,2026-09-26T16:00:00Z,289.38,2.37,2.37,0.0,2026-09-26T17:00:00Z,nodd,nodd
2026-09-26,billings-mt,rtma,11,2026-09-26T17:00:00Z,291.06,1.24,2.37,0.0,2026-09-26T18:00:00Z,nodd,nodd
2026-09-26,billings-mt,rtma,12,2026-09-26T18:00:00Z,291.91,0.32,1.43,0.0,2026-09-26T19:00:00Z,nodd,nodd
2026-09-26,billings-mt,rtma,13,2026-09-26T19:00:00Z,292.88,1.45,1.86,0.0,2026-09-26T20:00:00Z,nodd,nodd
2026-09-26,billings-mt,rtma,14,2026-09-26T20:00:00Z,293.76,1.58,2.43,0.0,2026-09-26T21:00:00Z,nodd,nodd
2026-09-26,billings-mt,rtma,15,2026-09-26T21:00:00Z,294.36,1.09,4.42,0.0,2026-09-26T22:00:00Z,nodd,nodd
2026-09-26,billings-mt,rtma,16,2026-09-26T22:00:00Z,294.29,2.94,3.5,0.0,2026-09-26T23:00:00Z,nodd,nodd
2026-09-26,billings-mt,rtma,17,2026-09-26T23:00:00Z,294.58,2.28,4.49,0.0,2026-09-27T00:00:00Z,nodd,nodd
2026-09-26,billings-mt,rtma,18,2026-09-27T00:00:00Z,294.29,3.12,3.41,0.0,2026-09-27T01:00:00Z,nodd,nodd
2026-09-26,billings-mt,rtma,19,2026-09-27T01:00:00Z,292.51,2.14,3.82,0.0,2026-09-27T02:00:00Z,nodd,nodd
2026-09-26,billings-mt,rtma,20,2026-09-27T02:00:00Z,290.41,2.04,3.38,0.0,2026-09-27T03:00:00Z,nodd,nodd
2026-09-26,billings-mt,rtma,21,2026-09-27T03:00:00Z,289.41,3.53,4.76,0.0,2026-09-27T04:00:00Z,nodd,nodd
2026-09-26,billings-mt,rtma,22,2026-09-27T04:00:00Z,287.67,3.21,3.57,0.0,2026-09-27T05:00:00Z,nodd,nodd
2026-09-26,billings-mt,rtma,23,2026-09-27T05:00:00Z,286.44,3.45,5.18,0.0,2026-09-27T06:00:00Z,nodd,nodd
2026-09-26,billings-mt,urma,00,2026-09-26T06:00:00Z,290.18,3.83,3.83,0.0,2026-09-26T07:00:00Z,nodd,nodd
2026-09-26,billings-mt,urma,01,2026-09-26T07:00:00Z,289.17,4.0,4.14,0.0,2026-09-26T08:00:00Z,nodd,nodd
2026-09-26,billings-mt,urma,02,2026-09-26T08:00:00Z,290.25,4.85,4.85,0.0,2026-09-26T09:00:00Z,nodd,nodd
2026-09-26,billings-mt,urma,03,2026-09-26T09:00:00Z,289.19,3.7,3.7,0.0,2026-09-26T10:00:00Z,nodd,nodd
2026-09-26,billings-mt,urma,04,2026-09-26T10:00:00Z,288.09,3.77,3.77,0.0,2026-09-26T11:00:00Z,nodd,nodd
2026-09-26,billings-mt,urma,05,2026-09-26T11:00:00Z,286.68,3.49,3.49,0.0,2026-09-26T12:00:00Z,nodd,nodd
2026-09-26,billings-mt,urma,06,2026-09-26T12:00:00Z,286.04,4.03,4.03,0.0,2026-09-26T13:00:00Z,nodd,nodd
2026-09-26,billings-mt,urma,07,2026-09-26T13:00:00Z,285.4,3.38,3.38,0.0,2026-09-26T14:00:00Z,nodd,nodd
2026-09-26,billings-mt,urma,08,2026-09-26T14:00:00Z,284.65,1.39,3.07,0.0,2026-09-26T15:00:00Z,nodd,nodd
2026-09-26,billings-mt,urma,09,2026-09-26T15:00:00Z,287.48,1.85,1.85,0.0,2026-09-26T16:00:00Z,nodd,nodd
2026-09-26,billings-mt,urma,10,2026-09-26T16:00:00Z,289.34,2.11,2.11,0.0,2026-09-26T17:00:00Z,nodd,nodd
2026-09-26,billings-mt,urma,11,2026-09-26T17:00:00Z,291.07,1.45,2.39,0.0,2026-09-26T18:00:00Z,nodd,nodd
2026-09-26,billings-mt,urma,12,2026-09-26T18:00:00Z,292.03,0.22,1.41,0.0,2026-09-26T19:00:00Z,nodd,nodd
2026-09-26,billings-mt,urma,13,2026-09-26T19:00:00Z,292.84,1.39,1.9,0.0,2026-09-26T20:00:00Z,nodd,nodd
2026-09-26,billings-mt,urma,14,2026-09-26T20:00:00Z,293.79,1.6,2.37,0.0,2026-09-26T21:00:00Z,nodd,nodd
2026-09-26,billings-mt,urma,15,2026-09-26T21:00:00Z,294.15,1.18,4.43,0.0,2026-09-26T22:00:00Z,nodd,nodd
2026-09-26,billings-mt,urma,16,2026-09-26T22:00:00Z,294.25,3.49,3.52,0.0,2026-09-26T23:00:00Z,nodd,nodd
2026-09-26,billings-mt,urma,17,2026-09-26T23:00:00Z,294.53,2.59,4.18,0.0,2026-09-27T00:00:00Z,nodd,nodd
2026-09-26,billings-mt,urma,18,2026-09-27T00:00:00Z,294.22,3.16,3.46,0.0,2026-09-27T01:00:00Z,nodd,nodd
2026-09-26,billings-mt,urma,19,2026-09-27T01:00:00Z,292.33,2.2,3.78,0.0,2026-09-27T02:00:00Z,nodd,nodd
2026-09-26,billings-mt,urma,20,2026-09-27T02:00:00Z,290.23,2.48,3.06,0.0,2026-09-27T03:00:00Z,nodd,nodd
2026-09-26,billings-mt,urma,21,2026-09-27T03:00:00Z,289.16,4.01,4.77,0.0,2026-09-27T04:00:00Z,nodd,nodd
2026-09-26,billings-mt,urma,22,2026-09-27T04:00:00Z,287.69,3.32,3.58,0.0,2026-09-27T05:00:00Z,nodd,nodd
2026-09-26,billings-mt,urma,23,2026-09-27T05:00:00Z,286.35,3.58,4.88,0.0,2026-09-27T06:00:00Z,nodd,nodd
2026-09-26,cheyenne-wy,rtma,00,2026-09-26T06:00:00Z,284.05,2.5,2.95,0.0,2026-09-26T07:00:00Z,nodd,nodd
2026-09-26,cheyenne-wy,rtma,01,2026-09-26T07:00:00Z,283.6,2.06,4.27,0.0,2026-09-26T08:00:00Z,nodd,nodd
2026-09-26,cheyenne-wy,rtma,02,2026-09-26T08:00:00Z,283.02,1.96,3.52,0.0,2026-09-26T09:00:00Z,nodd,nodd
2026-09-26,cheyenne-wy,rtma,03,2026-09-26T09:00:00Z,283.75,2.61,5.74,0.0,2026-09-26T10:00:00Z,nodd,nodd
2026-09-26,cheyenne-wy,rtma,04,2026-09-26T10:00:00Z,284.25,3.24,6.41,0.0,2026-09-26T11:00:00Z,nodd,nodd
2026-09-26,cheyenne-wy,rtma,05,2026-09-26T11:00:00Z,285.06,3.87,7.15,0.0,2026-09-26T12:00:00Z,nodd,nodd
2026-09-26,cheyenne-wy,rtma,06,2026-09-26T12:00:00Z,285.3,4.1,6.72,0.0,2026-09-26T13:00:00Z,nodd,nodd
2026-09-26,cheyenne-wy,rtma,07,2026-09-26T13:00:00Z,284.02,3.28,4.56,0.0,2026-09-26T14:00:00Z,nodd,nodd
2026-09-26,cheyenne-wy,rtma,08,2026-09-26T14:00:00Z,287.56,4.02,4.91,0.0,2026-09-26T15:00:00Z,nodd,nodd
2026-09-26,cheyenne-wy,rtma,09,2026-09-26T15:00:00Z,292.37,7.22,11.83,0.0,2026-09-26T16:00:00Z,nodd,nodd
2026-09-26,cheyenne-wy,rtma,10,2026-09-26T16:00:00Z,295.02,8.0,12.34,0.0,2026-09-26T17:00:00Z,nodd,nodd
2026-09-26,cheyenne-wy,rtma,11,2026-09-26T17:00:00Z,296.91,6.26,11.01,0.0,2026-09-26T18:00:00Z,nodd,nodd
2026-09-26,cheyenne-wy,rtma,12,2026-09-26T18:00:00Z,298.06,4.73,9.5,0.0,2026-09-26T19:00:00Z,nodd,nodd
2026-09-26,cheyenne-wy,rtma,13,2026-09-26T19:00:00Z,298.21,4.92,9.31,0.0,2026-09-26T20:00:00Z,nodd,nodd
2026-09-26,cheyenne-wy,rtma,14,2026-09-26T20:00:00Z,298.09,3.9,7.5,0.0,2026-09-26T21:00:00Z,nodd,nodd
2026-09-26,cheyenne-wy,rtma,15,2026-09-26T21:00:00Z,298.72,4.36,5.94,0.0,2026-09-26T22:00:00Z,nodd,nodd
2026-09-26,cheyenne-wy,rtma,16,2026-09-26T22:00:00Z,298.5,3.65,8.34,0.0,2026-09-26T23:00:00Z,nodd,nodd
2026-09-26,cheyenne-wy,rtma,17,2026-09-26T23:00:00Z,297.5,2.46,6.09,0.0,2026-09-27T00:00:00Z,nodd,nodd
2026-09-26,cheyenne-wy,rtma,18,2026-09-27T00:00:00Z,296.05,3.01,5.24,0.15625,2026-09-27T01:00:00Z,nodd,nodd
2026-09-26,cheyenne-wy,rtma,19,2026-09-27T01:00:00Z,293.6,2.19,3.36,0.0,2026-09-27T02:00:00Z,nodd,nodd
2026-09-26,cheyenne-wy,rtma,20,2026-09-27T02:00:00Z,291.81,2.72,2.72,0.0,2026-09-27T03:00:00Z,nodd,nodd
2026-09-26,cheyenne-wy,rtma,21,2026-09-27T03:00:00Z,290.44,0.06,2.01,0.0625,2026-09-27T04:00:00Z,nodd,nodd
2026-09-26,cheyenne-wy,rtma,22,2026-09-27T04:00:00Z,290.31,2.89,2.89,0.0,2026-09-27T05:00:00Z,nodd,nodd
2026-09-26,cheyenne-wy,rtma,23,2026-09-27T05:00:00Z,289.8,2.53,7.8,0.0,2026-09-27T06:00:00Z,nodd,nodd
2026-09-26,cheyenne-wy,urma,00,2026-09-26T06:00:00Z,283.92,2.31,2.31,0.0,2026-09-26T07:00:00Z,nodd,nodd
2026-09-26,cheyenne-wy,urma,01,2026-09-26T07:00:00Z,283.43,2.2,3.74,0.0,2026-09-26T08:00:00Z,nodd,nodd
2026-09-26,cheyenne-wy,urma,02,2026-09-26T08:00:00Z,283.29,2.03,3.28,0.0,2026-09-26T09:00:00Z,nodd,nodd
2026-09-26,cheyenne-wy,urma,03,2026-09-26T09:00:00Z,283.87,2.46,5.72,0.0,2026-09-26T10:00:00Z,nodd,nodd
2026-09-26,cheyenne-wy,urma,04,2026-09-26T10:00:00Z,284.19,3.39,5.94,0.0,2026-09-26T11:00:00Z,nodd,nodd
2026-09-26,cheyenne-wy,urma,05,2026-09-26T11:00:00Z,284.87,3.42,4.98,0.0,2026-09-26T12:00:00Z,nodd,nodd
2026-09-26,cheyenne-wy,urma,06,2026-09-26T12:00:00Z,284.89,3.66,4.95,0.0,2026-09-26T13:00:00Z,nodd,nodd
2026-09-26,cheyenne-wy,urma,07,2026-09-26T13:00:00Z,284.41,3.1,4.55,0.0,2026-09-26T14:00:00Z,nodd,nodd
2026-09-26,cheyenne-wy,urma,08,2026-09-26T14:00:00Z,287.77,3.9,4.87,0.0,2026-09-26T15:00:00Z,nodd,nodd
2026-09-26,cheyenne-wy,urma,09,2026-09-26T15:00:00Z,292.43,6.68,11.93,0.0,2026-09-26T16:00:00Z,nodd,nodd
2026-09-26,cheyenne-wy,urma,10,2026-09-26T16:00:00Z,294.93,7.93,12.5,0.0,2026-09-26T17:00:00Z,nodd,nodd
2026-09-26,cheyenne-wy,urma,11,2026-09-26T17:00:00Z,296.92,6.39,10.83,0.0,2026-09-26T18:00:00Z,nodd,nodd
2026-09-26,cheyenne-wy,urma,12,2026-09-26T18:00:00Z,298.0,4.34,9.44,0.0,2026-09-26T19:00:00Z,nodd,nodd
2026-09-26,cheyenne-wy,urma,13,2026-09-26T19:00:00Z,298.05,4.91,9.15,0.0,2026-09-26T20:00:00Z,nodd,nodd
2026-09-26,cheyenne-wy,urma,14,2026-09-26T20:00:00Z,298.1,3.75,7.35,0.0,2026-09-26T21:00:00Z,nodd,nodd
2026-09-26,cheyenne-wy,urma,15,2026-09-26T21:00:00Z,298.62,4.45,6.65,0.0,2026-09-26T22:00:00Z,nodd,nodd
2026-09-26,cheyenne-wy,urma,16,2026-09-26T22:00:00Z,298.26,3.08,7.59,0.0,2026-09-26T23:00:00Z,nodd,nodd
2026-09-26,cheyenne-wy,urma,17,2026-09-26T23:00:00Z,297.68,2.66,6.5,0.0,2026-09-27T00:00:00Z,nodd,nodd
2026-09-26,cheyenne-wy,urma,18,2026-09-27T00:00:00Z,296.17,2.77,5.35,0.140625,2026-09-27T01:00:00Z,nodd,nodd
2026-09-26,cheyenne-wy,urma,19,2026-09-27T01:00:00Z,294.07,2.07,3.32,0.015625,2026-09-27T02:00:00Z,nodd,nodd
2026-09-26,cheyenne-wy,urma,20,2026-09-27T02:00:00Z,291.75,2.59,3.01,0.0,2026-09-27T03:00:00Z,nodd,nodd
2026-09-26,cheyenne-wy,urma,21,2026-09-27T03:00:00Z,290.59,0.1,2.33,0.15625,2026-09-27T04:00:00Z,nodd,nodd
2026-09-26,cheyenne-wy,urma,22,2026-09-27T04:00:00Z,290.26,2.67,2.67,0.0,2026-09-27T05:00:00Z,nodd,nodd
2026-09-26,cheyenne-wy,urma,23,2026-09-27T05:00:00Z,289.95,2.58,7.68,0.0,2026-09-27T06:00:00Z,nodd,nodd
